transaction_id,account_id,customer_id,branch_id,transaction_datetime,transaction_type,transaction_amount,currency,channel,merchant_category,transaction_city,device_id,transaction_status,fee_amount,operational_cost,fraud_confirmed
T00000006,A001052,C00739,B020,2025-05-12 15:03:42,Debit,42705.72,INR,Net Banking,Electronics,Chennai,D00739-1,Success,30.87,29.95,No
T00000017,A001197,C00832,B015,2026-03-08 22:05:12,Credit,22422.25,INR,Mobile Banking,Dining,Coimbatore,D00832-1,Success,25.62,12.11,No
T00000023,A000130,C00083,B004,2024-07-11 16:51:41,Debit,122692.98,INR,Net Banking,Grocery,Pune,D00083-1,Success,5.66,26.04,No
T00000025,A001320,C00917,B011,2026-04-06 16:26:11,Debit,22563.55,INR,Mobile Banking,Healthcare,Bengaluru,D00917-1,Success,34.25,16.69,No
T00000033,A000597,C00419,B018,2025-05-16 21:27:24,Debit,25937.35,INR,Card,E-Commerce,Kochi,D00419-1,Success,4.3,15.54,No
T00000034,A000787,C00544,B001,2025-03-11 03:16:55,Debit,23323.77,INR,UPI,Transfer,Madurai,D00544-1,Success,14.62,12.56,No
T00000072,A001356,C00943,B022,2025-06-10 09:59:41,Debit,37808.3,INR,Mobile Banking,Dining,Hyderabad,D00943-1,Success,24.07,5.42,No
T00000083,A000580,C00408,B025,2026-05-28 01:21:42,Debit,20974.95,INR,ATM,Electronics,Kolkata,D00408-1,Success,20.36,6.77,No
T00000102,A000686,C00477,B013,2024-08-26 06:21:59,Debit,19920.29,INR,Card,Healthcare,Hyderabad,D00477-1,Success,32.22,19.11,No
T00000108,A001351,C00940,B023,2026-08-05 04:52:12,Credit,33099.59,INR,UPI,E-Commerce,Madurai,D00940-1,Success,6.1,21.3,No
T00000118,A000577,C00406,B011,2026-03-20 21:17:21,Debit,33897.49,INR,ATM,E-Commerce,Kolkata,D00406-1,Success,31.74,7.66,No
T00000119,A000128,C00081,B024,2026-06-08 18:47:38,Debit,22293.08,INR,UPI,E-Commerce,Hyderabad,D00081-1,Success,22.4,6.77,No
T00000132,A000398,C00279,B008,2026-04-01 23:43:16,Credit,19872.83,USD,Card,ATM,Chennai,D00279-1,Success,4.5,7.82,No
T00000134,A000035,C00025,B014,2025-06-21 16:54:10,Debit,37030.35,INR,Card,ATM,Hyderabad,D00025-1,Success,8.6,19.74,No
T00000151,A001175,C00819,B006,2025-06-15 23:39:53,Credit,22318.5,INR,ATM,Dining,Madurai,D00819-1,Success,23.44,29.77,No
T00000152,A000905,C00628,B006,2025-04-21 03:24:12,Debit,26732.69,INR,UPI,Utilities,Mumbai,D00628-1,Success,4.98,22.6,No
T00000156,A001124,C00783,B006,2025-06-22 05:54:00,Credit,93146.25,INR,UPI,E-Commerce,Chennai,D00783-1,Success,13.6,15.09,No
T00000173,A000275,C00191,B024,2024-02-23 03:14:18,Debit,38460.78,INR,UPI,Grocery,Kochi,D00191-1,Success,5.15,18.58,No
T00000184,A000709,C00493,B008,2026-06-13 16:23:15,Credit,20279.52,INR,Mobile Banking,Travel,Mumbai,D00493-1,Success,17.77,23.97,No
T00000201,A000157,C00102,B009,2025-10-06 04:10:05,Debit,28122.4,INR,UPI,Utilities,Pune,D00102-1,Success,12.26,5.57,No
T00000209,A001353,C00942,B021,2026-04-27 09:30:21,Credit,21810.71,INR,UPI,Utilities,Kochi,D00942-1,Success,6.7,20.11,No
T00000210,A000554,C00389,B016,2026-05-13 01:40:59,Debit,22359.84,INR,Net Banking,ATM,Madurai,D00389-1,Success,12.99,14.61,No
T00000211,A000174,C00114,B023,2025-11-21 00:28:53,Debit,21848.13,INR,Card,E-Commerce,Hyderabad,D00114-1,Success,2.5,25.83,No
T00000232,A001039,C00729,B003,2024-03-28 16:50:32,Credit,19885.27,USD,Mobile Banking,E-Commerce,Pune,D00729-1,Success,2.71,28.66,No
T00000258,A000255,C00175,B013,2026-07-19 04:52:15,Debit,36712.35,INR,Card,Dining,Chennai,D00175-1,Failed,31.18,24.28,No
T00000273,A000049,C00034,B008,2025-05-22 04:02:05,Debit,27673.92,INR,Mobile Banking,Electronics,Delhi,D00034-1,Success,22.08,23.69,No
T00000284,A000175,C00115,B008,2024-01-22 21:39:58,Credit,23014.23,INR,Card,ATM,Madurai,D00115-1,Failed,6.0,5.54,No
T00000287,A000494,C00346,B015,2024-04-15 01:03:38,Debit,27060.82,USD,Mobile Banking,Electronics,Mumbai,D00346-1,Success,32.02,12.74,No
T00000305,A000183,C00121,B015,2026-03-08 06:11:15,Debit,23468.04,INR,Card,Grocery,Chennai,D00121-1,Success,32.51,14.02,No
T00000315,A000624,C00435,B006,2026-06-27 03:39:58,Debit,21910.96,INR,UPI,Transfer,Hyderabad,D00435-1,Success,1.34,12.75,No
T00000346,A000059,C00041,B004,2026-05-24 06:22:39,Debit,22749.67,USD,Net Banking,Grocery,Delhi,D00041-1,Success,1.06,18.76,No
T00000351,A000097,C00060,B016,2025-02-22 06:55:28,Debit,21960.0,INR,UPI,E-Commerce,Coimbatore,D00060-1,Success,32.63,24.78,No
T00000353,A000841,C00586,B015,2025-10-12 09:44:53,Debit,20372.3,INR,ATM,Fuel,Hyderabad,D00586-1,Success,2.16,3.23,No
T00000354,A000279,C00194,B020,2025-11-16 13:35:38,Debit,20173.14,INR,Net Banking,Fuel,Kochi,D00194-1,Success,9.57,18.67,No
T00000363,A000995,C00697,B005,2026-05-13 17:11:04,Debit,21106.91,INR,Net Banking,Grocery,Coimbatore,D00697-1,Success,14.15,16.36,No
T00000387,A000120,C00074,B025,2026-04-17 20:21:55,Credit,21680.96,INR,Net Banking,Electronics,Hyderabad,D00074-1,Success,15.05,29.43,No
T00000391,A001075,C00753,B023,2025-01-31 15:39:20,Debit,41501.68,INR,Net Banking,Healthcare,Hyderabad,D00753-1,Success,34.61,2.47,No
T00000392,A000680,C00471,B017,2026-01-27 13:16:19,Debit,20976.12,INR,Net Banking,ATM,Hyderabad,D00471-1,Success,27.92,17.96,No
T00000409,A000089,C00054,B015,2026-08-17 19:26:11,Debit,19836.0,INR,Net Banking,Utilities,Kolkata,D00054-1,Success,3.2,12.7,No
T00000437,A000319,C00221,B024,2025-07-18 05:19:40,Debit,51672.2,INR,UPI,Travel,Pune,D00221-1,Success,17.63,27.15,No
T00000483,A001017,C00714,B008,2024-03-02 03:12:51,Debit,32642.15,INR,Net Banking,Healthcare,Bengaluru,D00714-1,Success,32.26,27.91,No
T00000493,A001199,C00834,B013,2026-08-06 19:44:45,Debit,20751.28,INR,Card,Utilities,Chennai,D00834-1,Success,19.91,23.77,No
T00000495,A001396,C00972,B012,2026-08-20 11:40:28,Debit,22808.51,INR,Net Banking,E-Commerce,Mumbai,D00972-1,Success,11.89,17.4,No
T00000522,A000435,C00305,B002,2024-02-12 21:34:04,Debit,42386.75,INR,ATM,Dining,Bengaluru,D00305-1,Success,12.39,12.01,No
T00000527,A000736,C00508,B002,2024-07-23 09:41:20,Debit,24731.23,INR,UPI,Electronics,Pune,D00508-1,Success,2.5,5.26,No
T00000530,A000625,C00436,B023,2025-03-21 11:21:59,Debit,35976.28,USD,UPI,ATM,Pune,D00436-1,Success,26.21,24.14,No
T00000533,A000110,C00067,B023,2026-05-16 00:33:20,Debit,79349.56,INR,Mobile Banking,Fuel,Pune,D00067-1,Success,30.82,8.33,No
T00000567,A001315,C00913,B006,2026-03-15 08:03:16,Credit,30133.16,EUR,Net Banking,Fuel,Pune,D00913-1,Success,26.23,18.91,No
T00000591,A000010,C00006,B025,2026-08-10 19:05:55,Credit,22963.64,INR,Net Banking,Fuel,Hyderabad,D00006-1,Failed,21.64,21.8,No
T00000608,A000034,C00025,B014,2026-01-14 16:39:43,Debit,30752.84,INR,Mobile Banking,Travel,Hyderabad,D00025-1,Success,25.22,18.14,No
T00000610,A000735,C00507,B025,2026-02-22 12:28:20,Debit,31679.36,INR,Mobile Banking,Grocery,Bengaluru,D00507-1,Success,13.1,20.2,No
T00000612,A000005,C00003,B022,2026-08-21 00:06:57,Debit,36868.5,INR,Card,Dining,Kolkata,D00003-1,Success,30.52,6.01,No
T00000613,A000209,C00140,B017,2025-03-03 14:22:51,Debit,24800.25,INR,UPI,Healthcare,Madurai,D00140-1,Reversed,29.27,4.19,No
T00000617,A001253,C00872,B008,2026-06-05 03:44:55,Debit,21186.8,INR,Mobile Banking,ATM,Kochi,D00872-1,Success,19.28,26.54,No
T00000621,A000242,C00166,B015,2026-05-03 03:29:59,Debit,35208.91,INR,Card,Fuel,Mumbai,D00166-1,Success,15.21,7.15,No
T00000622,A000866,C00600,B015,2026-08-17 12:39:32,Credit,22511.95,INR,Card,Dining,Kolkata,D00600-1,Success,10.66,10.73,No
T00000677,A000571,C00401,B015,2024-03-15 16:07:16,Debit,37347.88,INR,Mobile Banking,Electronics,Delhi,D00401-1,Success,20.51,27.44,No
T00000722,A001028,C00722,B013,2024-01-09 05:42:34,Debit,22997.13,INR,ATM,ATM,Kolkata,D00722-1,Success,31.13,21.6,No
T00000732,A000203,C00135,B021,2026-02-05 16:19:34,Debit,32752.41,INR,Net Banking,Fuel,Coimbatore,D00135-1,Success,6.31,29.87,No
T00000740,A000660,C00457,B014,2026-07-04 19:26:11,Debit,113638.42,INR,ATM,Healthcare,Madurai,D00457-1,Success,21.0,22.52,No
T00000749,A000403,C00282,B005,2025-10-05 11:10:07,Credit,19928.21,INR,UPI,E-Commerce,Hyderabad,D00282-1,Success,34.45,24.81,No
T00000757,A000430,C00301,B011,2026-05-29 00:44:48,Debit,26175.96,INR,UPI,Grocery,Madurai,D00301-1,Success,13.41,22.75,No
T00000767,A001254,C00872,B008,2026-04-22 20:20:01,Credit,25124.11,INR,Net Banking,Electronics,Kochi,D00872-1,Success,1.62,19.27,No
T00000768,A000738,C00510,B011,2026-06-05 14:31:25,Credit,21027.34,INR,Card,E-Commerce,Kochi,D00510-1,Success,4.3,25.9,No
T00000771,A001013,C00711,B020,2026-04-06 00:00:13,Credit,31707.06,INR,Card,ATM,Pune,D00711-1,Success,18.93,4.47,No
T00000789,A000749,C00517,B006,2026-04-19 07:12:43,Credit,30932.36,INR,Net Banking,Healthcare,Bengaluru,D00517-1,Success,23.25,24.96,No
T00000796,A000263,C00181,B023,2025-06-23 06:36:54,Credit,117313.95,INR,ATM,Electronics,Coimbatore,D00181-1,Success,25.6,11.11,No
T00000829,A000380,C00266,B018,2025-08-09 18:08:25,Debit,31020.87,INR,ATM,Travel,Chennai,D00266-1,Success,28.94,18.99,No
T00000832,A001006,C00706,B015,2025-12-22 06:18:58,Debit,47518.13,INR,Mobile Banking,Fuel,Delhi,D00706-1,Success,9.37,16.97,No
T00000835,A000314,C00218,B018,2025-02-16 02:31:44,Credit,27173.73,INR,Mobile Banking,Transfer,Bengaluru,D00218-1,Success,5.2,21.65,No
T00000850,A000195,C00130,B022,2024-11-10 20:43:39,Debit,91043.74,INR,ATM,E-Commerce,Mumbai,D00130-1,Success,27.23,29.46,No
T00000863,A001236,C00861,B009,2026-02-24 23:39:33,Debit,32149.03,INR,Branch,Travel,Chennai,D00861-1,Success,14.28,14.03,No
T00000877,A000125,C00078,B018,2024-05-20 05:16:00,Debit,22764.88,INR,UPI,Dining,Mumbai,D00078-1,Success,7.32,3.81,No
T00000886,A001262,C00878,B017,2025-09-30 13:38:14,Credit,23787.78,INR,Net Banking,E-Commerce,Pune,D00878-1,Success,6.48,5.67,No
T00000905,A001402,C00975,B003,2025-12-13 08:01:03,Debit,21510.14,INR,UPI,Transfer,Bengaluru,D00975-1,Reversed,32.64,15.27,No
T00000924,A000850,C00592,B014,2026-05-28 01:28:51,Credit,21268.19,INR,Mobile Banking,Grocery,Kochi,D00592-1,Success,7.84,6.54,No
T00000929,A001088,C00763,B001,2025-12-02 13:48:52,Debit,20655.59,INR,Branch,Healthcare,Hyderabad,D00763-1,Success,25.58,3.76,No
T00000952,A000807,C00560,B004,2025-01-21 08:48:19,Credit,24497.12,INR,Card,Transfer,Hyderabad,D00560-1,Success,5.97,22.97,No
T00000988,A000098,C00060,B016,2025-08-26 08:20:03,Debit,23952.58,INR,Net Banking,Grocery,Coimbatore,D00060-1,Success,6.0,9.06,No
T00000989,A000819,C00567,B018,2025-11-28 18:18:40,Debit,49041.86,INR,Branch,Electronics,Kolkata,D00567-1,Success,5.21,15.73,No
T00001002,A001277,C00888,B024,2024-01-14 20:31:34,Debit,35184.37,INR,ATM,Grocery,Bengaluru,D00888-1,Success,23.98,14.06,No
T00001010,A000266,C00184,B019,2025-08-17 02:27:23,Debit,42516.16,INR,Mobile Banking,Fuel,Chennai,D00184-1,Success,32.85,12.84,No
T00001022,A001203,C00836,B023,2026-08-28 18:10:24,Debit,41135.73,INR,Branch,ATM,Pune,D00836-1,Success,26.9,12.24,No
T00001045,A001047,C00736,B004,2025-11-29 19:10:20,Debit,43230.78,INR,Branch,Fuel,Kolkata,D00736-1,Success,31.56,12.01,No
T00001051,A000972,C00682,B021,2024-04-13 14:41:23,Debit,31912.44,INR,Mobile Banking,Healthcare,Madurai,D00682-1,Success,18.09,5.03,No
T00001057,A000089,C00054,B015,2026-03-03 16:10:59,Debit,36711.97,INR,ATM,Utilities,Kolkata,D00054-1,Success,17.49,23.67,No
T00001099,A001326,C00921,B013,2025-11-16 17:01:52,Debit,66265.97,INR,UPI,Travel,Pune,D00921-1,Success,32.49,23.24,No
T00001102,A001186,C00826,B012,2026-07-11 17:22:52,Debit,36185.41,INR,Mobile Banking,Dining,Pune,D00826-1,Success,18.22,17.59,No
T00001112,A000969,C00679,B001,2024-05-22 17:57:47,Debit,61011.21,INR,Net Banking,Healthcare,Pune,D00679-1,Success,20.14,29.44,No
T00001117,A000545,C00381,B024,2026-05-01 19:07:45,Credit,30702.51,INR,Net Banking,Dining,Pune,D00381-1,Success,9.06,2.48,No
T00001128,A000994,C00697,B005,2025-03-18 16:09:42,Debit,21707.33,INR,Branch,Travel,Coimbatore,D00697-1,Success,34.89,4.72,No
T00001158,A001143,C00797,B002,2025-11-30 00:53:40,Credit,25207.68,INR,Mobile Banking,Electronics,Bengaluru,D00797-1,Reversed,16.0,6.62,No
T00001163,A000148,C00096,B020,2025-03-02 05:53:23,Debit,32567.5,INR,UPI,Transfer,Kochi,D00096-1,Success,23.42,8.09,No
T00001184,A001067,C00749,B004,2025-02-27 15:18:13,Credit,133679.0,INR,UPI,ATM,Pune,D00749-1,Success,28.08,24.96,No
T00001215,A000726,C00502,B020,2025-09-26 06:42:56,Debit,26469.09,INR,UPI,Travel,Pune,D00502-1,Success,34.7,24.4,No
T00001221,A000501,C00351,B021,2024-09-02 18:31:13,Debit,25271.15,INR,UPI,Fuel,Delhi,D00351-1,Success,18.23,21.39,No
T00001230,A000476,C00334,B012,2024-01-29 09:08:56,Credit,41918.36,INR,UPI,Utilities,Chennai,D00334-1,Success,26.17,11.77,No
T00001257,A000428,C00299,B014,2025-12-26 08:43:28,Debit,26484.9,INR,ATM,Transfer,Kolkata,D00299-1,Success,33.13,7.42,No
T00001263,A000350,C00243,B007,2024-08-30 18:05:26,Credit,49255.46,INR,ATM,Healthcare,Mumbai,D00243-1,Success,32.99,26.92,No
T00001267,A001124,C00783,B006,2024-10-28 01:50:26,Debit,24727.96,INR,Card,Electronics,Chennai,D00783-1,Success,22.02,26.14,No
T00001272,A001273,C00886,B023,2025-07-03 18:36:10,Debit,28172.17,INR,Card,E-Commerce,Bengaluru,D00886-1,Success,26.04,13.55,No
T00001293,A000522,C00365,B015,2024-04-26 01:11:55,Debit,23679.53,INR,Net Banking,ATM,Coimbatore,D00365-1,Success,26.74,26.71,No
T00001306,A001162,C00809,B020,2025-04-07 01:43:24,Debit,20173.92,INR,Card,Electronics,Pune,D00809-1,Success,9.54,10.1,No
T00001333,A001112,C00777,B001,2024-02-06 14:17:13,Debit,21999.06,INR,Card,Grocery,Madurai,D00777-1,Success,8.15,5.8,No
T00001342,A001091,C00766,B010,2025-08-05 09:15:52,Debit,20512.89,INR,Card,Healthcare,Bengaluru,D00766-1,Success,23.75,18.0,No
T00001370,A001010,C00709,B011,2026-01-26 09:36:19,Debit,32881.25,INR,Card,Transfer,Pune,D00709-1,Success,22.15,4.33,No
T00001412,A000207,C00138,B017,2025-04-11 21:49:08,Debit,32799.21,INR,ATM,Dining,Kochi,D00138-1,Success,20.14,13.7,No
T00001439,A001405,C00978,B018,2026-05-28 23:39:32,Debit,24549.76,INR,UPI,Dining,Pune,D00978-1,Success,17.33,8.19,No
T00001466,A000277,C00192,B006,2025-12-30 12:16:42,Debit,23731.45,INR,Card,Grocery,Kolkata,D00192-1,Success,27.79,15.79,No
T00001473,A000102,C00063,B001,2026-07-05 00:58:49,Debit,25795.93,INR,Card,ATM,Hyderabad,D00063-1,Success,24.39,14.05,No
T00001496,A000698,C00487,B007,2025-08-24 05:12:12,Debit,25940.74,INR,Card,Grocery,Pune,D00487-1,Success,14.57,29.39,No
T00001535,A000778,C00539,B011,2026-06-24 15:29:04,Credit,34199.9,INR,UPI,Travel,Madurai,D00539-1,Success,22.85,23.18,No
T00001553,A000124,C00077,B010,2026-04-26 13:07:50,Debit,27479.12,INR,UPI,Travel,Pune,D00077-1,Success,16.58,13.79,No
T00001559,A000758,C00526,B022,2025-10-28 02:21:50,Debit,24900.4,INR,UPI,Utilities,Hyderabad,D00526-1,Success,5.24,14.71,No
T00001565,A001190,C00828,B003,2026-03-17 03:47:23,Credit,65491.84,INR,Card,Transfer,Bengaluru,D00828-1,Success,10.58,2.82,No
T00001606,A000352,C00244,B001,2026-05-08 06:37:05,Debit,24009.66,INR,Net Banking,Electronics,Kolkata,D00244-1,Success,31.92,20.24,No
T00001607,A000984,C00689,B008,2026-08-29 22:57:01,Debit,50853.63,INR,UPI,Electronics,Chennai,D00689-1,Success,18.86,7.22,No
T00001630,A000424,C00296,B025,2025-10-31 19:09:16,Debit,52876.57,INR,UPI,Transfer,Chennai,D00296-1,Success,29.11,28.11,No
T00001631,A000525,C00367,B012,2024-07-04 05:05:35,Debit,21955.7,INR,Branch,Healthcare,Pune,D00367-1,Success,6.57,24.2,No
T00001634,A000512,C00357,B013,2025-02-27 11:06:24,Debit,24785.64,INR,UPI,Grocery,Coimbatore,D00357-1,Success,31.23,21.6,No
T00001644,A001328,C00922,B006,2026-07-30 12:24:54,Credit,38161.54,INR,Card,Grocery,Hyderabad,D00922-1,Success,5.96,7.82,No
T00001680,A001222,C00851,B014,2026-02-09 14:15:05,Debit,20965.49,INR,UPI,Utilities,Coimbatore,D00851-1,Success,27.18,21.69,No
T00001682,A001357,C00944,B011,2025-04-17 05:30:32,Debit,35534.4,INR,Branch,E-Commerce,Hyderabad,D00944-1,Failed,9.17,23.97,No
T00001689,A000117,C00071,B008,2024-02-26 00:01:17,Credit,78571.42,INR,Net Banking,Healthcare,Mumbai,D00071-1,Success,1.92,13.73,No
T00001695,A000185,C00122,B016,2024-10-31 22:53:33,Debit,25017.8,INR,UPI,Healthcare,Madurai,D00122-1,Success,26.15,15.0,No
T00001709,A000851,C00592,B014,2025-11-13 13:03:13,Debit,40184.54,INR,UPI,Healthcare,Kochi,D00592-1,Success,27.2,12.41,No
T00001712,A000830,C00577,B014,2026-02-13 23:48:19,Debit,30607.67,INR,ATM,E-Commerce,Pune,D00577-1,Success,9.64,24.28,No
T00001721,A000850,C00592,B014,2026-03-05 06:11:53,Debit,24099.17,INR,UPI,Healthcare,Kochi,D00592-1,Success,25.24,4.09,No
T00001728,A000003,C00002,B017,2026-06-17 16:49:16,Debit,30517.2,INR,Net Banking,Utilities,Kochi,D00002-1,Success,21.96,15.53,No
T00001733,A001203,C00836,B023,2026-03-31 05:25:44,Credit,59559.32,INR,UPI,Electronics,Pune,D00836-1,Failed,30.79,14.73,No
T00001748,A001374,C00956,B001,2025-11-25 20:58:32,Credit,23351.09,INR,Card,Electronics,Bengaluru,D00956-1,Success,19.14,16.5,No
T00001752,A001403,C00976,B010,2026-01-08 06:46:33,Debit,78305.92,INR,Net Banking,Healthcare,Coimbatore,D00976-1,Success,22.86,24.39,No
T00001761,A000869,C00602,B003,2026-07-18 05:40:20,Debit,26833.28,INR,Card,ATM,Pune,D00602-1,Success,10.04,11.77,No
T00001782,A000586,C00411,B004,2024-12-22 22:52:05,Debit,55371.22,INR,Mobile Banking,ATM,Delhi,D00411-1,Success,30.82,22.96,No
T00001785,A000632,C00441,B007,2025-10-15 06:25:13,Credit,29289.62,INR,UPI,Dining,Pune,D00441-1,Success,33.44,14.67,No
T00001788,A000634,C00442,B011,2024-08-28 12:49:11,Debit,29540.14,INR,UPI,Dining,Chennai,D00442-1,Success,6.52,3.61,No
T00001798,A000549,C00385,B005,2026-06-29 10:46:01,Debit,55373.22,INR,Branch,Healthcare,Pune,D00385-1,Success,8.13,21.14,No
T00001807,A000309,C00214,B018,2026-08-21 16:05:06,Debit,30643.36,USD,UPI,Grocery,Delhi,D00214-1,Success,12.67,5.98,No
T00001810,A000475,C00333,B019,2026-05-27 10:07:37,Debit,36715.37,INR,Mobile Banking,ATM,Delhi,D00333-1,Success,26.66,2.22,No
T00001833,A001277,C00888,B024,2026-05-07 11:14:33,Debit,81286.65,INR,Mobile Banking,E-Commerce,Bengaluru,D00888-1,Failed,22.07,10.48,No
T00001872,A001033,C00724,B024,2026-01-08 14:28:24,Debit,100705.98,INR,Card,Fuel,Mumbai,D00724-1,Success,5.05,15.69,No
T00001881,A000727,C00502,B020,2026-08-15 14:46:05,Credit,35342.71,INR,UPI,Grocery,Pune,D00502-1,Success,4.41,29.46,No
T00001890,A001154,C00804,B001,2025-05-23 05:53:59,Credit,39629.37,INR,Card,Travel,Mumbai,D00804-1,Success,11.64,5.51,No
T00001898,A001250,C00869,B007,2026-03-07 17:58:35,Debit,20405.03,INR,Net Banking,E-Commerce,Madurai,D00869-1,Success,11.69,2.15,No
T00001902,A000743,C00512,B010,2025-08-31 22:13:31,Debit,23658.11,INR,Card,Healthcare,Bengaluru,D00512-1,Success,30.61,10.38,No
T00001922,A000178,C00117,B008,2025-02-15 08:16:50,Debit,19768.39,INR,Mobile Banking,Dining,Kochi,D00117-1,Success,32.62,19.15,No
T00001924,A000728,C00502,B020,2026-08-23 22:19:56,Debit,56370.83,INR,Mobile Banking,ATM,Pune,D00502-1,Failed,23.92,8.55,No
T00001940,A000857,C00595,B024,2026-05-26 15:24:53,Debit,66523.41,INR,Card,ATM,Chennai,D00595-1,Success,19.38,18.57,No
T00001963,A000946,C00661,B019,2026-02-14 14:58:35,Debit,30267.7,INR,Card,Utilities,Madurai,D00661-1,Success,8.35,13.0,No
T00001969,A000138,C00089,B024,2025-06-27 19:45:33,Debit,78560.89,INR,Branch,Utilities,Madurai,D00089-1,Success,7.0,7.48,No
T00001973,A000479,C00336,B018,2025-02-19 00:32:13,Credit,25456.38,INR,Net Banking,Healthcare,Chennai,D00336-1,Success,31.57,15.88,No
T00001976,A000451,C00315,B006,2026-08-28 16:19:35,Debit,22578.59,INR,UPI,Utilities,Chennai,D00315-1,Success,20.88,7.8,No
T00001977,A000724,C00500,B015,2025-08-02 02:37:32,Debit,27765.37,INR,Net Banking,Healthcare,Madurai,D00500-1,Success,20.7,10.84,No
T00001981,A001241,C00863,B010,2025-10-18 14:24:38,Debit,21837.53,INR,Net Banking,Electronics,Coimbatore,D00863-1,Success,27.33,5.55,No
T00002006,A000770,C00534,B004,2026-04-30 23:26:21,Debit,20874.01,INR,Branch,Fuel,Madurai,D00534-1,Success,19.28,2.26,No
T00002030,A000873,C00605,B015,2026-06-09 00:53:47,Debit,25881.24,INR,Card,Transfer,Coimbatore,D00605-1,Success,30.55,22.75,No
T00002034,A000793,C00549,B012,2026-04-20 02:42:46,Credit,23076.26,INR,UPI,Travel,Chennai,D00549-1,Success,28.2,28.86,No
T00002037,A000285,C00198,B014,2026-05-22 14:37:22,Debit,103228.32,INR,Mobile Banking,Travel,Madurai,D00198-1,Success,6.83,10.93,No
T00002057,A001036,C00726,B020,2026-02-22 14:20:36,Debit,34357.76,INR,UPI,Dining,Kolkata,D00726-1,Success,0.88,24.83,No
T00002058,A000829,C00576,B012,2026-06-05 00:01:21,Debit,19994.72,INR,Mobile Banking,E-Commerce,Mumbai,D00576-1,Reversed,29.33,29.46,No
T00002059,A000819,C00567,B018,2025-10-11 15:04:10,Debit,21044.68,INR,UPI,E-Commerce,Kolkata,D00567-1,Success,15.85,18.46,No
T00002072,A000088,C00054,B015,2026-08-16 15:19:21,Debit,21019.32,INR,Card,ATM,Kolkata,D00054-1,Success,8.38,3.03,No
T00002078,A000436,C00306,B012,2025-02-13 15:57:02,Debit,25898.27,INR,Card,Transfer,Hyderabad,D00306-1,Success,23.85,11.7,No
T00002089,A000107,C00065,B005,2026-08-08 12:47:18,Debit,26779.04,INR,UPI,Electronics,Madurai,D00065-1,Success,14.97,28.22,No
T00002136,A000138,C00089,B024,2025-07-16 00:41:01,Credit,71323.15,INR,UPI,E-Commerce,Madurai,D00089-1,Success,0.3,14.61,No
T00002143,A001355,C00942,B021,2025-08-25 17:31:23,Debit,21760.43,INR,Card,Transfer,Kochi,D00942-1,Success,5.44,12.41,No
T00002146,A000749,C00517,B006,2025-06-29 23:02:48,Credit,25037.35,INR,UPI,ATM,Bengaluru,D00517-1,Success,29.31,4.32,No
T00002160,A001111,C00777,B001,2024-05-22 15:31:12,Debit,54774.04,INR,UPI,Dining,Madurai,D00777-1,Success,14.84,10.86,No
T00002168,A001200,C00834,B013,2026-01-08 05:11:13,Debit,68664.35,INR,UPI,Travel,Chennai,D00834-1,Success,34.89,26.74,No
T00002177,A000683,C00474,B024,2025-06-17 19:57:34,Debit,38647.67,INR,UPI,Healthcare,Kolkata,D00474-1,Success,14.61,27.85,No
T00002183,A000347,C00241,B003,2024-03-15 09:43:27,Debit,40853.28,INR,UPI,Dining,Kolkata,D00241-1,Success,7.11,18.88,No
T00002185,A001016,C00713,B016,2024-09-27 08:41:21,Debit,53654.13,INR,UPI,Electronics,Coimbatore,D00713-1,Success,6.98,6.98,No
T00002193,A000732,C00506,B023,2026-01-04 11:50:51,Debit,22912.85,INR,Net Banking,Transfer,Hyderabad,D00506-1,Success,22.96,16.34,No
T00002198,A000260,C00178,B024,2026-06-12 08:49:02,Debit,23274.57,INR,UPI,Dining,Coimbatore,D00178-1,Success,24.06,4.96,No
T00002200,A001299,C00904,B003,2026-08-11 05:29:30,Debit,24061.87,INR,Mobile Banking,Healthcare,Bengaluru,D00904-1,Success,8.7,6.33,No
T00002214,A000380,C00266,B018,2024-08-26 20:19:48,Debit,35226.48,INR,Card,Transfer,Chennai,D00266-1,Success,11.5,13.7,No
T00002237,A000074,C00048,B016,2025-10-10 23:34:47,Debit,21381.47,INR,Mobile Banking,Fuel,Bengaluru,D00048-1,Success,16.32,23.49,No
T00002266,A000393,C00274,B007,2026-04-24 11:34:29,Debit,22833.06,INR,Net Banking,E-Commerce,Pune,D00274-1,Success,5.27,13.53,No
T00002285,A000562,C00395,B019,2025-03-15 05:22:55,Credit,49497.07,INR,Mobile Banking,ATM,Bengaluru,D00395-1,Success,0.93,29.01,No
T00002298,A000555,C00389,B016,2024-09-26 18:49:43,Debit,20930.57,INR,Net Banking,Fuel,Madurai,D00389-1,Success,22.29,14.8,No
T00002312,A000519,C00362,B008,2026-08-13 01:27:12,Credit,48386.57,INR,Mobile Banking,Electronics,Pune,D00362-1,Success,8.34,2.7,No
T00002320,A000715,C00496,B020,2026-05-16 13:58:58,Debit,25322.76,INR,Net Banking,Healthcare,Chennai,D00496-1,Success,14.24,7.13,No
T00002346,A000604,C00423,B013,2024-05-17 13:42:08,Debit,23191.53,INR,UPI,Transfer,Madurai,D00423-1,Success,32.39,16.22,No
T00002359,A000160,C00103,B021,2024-05-09 13:41:14,Credit,24956.06,INR,UPI,ATM,Madurai,D00103-1,Success,29.85,23.26,No
T00002362,A000671,C00464,B014,2024-09-17 18:19:07,Debit,27285.71,INR,UPI,Utilities,Mumbai,D00464-1,Success,22.95,16.73,No
T00002397,A000985,C00690,B020,2026-05-28 17:00:07,Debit,22284.63,INR,Card,ATM,Delhi,D00690-1,Success,32.99,29.24,No
T00002418,A001404,C00977,B018,2025-03-02 22:51:32,Debit,33708.05,INR,Card,E-Commerce,Kochi,D00977-1,Success,21.98,7.09,No
T00002419,A000970,C00680,B011,2026-05-24 14:49:56,Debit,20533.51,INR,UPI,ATM,Delhi,D00680-1,Success,7.49,4.98,No
T00002445,A000160,C00103,B021,2024-12-30 18:56:56,Debit,72151.97,INR,Net Banking,ATM,Madurai,D00103-1,Success,16.83,26.79,No
T00002452,A000542,C00380,B025,2026-02-09 05:15:59,Credit,57542.48,INR,UPI,E-Commerce,Chennai,D00380-1,Failed,32.39,24.46,No
T00002505,A000480,C00336,B018,2024-11-07 16:50:20,Debit,20418.22,INR,Mobile Banking,Utilities,Chennai,D00336-1,Success,31.1,24.74,No
T00002520,A001260,C00877,B011,2025-12-05 08:50:08,Credit,24600.06,INR,UPI,Utilities,Coimbatore,D00877-1,Success,4.2,15.57,No
T00002524,A000083,C00052,B001,2025-08-30 20:25:04,Debit,39023.84,INR,Net Banking,Grocery,Hyderabad,D00052-1,Success,6.94,27.43,No
T00002537,A000888,C00619,B006,2026-03-06 09:38:03,Debit,180881.45,INR,Branch,Fuel,Kolkata,D00619-1,Success,8.35,7.66,No
T00002547,A000093,C00056,B015,2026-03-13 20:05:46,Debit,22634.02,INR,Net Banking,ATM,Kochi,D00056-1,Success,30.31,18.62,No
T00002562,A000851,C00592,B014,2024-06-25 06:25:09,Debit,30830.69,INR,UPI,E-Commerce,Kochi,D00592-1,Success,4.29,10.91,No
T00002571,A000406,C00285,B009,2025-08-19 23:24:31,Debit,29855.81,INR,UPI,Transfer,Pune,D00285-1,Success,24.45,11.3,No
T00002581,A001233,C00859,B001,2026-02-20 06:24:25,Debit,49559.96,INR,UPI,Grocery,Pune,D00859-1,Success,7.96,4.36,No
T00002586,A001175,C00819,B006,2026-08-19 04:10:27,Debit,24271.3,INR,Mobile Banking,Travel,Madurai,D00819-1,Success,31.43,27.45,No
T00002621,A000240,C00164,B024,2025-07-12 13:20:39,Debit,27048.42,INR,Card,ATM,Coimbatore,D00164-1,Success,25.47,3.33,No
T00002624,A000186,C00123,B013,2024-08-30 22:14:03,Debit,26363.52,INR,ATM,Electronics,Pune,D00123-1,Success,12.88,7.83,No
T00002647,A000651,C00452,B023,2026-06-23 22:29:50,Debit,51645.65,INR,UPI,Travel,Kolkata,D00452-1,Success,5.31,18.78,No
T00002675,A001055,C00742,B014,2025-10-12 01:19:17,Debit,29165.76,INR,Net Banking,Healthcare,Pune,D00742-1,Reversed,1.86,18.56,No
T00002693,A001017,C00714,B008,2024-03-26 11:38:08,Debit,29094.66,INR,Card,E-Commerce,Bengaluru,D00714-1,Success,33.94,2.77,No
T00002703,A001029,C00722,B013,2024-11-06 16:05:49,Credit,20889.85,INR,Mobile Banking,Dining,Kolkata,D00722-1,Success,31.69,28.51,No
T00002714,A000549,C00385,B005,2026-06-18 06:28:16,Debit,31773.86,INR,Mobile Banking,Electronics,Pune,D00385-1,Success,6.85,18.41,No
T00002730,A001249,C00869,B007,2024-05-11 06:05:35,Debit,25516.2,INR,UPI,Grocery,Madurai,D00869-1,Success,27.42,16.17,No
T00002741,A000683,C00474,B024,2026-05-15 21:41:16,Credit,50470.47,INR,Card,Dining,Kolkata,D00474-1,Success,22.51,22.49,No
T00002755,A000970,C00680,B011,2025-01-05 10:03:41,Credit,21477.84,INR,UPI,Dining,Delhi,D00680-1,Success,25.84,15.58,No
T00002766,A001354,C00942,B021,2024-06-18 10:46:11,Debit,37434.24,INR,UPI,Utilities,Kochi,D00942-1,Success,20.4,14.32,No
T00002771,A000802,C00555,B003,2026-06-27 13:39:32,Credit,20052.87,INR,Card,Utilities,Chennai,D00555-1,Success,9.18,13.08,No
T00002776,A000713,C00494,B025,2026-06-26 16:25:42,Debit,48677.61,INR,UPI,Fuel,Mumbai,D00494-1,Success,22.42,4.31,No
T00002792,A000185,C00122,B016,2024-08-01 13:32:15,Debit,20979.1,INR,Mobile Banking,Utilities,Madurai,D00122-1,Success,14.9,21.02,No
T00002798,A000061,C00042,B010,2024-05-31 21:25:43,Debit,34932.22,INR,ATM,E-Commerce,Kochi,D00042-1,Success,28.7,5.93,No
T00002853,A000203,C00135,B021,2025-09-26 09:04:16,Debit,25513.2,INR,UPI,Utilities,Coimbatore,D00135-1,Success,7.02,28.55,No
T00002892,A000499,C00349,B012,2026-03-10 04:55:54,Debit,30247.17,INR,Card,Healthcare,Chennai,D00349-1,Success,34.26,21.33,No
T00002894,A000823,C00571,B004,2024-11-22 08:18:38,Debit,22729.1,INR,Net Banking,Healthcare,Mumbai,D00571-1,Success,5.81,15.24,No
T00002909,A001245,C00865,B015,2026-03-07 22:35:31,Credit,21364.99,INR,ATM,Electronics,Kolkata,D00865-1,Success,6.78,8.33,No
T00002937,A001208,C00838,B004,2024-04-28 20:46:03,Credit,28215.23,INR,Mobile Banking,Grocery,Pune,D00838-1,Success,9.92,3.58,No
T00002967,A001270,C00883,B011,2026-08-10 00:27:14,Debit,22306.95,INR,Card,Transfer,Bengaluru,D00883-1,Success,8.03,27.61,No
T00002975,A000065,C00043,B025,2026-05-06 12:57:14,Credit,35132.53,INR,UPI,E-Commerce,Delhi,D00043-1,Success,32.02,21.24,No
T00002985,A000503,C00352,B018,2026-07-14 16:02:59,Debit,22523.64,INR,Net Banking,Electronics,Kochi,D00352-1,Success,22.19,5.65,No
T00002989,A001195,C00831,B024,2026-08-24 23:02:29,Credit,22878.02,INR,UPI,Transfer,Coimbatore,D00831-1,Success,25.66,24.88,No
T00002999,A000785,C00543,B020,2026-08-27 19:55:35,Debit,34991.25,INR,ATM,Healthcare,Kochi,D00543-1,Success,21.09,15.54,No
T00003035,A000682,C00473,B005,2025-03-13 20:34:41,Debit,43324.39,EUR,UPI,Utilities,Delhi,D00473-1,Success,2.68,25.22,No
T00003037,A000894,C00622,B011,2026-03-26 23:54:45,Debit,27770.11,INR,Mobile Banking,Utilities,Mumbai,D00622-1,Success,14.43,6.66,No
T00003045,A000681,C00472,B024,2025-05-01 04:47:02,Debit,29337.46,INR,Card,Fuel,Hyderabad,D00472-1,Success,6.69,17.86,No
T00003065,A000677,C00469,B017,2024-05-07 16:49:00,Credit,31936.94,EUR,Net Banking,Utilities,Kochi,D00469-1,Success,7.55,15.46,No
T00003105,A000137,C00088,B020,2024-09-07 04:23:12,Debit,44725.88,INR,UPI,E-Commerce,Bengaluru,D00088-1,Success,31.32,6.74,No
T00003107,A000064,C00043,B025,2026-02-15 08:25:21,Debit,29266.25,INR,Card,Dining,Delhi,D00043-1,Success,8.16,14.19,No
T00003126,A000821,C00569,B023,2026-03-15 04:14:48,Debit,42040.06,INR,Mobile Banking,Grocery,Bengaluru,D00569-1,Success,3.9,13.15,No
T00003138,A001103,C00772,B003,2026-05-29 07:49:06,Debit,24889.73,INR,Card,Grocery,Mumbai,D00772-1,Success,3.56,16.09,No
T00003154,A000011,C00007,B025,2026-08-20 05:25:56,Debit,22565.33,INR,Card,Utilities,Hyderabad,D00007-1,Success,25.19,11.91,No
T00003176,A000905,C00628,B006,2026-04-17 17:52:32,Debit,19796.94,INR,UPI,Travel,Mumbai,D00628-1,Success,9.62,18.74,No
T00003181,A001357,C00944,B011,2024-08-21 08:14:14,Debit,30354.54,INR,Mobile Banking,ATM,Hyderabad,D00944-1,Success,28.18,4.21,No
T00003198,A001120,C00781,B004,2026-08-22 15:42:08,Debit,24471.68,INR,Net Banking,ATM,Bengaluru,D00781-1,Success,15.3,17.29,No
T00003218,A000338,C00234,B002,2025-07-16 05:07:10,Debit,35225.41,INR,Card,Dining,Chennai,D00234-1,Success,29.53,16.16,No
T00003223,A000928,C00648,B001,2025-11-16 06:04:24,Debit,36532.85,INR,Card,ATM,Kolkata,D00648-1,Success,31.61,13.04,No
T00003267,A000097,C00060,B016,2026-04-04 21:30:14,Debit,45058.07,INR,Mobile Banking,Electronics,Coimbatore,D00060-1,Success,0.5,14.2,No
T00003268,A000916,C00636,B025,2024-04-25 08:33:09,Credit,37206.97,INR,UPI,Utilities,Chennai,D00636-1,Success,6.27,16.05,No
T00003275,A000370,C00258,B001,2026-07-18 16:31:13,Debit,32396.62,INR,ATM,Fuel,Bengaluru,D00258-1,Success,5.0,19.85,No
T00003282,A000187,C00124,B006,2025-05-15 22:44:40,Debit,23219.05,INR,UPI,Utilities,Coimbatore,D00124-1,Success,5.73,27.53,No
T00003292,A000492,C00345,B016,2026-02-14 22:13:31,Debit,39248.27,INR,ATM,Fuel,Coimbatore,D00345-1,Success,30.28,27.39,No
T00003294,A000289,C00200,B023,2025-03-18 07:41:05,Credit,22638.3,EUR,Net Banking,Healthcare,Chennai,D00200-1,Success,6.53,27.7,No
T00003309,A000440,C00308,B016,2024-04-05 13:51:12,Debit,29361.66,INR,Card,Fuel,Hyderabad,D00308-1,Success,27.27,24.77,No
T00003314,A000128,C00081,B024,2026-07-09 13:23:23,Credit,33536.54,INR,Net Banking,E-Commerce,Hyderabad,D00081-1,Success,3.28,27.06,No
T00003382,A000851,C00592,B014,2025-12-25 14:02:17,Debit,28315.04,INR,Mobile Banking,Utilities,Kochi,D00592-1,Success,29.11,16.2,No
T00003386,A000426,C00297,B011,2026-06-21 22:02:40,Debit,21011.43,INR,Card,Utilities,Hyderabad,D00297-1,Success,17.9,19.37,No
T00003395,A001048,C00736,B004,2024-08-03 13:16:21,Credit,35115.94,INR,Branch,E-Commerce,Kolkata,D00736-1,Success,19.91,5.61,No
T00003398,A000230,C00156,B010,2025-06-15 17:26:42,Debit,32225.22,EUR,Mobile Banking,Healthcare,Hyderabad,D00156-1,Success,0.12,20.24,No
T00003405,A000231,C00157,B023,2026-07-19 23:45:27,Credit,57764.81,INR,Card,Utilities,Delhi,D00157-1,Success,15.17,10.11,No
T00003439,A000684,C00475,B018,2026-06-23 06:17:47,Debit,20268.43,INR,Net Banking,Travel,Mumbai,D00475-1,Success,4.69,14.83,No
T00003448,A001433,C00998,B017,2026-03-19 06:06:30,Debit,21495.42,INR,Net Banking,Healthcare,Kolkata,D00998-1,Success,31.42,26.06,No
T00003459,A000091,C00055,B008,2026-08-01 14:21:59,Debit,23128.86,INR,UPI,Fuel,Kochi,D00055-1,Failed,10.96,26.05,No
T00003481,A001124,C00783,B006,2024-10-26 14:18:51,Debit,25125.07,INR,Card,E-Commerce,Chennai,D00783-1,Success,8.09,4.27,No
T00003490,A000051,C00036,B001,2026-07-24 06:18:01,Credit,27033.76,INR,Mobile Banking,Transfer,Delhi,D00036-1,Success,26.19,24.93,No
T00003491,A000275,C00191,B024,2024-12-07 16:39:56,Credit,34477.72,INR,UPI,Fuel,Kochi,D00191-1,Success,21.73,12.34,No
T00003495,A000904,C00628,B006,2026-06-13 04:22:37,Credit,38923.79,INR,UPI,Travel,Mumbai,D00628-1,Success,23.02,15.04,No
T00003502,A000234,C00160,B010,2026-04-21 15:03:37,Debit,19932.72,INR,Mobile Banking,Dining,Mumbai,D00160-1,Failed,17.45,26.62,No
T00003514,A001422,C00990,B004,2025-02-26 22:18:23,Debit,30546.66,INR,UPI,Dining,Delhi,D00990-1,Success,27.1,3.52,No
T00003538,A000060,C00041,B004,2026-02-01 23:19:10,Debit,21351.58,INR,UPI,Grocery,Delhi,D00041-1,Success,21.47,20.11,No
T00003577,A000777,C00538,B025,2024-07-07 04:24:31,Credit,83505.03,INR,Mobile Banking,Utilities,Pune,D00538-1,Success,29.04,13.66,No
T00003605,A000741,C00511,B016,2024-01-05 14:11:14,Credit,30145.2,INR,Card,E-Commerce,Bengaluru,D00511-1,Success,11.45,16.07,No
T00003608,A000110,C00067,B023,2025-10-16 07:48:34,Debit,42808.54,INR,UPI,Healthcare,Pune,D00067-1,Success,18.52,20.52,No
T00003610,A001399,C00974,B017,2026-04-08 23:13:08,Debit,24807.89,INR,Net Banking,Transfer,Hyderabad,D00974-1,Success,5.78,28.15,No
T00003624,A000656,C00454,B023,2026-06-22 05:02:41,Credit,36660.54,INR,Net Banking,E-Commerce,Delhi,D00454-1,Success,34.16,23.37,No
T00003632,A000315,C00219,B011,2024-05-22 00:29:40,Credit,25775.47,INR,Mobile Banking,Fuel,Pune,D00219-1,Success,23.75,12.48,No
T00003635,A001089,C00764,B018,2024-11-09 22:09:38,Debit,64683.28,INR,Mobile Banking,Healthcare,Delhi,D00764-1,Success,14.22,25.7,No
T00003654,A000237,C00162,B004,2024-06-28 20:27:32,Debit,61404.73,INR,UPI,Dining,Bengaluru,D00162-1,Success,25.77,9.44,No
T00003672,A000114,C00069,B021,2026-06-25 07:26:13,Debit,41789.39,INR,Net Banking,Electronics,Bengaluru,D00069-1,Success,4.96,29.95,No
T00003694,A000253,C00174,B007,2026-08-07 02:27:08,Credit,29226.08,INR,UPI,Transfer,Delhi,D00174-1,Success,3.62,11.75,No
T00003700,A000173,C00114,B023,2025-12-30 20:26:04,Credit,66256.72,INR,Card,Dining,Hyderabad,D00114-1,Success,33.57,29.32,No
T00003716,A000429,C00300,B006,2026-01-01 07:26:30,Debit,27640.04,INR,Card,Fuel,Mumbai,D00300-1,Success,34.03,24.95,No
T00003747,A000927,C00647,B008,2024-04-02 20:34:54,Debit,80951.17,INR,ATM,ATM,Kochi,D00647-1,Success,1.22,29.1,No
T00003754,A000840,C00585,B011,2024-10-03 16:31:33,Debit,21293.16,INR,Branch,ATM,Hyderabad,D00585-1,Success,23.82,29.87,No
T00003761,A000949,C00662,B012,2026-06-21 09:49:37,Debit,29978.95,INR,UPI,Utilities,Delhi,D00662-1,Success,15.52,25.05,No
T00003774,A001253,C00872,B008,2026-05-03 13:13:25,Credit,25526.84,INR,Net Banking,E-Commerce,Kochi,D00872-1,Success,16.69,23.04,No
T00003777,A000149,C00097,B010,2026-03-07 07:34:25,Credit,37002.55,INR,UPI,Travel,Kolkata,D00097-1,Success,3.34,11.91,No
T00003812,A000801,C00554,B021,2024-09-07 06:00:38,Credit,28220.26,USD,Card,Grocery,Pune,D00554-1,Success,3.26,3.06,No
T00003813,A001299,C00904,B003,2025-08-02 01:20:42,Debit,32409.22,INR,UPI,Utilities,Bengaluru,D00904-1,Success,33.32,24.63,No
T00003826,A000397,C00278,B021,2026-01-23 21:03:40,Debit,34392.64,INR,UPI,Electronics,Kolkata,D00278-1,Success,15.85,7.61,No
T00003840,A001208,C00838,B004,2024-03-11 00:02:21,Debit,27319.54,INR,Mobile Banking,Dining,Pune,D00838-1,Success,2.49,23.01,No
T00003860,A000769,C00533,B007,2026-05-03 17:32:32,Debit,35566.18,INR,Card,E-Commerce,Bengaluru,D00533-1,Success,6.45,21.84,No
T00003870,A001434,C00999,B012,2026-05-05 16:49:31,Debit,27101.2,INR,ATM,Transfer,Hyderabad,D00999-1,Failed,1.88,3.61,No
T00003881,A000178,C00117,B008,2025-11-28 07:24:03,Debit,48840.79,INR,Net Banking,Transfer,Kochi,D00117-1,Failed,14.81,13.88,No
T00003884,A001138,C00793,B005,2025-06-14 14:47:28,Debit,23870.94,INR,UPI,Healthcare,Mumbai,D00793-1,Success,28.83,12.52,No
T00003898,A000293,C00203,B024,2026-03-25 07:16:28,Debit,57294.52,INR,Net Banking,ATM,Bengaluru,D00203-1,Success,10.2,28.04,No
T00003902,A000164,C00107,B014,2024-03-10 12:26:48,Debit,20286.28,INR,Mobile Banking,E-Commerce,Coimbatore,D00107-1,Success,1.72,5.33,No
T00003916,A001325,C00920,B006,2026-02-05 21:13:20,Debit,51067.03,INR,ATM,Fuel,Delhi,D00920-1,Success,13.01,11.63,No
T00003923,A001067,C00749,B004,2024-12-21 00:11:07,Debit,20566.87,INR,Card,Dining,Pune,D00749-1,Success,8.79,11.82,No
T00003930,A000493,C00345,B016,2026-07-25 16:39:11,Debit,32918.74,INR,Net Banking,Transfer,Coimbatore,D00345-1,Success,10.79,18.26,No
T00003963,A000945,C00660,B017,2026-08-06 20:29:19,Debit,30955.14,INR,UPI,Grocery,Kochi,D00660-1,Success,28.61,19.33,No
T00003973,A000432,C00303,B006,2026-05-02 23:26:51,Credit,26137.08,INR,Card,Travel,Chennai,D00303-1,Success,29.68,8.77,No
T00003984,A000862,C00598,B016,2024-04-12 13:10:26,Debit,49389.9,INR,Card,Grocery,Delhi,D00598-1,Success,2.04,24.82,No
T00003989,A000209,C00140,B017,2024-07-01 23:25:51,Debit,19844.64,INR,UPI,E-Commerce,Madurai,D00140-1,Success,16.23,7.92,No
T00003994,A000049,C00034,B008,2025-06-18 20:18:54,Debit,21151.19,INR,ATM,E-Commerce,Delhi,D00034-1,Success,8.07,18.68,No
T00003997,A000423,C00295,B002,2025-10-02 12:14:46,Debit,44393.65,INR,UPI,Healthcare,Kochi,D00295-1,Success,15.37,10.43,No
T00004002,A000048,C00034,B008,2025-12-18 14:29:51,Credit,27529.93,INR,Mobile Banking,Healthcare,Delhi,D00034-1,Success,10.93,13.18,No
T00004009,A000709,C00493,B008,2025-01-13 11:22:40,Debit,26786.1,INR,Card,Travel,Mumbai,D00493-1,Success,7.95,18.74,No
T00004010,A001044,C00733,B020,2025-04-20 12:00:37,Credit,22929.87,USD,Net Banking,ATM,Chennai,D00733-1,Success,23.77,9.97,No
T00004061,A000463,C00324,B022,2025-07-23 03:46:23,Debit,31005.34,INR,Branch,Grocery,Bengaluru,D00324-1,Success,9.68,19.13,No
T00004068,A000823,C00571,B004,2026-08-10 15:59:51,Debit,54511.25,INR,Mobile Banking,E-Commerce,Mumbai,D00571-1,Success,17.26,8.35,No
T00004077,A001182,C00823,B004,2025-11-16 04:25:19,Debit,72978.72,INR,UPI,Electronics,Hyderabad,D00823-1,Success,33.79,2.68,No
T00004102,A000190,C00127,B002,2025-05-15 14:53:29,Debit,25973.53,INR,Net Banking,Transfer,Mumbai,D00127-1,Success,33.41,29.45,No
T00004105,A000053,C00037,B008,2025-11-12 23:04:53,Debit,33592.73,INR,Net Banking,Healthcare,Kolkata,D00037-1,Success,14.62,18.8,No
T00004127,A000585,C00410,B006,2024-02-26 18:41:53,Debit,36711.11,INR,Mobile Banking,Fuel,Pune,D00410-1,Success,14.97,22.45,No
T00004149,A000002,C00002,B017,2026-01-31 06:47:40,Debit,21136.66,INR,UPI,Dining,Kochi,D00002-1,Success,10.28,12.5,No
T00004150,A000425,C00296,B025,2024-03-17 23:52:54,Debit,28421.44,INR,Mobile Banking,Dining,Chennai,D00296-1,Success,32.76,6.07,No
T00004154,A001057,C00742,B014,2024-07-03 23:46:11,Debit,29338.8,INR,Net Banking,Dining,Pune,D00742-1,Success,26.21,7.03,No
T00004168,A000392,C00273,B023,2025-03-16 16:00:11,Credit,35505.07,INR,UPI,Transfer,Delhi,D00273-1,Success,5.16,14.06,No
T00004182,A000918,C00638,B012,2026-07-02 23:29:24,Credit,28486.3,USD,UPI,Transfer,Madurai,D00638-1,Success,19.03,4.0,No
T00004185,A001390,C00967,B006,2026-02-08 21:21:39,Credit,22175.66,INR,Mobile Banking,Healthcare,Delhi,D00967-1,Success,7.87,9.19,No
T00004194,A001110,C00776,B022,2026-01-02 02:46:12,Debit,62698.93,INR,Card,Electronics,Kolkata,D00776-1,Success,19.3,2.29,No
T00004210,A000209,C00140,B017,2024-10-21 12:55:11,Debit,58564.44,INR,Branch,ATM,Madurai,D00140-1,Success,15.7,20.79,No
T00004212,A001383,C00961,B023,2024-10-29 06:38:07,Credit,24664.32,INR,UPI,ATM,Pune,D00961-1,Success,34.07,23.0,No
T00004214,A000905,C00628,B006,2025-10-24 20:21:57,Debit,19889.21,INR,Net Banking,ATM,Mumbai,D00628-1,Success,5.3,14.5,No
T00004224,A000370,C00258,B001,2025-03-02 13:10:38,Credit,31492.9,INR,Net Banking,Dining,Bengaluru,D00258-1,Success,0.66,23.75,No
T00004226,A000777,C00538,B025,2024-07-20 08:07:45,Debit,21382.04,INR,Card,Travel,Pune,D00538-1,Success,10.2,12.32,No
T00004238,A001075,C00753,B023,2025-04-19 14:24:34,Credit,76701.96,INR,Card,Utilities,Hyderabad,D00753-1,Success,5.18,18.95,No
T00004242,A001164,C00811,B013,2026-04-05 20:44:56,Debit,32834.11,EUR,Mobile Banking,E-Commerce,Chennai,D00811-1,Success,7.08,16.14,No
T00004252,A000349,C00242,B025,2024-12-31 10:09:53,Debit,65382.11,INR,ATM,ATM,Bengaluru,D00242-1,Success,31.79,16.37,No
T00004260,A001152,C00803,B007,2024-03-19 01:42:01,Debit,30747.89,INR,Card,Travel,Hyderabad,D00803-1,Success,5.63,7.05,No
T00004263,A001313,C00912,B007,2026-05-22 09:49:41,Debit,19890.03,INR,UPI,ATM,Mumbai,D00912-1,Success,27.43,12.63,No
T00004277,A000218,C00148,B016,2026-08-03 17:08:00,Credit,35467.5,INR,Card,Dining,Kolkata,D00148-1,Success,13.51,11.47,No
T00004305,A000352,C00244,B001,2026-04-14 12:30:29,Debit,24734.47,INR,UPI,Fuel,Kolkata,D00244-1,Success,2.3,29.06,No
T00004308,A000793,C00549,B012,2026-05-04 00:06:56,Credit,21077.01,INR,Net Banking,Transfer,Chennai,D00549-1,Success,21.5,9.55,No
T00004309,A000144,C00094,B005,2024-06-09 08:21:47,Debit,22926.57,INR,Net Banking,ATM,Hyderabad,D00094-1,Success,14.73,16.96,No
T00004316,A001356,C00943,B022,2026-01-02 15:38:36,Debit,27005.68,INR,Mobile Banking,Dining,Hyderabad,D00943-1,Failed,12.29,16.0,No
T00004325,A000575,C00404,B019,2026-01-15 07:26:30,Debit,29223.14,USD,Card,Travel,Pune,D00404-1,Success,17.12,29.84,No
T00004336,A000406,C00285,B009,2026-07-21 17:33:34,Credit,58593.53,INR,Branch,ATM,Pune,D00285-1,Success,6.28,3.9,No
T00004342,A001100,C00771,B004,2025-05-08 01:09:00,Debit,64211.52,INR,Card,Travel,Coimbatore,D00771-1,Success,9.36,10.8,No
T00004365,A000576,C00405,B014,2025-11-11 19:52:29,Credit,38084.33,INR,Card,Healthcare,Kochi,D00405-1,Success,12.66,7.49,No
T00004378,A001207,C00838,B004,2025-06-24 08:53:55,Credit,42502.48,INR,Card,Transfer,Pune,D00838-1,Success,7.1,17.04,No
T00004419,A000408,C00286,B017,2025-06-19 07:44:30,Debit,24964.32,INR,Mobile Banking,Travel,Kochi,D00286-1,Failed,2.51,11.53,No
T00004431,A000046,C00032,B004,2026-08-30 19:16:03,Debit,32903.98,INR,UPI,Electronics,Mumbai,D00032-1,Success,18.67,29.81,No
T00004435,A000658,C00455,B010,2024-01-11 14:45:13,Debit,75658.04,EUR,ATM,E-Commerce,Chennai,D00455-1,Success,31.61,25.98,No
T00004465,A001268,C00882,B025,2026-07-17 17:28:37,Credit,47880.99,INR,Mobile Banking,Electronics,Kolkata,D00882-1,Success,13.37,3.45,No
T00004483,A001112,C00777,B001,2025-05-21 06:02:34,Debit,22542.23,INR,UPI,Utilities,Madurai,D00777-1,Success,34.38,28.61,No
T00004488,A000970,C00680,B011,2026-03-07 09:48:09,Debit,35299.95,INR,UPI,E-Commerce,Delhi,D00680-1,Success,14.55,4.41,No
T00004489,A001034,C00725,B004,2025-03-01 07:20:04,Debit,22055.34,INR,Card,Utilities,Mumbai,D00725-1,Success,18.03,22.16,No
T00004493,A001258,C00876,B003,2026-03-25 11:41:36,Credit,22308.67,INR,ATM,Healthcare,Madurai,D00876-1,Success,31.81,16.9,No
T00004498,A001360,C00947,B006,2026-07-03 18:55:04,Credit,23629.01,INR,UPI,E-Commerce,Hyderabad,D00947-1,Success,28.75,25.98,No
T00004520,A001406,C00979,B015,2025-08-01 15:28:09,Debit,26766.75,INR,Mobile Banking,Electronics,Mumbai,D00979-1,Success,21.6,16.5,No
T00004544,A001285,C00894,B009,2026-04-17 13:33:22,Debit,60002.33,INR,Branch,ATM,Coimbatore,D00894-1,Success,13.43,7.7,No
T00004560,A000910,C00632,B001,2025-10-12 10:03:43,Debit,24297.79,INR,Net Banking,Transfer,Coimbatore,D00632-1,Success,8.38,22.32,No
T00004588,A001374,C00956,B001,2024-11-13 10:17:15,Debit,50777.97,INR,Mobile Banking,E-Commerce,Bengaluru,D00956-1,Success,24.89,6.84,No
T00004597,A001022,C00717,B011,2025-02-21 08:39:13,Debit,20112.29,INR,Net Banking,Transfer,Kochi,D00717-1,Success,33.74,6.48,No
T00004616,A000685,C00476,B022,2025-04-22 21:38:45,Debit,45183.49,INR,Net Banking,Travel,Kolkata,D00476-1,Success,12.76,14.66,No
T00004630,A001432,C00997,B021,2026-05-05 01:40:30,Debit,20567.95,INR,Card,E-Commerce,Kolkata,D00997-1,Success,31.91,12.46,No
T00004656,A000318,C00221,B024,2025-08-24 18:05:07,Debit,26630.05,INR,ATM,Transfer,Pune,D00221-1,Success,34.92,15.18,No
T00004661,A000471,C00330,B010,2024-12-08 09:47:39,Credit,21951.8,INR,ATM,Fuel,Bengaluru,D00330-1,Success,10.24,10.95,No
T00004693,A001285,C00894,B009,2025-09-02 17:17:15,Debit,20081.51,INR,Mobile Banking,Grocery,Coimbatore,D00894-1,Success,26.94,28.11,No
T00004707,A000766,C00531,B007,2026-04-02 07:00:58,Debit,19990.05,INR,Branch,Healthcare,Madurai,D00531-1,Success,32.53,27.82,No
T00004743,A001319,C00916,B003,2025-05-26 07:27:53,Debit,21780.35,INR,UPI,Dining,Bengaluru,D00916-1,Success,11.32,15.38,No
T00004746,A000325,C00224,B024,2025-06-30 02:26:53,Credit,25023.37,INR,Branch,Fuel,Mumbai,D00224-1,Success,0.0,6.15,No
T00004752,A000265,C00183,B003,2025-05-14 12:44:48,Debit,47154.14,INR,Card,Transfer,Delhi,D00183-1,Success,2.57,15.32,No
T00004760,A000699,C00488,B001,2026-06-16 20:05:27,Credit,29830.21,INR,UPI,E-Commerce,Coimbatore,D00488-1,Success,9.51,9.02,No
T00004762,A000289,C00200,B023,2025-01-19 06:29:11,Credit,28961.53,EUR,Net Banking,Dining,Chennai,D00200-1,Success,14.86,28.48,No
T00004776,A001362,C00948,B021,2026-08-01 18:52:55,Debit,19844.72,INR,Net Banking,Electronics,Madurai,D00948-1,Success,27.11,18.86,No
T00004780,A001379,C00959,B023,2024-03-27 13:56:59,Debit,20293.97,INR,Mobile Banking,Travel,Mumbai,D00959-1,Failed,24.31,9.35,No
T00004789,A000606,C00424,B025,2025-11-09 06:13:15,Credit,33607.5,INR,Net Banking,Travel,Kolkata,D00424-1,Success,16.2,16.96,No
T00004797,A001346,C00937,B002,2024-03-20 03:31:54,Debit,20192.55,INR,Card,Transfer,Chennai,D00937-1,Failed,0.46,17.63,No
T00004819,A000884,C00615,B004,2025-11-10 08:05:03,Debit,64811.89,INR,UPI,Dining,Pune,D00615-1,Success,4.13,10.87,No
T00004843,A000886,C00617,B015,2025-08-11 20:05:12,Debit,25947.14,INR,Branch,Dining,Delhi,D00617-1,Success,6.33,3.26,No
T00004858,A000386,C00270,B023,2026-08-01 04:24:15,Debit,60571.77,INR,Mobile Banking,Healthcare,Coimbatore,D00270-1,Success,12.28,21.32,No
T00004900,A001424,C00991,B006,2025-06-20 14:48:39,Debit,33246.02,INR,Card,Grocery,Delhi,D00991-1,Success,18.8,10.99,No
T00004906,A000401,C00282,B005,2026-07-24 09:52:57,Debit,22066.37,INR,UPI,Utilities,Hyderabad,D00282-1,Failed,7.13,29.68,No
T00004913,A000061,C00042,B010,2026-07-26 14:13:30,Debit,51344.7,INR,UPI,ATM,Kochi,D00042-1,Success,7.77,22.6,No
T00004918,A001280,C00890,B013,2025-09-25 05:15:04,Credit,26868.87,INR,UPI,Travel,Madurai,D00890-1,Success,26.28,19.83,No
T00004949,A000960,C00672,B013,2024-10-13 05:37:22,Debit,30766.1,INR,UPI,Utilities,Chennai,D00672-1,Failed,13.18,16.56,No
T00004959,A001108,C00775,B012,2026-08-07 09:28:41,Debit,44543.43,INR,Net Banking,Travel,Mumbai,D00775-1,Failed,20.96,5.45,No
T00004980,A000932,C00651,B002,2024-10-07 18:16:37,Debit,32707.75,INR,UPI,Dining,Madurai,D00651-1,Success,23.72,16.81,No
T00004988,A000493,C00345,B016,2026-02-15 01:46:08,Debit,48512.86,INR,UPI,Dining,Coimbatore,D00345-1,Success,12.16,18.65,No
T00005036,A000034,C00025,B014,2024-05-29 03:14:39,Credit,19844.06,INR,UPI,ATM,Hyderabad,D00025-1,Success,28.19,14.61,No
T00005037,A000783,C00542,B004,2024-12-14 04:00:58,Credit,20378.69,INR,UPI,Fuel,Mumbai,D00542-1,Success,23.33,29.21,No
T00005085,A000081,C00051,B006,2026-05-17 11:42:26,Debit,20976.27,INR,Mobile Banking,Dining,Kochi,D00051-1,Success,20.9,28.6,No
T00005107,A000980,C00686,B007,2026-05-11 05:57:41,Debit,23721.36,INR,Card,Travel,Delhi,D00686-1,Success,30.92,21.15,No
T00005109,A000381,C00267,B003,2025-08-25 23:44:38,Debit,44890.01,INR,Mobile Banking,Travel,Coimbatore,D00267-1,Success,25.45,2.09,No
T00005112,A000653,C00453,B015,2026-07-04 09:23:23,Credit,21712.58,INR,UPI,ATM,Coimbatore,D00453-1,Success,30.66,22.96,No
T00005120,A000588,C00412,B007,2026-05-08 21:10:30,Debit,24446.43,INR,Mobile Banking,Utilities,Pune,D00412-1,Success,16.45,19.54,No
T00005121,A000344,C00238,B024,2026-08-01 16:16:57,Debit,22925.6,INR,Card,ATM,Chennai,D00238-1,Success,34.84,26.2,No
T00005146,A000113,C00068,B005,2025-07-04 20:25:29,Debit,30756.19,INR,Net Banking,Dining,Madurai,D00068-1,Success,28.26,28.49,No
T00005158,A000790,C00546,B011,2026-04-09 09:50:36,Credit,30062.33,INR,UPI,Healthcare,Madurai,D00546-1,Success,14.97,13.84,No
T00005165,A001004,C00705,B006,2025-06-12 10:48:40,Debit,26345.09,INR,Card,ATM,Kolkata,D00705-1,Success,6.38,11.98,No
T00005200,A001404,C00977,B018,2026-04-15 05:42:57,Debit,33144.91,INR,UPI,Grocery,Kochi,D00977-1,Success,28.88,2.44,No
T00005246,A000225,C00152,B007,2024-03-10 00:58:00,Credit,58633.54,INR,Card,Healthcare,Chennai,D00152-1,Success,31.35,22.05,No
T00005247,A000877,C00609,B017,2025-03-29 11:49:39,Credit,49152.15,INR,Card,ATM,Delhi,D00609-1,Success,32.11,26.85,No
T00005267,A000658,C00455,B010,2024-02-18 18:40:33,Debit,20325.04,EUR,Card,Grocery,Chennai,D00455-1,Success,33.54,7.23,No
T00005322,A000584,C00410,B006,2025-11-06 13:21:19,Debit,20642.2,INR,Card,Grocery,Pune,D00410-1,Success,25.66,19.39,No
T00005341,A000606,C00424,B025,2026-04-07 21:54:56,Debit,21401.38,INR,Card,ATM,Kolkata,D00424-1,Success,18.01,27.4,No
T00005345,A000180,C00119,B012,2026-03-30 11:43:36,Credit,56715.69,INR,Branch,Electronics,Pune,D00119-1,Success,9.4,27.86,No
T00005352,A000793,C00549,B012,2025-08-19 03:56:13,Debit,26332.39,INR,Card,Transfer,Chennai,D00549-1,Success,17.4,17.85,No
T00005354,A001330,C00924,B013,2026-04-23 08:38:30,Credit,27631.41,USD,Mobile Banking,Healthcare,Pune,D00924-1,Success,13.35,25.36,No
T00005369,A001208,C00838,B004,2024-04-21 08:47:30,Debit,32098.14,INR,Card,Transfer,Pune,D00838-1,Success,33.16,17.33,No
T00005382,A000271,C00188,B014,2024-01-06 12:40:11,Credit,23538.57,INR,Card,Healthcare,Hyderabad,D00188-1,Success,5.95,15.9,No
T00005384,A001397,C00972,B012,2024-10-23 13:28:05,Credit,34862.33,INR,UPI,Electronics,Mumbai,D00972-1,Success,11.46,13.56,No
T00005387,A001075,C00753,B023,2025-06-11 06:49:22,Debit,22765.88,INR,Branch,E-Commerce,Hyderabad,D00753-1,Success,13.5,8.73,No
T00005388,A000058,C00040,B012,2024-11-22 22:40:08,Credit,20870.99,INR,Card,Transfer,Kolkata,D00040-1,Success,3.95,3.29,No
T00005406,A000834,C00580,B004,2025-10-08 14:51:58,Credit,58506.56,USD,Mobile Banking,E-Commerce,Madurai,D00580-1,Success,8.91,17.53,No
T00005422,A001198,C00833,B006,2026-05-11 11:47:55,Debit,49949.75,INR,UPI,Travel,Delhi,D00833-1,Success,11.39,12.77,No
T00005428,A000539,C00378,B021,2026-03-31 23:02:40,Debit,76637.54,INR,Card,E-Commerce,Kochi,D00378-1,Success,23.66,19.91,No
T00005470,A000518,C00361,B003,2026-08-04 05:59:13,Debit,20249.17,INR,UPI,E-Commerce,Pune,D00361-1,Failed,26.06,25.5,No
T00005479,A001258,C00876,B003,2024-02-10 01:01:31,Debit,22522.79,INR,UPI,Dining,Madurai,D00876-1,Success,8.56,8.83,No
T00005482,A001281,C00891,B025,2026-07-04 02:11:50,Debit,27155.34,INR,Mobile Banking,Travel,Coimbatore,D00891-1,Success,6.36,15.1,No
T00005485,A000984,C00689,B008,2026-08-14 22:38:12,Credit,19941.71,INR,Net Banking,Fuel,Chennai,D00689-1,Success,4.76,24.12,No
T00005497,A001138,C00793,B005,2025-02-11 21:31:29,Debit,50898.14,INR,Branch,Dining,Mumbai,D00793-1,Success,30.52,25.56,No
T00005520,A000212,C00143,B007,2026-02-17 03:25:45,Debit,23152.0,INR,Mobile Banking,Utilities,Kochi,D00143-1,Success,5.82,24.46,No
T00005526,A001192,C00829,B014,2025-01-30 10:32:10,Debit,32261.65,INR,Net Banking,Dining,Pune,D00829-1,Success,9.36,21.33,No
T00005535,A000494,C00346,B015,2024-12-10 17:57:35,Debit,20615.09,USD,Mobile Banking,ATM,Mumbai,D00346-1,Success,1.61,23.91,No
T00005537,A001295,C00901,B002,2026-04-10 18:37:18,Debit,21160.4,INR,UPI,ATM,Coimbatore,D00901-1,Success,6.56,29.96,No
T00005539,A000243,C00167,B001,2024-02-29 07:29:20,Credit,33960.35,INR,Net Banking,Transfer,Pune,D00167-1,Success,21.81,26.66,No
T00005555,A001291,C00898,B020,2024-09-30 16:37:56,Debit,21329.81,INR,Card,Travel,Delhi,D00898-1,Success,3.9,25.1,No
T00005567,A000639,C00445,B010,2025-07-23 17:04:23,Debit,35167.35,INR,Card,Grocery,Chennai,D00445-1,Success,12.53,12.5,No
T00005571,A000713,C00494,B025,2025-12-01 15:31:41,Debit,42173.86,INR,Net Banking,E-Commerce,Mumbai,D00494-1,Success,4.44,8.03,No
T00005595,A000841,C00586,B015,2026-05-12 23:47:43,Debit,54868.62,INR,Mobile Banking,Healthcare,Hyderabad,D00586-1,Success,1.95,20.07,No
T00005604,A000803,C00556,B021,2026-03-12 13:08:45,Debit,34025.86,INR,UPI,Travel,Kochi,D00556-1,Success,0.27,15.53,No
T00005658,A000028,C00021,B012,2026-06-24 20:36:29,Credit,24143.22,INR,Card,Electronics,Mumbai,D00021-1,Success,1.27,19.91,No
T00005681,A001056,C00742,B014,2025-04-07 02:31:03,Debit,19917.69,INR,Net Banking,Transfer,Pune,D00742-1,Success,16.17,28.03,No
T00005723,A000800,C00553,B004,2026-04-10 07:55:04,Debit,78700.21,INR,Mobile Banking,Grocery,Pune,D00553-1,Success,21.65,14.78,No
T00005738,A000425,C00296,B025,2026-08-21 00:55:28,Credit,46847.58,INR,UPI,Healthcare,Chennai,D00296-1,Success,19.46,2.24,No
T00005774,A001357,C00944,B011,2025-11-13 22:23:44,Debit,20931.95,INR,Card,Fuel,Hyderabad,D00944-1,Success,33.89,4.09,No
T00005783,A000859,C00596,B008,2025-09-08 10:26:49,Debit,24655.56,INR,UPI,Utilities,Kolkata,D00596-1,Success,28.14,3.13,No
T00005794,A000587,C00412,B007,2024-09-19 11:28:15,Debit,65726.87,INR,Net Banking,Electronics,Pune,D00412-1,Reversed,3.29,7.66,No
T00005795,A000814,C00563,B009,2025-11-24 03:58:30,Debit,22521.9,INR,UPI,Utilities,Mumbai,D00563-1,Success,28.98,19.93,No
T00005798,A001397,C00972,B012,2024-09-17 12:48:51,Debit,25356.07,INR,Card,E-Commerce,Mumbai,D00972-1,Success,34.85,5.34,No
T00005808,A000814,C00563,B009,2025-09-25 23:08:31,Credit,30251.32,INR,UPI,Grocery,Mumbai,D00563-1,Failed,8.41,4.1,No
T00005822,A001013,C00711,B020,2026-07-10 08:29:43,Debit,22241.23,INR,Card,Fuel,Pune,D00711-1,Success,14.25,25.3,No
T00005833,A000218,C00148,B016,2026-08-23 03:02:59,Credit,19951.58,INR,UPI,ATM,Kolkata,D00148-1,Reversed,9.42,16.49,No
T00005836,A000697,C00486,B013,2025-06-15 21:52:53,Debit,23406.28,INR,Card,Travel,Madurai,D00486-1,Success,15.57,27.28,No
T00005863,A000711,C00494,B025,2026-01-07 20:50:39,Debit,22456.51,INR,Mobile Banking,Electronics,Mumbai,D00494-1,Success,9.46,4.59,No
T00005874,A000488,C00342,B003,2025-09-15 08:47:04,Debit,49308.02,INR,UPI,Grocery,Pune,D00342-1,Success,8.06,16.08,No
T00005882,A000390,C00272,B020,2025-06-15 22:59:13,Debit,24532.69,EUR,UPI,E-Commerce,Madurai,D00272-1,Success,26.59,8.51,No
T00005889,A000253,C00174,B007,2025-10-14 11:51:04,Credit,125179.65,INR,ATM,E-Commerce,Delhi,D00174-1,Success,7.41,23.87,No
T00005905,A001249,C00869,B007,2024-11-10 18:31:53,Debit,26156.85,INR,UPI,Electronics,Madurai,D00869-1,Success,6.26,24.25,No
T00005907,A000596,C00418,B022,2026-08-05 00:40:09,Debit,53657.31,INR,Net Banking,Electronics,Mumbai,D00418-1,Success,20.54,20.7,No
T00005909,A000692,C00482,B025,2025-11-08 02:58:16,Debit,39869.82,INR,Mobile Banking,E-Commerce,Delhi,D00482-1,Success,34.64,7.26,No
T00005913,A000025,C00019,B002,2024-07-16 21:46:12,Debit,24621.01,INR,UPI,Dining,Hyderabad,D00019-1,Success,13.07,25.83,No
T00005915,A000297,C00205,B023,2026-07-09 06:31:19,Debit,38529.09,INR,Card,Electronics,Kochi,D00205-1,Failed,17.98,29.12,No
T00005934,A000895,C00623,B024,2026-08-06 03:50:01,Debit,38419.29,INR,Net Banking,Utilities,Mumbai,D00623-1,Success,16.92,17.69,No
T00005962,A000678,C00470,B009,2025-04-24 14:02:22,Debit,33314.89,INR,ATM,Utilities,Mumbai,D00470-1,Reversed,22.63,18.11,No
T00005971,A001239,C00862,B019,2026-07-06 07:45:10,Debit,29363.37,INR,Card,Travel,Hyderabad,D00862-1,Success,32.29,22.26,No
T00005979,A000268,C00186,B022,2025-11-13 13:39:57,Debit,20740.64,INR,Mobile Banking,Electronics,Kolkata,D00186-1,Success,25.87,21.38,No
T00005995,A000411,C00289,B024,2026-06-18 18:46:44,Debit,48461.22,INR,UPI,Grocery,Pune,D00289-1,Success,32.68,19.16,No
T00006017,A000222,C00150,B025,2026-07-20 09:50:30,Debit,20502.4,INR,Card,Transfer,Madurai,D00150-1,Failed,34.15,15.18,No
T00006022,A001012,C00711,B020,2025-02-15 22:03:33,Debit,24421.54,INR,UPI,Travel,Pune,D00711-1,Success,7.95,21.41,No
T00006035,A000904,C00628,B006,2024-03-15 05:42:03,Credit,27325.51,INR,UPI,ATM,Mumbai,D00628-1,Success,0.22,3.81,No
T00006038,A000590,C00414,B003,2026-02-25 19:17:12,Credit,41200.52,INR,Branch,Electronics,Delhi,D00414-1,Success,21.55,22.41,No
T00006045,A000627,C00438,B016,2025-12-18 07:37:44,Debit,20020.03,INR,UPI,Fuel,Coimbatore,D00438-1,Success,28.85,25.06,No
T00006077,A000665,C00460,B005,2026-02-01 00:50:08,Debit,25958.69,INR,Net Banking,Electronics,Kochi,D00460-1,Success,1.75,20.93,No
T00006089,A000051,C00036,B001,2026-08-21 07:09:47,Debit,23887.72,INR,Mobile Banking,Travel,Delhi,D00036-1,Success,20.6,11.31,No
T00006090,A000039,C00027,B017,2026-08-03 04:36:48,Debit,24708.46,INR,UPI,Healthcare,Pune,D00027-1,Failed,25.77,27.17,No
T00006092,A000474,C00332,B012,2024-05-10 02:50:40,Credit,31927.84,INR,Mobile Banking,E-Commerce,Coimbatore,D00332-1,Success,3.71,24.75,No
T00006103,A001408,C00980,B013,2026-05-07 15:22:20,Debit,29542.33,INR,UPI,ATM,Chennai,D00980-1,Success,30.53,19.33,No
T00006110,A000075,C00048,B016,2026-08-28 00:25:55,Credit,23896.2,INR,ATM,Utilities,Bengaluru,D00048-1,Success,0.24,6.96,No
T00006119,A000558,C00391,B023,2026-06-30 21:03:55,Debit,28393.7,INR,Card,Healthcare,Kolkata,D00391-1,Success,33.02,23.04,No
T00006126,A001362,C00948,B021,2026-02-02 14:10:57,Debit,23740.7,INR,Mobile Banking,E-Commerce,Madurai,D00948-1,Success,22.41,14.32,No
T00006156,A000728,C00502,B020,2026-05-23 09:36:04,Debit,46271.45,INR,UPI,Fuel,Pune,D00502-1,Success,27.76,20.99,No
T00006163,A000494,C00346,B015,2026-02-03 17:28:54,Debit,100218.68,USD,Mobile Banking,Dining,Mumbai,D00346-1,Success,32.49,25.99,No
T00006166,A000490,C00344,B021,2025-06-15 08:27:31,Debit,38698.22,EUR,Card,Dining,Kolkata,D00344-1,Success,28.0,22.21,No
T00006174,A001264,C00879,B025,2026-02-11 22:13:33,Debit,30001.61,INR,Net Banking,Electronics,Hyderabad,D00879-1,Success,32.31,24.25,No
T00006204,A000613,C00428,B024,2026-08-31 21:24:12,Debit,26391.3,INR,UPI,Utilities,Chennai,D00428-1,Success,28.26,19.9,No
T00006217,A001257,C00875,B011,2025-05-31 13:14:54,Debit,29053.72,INR,Card,E-Commerce,Kochi,D00875-1,Success,16.25,8.68,No
T00006226,A000270,C00187,B025,2025-04-13 11:04:09,Debit,35937.27,INR,Card,Grocery,Pune,D00187-1,Success,32.41,5.58,No
T00006245,A001431,C00996,B001,2026-06-04 03:47:50,Debit,59065.92,INR,Card,Dining,Bengaluru,D00996-1,Success,24.43,16.86,No
T00006262,A001230,C00857,B005,2026-01-09 16:27:49,Debit,27608.86,INR,Mobile Banking,Transfer,Hyderabad,D00857-1,Success,0.49,22.78,No
T00006268,A000276,C00192,B006,2025-07-13 09:07:22,Debit,97202.02,INR,Card,Transfer,Kolkata,D00192-1,Success,10.04,19.08,No
T00006279,A001088,C00763,B001,2026-03-13 01:33:05,Debit,28463.32,INR,Branch,Healthcare,Hyderabad,D00763-1,Success,31.02,13.86,No
T00006284,A000595,C00417,B018,2025-03-17 19:09:44,Debit,46017.22,INR,Mobile Banking,Grocery,Hyderabad,D00417-1,Failed,30.14,14.28,No
T00006289,A001084,C00762,B003,2025-10-13 20:22:30,Debit,22281.27,INR,Net Banking,Fuel,Mumbai,D00762-1,Failed,28.27,16.67,No
T00006309,A000043,C00030,B005,2024-11-02 09:32:51,Debit,29288.15,INR,UPI,E-Commerce,Kochi,D00030-1,Success,19.6,29.61,No
T00006337,A000357,C00248,B018,2026-08-18 18:34:20,Debit,32252.31,INR,UPI,Transfer,Hyderabad,D00248-1,Success,21.07,28.82,No
T00006344,A001126,C00784,B005,2026-06-21 17:12:13,Credit,66089.07,USD,UPI,Electronics,Chennai,D00784-1,Success,15.91,8.43,No
T00006346,A000192,C00128,B008,2026-05-14 14:07:27,Debit,44559.82,INR,Mobile Banking,Utilities,Bengaluru,D00128-1,Success,16.45,8.62,No
T00006347,A000456,C00319,B009,2026-05-17 20:13:53,Debit,29190.2,INR,Net Banking,Healthcare,Kolkata,D00319-1,Success,17.01,14.75,No
T00006354,A001034,C00725,B004,2025-02-09 04:46:08,Debit,21827.47,INR,Net Banking,Fuel,Mumbai,D00725-1,Success,7.29,19.24,No
T00006356,A001011,C00710,B012,2026-01-22 06:38:42,Debit,78543.96,USD,UPI,ATM,Kochi,D00710-1,Success,26.48,28.56,No
T00006366,A000062,C00042,B010,2025-11-09 18:23:25,Credit,25367.03,INR,Mobile Banking,Travel,Kochi,D00042-1,Success,26.65,22.84,No
T00006393,A000168,C00110,B006,2024-07-25 06:40:08,Credit,26343.24,INR,Mobile Banking,Dining,Mumbai,D00110-1,Success,28.08,5.87,No
T00006439,A000524,C00366,B006,2026-07-30 03:48:56,Debit,35093.24,INR,Branch,Transfer,Delhi,D00366-1,Success,34.04,16.33,No
T00006451,A000064,C00043,B025,2026-07-27 13:45:50,Debit,28075.88,INR,UPI,Grocery,Delhi,D00043-1,Success,17.17,14.24,No
T00006452,A001069,C00749,B004,2026-02-27 03:29:38,Debit,26663.28,INR,Mobile Banking,Healthcare,Pune,D00749-1,Success,4.38,14.63,No
T00006502,A000032,C00024,B018,2026-07-27 23:41:11,Debit,28345.37,INR,UPI,ATM,Bengaluru,D00024-1,Success,0.24,6.83,No
T00006511,A001156,C00805,B001,2026-08-21 11:54:09,Credit,22009.44,INR,Mobile Banking,Fuel,Pune,D00805-1,Success,33.99,27.54,No
T00006533,A000024,C00018,B020,2025-10-28 06:31:50,Debit,24269.16,INR,Mobile Banking,Transfer,Bengaluru,D00018-1,Success,16.54,11.83,No
T00006548,A000368,C00256,B006,2026-03-04 15:31:40,Credit,21262.99,INR,Card,Fuel,Pune,D00256-1,Success,8.56,23.96,No
T00006583,A000994,C00697,B005,2024-10-13 16:27:02,Credit,29436.91,INR,Mobile Banking,Transfer,Coimbatore,D00697-1,Success,1.14,4.35,No
T00006594,A001264,C00879,B025,2025-09-08 03:37:53,Credit,26221.63,INR,Net Banking,Fuel,Hyderabad,D00879-1,Success,21.81,21.29,No
T00006604,A000857,C00595,B024,2025-07-31 11:10:47,Debit,48037.03,INR,Branch,ATM,Chennai,D00595-1,Success,4.78,13.55,No
T00006609,A000650,C00451,B016,2024-11-16 00:25:51,Debit,29901.3,INR,Net Banking,Fuel,Hyderabad,D00451-1,Success,31.95,24.17,No
T00006629,A000176,C00116,B010,2024-06-23 17:17:03,Debit,30838.7,INR,Net Banking,Dining,Bengaluru,D00116-1,Success,29.24,6.18,No
T00006656,A000246,C00169,B008,2025-04-22 08:10:57,Debit,20544.55,INR,ATM,Grocery,Chennai,D00169-1,Success,26.54,29.11,No
T00006661,A001294,C00900,B019,2024-08-13 16:34:45,Debit,24345.35,INR,ATM,ATM,Kochi,D00900-1,Success,18.08,28.37,No
T00006666,A000099,C00061,B013,2025-09-09 15:42:25,Debit,19973.75,INR,UPI,Grocery,Bengaluru,D00061-1,Success,8.01,28.67,No
T00006710,A000764,C00530,B012,2025-01-22 19:27:54,Debit,24511.94,INR,Mobile Banking,ATM,Hyderabad,D00530-1,Success,19.66,13.28,No
T00006716,A000390,C00272,B020,2025-03-27 10:09:39,Credit,48969.66,EUR,Mobile Banking,Utilities,Madurai,D00272-1,Success,31.95,22.28,No
T00006719,A001137,C00792,B003,2025-08-17 07:04:52,Credit,32884.21,INR,UPI,Dining,Kochi,D00792-1,Success,17.47,20.77,No
T00006732,A001285,C00894,B009,2026-07-01 23:41:01,Debit,29566.25,INR,Card,Dining,Coimbatore,D00894-1,Success,19.61,10.05,No
T00006733,A000415,C00291,B021,2026-04-16 20:17:22,Debit,20377.25,INR,Card,Transfer,Madurai,D00291-1,Success,12.79,5.44,No
T00006825,A000409,C00287,B009,2026-08-06 18:07:52,Debit,33549.37,EUR,UPI,Fuel,Kolkata,D00287-1,Success,32.18,12.17,No
T00006826,A000533,C00374,B005,2024-09-14 04:57:09,Credit,22052.45,INR,Card,Transfer,Kochi,D00374-1,Success,2.45,11.39,No
T00006828,A001207,C00838,B004,2024-04-12 05:52:03,Debit,25140.43,INR,UPI,Travel,Pune,D00838-1,Success,25.45,28.24,No
T00006831,A000891,C00620,B024,2025-09-27 06:16:39,Debit,54014.22,INR,Mobile Banking,ATM,Coimbatore,D00620-1,Success,27.98,11.27,No
T00006849,A001050,C00737,B004,2025-04-13 04:36:10,Debit,31875.47,INR,UPI,ATM,Pune,D00737-1,Success,16.14,27.75,No
T00006857,A000511,C00356,B007,2024-11-11 04:59:32,Debit,22757.57,INR,Net Banking,Electronics,Coimbatore,D00356-1,Success,16.11,10.47,No
T00006897,A001213,C00843,B004,2024-04-16 12:45:38,Debit,28990.36,INR,UPI,Dining,Bengaluru,D00843-1,Success,20.45,2.93,No
T00006916,A000197,C00132,B005,2024-11-06 13:25:49,Debit,30820.01,INR,Net Banking,Grocery,Mumbai,D00132-1,Success,11.29,22.54,No
T00006930,A000692,C00482,B025,2026-06-28 06:58:41,Debit,36051.19,INR,Net Banking,Fuel,Delhi,D00482-1,Success,14.87,24.99,No
T00006960,A000094,C00057,B003,2025-01-12 00:11:33,Debit,24589.37,INR,UPI,Dining,Bengaluru,D00057-1,Success,13.76,10.96,No
T00006971,A001222,C00851,B014,2026-04-11 02:34:43,Debit,53992.3,INR,Mobile Banking,Transfer,Coimbatore,D00851-1,Success,1.87,11.18,No
T00006983,A001032,C00724,B024,2024-10-28 08:56:56,Debit,50929.56,INR,Net Banking,Healthcare,Mumbai,D00724-1,Success,26.99,16.0,No
T00006987,A001107,C00775,B012,2026-07-28 03:41:13,Debit,26080.52,INR,Branch,Transfer,Mumbai,D00775-1,Success,13.01,19.03,No
T00006993,A000285,C00198,B014,2026-02-04 01:04:11,Debit,27210.3,INR,Mobile Banking,Grocery,Madurai,D00198-1,Success,9.49,24.26,No
T00006994,A001265,C00880,B018,2025-03-30 20:16:21,Credit,19748.64,INR,Mobile Banking,Utilities,Madurai,D00880-1,Success,27.06,24.94,No
T00007017,A000860,C00596,B008,2026-03-01 13:33:34,Credit,31865.72,INR,Card,Electronics,Kolkata,D00596-1,Success,9.63,16.8,No
T00007030,A001237,C00861,B009,2024-03-23 01:32:19,Debit,21503.29,INR,Card,Utilities,Chennai,D00861-1,Success,1.33,7.15,No
T00007034,A000207,C00138,B017,2024-07-29 00:54:37,Debit,27392.47,INR,UPI,Travel,Kochi,D00138-1,Success,31.85,10.01,No
T00007043,A001159,C00807,B022,2025-08-27 11:06:16,Debit,21287.19,INR,UPI,ATM,Coimbatore,D00807-1,Failed,27.67,22.41,No
T00007054,A001181,C00823,B004,2026-03-18 03:17:56,Debit,27575.38,USD,Mobile Banking,Grocery,Hyderabad,D00823-1,Success,11.08,24.3,No
T00007063,A001009,C00708,B016,2025-01-18 18:46:47,Debit,21249.28,INR,Net Banking,Utilities,Delhi,D00708-1,Success,2.24,23.92,No
T00007077,A001113,C00778,B024,2026-04-26 10:13:21,Debit,24412.09,INR,Mobile Banking,Fuel,Kolkata,D00778-1,Success,25.59,23.7,No
T00007081,A000246,C00169,B008,2024-04-04 04:23:59,Credit,21723.31,INR,UPI,ATM,Chennai,D00169-1,Success,30.99,19.59,No
T00007107,A001338,C00931,B004,2026-08-15 08:46:33,Credit,23715.42,INR,Card,Healthcare,Pune,D00931-1,Success,3.98,23.66,No
T00007110,A001003,C00704,B003,2025-05-06 21:02:27,Debit,25272.15,INR,UPI,Grocery,Delhi,D00704-1,Success,13.34,25.52,No
T00007126,A001407,C00979,B015,2024-08-12 05:25:27,Debit,43199.6,INR,Card,Healthcare,Mumbai,D00979-1,Success,33.96,19.95,No
T00007129,A000418,C00293,B010,2025-01-22 14:41:30,Debit,27217.29,INR,Card,Utilities,Hyderabad,D00293-1,Success,8.77,26.73,No
T00007140,A000354,C00246,B003,2025-07-27 10:49:03,Debit,59133.21,INR,UPI,E-Commerce,Bengaluru,D00246-1,Success,9.07,17.69,No
T00007158,A000098,C00060,B016,2026-07-27 18:53:37,Credit,27653.53,INR,Net Banking,Electronics,Coimbatore,D00060-1,Success,30.81,23.44,No
T00007163,A001339,C00932,B018,2026-08-30 10:06:05,Debit,88845.36,INR,Net Banking,Electronics,Delhi,D00932-1,Success,24.62,23.78,No
T00007169,A000460,C00323,B017,2024-06-04 11:46:01,Debit,23196.23,EUR,Card,ATM,Bengaluru,D00323-1,Success,4.2,28.36,No
T00007196,A001107,C00775,B012,2026-06-29 05:04:35,Debit,29160.42,INR,UPI,Utilities,Mumbai,D00775-1,Success,19.59,26.13,No
T00007219,A001056,C00742,B014,2026-08-25 04:38:09,Debit,25591.43,INR,Branch,Dining,Pune,D00742-1,Success,34.9,29.97,No
T00007249,A001086,C00763,B001,2026-03-26 18:29:38,Credit,45567.99,INR,UPI,Utilities,Hyderabad,D00763-1,Success,29.02,4.67,No
T00007251,A000465,C00325,B024,2025-06-28 14:18:53,Debit,39388.94,INR,UPI,E-Commerce,Coimbatore,D00325-1,Success,18.62,4.08,No
T00007261,A000552,C00387,B018,2026-05-10 00:12:48,Debit,84888.36,INR,Card,Travel,Delhi,D00387-1,Success,22.63,9.98,No
T00007263,A001016,C00713,B016,2026-07-23 22:39:40,Credit,20443.84,INR,Net Banking,Healthcare,Coimbatore,D00713-1,Failed,10.46,12.43,No
T00007265,A000601,C00421,B021,2026-08-11 22:36:50,Debit,63377.88,INR,UPI,Grocery,Chennai,D00421-1,Success,19.72,8.38,No
T00007284,A000916,C00636,B025,2025-02-24 23:50:31,Debit,24716.57,INR,Card,Dining,Chennai,D00636-1,Success,29.71,28.62,No
T00007293,A000990,C00694,B015,2025-01-18 16:31:37,Debit,37648.25,INR,Card,Healthcare,Delhi,D00694-1,Success,14.2,18.54,No
T00007310,A001138,C00793,B005,2025-07-03 13:10:18,Debit,121566.73,INR,Card,Dining,Mumbai,D00793-1,Success,2.08,18.82,No
T00007322,A000875,C00607,B004,2025-04-22 10:37:58,Debit,20719.54,INR,UPI,Travel,Coimbatore,D00607-1,Success,17.57,15.65,No
T00007332,A001386,C00964,B019,2024-03-26 20:19:47,Debit,38625.89,INR,UPI,ATM,Delhi,D00964-1,Success,34.01,15.11,No
T00007355,A000531,C00373,B023,2024-06-27 05:42:34,Debit,29815.49,INR,UPI,Dining,Bengaluru,D00373-1,Success,14.71,4.89,No
T00007362,A000191,C00127,B002,2025-01-26 18:48:21,Debit,31632.86,INR,UPI,E-Commerce,Mumbai,D00127-1,Success,29.91,11.78,No
T00007369,A000192,C00128,B008,2025-12-02 14:58:09,Debit,32504.14,INR,UPI,Dining,Bengaluru,D00128-1,Success,3.08,29.21,No
T00007401,A000421,C00295,B002,2026-01-02 09:50:26,Credit,21052.5,INR,Card,Transfer,Kochi,D00295-1,Success,2.77,22.83,No
T00007415,A000758,C00526,B022,2025-08-16 02:55:34,Debit,21134.49,INR,Mobile Banking,Electronics,Hyderabad,D00526-1,Success,23.57,6.87,No
T00007416,A000009,C00006,B025,2026-01-06 18:23:45,Debit,44019.01,INR,Mobile Banking,Travel,Hyderabad,D00006-1,Success,24.74,17.54,No
T00007432,A000025,C00019,B002,2024-10-05 11:09:10,Debit,24460.97,INR,UPI,Fuel,Hyderabad,D00019-1,Success,4.47,19.07,No
T00007452,A001170,C00815,B017,2026-06-05 03:55:54,Debit,89312.08,INR,UPI,Utilities,Pune,D00815-1,Success,32.19,25.65,No
T00007457,A001360,C00947,B006,2024-08-07 23:54:08,Debit,20946.75,INR,ATM,Utilities,Hyderabad,D00947-1,Success,20.97,22.54,No
T00007475,A000809,C00561,B009,2024-01-16 06:01:35,Credit,20871.07,INR,UPI,Electronics,Coimbatore,D00561-1,Success,16.34,15.63,No
T00007479,A000986,C00691,B010,2025-05-25 23:28:15,Debit,92815.65,INR,UPI,Dining,Pune,D00691-1,Success,20.16,8.49,No
T00007546,A000570,C00400,B014,2026-07-15 23:23:22,Credit,22450.83,INR,UPI,Grocery,Madurai,D00400-1,Success,1.09,15.14,No
T00007548,A000065,C00043,B025,2026-02-20 04:43:38,Credit,26564.82,INR,Branch,Fuel,Delhi,D00043-1,Success,15.12,18.73,No
T00007553,A000509,C00355,B012,2025-04-16 18:22:58,Debit,40963.09,INR,Mobile Banking,Grocery,Mumbai,D00355-1,Success,11.2,10.86,No
T00007585,A000325,C00224,B024,2026-02-02 12:31:07,Debit,176708.14,INR,UPI,E-Commerce,Mumbai,D00224-1,Success,25.83,14.37,No
T00007593,A000216,C00147,B022,2026-01-04 23:44:05,Debit,35523.39,INR,Net Banking,Grocery,Mumbai,D00147-1,Failed,21.4,21.51,No
T00007602,A000865,C00600,B015,2025-05-24 08:09:10,Debit,30880.28,INR,ATM,Fuel,Kolkata,D00600-1,Success,12.33,20.52,No
T00007604,A000503,C00352,B018,2024-09-29 21:41:07,Debit,29985.86,INR,Net Banking,Grocery,Kochi,D00352-1,Success,24.48,24.8,No
T00007607,A000389,C00271,B010,2026-08-25 04:05:44,Debit,144048.09,INR,Mobile Banking,Electronics,Kochi,D00271-1,Success,20.68,4.99,No
T00007609,A000393,C00274,B007,2026-03-05 00:56:35,Credit,29340.59,INR,Card,Utilities,Pune,D00274-1,Success,8.34,19.56,No
T00007629,A001059,C00744,B016,2026-07-01 09:03:48,Debit,36823.92,EUR,Card,Transfer,Coimbatore,D00744-1,Success,11.13,15.13,No
T00007655,A000587,C00412,B007,2025-03-11 07:43:04,Debit,46002.29,INR,UPI,Travel,Pune,D00412-1,Success,15.13,15.3,No
T00007659,A001260,C00877,B011,2026-06-21 11:34:37,Debit,33203.6,INR,Mobile Banking,Electronics,Coimbatore,D00877-1,Success,29.97,8.65,No
T00007663,A000837,C00582,B014,2026-01-11 02:50:08,Debit,40701.11,INR,Card,ATM,Madurai,D00582-1,Failed,22.41,8.15,No
T00007668,A000257,C00176,B015,2025-01-02 20:47:11,Debit,49374.03,INR,Net Banking,Dining,Coimbatore,D00176-1,Success,7.55,14.63,No
T00007675,A001266,C00880,B018,2026-03-11 08:18:07,Debit,24626.13,INR,UPI,E-Commerce,Madurai,D00880-1,Success,28.42,20.84,No
T00007707,A001135,C00791,B024,2025-01-05 23:31:58,Debit,25563.0,INR,UPI,Utilities,Kolkata,D00791-1,Success,31.01,3.83,No
T00007724,A001321,C00917,B011,2025-09-15 06:41:02,Credit,25690.72,INR,Net Banking,Transfer,Bengaluru,D00917-1,Success,7.3,2.58,No
T00007737,A000807,C00560,B004,2026-04-16 13:57:12,Debit,21506.93,INR,Net Banking,Dining,Hyderabad,D00560-1,Success,7.69,8.17,No
T00007746,A000706,C00492,B025,2025-01-27 04:43:30,Debit,97696.83,INR,Card,Travel,Bengaluru,D00492-1,Success,26.02,16.01,No
T00007752,A000631,C00440,B010,2025-02-21 16:58:22,Credit,29213.97,INR,Branch,Healthcare,Coimbatore,D00440-1,Success,20.37,17.23,No
T00007769,A001026,C00721,B016,2025-12-20 22:47:17,Credit,24256.08,INR,UPI,Grocery,Delhi,D00721-1,Success,20.12,4.34,No
T00007776,A000312,C00217,B012,2026-08-05 03:46:20,Credit,29414.95,USD,Card,Electronics,Bengaluru,D00217-1,Success,22.05,11.16,No
T00007778,A001045,C00734,B015,2024-04-23 16:21:22,Debit,21756.07,INR,Mobile Banking,E-Commerce,Bengaluru,D00734-1,Success,23.34,8.87,No
T00007782,A000070,C00045,B025,2025-11-23 11:47:17,Debit,39461.47,INR,Net Banking,Healthcare,Mumbai,D00045-1,Success,26.62,4.31,No
T00007788,A001314,C00913,B006,2026-04-03 01:38:50,Debit,25257.28,INR,Net Banking,Healthcare,Pune,D00913-1,Success,2.39,10.79,No
T00007798,A000404,C00283,B011,2026-03-13 04:17:01,Debit,24716.11,INR,UPI,Healthcare,Kolkata,D00283-1,Success,7.66,8.44,No
T00007799,A000325,C00224,B024,2026-02-28 18:09:47,Credit,25060.3,INR,Card,Fuel,Mumbai,D00224-1,Success,5.25,20.07,No
T00007819,A000248,C00169,B008,2024-06-09 08:19:28,Debit,28469.88,INR,Card,Transfer,Chennai,D00169-1,Success,8.84,11.87,No
T00007822,A000720,C00499,B004,2024-02-20 07:59:46,Credit,26757.93,INR,UPI,Travel,Delhi,D00499-1,Success,4.03,21.73,No
T00007823,A001150,C00802,B013,2026-02-12 01:51:48,Debit,27251.38,INR,UPI,Utilities,Kolkata,D00802-1,Success,0.48,27.92,No
T00007876,A001435,C01000,B016,2026-01-19 08:23:22,Debit,44297.74,INR,UPI,Utilities,Hyderabad,D01000-1,Success,31.19,7.24,No
T00007892,A000503,C00352,B018,2024-12-10 01:48:31,Debit,25012.55,INR,UPI,Utilities,Kochi,D00352-1,Failed,16.95,15.17,No
T00007896,A000537,C00377,B009,2025-11-12 19:15:38,Debit,46770.05,INR,Net Banking,Utilities,Pune,D00377-1,Success,25.04,18.18,No
T00007904,A001417,C00987,B011,2026-08-06 05:54:39,Credit,89847.01,INR,UPI,ATM,Madurai,D00987-1,Success,26.7,3.06,No
T00007905,A001199,C00834,B013,2026-05-08 20:49:29,Credit,22911.07,INR,ATM,ATM,Chennai,D00834-1,Success,21.89,13.77,No
T00007926,A001153,C00804,B001,2024-08-13 09:58:03,Credit,26232.88,INR,Card,Grocery,Mumbai,D00804-1,Success,16.24,13.05,No
T00007944,A000461,C00323,B017,2024-07-25 11:15:30,Debit,20497.72,INR,Card,Grocery,Bengaluru,D00323-1,Success,25.71,20.16,No
T00007949,A000348,C00242,B025,2025-02-12 07:18:55,Debit,32393.42,INR,UPI,Electronics,Bengaluru,D00242-1,Success,16.0,27.17,No
T00007951,A000241,C00165,B003,2025-05-07 05:19:20,Credit,27203.2,INR,Net Banking,Fuel,Bengaluru,D00165-1,Success,27.44,14.61,No
T00007962,A000117,C00071,B008,2024-10-14 01:51:24,Credit,33474.45,INR,Branch,Travel,Mumbai,D00071-1,Success,27.75,5.21,No
T00007964,A000151,C00098,B001,2025-07-27 11:19:36,Debit,33362.84,INR,Mobile Banking,Healthcare,Hyderabad,D00098-1,Success,12.57,12.37,No
T00007966,A000432,C00303,B006,2026-06-22 10:10:44,Debit,25177.1,INR,UPI,Electronics,Chennai,D00303-1,Success,17.73,5.43,No
T00007987,A001315,C00913,B006,2025-01-07 06:46:26,Credit,23788.35,EUR,Net Banking,Fuel,Pune,D00913-1,Success,0.75,27.54,No
T00007991,A000044,C00031,B013,2025-08-31 07:28:30,Debit,23869.66,INR,Card,Utilities,Kolkata,D00031-1,Success,30.06,7.14,No
T00008028,A001040,C00730,B002,2025-12-16 10:29:18,Debit,71181.88,INR,Mobile Banking,Fuel,Kochi,D00730-1,Success,27.61,22.05,No
T00008035,A001084,C00762,B003,2025-11-30 21:33:54,Debit,31749.5,INR,Net Banking,Dining,Mumbai,D00762-1,Success,23.23,16.88,No
T00008036,A001163,C00810,B014,2025-09-16 02:29:42,Debit,34663.59,INR,ATM,Electronics,Hyderabad,D00810-1,Failed,1.52,3.9,No
T00008072,A000469,C00328,B013,2024-06-06 12:01:56,Debit,19867.52,INR,UPI,Fuel,Bengaluru,D00328-1,Success,26.05,3.37,No
T00008079,A000411,C00289,B024,2025-09-30 21:46:38,Debit,29613.54,INR,Card,Travel,Pune,D00289-1,Success,14.85,9.69,No
T00008089,A000033,C00025,B014,2025-09-04 14:07:50,Credit,87330.07,INR,UPI,Travel,Hyderabad,D00025-1,Success,31.9,19.79,No
T00008093,A000312,C00217,B012,2026-03-26 22:08:57,Debit,27341.67,USD,UPI,Grocery,Bengaluru,D00217-1,Failed,31.58,16.73,No
T00008101,A000202,C00134,B023,2025-03-16 19:42:09,Debit,34308.27,INR,Branch,Transfer,Chennai,D00134-1,Success,33.32,19.25,No
T00008106,A000127,C00080,B023,2025-06-15 10:42:15,Debit,82857.13,INR,ATM,Electronics,Coimbatore,D00080-1,Success,13.62,10.56,No
T00008114,A000019,C00014,B006,2025-03-11 05:06:03,Debit,24229.52,INR,UPI,Electronics,Pune,D00014-1,Success,10.17,17.02,No
T00008120,A001128,C00785,B001,2026-05-31 20:02:59,Debit,77412.42,INR,UPI,Electronics,Chennai,D00785-1,Success,12.39,8.23,No
T00008144,A001119,C00780,B013,2024-05-24 01:26:42,Debit,65070.69,INR,Mobile Banking,Grocery,Coimbatore,D00780-1,Success,31.85,6.31,No
T00008151,A000271,C00188,B014,2025-03-22 16:47:50,Credit,27328.69,INR,UPI,Transfer,Hyderabad,D00188-1,Success,16.22,5.32,No
T00008154,A000239,C00164,B024,2024-07-23 07:08:58,Debit,28045.35,INR,UPI,Travel,Coimbatore,D00164-1,Success,22.17,24.91,No
T00008160,A000441,C00308,B016,2025-12-31 18:14:36,Debit,58577.32,INR,Card,Grocery,Hyderabad,D00308-1,Failed,14.71,29.28,No
T00008166,A001013,C00711,B020,2025-05-26 13:48:24,Debit,24201.74,INR,Mobile Banking,Utilities,Pune,D00711-1,Success,30.75,14.99,No
T00008167,A000782,C00542,B004,2026-02-05 16:40:01,Debit,38540.42,INR,UPI,Healthcare,Mumbai,D00542-1,Success,5.03,12.96,No
T00008175,A000762,C00528,B012,2024-06-20 03:51:26,Debit,41706.29,INR,Mobile Banking,Fuel,Kochi,D00528-1,Failed,0.51,6.7,No
T00008187,A000345,C00239,B017,2025-08-24 23:43:25,Debit,67150.54,INR,Mobile Banking,Dining,Chennai,D00239-1,Success,0.05,13.17,No
T00008218,A000470,C00329,B022,2026-06-14 15:49:58,Debit,24749.29,INR,UPI,Electronics,Mumbai,D00329-1,Success,25.7,5.31,No
T00008238,A000810,C00561,B009,2024-09-20 14:15:16,Debit,31444.21,INR,UPI,Transfer,Coimbatore,D00561-1,Success,23.38,24.68,No
T00008239,A000704,C00491,B008,2025-12-19 23:12:01,Credit,57811.2,INR,Net Banking,Dining,Kochi,D00491-1,Success,24.76,22.42,No
T00008252,A001368,C00952,B004,2024-02-07 10:37:22,Debit,44141.44,USD,UPI,Transfer,Mumbai,D00952-1,Success,27.87,29.63,No
T00008277,A000573,C00402,B009,2026-05-09 03:59:29,Debit,27350.96,INR,Mobile Banking,Dining,Chennai,D00402-1,Success,12.53,21.59,No
T00008286,A000841,C00586,B015,2026-04-16 06:36:33,Debit,24288.14,INR,UPI,Dining,Hyderabad,D00586-1,Success,6.19,5.26,No
T00008303,A000226,C00153,B008,2025-02-11 02:59:33,Debit,70349.26,INR,UPI,Fuel,Kochi,D00153-1,Success,5.1,21.23,No
T00008305,A000745,C00514,B014,2026-01-19 04:18:49,Credit,40378.61,INR,Net Banking,Grocery,Chennai,D00514-1,Success,7.79,3.56,No
T00008310,A000040,C00028,B013,2025-08-04 04:54:41,Debit,24430.62,INR,UPI,Dining,Mumbai,D00028-1,Success,1.6,14.99,No
T00008311,A001323,C00918,B021,2025-06-18 07:31:40,Credit,37396.14,INR,UPI,E-Commerce,Bengaluru,D00918-1,Success,1.71,28.28,No
T00008316,A001279,C00889,B013,2025-09-17 07:10:34,Debit,65440.17,INR,UPI,E-Commerce,Madurai,D00889-1,Success,27.9,10.17,No
T00008323,A000667,C00461,B010,2026-05-09 14:57:24,Debit,31321.63,INR,UPI,ATM,Delhi,D00461-1,Success,18.34,17.38,No
T00008326,A000318,C00221,B024,2026-03-01 20:41:33,Debit,31762.23,INR,UPI,Dining,Pune,D00221-1,Success,28.22,13.11,No
T00008328,A001242,C00864,B016,2024-12-21 12:34:10,Debit,28019.87,INR,Card,Travel,Delhi,D00864-1,Success,29.97,8.14,No
T00008347,A001374,C00956,B001,2024-11-24 17:37:52,Debit,60681.5,INR,UPI,Travel,Bengaluru,D00956-1,Success,8.04,25.57,No
T00008356,A000372,C00260,B015,2025-10-20 08:50:42,Credit,27754.02,INR,UPI,Transfer,Madurai,D00260-1,Success,11.96,22.21,No
T00008380,A000028,C00021,B012,2026-06-19 08:30:39,Credit,29926.54,INR,Mobile Banking,Dining,Mumbai,D00021-1,Success,13.56,24.18,No
T00008387,A000888,C00619,B006,2025-07-26 23:50:32,Debit,21036.02,INR,ATM,ATM,Kolkata,D00619-1,Success,18.24,16.71,No
T00008398,A000342,C00237,B005,2025-02-08 18:15:49,Debit,23566.98,INR,UPI,ATM,Pune,D00237-1,Success,14.68,17.94,No
T00008426,A000103,C00063,B001,2026-08-30 05:41:23,Debit,241865.22,INR,Card,E-Commerce,Hyderabad,D00063-1,Success,9.29,29.71,No
T00008448,A000546,C00382,B021,2025-08-08 11:38:47,Debit,31239.33,INR,ATM,Dining,Delhi,D00382-1,Success,5.1,26.43,No
T00008457,A000987,C00692,B017,2024-07-20 06:12:54,Credit,20377.5,INR,Net Banking,Electronics,Delhi,D00692-1,Success,3.76,7.85,No
T00008477,A000150,C00097,B010,2025-11-27 19:48:24,Credit,20386.61,INR,Mobile Banking,Dining,Kolkata,D00097-1,Success,9.11,2.08,No
T00008508,A001235,C00860,B005,2024-06-17 07:14:12,Debit,20630.19,INR,Net Banking,Healthcare,Mumbai,D00860-1,Success,22.5,3.91,No
T00008531,A000796,C00551,B010,2026-06-02 17:09:27,Debit,22259.42,INR,Net Banking,Electronics,Pune,D00551-1,Success,1.68,18.53,No
T00008600,A000217,C00148,B016,2025-04-19 19:02:07,Credit,20666.23,INR,UPI,Fuel,Kolkata,D00148-1,Success,10.56,29.42,No
T00008620,A000810,C00561,B009,2026-03-31 07:04:08,Debit,34412.18,INR,Net Banking,Travel,Coimbatore,D00561-1,Success,33.1,25.08,No
T00008630,A000049,C00034,B008,2026-08-06 15:10:34,Credit,20328.4,INR,UPI,Healthcare,Delhi,D00034-1,Success,34.81,27.8,No
T00008631,A001254,C00872,B008,2026-05-14 15:50:42,Debit,19725.9,INR,Card,Grocery,Kochi,D00872-1,Success,22.78,17.43,No
T00008639,A001337,C00930,B019,2026-08-05 05:51:15,Debit,73873.99,INR,UPI,Grocery,Chennai,D00930-1,Success,25.11,2.37,No
T00008651,A000392,C00273,B023,2025-01-14 21:29:57,Debit,26980.55,INR,UPI,Transfer,Delhi,D00273-1,Success,15.32,27.36,No
T00008659,A001309,C00910,B015,2025-09-12 13:08:37,Debit,66201.11,INR,Mobile Banking,Fuel,Mumbai,D00910-1,Success,25.46,21.76,No
T00008667,A001260,C00877,B011,2025-02-27 21:12:28,Debit,23841.17,INR,UPI,ATM,Coimbatore,D00877-1,Success,7.91,16.41,No
T00008701,A000964,C00676,B010,2025-12-30 08:18:53,Debit,27572.74,INR,Card,Grocery,Kochi,D00676-1,Success,24.37,22.61,No
T00008728,A000735,C00507,B025,2026-03-28 12:08:04,Credit,40690.26,INR,Net Banking,Transfer,Bengaluru,D00507-1,Failed,28.49,28.17,No
T00008751,A000226,C00153,B008,2024-09-26 06:54:30,Debit,26570.9,INR,ATM,Transfer,Kochi,D00153-1,Success,23.32,8.49,No
T00008755,A000506,C00354,B023,2026-08-30 19:56:15,Credit,38002.64,INR,UPI,ATM,Coimbatore,D00354-1,Success,8.14,6.74,No
T00008761,A000267,C00185,B002,2026-04-14 12:47:43,Debit,46959.55,INR,UPI,E-Commerce,Kochi,D00185-1,Success,13.19,10.19,No
T00008764,A000778,C00539,B011,2025-11-03 00:07:32,Debit,22986.42,INR,Branch,Grocery,Madurai,D00539-1,Success,5.74,26.69,No
T00008803,A001174,C00819,B006,2025-03-08 06:05:35,Debit,32569.63,INR,Mobile Banking,Travel,Madurai,D00819-1,Success,19.66,10.64,No
T00008815,A000676,C00468,B022,2026-08-21 14:08:48,Debit,36379.67,INR,Net Banking,Grocery,Coimbatore,D00468-1,Success,9.71,20.22,No
T00008817,A000215,C00146,B016,2026-06-26 13:41:15,Credit,42666.27,INR,Net Banking,Travel,Kochi,D00146-1,Success,10.46,19.61,No
T00008826,A001129,C00786,B009,2024-07-19 20:12:12,Debit,32550.09,INR,Branch,Utilities,Hyderabad,D00786-1,Success,0.87,2.75,No
T00008827,A000799,C00552,B017,2025-11-26 04:15:59,Debit,26232.93,INR,Net Banking,Healthcare,Chennai,D00552-1,Success,22.9,10.53,No
T00008832,A001369,C00953,B006,2026-05-02 04:26:28,Debit,22467.68,INR,UPI,Utilities,Delhi,D00953-1,Success,3.02,3.34,No
T00008849,A000039,C00027,B017,2024-10-08 07:06:12,Credit,58635.32,INR,Net Banking,Grocery,Pune,D00027-1,Success,1.65,23.71,No
T00008856,A000054,C00038,B020,2025-05-14 19:25:00,Debit,40931.07,INR,UPI,Grocery,Pune,D00038-1,Success,10.54,19.81,No
T00008861,A000500,C00350,B024,2026-07-06 02:40:05,Debit,20821.17,INR,Net Banking,Grocery,Delhi,D00350-1,Success,21.53,18.25,No
T00008891,A000273,C00190,B014,2026-02-08 12:11:51,Debit,57135.49,INR,Net Banking,E-Commerce,Hyderabad,D00190-1,Success,19.86,9.07,No
T00008905,A000102,C00063,B001,2026-06-24 08:11:13,Debit,20777.35,INR,UPI,Healthcare,Hyderabad,D00063-1,Success,15.71,9.01,No
T00008907,A000295,C00205,B023,2026-06-22 20:08:47,Debit,57865.46,INR,Card,Transfer,Kochi,D00205-1,Success,3.16,6.19,No
T00008915,A000077,C00049,B018,2026-07-31 22:08:42,Debit,26409.02,INR,Card,Electronics,Delhi,D00049-1,Success,25.4,2.04,No
T00008917,A000164,C00107,B014,2024-07-01 17:11:58,Debit,58332.77,INR,Mobile Banking,Utilities,Coimbatore,D00107-1,Success,14.35,26.81,No
T00008918,A001071,C00751,B017,2024-02-10 16:03:27,Debit,24595.99,INR,Net Banking,Utilities,Kolkata,D00751-1,Success,18.41,12.34,No
T00008938,A000799,C00552,B017,2025-07-30 20:37:26,Debit,20613.75,INR,UPI,ATM,Chennai,D00552-1,Success,4.89,14.77,No
T00008942,A001273,C00886,B023,2026-08-27 17:07:16,Debit,161399.34,INR,UPI,Grocery,Bengaluru,D00886-1,Success,16.74,7.61,No
T00008967,A000524,C00366,B006,2025-11-30 23:30:25,Debit,51582.06,INR,Card,E-Commerce,Delhi,D00366-1,Success,16.07,22.26,No
T00008969,A000080,C00050,B004,2025-12-03 22:15:22,Debit,36842.64,INR,UPI,Utilities,Madurai,D00050-1,Success,30.9,2.54,No
T00008983,A000951,C00664,B012,2024-10-02 16:32:51,Debit,34521.72,INR,UPI,Travel,Hyderabad,D00664-1,Success,13.47,28.0,No
T00009015,A001374,C00956,B001,2025-01-24 18:08:46,Debit,20470.06,INR,Card,E-Commerce,Bengaluru,D00956-1,Success,18.18,23.51,No
T00009019,A001211,C00841,B004,2026-01-31 14:20:15,Credit,57905.13,INR,Card,Grocery,Kolkata,D00841-1,Success,2.21,10.23,No
T00009028,A001321,C00917,B011,2024-04-13 00:16:26,Debit,21126.68,INR,UPI,ATM,Bengaluru,D00917-1,Success,31.93,26.34,No
T00009029,A001152,C00803,B007,2025-07-30 00:46:36,Debit,36075.55,INR,ATM,Fuel,Hyderabad,D00803-1,Success,28.63,2.46,No
T00009034,A000349,C00242,B025,2026-05-24 20:04:27,Credit,24041.83,INR,Mobile Banking,Healthcare,Bengaluru,D00242-1,Success,32.72,10.37,No
T00009042,A000776,C00537,B023,2026-01-22 13:56:47,Debit,46311.55,INR,Net Banking,E-Commerce,Coimbatore,D00537-1,Success,32.04,16.63,No
T00009061,A000536,C00376,B015,2024-08-26 03:32:30,Credit,175827.39,INR,UPI,E-Commerce,Bengaluru,D00376-1,Success,32.34,18.79,No
T00009066,A001004,C00705,B006,2025-03-30 16:02:54,Credit,30926.36,INR,ATM,ATM,Kolkata,D00705-1,Success,20.18,13.44,No
T00009109,A000951,C00664,B012,2025-05-14 19:46:02,Debit,27071.21,INR,UPI,ATM,Hyderabad,D00664-1,Success,33.6,22.45,No
T00009121,A000623,C00434,B011,2024-11-02 16:10:14,Debit,30813.38,INR,UPI,Travel,Pune,D00434-1,Failed,33.4,28.17,No
T00009133,A001116,C00779,B020,2024-07-31 15:52:01,Debit,21268.01,INR,Card,Electronics,Kolkata,D00779-1,Success,32.01,2.25,No
T00009134,A000502,C00351,B021,2024-12-04 10:02:52,Credit,21229.42,INR,UPI,Electronics,Delhi,D00351-1,Failed,21.45,25.73,No
T00009142,A000603,C00422,B008,2025-09-26 07:21:13,Debit,88475.79,INR,Card,Healthcare,Mumbai,D00422-1,Success,17.24,15.02,No
T00009150,A001317,C00914,B001,2025-08-27 06:15:56,Credit,21338.82,INR,UPI,Electronics,Hyderabad,D00914-1,Success,16.45,11.22,No
T00009176,A001394,C00970,B021,2026-03-18 03:57:25,Debit,107444.12,INR,Card,ATM,Pune,D00970-1,Success,13.45,5.14,No
T00009181,A000124,C00077,B010,2025-06-02 00:14:18,Debit,34093.5,INR,UPI,Healthcare,Pune,D00077-1,Failed,6.06,10.51,No
T00009194,A000377,C00264,B010,2024-08-13 11:27:06,Debit,105069.33,INR,UPI,E-Commerce,Kochi,D00264-1,Success,26.42,4.61,No
T00009198,A000947,C00661,B019,2025-03-21 23:22:44,Debit,43989.99,INR,UPI,E-Commerce,Madurai,D00661-1,Success,28.7,27.55,No
T00009221,A000598,C00420,B011,2025-02-05 16:04:50,Debit,39343.5,INR,Mobile Banking,Utilities,Mumbai,D00420-1,Success,16.21,23.87,No
T00009224,A000870,C00603,B007,2025-06-10 02:11:20,Debit,21467.75,INR,Mobile Banking,Transfer,Madurai,D00603-1,Success,0.62,24.08,No
T00009236,A000070,C00045,B025,2024-07-21 19:07:34,Debit,21952.47,INR,Card,Travel,Mumbai,D00045-1,Success,34.64,5.53,No
T00009255,A000978,C00685,B001,2025-05-16 06:02:26,Credit,24813.09,INR,ATM,Dining,Delhi,D00685-1,Success,31.49,23.28,No
T00009263,A000710,C00493,B008,2024-02-14 21:53:38,Debit,35914.21,INR,Net Banking,Electronics,Mumbai,D00493-1,Success,2.01,2.83,No
T00009276,A001245,C00865,B015,2026-03-24 13:04:58,Debit,29697.21,INR,Mobile Banking,ATM,Kolkata,D00865-1,Success,25.23,23.6,No
T00009296,A001037,C00727,B003,2025-07-20 19:08:25,Debit,23670.12,INR,Mobile Banking,Electronics,Kolkata,D00727-1,Success,25.0,26.03,No
T00009319,A000060,C00041,B004,2026-05-28 10:25:58,Debit,26189.94,INR,UPI,Grocery,Delhi,D00041-1,Success,22.38,24.44,No
T00009333,A001335,C00928,B010,2026-08-28 11:51:09,Credit,26461.34,INR,Branch,Grocery,Coimbatore,D00928-1,Success,34.81,25.87,No
T00009336,A001126,C00784,B005,2026-08-30 23:00:40,Debit,54258.45,USD,Mobile Banking,Utilities,Chennai,D00784-1,Success,1.37,3.44,No
T00009339,A000355,C00247,B013,2025-09-11 05:26:48,Debit,31773.16,INR,UPI,Transfer,Mumbai,D00247-1,Success,28.79,24.39,No
T00009340,A000588,C00412,B007,2024-02-10 22:34:47,Debit,34940.08,INR,Mobile Banking,Travel,Pune,D00412-1,Success,22.52,11.4,No
T00009345,A000302,C00209,B011,2026-04-15 16:48:38,Credit,23091.21,INR,Branch,E-Commerce,Coimbatore,D00209-1,Success,5.5,13.64,No
T00009364,A000372,C00260,B015,2025-02-02 09:09:54,Debit,24609.79,INR,UPI,E-Commerce,Madurai,D00260-1,Success,22.79,22.14,No
T00009365,A001418,C00987,B011,2026-08-28 23:13:39,Credit,31687.66,INR,UPI,Transfer,Madurai,D00987-1,Success,6.91,21.15,No
T00009368,A001047,C00736,B004,2025-11-25 22:05:12,Credit,56719.7,INR,Net Banking,Dining,Kolkata,D00736-1,Success,11.86,17.45,No
T00009378,A001139,C00794,B016,2025-09-26 11:09:12,Credit,20316.53,INR,UPI,ATM,Kolkata,D00794-1,Success,19.66,6.01,No
T00009379,A001281,C00891,B025,2025-03-26 19:09:56,Credit,37071.59,INR,Mobile Banking,Grocery,Coimbatore,D00891-1,Success,2.13,29.33,No
T00009380,A000051,C00036,B001,2026-04-22 10:22:17,Credit,59853.69,INR,Card,Fuel,Delhi,D00036-1,Success,8.2,10.42,No
T00009386,A000011,C00007,B025,2026-06-03 00:37:39,Debit,23333.99,INR,ATM,Fuel,Hyderabad,D00007-1,Success,6.08,5.2,No
T00009398,A000885,C00616,B012,2025-05-11 05:18:02,Debit,31971.15,INR,Mobile Banking,Electronics,Kochi,D00616-1,Success,0.29,16.71,No
T00009402,A000781,C00541,B004,2026-05-21 22:14:38,Debit,46871.81,INR,Net Banking,Utilities,Madurai,D00541-1,Success,14.05,28.96,No
T00009426,A001251,C00870,B009,2025-05-22 00:34:17,Debit,22146.84,INR,Mobile Banking,Dining,Mumbai,D00870-1,Success,21.8,16.95,No
T00009456,A000080,C00050,B004,2024-11-11 03:54:30,Debit,28892.88,INR,Card,Healthcare,Madurai,D00050-1,Success,0.06,12.7,No
T00009471,A000093,C00056,B015,2026-03-19 13:27:25,Debit,43250.87,INR,ATM,Utilities,Kochi,D00056-1,Success,12.88,11.16,No
T00009473,A000686,C00477,B013,2024-11-12 04:39:28,Debit,21871.46,INR,Mobile Banking,Electronics,Hyderabad,D00477-1,Success,24.91,28.84,No
T00009484,A000610,C00426,B015,2026-01-13 01:03:21,Credit,30418.34,INR,Mobile Banking,Grocery,Coimbatore,D00426-1,Success,20.97,23.89,No
T00009485,A001271,C00884,B019,2024-09-24 05:50:16,Debit,20117.91,INR,ATM,Healthcare,Chennai,D00884-1,Success,10.29,7.89,No
T00009493,A001412,C00983,B007,2026-01-20 16:49:17,Debit,20063.16,INR,Branch,Fuel,Chennai,D00983-1,Success,6.35,19.94,No
T00009501,A001228,C00855,B003,2025-08-29 08:58:13,Debit,23014.76,INR,Card,Dining,Hyderabad,D00855-1,Success,1.47,8.53,No
T00009520,A001267,C00881,B001,2025-11-09 01:50:39,Debit,36451.87,INR,ATM,E-Commerce,Madurai,D00881-1,Success,16.25,29.43,No
T00009532,A000689,C00480,B021,2025-09-27 06:34:46,Credit,19765.32,INR,Mobile Banking,Fuel,Kochi,D00480-1,Success,3.72,17.39,No
T00009554,A000346,C00240,B022,2025-05-09 14:53:08,Debit,22261.68,INR,UPI,Grocery,Coimbatore,D00240-1,Success,23.53,26.69,No
T00009589,A001161,C00808,B014,2026-05-05 00:48:28,Debit,22282.28,INR,Mobile Banking,ATM,Hyderabad,D00808-1,Success,6.18,29.36,No
T00009593,A000027,C00020,B005,2026-04-29 17:22:25,Debit,28816.2,INR,Card,ATM,Madurai,D00020-1,Success,32.94,13.58,No
T00009595,A000963,C00675,B020,2025-01-18 07:28:56,Debit,24407.18,INR,Card,Travel,Madurai,D00675-1,Success,23.01,19.57,No
T00009597,A000569,C00399,B018,2024-06-23 13:06:53,Credit,30415.93,INR,Card,Grocery,Madurai,D00399-1,Success,21.35,20.71,No
T00009607,A000943,C00659,B005,2026-01-01 00:14:33,Credit,22199.18,INR,UPI,Grocery,Coimbatore,D00659-1,Success,7.97,11.4,No
T00009628,A001021,C00716,B008,2025-11-20 04:12:42,Debit,20068.09,INR,Card,ATM,Kolkata,D00716-1,Success,9.62,3.18,No
T00009643,A001205,C00837,B007,2026-01-15 13:19:12,Debit,21419.51,INR,Net Banking,Electronics,Madurai,D00837-1,Success,12.28,4.92,No
T00009670,A000281,C00195,B019,2025-07-23 01:12:19,Credit,31632.71,INR,Net Banking,Electronics,Mumbai,D00195-1,Success,21.22,2.39,No
T00009674,A000950,C00663,B014,2025-12-03 22:57:52,Debit,43264.89,INR,UPI,Healthcare,Coimbatore,D00663-1,Success,20.81,11.28,No
T00009692,A000892,C00621,B005,2025-02-04 17:21:22,Credit,30950.46,INR,Net Banking,Dining,Bengaluru,D00621-1,Success,27.2,25.59,No
T00009711,A001290,C00897,B002,2026-02-27 20:24:34,Credit,31292.3,INR,Card,Dining,Madurai,D00897-1,Success,7.74,2.02,No
T00009745,A000871,C00603,B007,2026-05-27 15:04:51,Credit,54973.19,EUR,ATM,ATM,Madurai,D00603-1,Success,8.15,13.98,No
T00009751,A000904,C00628,B006,2026-08-15 02:07:15,Credit,24768.38,INR,UPI,Electronics,Mumbai,D00628-1,Success,3.74,28.94,No
T00009763,A000022,C00016,B003,2026-06-09 10:23:09,Debit,21539.58,INR,Mobile Banking,Travel,Hyderabad,D00016-1,Success,2.76,22.1,No
T00009766,A000078,C00049,B018,2026-08-07 04:43:40,Debit,32080.73,INR,UPI,E-Commerce,Delhi,D00049-1,Success,3.6,5.65,No
T00009773,A000840,C00585,B011,2024-08-30 04:11:30,Credit,37056.69,INR,Card,Grocery,Hyderabad,D00585-1,Success,11.41,17.41,No
T00009774,A000319,C00221,B024,2025-10-29 01:15:46,Debit,20930.76,INR,Card,Healthcare,Pune,D00221-1,Success,13.46,18.09,No
T00009790,A000659,C00456,B013,2026-06-05 16:22:36,Debit,34736.86,INR,UPI,Grocery,Bengaluru,D00456-1,Failed,22.5,3.93,No
T00009807,A000973,C00683,B001,2025-06-23 21:39:10,Debit,86255.03,INR,Card,ATM,Kochi,D00683-1,Success,6.21,24.27,No
T00009810,A000555,C00389,B016,2025-09-29 05:06:07,Debit,24962.21,INR,Mobile Banking,Dining,Madurai,D00389-1,Success,13.42,27.14,No
T00009833,A001153,C00804,B001,2024-11-18 17:20:47,Debit,24547.65,INR,UPI,Travel,Mumbai,D00804-1,Success,19.36,8.14,No
T00009838,A000972,C00682,B021,2025-09-07 14:10:51,Debit,28454.34,INR,Card,Healthcare,Madurai,D00682-1,Failed,1.99,27.09,No
T00009870,A001068,C00749,B004,2024-09-05 14:46:16,Credit,30477.38,INR,Card,Transfer,Pune,D00749-1,Success,34.12,6.24,No
T00009903,A001152,C00803,B007,2025-06-27 10:50:16,Credit,23272.8,INR,Card,ATM,Hyderabad,D00803-1,Success,28.93,2.11,No
T00009938,A000796,C00551,B010,2026-08-02 22:24:39,Debit,32611.44,INR,UPI,Dining,Pune,D00551-1,Success,24.01,2.86,No
T00009943,A000927,C00647,B008,2024-12-15 17:33:28,Debit,37417.44,INR,Card,Fuel,Kochi,D00647-1,Success,10.81,25.75,No
T00009951,A000139,C00090,B009,2026-05-05 07:47:59,Credit,30125.51,INR,ATM,E-Commerce,Madurai,D00090-1,Success,25.52,6.45,No
T00009979,A000490,C00344,B021,2025-04-04 02:29:32,Debit,65736.53,EUR,Card,Dining,Kolkata,D00344-1,Success,23.53,3.4,No
T00009984,A000793,C00549,B012,2026-06-25 13:18:51,Credit,22407.03,INR,Mobile Banking,Grocery,Chennai,D00549-1,Success,18.71,24.55,No
T00009985,A000218,C00148,B016,2026-05-22 10:17:55,Credit,31071.2,INR,Net Banking,E-Commerce,Kolkata,D00148-1,Success,19.81,23.1,No
T00010007,A000386,C00270,B023,2025-10-16 16:05:08,Debit,52290.98,INR,ATM,Grocery,Coimbatore,D00270-1,Success,4.06,26.53,No
T00010029,A000130,C00083,B004,2026-06-02 16:43:22,Debit,24430.17,INR,Branch,Utilities,Pune,D00083-1,Success,24.99,10.56,No
T00010033,A000088,C00054,B015,2026-05-13 21:42:20,Debit,78711.4,INR,UPI,Electronics,Kolkata,D00054-1,Success,32.66,26.02,No
T00010056,A001085,C00762,B003,2025-10-23 15:35:50,Debit,26835.27,INR,Card,Fuel,Mumbai,D00762-1,Success,5.19,28.6,No
T00010057,A001026,C00721,B016,2025-07-09 01:42:58,Debit,44163.95,INR,UPI,Dining,Delhi,D00721-1,Success,4.05,18.41,No
T00010079,A000095,C00058,B020,2024-10-01 23:53:32,Credit,20401.46,INR,ATM,Utilities,Bengaluru,D00058-1,Success,15.28,16.96,No
T00010090,A001348,C00939,B020,2025-06-02 08:53:19,Debit,21165.0,INR,Branch,Healthcare,Pune,D00939-1,Success,28.49,19.94,No
T00010107,A000199,C00133,B005,2026-03-22 11:26:37,Debit,23941.58,INR,UPI,Utilities,Madurai,D00133-1,Success,14.98,14.64,No
T00010111,A001167,C00813,B024,2025-09-19 05:30:15,Debit,25627.06,INR,UPI,Grocery,Kolkata,D00813-1,Success,29.33,16.32,No
T00010120,A001015,C00712,B019,2024-11-14 12:10:53,Debit,22827.35,INR,Mobile Banking,Dining,Bengaluru,D00712-1,Success,25.58,5.8,No
T00010124,A000370,C00258,B001,2024-08-02 23:52:35,Debit,34702.74,INR,Card,ATM,Bengaluru,D00258-1,Success,21.22,28.62,No
T00010132,A000316,C00219,B011,2025-01-09 10:20:21,Debit,20829.32,INR,Net Banking,Electronics,Pune,D00219-1,Success,24.9,5.6,No
T00010145,A000097,C00060,B016,2026-05-04 10:50:30,Debit,19863.0,INR,UPI,Fuel,Coimbatore,D00060-1,Failed,18.64,17.12,No
T00010148,A000059,C00041,B004,2026-05-31 08:55:15,Credit,32321.51,USD,UPI,Fuel,Delhi,D00041-1,Success,8.44,28.4,No
T00010155,A000333,C00229,B022,2025-05-09 04:50:20,Debit,23589.0,INR,UPI,Travel,Mumbai,D00229-1,Success,17.24,16.9,No
T00010166,A000577,C00406,B011,2026-03-22 12:15:27,Credit,63871.34,INR,Net Banking,E-Commerce,Kolkata,D00406-1,Success,13.18,7.79,No
T00010173,A000527,C00369,B016,2025-04-23 23:23:50,Credit,20282.87,INR,Net Banking,ATM,Chennai,D00369-1,Success,16.48,9.1,No
T00010174,A000787,C00544,B001,2026-04-23 16:58:38,Credit,23456.35,INR,Net Banking,Transfer,Madurai,D00544-1,Success,31.25,21.96,No
T00010184,A000201,C00134,B023,2025-08-17 20:18:53,Credit,24904.88,INR,Net Banking,Fuel,Chennai,D00134-1,Success,19.9,4.4,No
T00010190,A001394,C00970,B021,2026-02-21 17:31:38,Debit,20540.88,INR,Card,ATM,Pune,D00970-1,Success,2.47,17.64,No
T00010203,A000182,C00121,B015,2025-11-01 10:31:50,Debit,19807.25,INR,Card,Transfer,Chennai,D00121-1,Success,34.71,3.22,No
T00010215,A001263,C00879,B025,2026-05-25 04:50:50,Debit,22447.17,INR,Branch,Travel,Hyderabad,D00879-1,Success,28.14,2.32,No
T00010217,A001019,C00715,B025,2026-04-19 10:36:57,Debit,19873.19,INR,Mobile Banking,Grocery,Madurai,D00715-1,Failed,20.86,23.66,No
T00010226,A000892,C00621,B005,2024-06-09 08:22:40,Debit,39743.21,INR,UPI,Fuel,Bengaluru,D00621-1,Success,31.27,16.18,No
T00010238,A000717,C00497,B002,2026-03-06 15:54:04,Debit,25404.34,INR,ATM,Grocery,Delhi,D00497-1,Success,16.42,12.36,No
T00010245,A000402,C00282,B005,2026-02-15 21:07:41,Debit,55231.69,INR,Mobile Banking,Healthcare,Hyderabad,D00282-1,Success,25.71,26.38,No
T00010252,A000196,C00131,B021,2025-12-31 10:47:32,Credit,35196.1,INR,Net Banking,Utilities,Coimbatore,D00131-1,Success,29.81,15.31,No
T00010274,A000830,C00577,B014,2026-05-29 12:57:36,Debit,22258.77,INR,UPI,E-Commerce,Pune,D00577-1,Success,32.41,11.68,No
T00010280,A000337,C00233,B019,2026-07-19 00:19:07,Debit,26162.03,INR,Mobile Banking,Electronics,Madurai,D00233-1,Failed,20.27,12.8,No
T00010304,A000867,C00601,B022,2026-02-12 17:58:30,Debit,21618.3,INR,Card,Dining,Pune,D00601-1,Success,30.82,13.1,No
T00010312,A000937,C00654,B006,2026-06-10 23:58:53,Debit,38179.34,INR,Card,Fuel,Madurai,D00654-1,Success,22.0,15.23,No
T00010320,A000021,C00015,B003,2026-02-06 16:46:25,Debit,34338.08,INR,UPI,Travel,Delhi,D00015-1,Success,32.75,4.32,No
T00010331,A000104,C00064,B010,2026-03-04 18:47:01,Debit,32701.47,INR,Net Banking,Grocery,Chennai,D00064-1,Success,6.02,10.58,No
T00010337,A001329,C00923,B010,2024-01-19 15:46:10,Credit,40348.43,INR,UPI,Dining,Kolkata,D00923-1,Success,20.49,24.27,No
T00010338,A001274,C00886,B023,2026-01-09 13:41:19,Debit,44946.89,INR,ATM,Transfer,Bengaluru,D00886-1,Success,3.75,15.48,No
T00010342,A001053,C00740,B019,2024-08-26 18:29:04,Debit,30234.07,INR,Mobile Banking,Utilities,Chennai,D00740-1,Success,15.61,24.48,No
T00010345,A001206,C00837,B007,2026-02-12 14:17:33,Debit,49774.13,INR,Mobile Banking,Healthcare,Madurai,D00837-1,Success,18.16,9.62,No
T00010359,A001091,C00766,B010,2025-08-22 20:23:10,Debit,38638.02,INR,UPI,E-Commerce,Bengaluru,D00766-1,Success,8.82,6.56,No
T00010360,A000584,C00410,B006,2024-03-26 12:04:30,Debit,21644.47,INR,Mobile Banking,ATM,Pune,D00410-1,Success,7.36,16.44,No
T00010364,A000919,C00639,B013,2026-08-09 02:33:52,Debit,30419.26,INR,UPI,Fuel,Pune,D00639-1,Success,0.77,15.5,No
T00010372,A000738,C00510,B011,2024-01-21 05:18:49,Debit,45655.3,INR,UPI,Utilities,Kochi,D00510-1,Success,24.57,14.66,No
T00010376,A000206,C00138,B017,2025-10-04 01:58:34,Credit,25748.33,INR,Card,Electronics,Kochi,D00138-1,Success,23.33,20.77,No
T00010384,A000576,C00405,B014,2026-01-13 12:22:43,Debit,77819.89,INR,Mobile Banking,Healthcare,Kochi,D00405-1,Success,9.17,8.07,No
T00010402,A000220,C00149,B015,2025-12-04 07:44:00,Credit,43578.73,INR,Mobile Banking,Fuel,Coimbatore,D00149-1,Success,30.85,28.56,No
T00010424,A001434,C00999,B012,2026-01-17 19:15:01,Credit,37642.17,INR,UPI,Grocery,Hyderabad,D00999-1,Success,28.93,26.59,No
T00010453,A000642,C00446,B017,2025-08-27 09:07:09,Debit,31159.04,INR,Card,Electronics,Chennai,D00446-1,Success,2.09,22.91,No
T00010474,A000463,C00324,B022,2025-01-16 02:54:50,Credit,43961.89,INR,Net Banking,Transfer,Bengaluru,D00324-1,Success,26.43,11.75,No
T00010492,A000950,C00663,B014,2024-07-28 04:48:12,Credit,36575.55,INR,Card,ATM,Coimbatore,D00663-1,Success,12.29,14.27,No
T00010494,A000460,C00323,B017,2026-07-15 04:58:49,Debit,36731.58,EUR,Card,Healthcare,Bengaluru,D00323-1,Success,33.92,3.15,No
T00010527,A000897,C00624,B001,2026-08-05 02:07:41,Credit,23669.05,INR,ATM,Travel,Coimbatore,D00624-1,Success,3.47,26.15,No
T00010529,A000202,C00134,B023,2026-01-18 13:02:03,Debit,27735.62,INR,ATM,Transfer,Chennai,D00134-1,Success,2.28,22.46,No
T00010540,A001290,C00897,B002,2026-05-17 16:19:58,Debit,71628.35,INR,Card,Fuel,Madurai,D00897-1,Success,17.08,27.34,No
T00010608,A001324,C00919,B024,2025-08-29 16:43:51,Credit,25624.0,INR,UPI,Transfer,Delhi,D00919-1,Success,30.72,13.85,No
T00010610,A000544,C00381,B024,2026-01-08 00:30:05,Credit,25743.23,INR,Mobile Banking,Utilities,Pune,D00381-1,Success,16.45,26.88,No
T00010623,A000071,C00046,B015,2026-08-19 03:49:42,Credit,20433.48,INR,UPI,Travel,Delhi,D00046-1,Success,30.7,22.16,No
T00010665,A000342,C00237,B005,2025-01-13 21:17:17,Credit,48817.34,INR,Net Banking,Fuel,Pune,D00237-1,Success,11.9,28.24,No
T00010678,A000042,C00029,B017,2025-04-03 09:07:52,Debit,22356.83,INR,ATM,Utilities,Kochi,D00029-1,Success,18.72,27.52,No
T00010683,A000344,C00238,B024,2026-06-14 01:20:47,Debit,37293.85,INR,Net Banking,Electronics,Chennai,D00238-1,Success,29.83,19.24,No
T00010696,A000581,C00408,B025,2026-08-21 23:36:52,Debit,24289.86,INR,Mobile Banking,Fuel,Kolkata,D00408-1,Success,9.78,17.9,No
T00010701,A001140,C00795,B009,2025-10-02 21:14:31,Debit,20517.11,INR,Card,Transfer,Hyderabad,D00795-1,Success,20.85,17.23,No
T00010713,A001371,C00955,B023,2025-03-02 15:56:12,Debit,43110.96,INR,Card,Healthcare,Chennai,D00955-1,Success,0.81,14.14,No
T00010716,A000487,C00341,B017,2024-09-26 07:14:44,Debit,41553.39,INR,Mobile Banking,Utilities,Kolkata,D00341-1,Success,30.91,3.49,No
T00010735,A001021,C00716,B008,2026-01-18 15:53:19,Debit,21443.16,INR,Card,Travel,Kolkata,D00716-1,Success,16.62,21.63,No
T00010738,A001313,C00912,B007,2026-06-10 08:55:21,Debit,27880.79,INR,UPI,Grocery,Mumbai,D00912-1,Success,24.42,3.58,No
T00010753,A000490,C00344,B021,2024-09-29 07:58:38,Debit,25176.67,EUR,UPI,E-Commerce,Kolkata,D00344-1,Failed,19.19,28.28,No
T00010762,A000136,C00087,B021,2025-07-18 18:32:51,Debit,19785.22,INR,ATM,ATM,Coimbatore,D00087-1,Success,1.25,25.88,No
T00010764,A000803,C00556,B021,2026-03-25 23:44:46,Credit,51960.5,INR,Card,Transfer,Kochi,D00556-1,Success,33.3,6.39,No
T00010781,A000245,C00168,B024,2026-07-01 21:17:57,Debit,49521.19,INR,Mobile Banking,ATM,Kolkata,D00168-1,Success,31.98,15.16,No
T00010788,A001066,C00748,B009,2024-06-09 09:20:01,Debit,29195.81,INR,Mobile Banking,Travel,Madurai,D00748-1,Success,34.52,20.69,No
T00010791,A000497,C00347,B005,2026-07-15 14:47:07,Debit,23706.51,INR,Mobile Banking,Electronics,Bengaluru,D00347-1,Success,2.16,4.93,No
T00010792,A000530,C00372,B006,2024-10-01 12:30:15,Credit,25990.56,USD,Mobile Banking,Electronics,Madurai,D00372-1,Success,33.03,25.1,No
T00010798,A000624,C00435,B006,2024-09-25 15:39:56,Debit,143288.4,INR,Branch,Dining,Hyderabad,D00435-1,Success,31.16,7.66,No
T00010822,A001369,C00953,B006,2026-01-09 14:16:43,Credit,32532.26,INR,Net Banking,Fuel,Delhi,D00953-1,Success,26.17,6.43,No
T00010828,A000655,C00454,B023,2026-07-22 03:07:02,Credit,33321.59,INR,UPI,Travel,Delhi,D00454-1,Success,20.89,26.61,No
T00010852,A000509,C00355,B012,2024-07-10 17:40:20,Debit,46055.77,INR,UPI,Utilities,Mumbai,D00355-1,Success,7.65,20.44,No
T00010856,A000397,C00278,B021,2024-04-14 16:59:05,Credit,38231.79,INR,Card,Dining,Kolkata,D00278-1,Success,24.49,17.87,No
T00010867,A001088,C00763,B001,2026-04-30 19:33:45,Debit,42097.38,INR,UPI,Transfer,Hyderabad,D00763-1,Success,34.72,11.96,No
T00010906,A000563,C00396,B007,2025-04-16 18:45:51,Debit,49728.24,INR,Mobile Banking,Fuel,Kochi,D00396-1,Success,13.65,10.83,No
T00010914,A001229,C00856,B021,2026-07-18 13:44:55,Debit,20875.4,INR,Net Banking,Utilities,Bengaluru,D00856-1,Success,10.13,20.13,No
T00010924,A001131,C00787,B015,2026-08-19 11:40:38,Debit,63193.69,INR,Card,Healthcare,Chennai,D00787-1,Success,33.8,28.12,No
T00010997,A000943,C00659,B005,2025-10-01 04:15:47,Debit,38528.92,INR,Card,Utilities,Coimbatore,D00659-1,Success,25.4,29.11,No
T00011001,A000823,C00571,B004,2026-04-24 22:25:21,Credit,28558.29,INR,Net Banking,Fuel,Mumbai,D00571-1,Success,10.09,18.9,No
T00011007,A000297,C00205,B023,2026-07-14 04:42:52,Debit,20294.82,INR,UPI,Healthcare,Kochi,D00205-1,Success,26.0,16.43,No
T00011015,A000824,C00572,B010,2024-01-29 22:15:16,Debit,38298.79,INR,Mobile Banking,Dining,Madurai,D00572-1,Success,30.14,7.07,No
T00011026,A000290,C00201,B010,2025-06-03 00:45:59,Credit,21239.8,INR,Net Banking,Fuel,Kochi,D00201-1,Success,28.5,10.4,No
T00011033,A000729,C00503,B008,2026-08-27 09:35:56,Debit,20814.49,INR,Card,E-Commerce,Delhi,D00503-1,Success,30.95,21.97,No
T00011044,A000600,C00420,B011,2024-04-15 06:30:21,Credit,24575.79,USD,Card,Transfer,Mumbai,D00420-1,Success,16.23,27.89,No
T00011055,A001318,C00915,B014,2026-03-01 10:55:08,Debit,29909.65,INR,ATM,Electronics,Madurai,D00915-1,Success,23.03,22.93,No
T00011056,A001263,C00879,B025,2026-02-16 07:12:44,Debit,45170.64,INR,Card,Grocery,Hyderabad,D00879-1,Success,18.51,29.35,No
T00011059,A001324,C00919,B024,2026-06-18 03:00:41,Credit,23801.61,INR,Net Banking,Utilities,Delhi,D00919-1,Success,6.08,17.81,No
T00011086,A000507,C00354,B023,2025-11-18 10:44:38,Credit,22353.87,INR,UPI,Utilities,Coimbatore,D00354-1,Success,18.79,28.98,No
T00011088,A001230,C00857,B005,2026-02-21 08:15:51,Credit,33481.22,INR,Mobile Banking,Electronics,Hyderabad,D00857-1,Success,29.04,5.04,No
T00011096,A000976,C00684,B017,2026-07-16 12:24:24,Credit,34554.0,INR,UPI,Fuel,Bengaluru,D00684-1,Success,23.88,14.73,No
T00011111,A001062,C00746,B012,2026-06-28 11:51:05,Debit,47269.45,INR,ATM,Grocery,Chennai,D00746-1,Success,20.46,18.58,No
T00011140,A001119,C00780,B013,2026-05-10 19:37:18,Credit,57295.16,INR,Net Banking,Dining,Coimbatore,D00780-1,Success,24.18,28.16,No
T00011148,A000924,C00644,B001,2026-08-19 15:50:18,Credit,73137.87,INR,UPI,Travel,Pune,D00644-1,Success,0.06,24.91,No
T00011161,A001053,C00740,B019,2024-10-10 08:50:10,Debit,26363.49,INR,ATM,Fuel,Chennai,D00740-1,Success,6.46,3.87,No
T00011174,A000263,C00181,B023,2024-12-01 20:57:42,Debit,32754.49,INR,UPI,Healthcare,Coimbatore,D00181-1,Success,7.68,16.11,No
T00011177,A000057,C00040,B012,2026-03-28 13:14:18,Debit,23290.33,INR,Mobile Banking,Transfer,Kolkata,D00040-1,Success,22.12,24.98,No
T00011184,A001126,C00784,B005,2026-06-03 06:20:39,Debit,29230.2,USD,ATM,Grocery,Chennai,D00784-1,Success,33.28,18.59,No
T00011192,A001125,C00784,B005,2026-05-13 23:18:52,Debit,118433.26,USD,UPI,Dining,Chennai,D00784-1,Success,15.48,12.72,No
T00011194,A000487,C00341,B017,2025-10-11 19:58:09,Credit,69918.29,INR,Mobile Banking,Utilities,Kolkata,D00341-1,Success,25.11,6.64,No
T00011203,A001328,C00922,B006,2024-09-05 08:07:35,Debit,28574.92,INR,UPI,Travel,Hyderabad,D00922-1,Success,13.05,28.98,No
T00011241,A000794,C00550,B025,2024-03-22 19:05:57,Debit,32379.79,INR,UPI,Dining,Chennai,D00550-1,Success,20.1,25.91,No
T00011278,A000776,C00537,B023,2026-05-07 16:32:35,Debit,21344.44,INR,Card,Grocery,Coimbatore,D00537-1,Failed,23.15,23.94,No
T00011296,A001361,C00947,B006,2026-05-29 04:03:03,Debit,20151.0,INR,UPI,Grocery,Hyderabad,D00947-1,Success,11.22,22.94,No
T00011303,A001058,C00743,B008,2026-05-13 11:47:59,Credit,31441.84,INR,Mobile Banking,ATM,Coimbatore,D00743-1,Success,6.7,24.85,No
T00011318,A000012,C00007,B025,2026-05-21 03:48:33,Credit,20464.31,INR,Net Banking,Electronics,Hyderabad,D00007-1,Failed,7.14,6.47,No
T00011321,A001145,C00799,B013,2025-02-19 16:54:48,Debit,27704.6,INR,UPI,Dining,Madurai,D00799-1,Success,20.12,14.97,No
T00011328,A000067,C00044,B004,2025-07-16 13:09:55,Credit,40336.26,INR,Branch,Transfer,Coimbatore,D00044-1,Success,1.17,25.88,No
T00011335,A000291,C00201,B010,2026-06-10 07:52:47,Credit,21825.91,INR,Card,Travel,Kochi,D00201-1,Success,18.56,11.08,No
T00011363,A001078,C00756,B012,2026-08-16 04:40:10,Debit,21114.38,INR,Mobile Banking,Grocery,Coimbatore,D00756-1,Success,1.21,15.32,No
T00011390,A000165,C00108,B020,2026-08-12 16:28:12,Debit,26903.03,INR,UPI,Electronics,Bengaluru,D00108-1,Success,3.43,6.52,No
T00011397,A000333,C00229,B022,2026-06-06 15:01:38,Debit,71065.11,INR,UPI,Transfer,Mumbai,D00229-1,Success,30.08,12.08,No
T00011409,A000017,C00012,B013,2025-04-20 18:13:18,Debit,31350.72,INR,Mobile Banking,ATM,Coimbatore,D00012-1,Success,10.14,10.2,No
T00011416,A000275,C00191,B024,2026-03-04 09:49:45,Credit,22995.25,INR,UPI,ATM,Kochi,D00191-1,Success,14.14,20.62,No
T00011437,A000781,C00541,B004,2026-04-26 15:20:46,Debit,28119.36,INR,UPI,Grocery,Madurai,D00541-1,Success,0.75,16.13,No
T00011448,A001257,C00875,B011,2025-06-23 05:44:21,Debit,33492.16,INR,Card,Travel,Kochi,D00875-1,Success,32.92,13.95,No
T00011482,A000853,C00593,B002,2025-06-09 06:11:10,Debit,29254.11,USD,UPI,E-Commerce,Hyderabad,D00593-1,Success,12.21,16.02,No
T00011494,A001006,C00706,B015,2026-05-13 18:31:45,Debit,26749.96,INR,UPI,Fuel,Delhi,D00706-1,Success,11.64,11.63,No
T00011496,A001340,C00932,B018,2025-12-30 06:00:52,Debit,34809.86,INR,Mobile Banking,ATM,Delhi,D00932-1,Success,12.77,13.45,No
T00011499,A000418,C00293,B010,2025-10-05 23:47:12,Credit,29861.94,INR,UPI,ATM,Hyderabad,D00293-1,Success,12.56,26.18,No
T00011506,A000027,C00020,B005,2026-01-25 16:50:33,Debit,48176.18,INR,Card,Transfer,Madurai,D00020-1,Success,5.98,18.44,No
T00011525,A001208,C00838,B004,2026-06-17 14:48:14,Debit,23917.32,INR,UPI,Grocery,Pune,D00838-1,Success,9.66,17.16,No
T00011532,A000617,C00430,B023,2024-02-13 00:53:54,Debit,22924.3,INR,UPI,Travel,Bengaluru,D00430-1,Success,6.41,14.52,No
T00011562,A001043,C00733,B020,2026-04-23 14:14:14,Debit,31482.71,INR,Card,Grocery,Chennai,D00733-1,Success,27.61,26.24,No
T00011571,A001412,C00983,B007,2025-11-08 15:07:39,Debit,36519.34,INR,Net Banking,Travel,Chennai,D00983-1,Success,20.66,4.8,No
T00011579,A000191,C00127,B002,2025-08-31 10:14:17,Debit,24099.89,INR,Card,Electronics,Mumbai,D00127-1,Success,3.83,6.16,No
T00011585,A001379,C00959,B023,2026-05-14 23:53:41,Debit,30261.96,INR,Card,Healthcare,Mumbai,D00959-1,Success,8.9,23.14,No
T00011586,A001028,C00722,B013,2026-07-01 05:53:20,Debit,36735.05,INR,Mobile Banking,Electronics,Kolkata,D00722-1,Success,16.64,9.94,No
T00011589,A000942,C00659,B005,2026-08-10 00:52:06,Debit,29422.77,INR,UPI,Healthcare,Coimbatore,D00659-1,Reversed,32.06,28.53,No
T00011609,A000489,C00343,B024,2024-10-08 00:40:34,Debit,49133.91,INR,UPI,ATM,Pune,D00343-1,Success,24.03,19.48,No
T00011610,A000862,C00598,B016,2025-02-17 17:25:22,Debit,26906.92,INR,ATM,Grocery,Delhi,D00598-1,Success,30.39,27.02,No
T00011619,A000756,C00524,B014,2024-01-19 15:45:30,Debit,66414.33,INR,UPI,Fuel,Mumbai,D00524-1,Success,27.81,3.29,No
T00011622,A000874,C00606,B007,2026-08-27 16:35:52,Debit,27242.8,INR,UPI,Fuel,Bengaluru,D00606-1,Success,8.46,21.91,No
T00011628,A000558,C00391,B023,2026-02-24 13:29:44,Debit,54036.7,INR,UPI,E-Commerce,Kolkata,D00391-1,Success,29.97,4.96,No
T00011649,A000758,C00526,B022,2025-06-22 01:34:14,Debit,21346.58,INR,UPI,Utilities,Hyderabad,D00526-1,Success,1.45,29.87,No
T00011653,A000419,C00294,B020,2026-08-07 22:16:17,Debit,20026.34,INR,Branch,ATM,Kochi,D00294-1,Success,10.29,27.16,No
T00011665,A000295,C00205,B023,2026-07-18 01:17:07,Debit,52453.09,INR,Mobile Banking,Utilities,Kochi,D00205-1,Success,22.18,21.9,No
T00011675,A000768,C00533,B007,2024-02-29 04:45:35,Debit,36210.03,INR,Card,Fuel,Bengaluru,D00533-1,Success,25.09,10.81,No
T00011679,A000584,C00410,B006,2026-07-29 18:47:03,Debit,26530.03,INR,Net Banking,Fuel,Pune,D00410-1,Success,30.0,22.63,No
T00011684,A000381,C00267,B003,2026-05-01 21:27:59,Debit,25500.32,INR,UPI,Transfer,Coimbatore,D00267-1,Success,28.37,23.4,No
T00011685,A000956,C00669,B014,2026-02-26 18:49:13,Debit,87844.93,INR,Net Banking,Healthcare,Mumbai,D00669-1,Success,19.61,12.64,No
T00011689,A000042,C00029,B017,2026-01-02 01:45:59,Debit,38079.04,INR,UPI,Electronics,Kochi,D00029-1,Success,16.59,21.31,No
T00011690,A001046,C00735,B007,2025-04-23 02:56:31,Debit,58878.23,INR,UPI,Transfer,Delhi,D00735-1,Success,9.45,9.73,No
T00011694,A000216,C00147,B022,2024-10-06 18:17:49,Credit,37848.19,INR,UPI,Healthcare,Mumbai,D00147-1,Success,11.29,14.24,No
T00011705,A000804,C00557,B006,2025-07-16 05:36:34,Debit,22087.2,INR,UPI,Electronics,Kolkata,D00557-1,Success,8.37,17.79,No
T00011720,A000199,C00133,B005,2026-04-09 06:26:27,Debit,19895.0,INR,Card,Grocery,Madurai,D00133-1,Success,23.24,3.27,No
T00011736,A001146,C00800,B009,2024-09-02 06:55:51,Debit,20964.52,INR,UPI,Dining,Pune,D00800-1,Success,6.62,10.1,No
T00011745,A001405,C00978,B018,2025-10-02 08:23:59,Credit,23015.7,INR,Card,ATM,Pune,D00978-1,Success,0.82,28.21,No
T00011767,A000837,C00582,B014,2024-03-20 12:19:07,Credit,29358.68,INR,UPI,ATM,Madurai,D00582-1,Success,11.96,16.12,No
T00011768,A001207,C00838,B004,2025-09-28 03:44:17,Debit,19997.38,INR,Card,Transfer,Pune,D00838-1,Success,0.52,7.13,No
T00011778,A000423,C00295,B002,2025-07-15 12:35:54,Debit,44649.89,INR,UPI,Transfer,Kochi,D00295-1,Success,30.51,6.46,No
T00011779,A000276,C00192,B006,2026-05-05 07:09:06,Credit,26204.88,INR,UPI,Electronics,Kolkata,D00192-1,Success,4.85,19.84,No
T00011788,A000756,C00524,B014,2024-09-05 02:43:50,Debit,24163.03,INR,UPI,Dining,Mumbai,D00524-1,Success,6.34,8.78,No
T00011790,A000289,C00200,B023,2025-06-01 11:57:52,Debit,33946.56,EUR,UPI,Grocery,Chennai,D00200-1,Success,2.16,11.07,No
T00011806,A000803,C00556,B021,2025-07-02 02:52:52,Debit,23588.43,INR,Net Banking,Electronics,Kochi,D00556-1,Success,0.12,21.94,No
T00011810,A000752,C00520,B001,2025-10-13 19:39:13,Debit,20647.15,INR,UPI,Utilities,Bengaluru,D00520-1,Success,16.48,8.48,No
T00011821,A000186,C00123,B013,2025-11-03 09:01:19,Debit,38344.24,INR,UPI,Fuel,Pune,D00123-1,Success,15.81,16.64,No
T00011823,A000785,C00543,B020,2026-08-31 14:57:03,Debit,30291.81,INR,ATM,Utilities,Kochi,D00543-1,Success,18.61,16.04,No
T00011839,A000659,C00456,B013,2026-06-14 11:16:34,Debit,25906.12,INR,Net Banking,E-Commerce,Bengaluru,D00456-1,Failed,3.21,13.95,No
T00011856,A001307,C00910,B015,2026-07-27 12:06:46,Debit,24491.4,INR,Mobile Banking,Electronics,Mumbai,D00910-1,Success,10.24,5.74,No
T00011859,A001099,C00770,B003,2026-03-12 18:53:52,Credit,33139.91,INR,Net Banking,Grocery,Mumbai,D00770-1,Success,7.31,9.34,No
T00011884,A000971,C00681,B024,2026-07-06 13:05:54,Credit,44955.99,INR,UPI,Grocery,Coimbatore,D00681-1,Success,1.27,28.52,No
T00011885,A000585,C00410,B006,2024-08-03 05:23:51,Credit,51497.06,INR,UPI,Dining,Pune,D00410-1,Success,17.7,29.53,No
T00011889,A001131,C00787,B015,2026-08-22 12:52:39,Credit,23958.87,INR,UPI,ATM,Chennai,D00787-1,Success,18.19,15.16,No
T00011891,A000132,C00084,B011,2026-03-15 20:31:28,Debit,21063.65,INR,Card,Travel,Chennai,D00084-1,Success,30.68,7.34,No
T00011895,A000007,C00004,B017,2025-04-16 19:42:18,Credit,23183.66,INR,UPI,Travel,Kolkata,D00004-1,Success,9.64,16.59,No
T00011899,A000166,C00109,B023,2025-12-23 05:43:03,Debit,55272.88,INR,Mobile Banking,Grocery,Pune,D00109-1,Failed,19.11,11.21,No
T00011900,A000197,C00132,B005,2024-12-22 19:47:07,Debit,52565.0,INR,ATM,Healthcare,Mumbai,D00132-1,Success,16.21,2.27,No
T00011912,A000900,C00625,B017,2026-05-03 17:41:21,Debit,26965.55,INR,UPI,Healthcare,Delhi,D00625-1,Success,4.09,13.41,No
T00011933,A000229,C00156,B010,2026-08-20 00:25:02,Credit,47199.17,INR,Card,Travel,Hyderabad,D00156-1,Success,25.7,19.17,No
T00011940,A001353,C00942,B021,2024-09-15 14:55:54,Debit,25722.2,INR,Card,Transfer,Kochi,D00942-1,Success,29.56,8.15,No
T00011953,A000286,C00198,B014,2026-06-03 02:45:54,Credit,51523.36,INR,Mobile Banking,ATM,Madurai,D00198-1,Success,9.96,19.77,No
T00011973,A001375,C00957,B019,2025-04-08 11:03:58,Debit,42370.17,USD,Net Banking,Grocery,Delhi,D00957-1,Success,19.4,4.85,No
T00011982,A000324,C00224,B024,2026-01-16 00:15:36,Debit,24043.15,INR,Mobile Banking,Electronics,Mumbai,D00224-1,Success,9.02,6.74,No
T00011998,A000135,C00086,B016,2025-12-30 11:33:07,Debit,28776.49,INR,Card,Grocery,Hyderabad,D00086-1,Success,21.01,24.32,No
T00012010,A001167,C00813,B024,2026-05-02 21:26:28,Debit,20920.41,INR,Card,Travel,Kolkata,D00813-1,Success,34.15,20.83,No
T00012013,A000085,C00053,B002,2026-07-06 13:24:10,Credit,52584.35,EUR,ATM,Travel,Chennai,D00053-1,Success,6.55,28.04,No
T00012016,A000305,C00211,B010,2026-03-05 04:51:10,Credit,43051.63,INR,Net Banking,Travel,Chennai,D00211-1,Success,16.34,17.29,No
T00012027,A001184,C00824,B020,2026-08-26 13:29:37,Debit,28550.62,INR,Net Banking,ATM,Madurai,D00824-1,Success,21.16,20.73,No
T00012038,A000538,C00377,B009,2026-02-21 11:32:55,Debit,63695.54,INR,UPI,Fuel,Pune,D00377-1,Success,21.56,2.54,No
T00012039,A000911,C00632,B001,2026-02-26 19:41:11,Credit,32027.11,INR,Card,Grocery,Coimbatore,D00632-1,Success,27.59,20.46,No
T00012045,A000532,C00374,B005,2024-12-01 16:18:51,Debit,79578.17,INR,Mobile Banking,Dining,Kochi,D00374-1,Success,22.56,20.77,No
T00012049,A001337,C00930,B019,2026-05-09 14:14:40,Debit,21392.5,INR,UPI,E-Commerce,Chennai,D00930-1,Failed,20.43,20.81,No
T00012051,A000882,C00613,B005,2026-06-12 09:07:49,Debit,21437.15,INR,Card,Grocery,Hyderabad,D00613-1,Success,24.27,2.17,No
T00012053,A000419,C00294,B020,2026-03-13 07:19:38,Credit,23634.37,INR,Net Banking,E-Commerce,Kochi,D00294-1,Success,29.57,10.49,No
T00012060,A000501,C00351,B021,2024-12-04 19:22:35,Credit,22480.71,INR,Card,ATM,Delhi,D00351-1,Success,11.79,13.21,No
T00012074,A000925,C00645,B003,2025-11-25 03:55:55,Debit,45135.72,INR,UPI,Fuel,Delhi,D00645-1,Success,5.63,12.78,No
T00012076,A001084,C00762,B003,2024-09-08 21:57:10,Debit,21775.78,INR,UPI,Grocery,Mumbai,D00762-1,Success,22.19,8.9,No
T00012078,A001264,C00879,B025,2026-07-27 03:47:27,Debit,28695.9,INR,UPI,Fuel,Hyderabad,D00879-1,Success,3.05,16.56,No
T00012083,A000393,C00274,B007,2026-04-15 00:01:51,Debit,42806.24,INR,Mobile Banking,Healthcare,Pune,D00274-1,Success,17.16,28.76,No
T00012099,A001341,C00933,B016,2026-01-09 04:24:04,Credit,24004.5,INR,Card,Fuel,Coimbatore,D00933-1,Success,8.95,18.62,No
T00012103,A000533,C00374,B005,2024-11-22 00:20:09,Debit,26249.29,INR,Card,Transfer,Kochi,D00374-1,Success,12.02,19.61,No
T00012113,A001286,C00895,B015,2026-04-06 19:01:10,Debit,184141.45,INR,Mobile Banking,Electronics,Pune,D00895-1,Success,2.91,16.66,No
T00012120,A000205,C00137,B002,2026-07-29 07:42:18,Debit,104465.72,INR,ATM,Electronics,Hyderabad,D00137-1,Success,26.45,18.6,No
T00012127,A000282,C00196,B025,2025-11-10 11:55:21,Credit,30669.6,INR,Net Banking,E-Commerce,Bengaluru,D00196-1,Failed,10.41,19.79,No
T00012132,A000362,C00253,B003,2026-02-26 02:25:54,Debit,30664.45,INR,Card,Transfer,Delhi,D00253-1,Success,1.35,9.97,No
T00012156,A000256,C00176,B015,2026-03-15 13:48:01,Credit,21050.9,EUR,Net Banking,ATM,Coimbatore,D00176-1,Success,17.44,8.95,No
T00012159,A000624,C00435,B006,2024-08-01 11:49:34,Credit,32215.9,INR,Mobile Banking,Fuel,Hyderabad,D00435-1,Failed,18.03,14.23,No
T00012167,A000992,C00696,B006,2026-08-30 02:02:27,Debit,23509.41,INR,Card,ATM,Bengaluru,D00696-1,Success,14.71,25.74,No
T00012168,A001126,C00784,B005,2026-05-08 07:03:45,Debit,38749.16,USD,UPI,E-Commerce,Chennai,D00784-1,Success,31.61,5.18,No
T00012171,A000417,C00292,B002,2026-06-08 01:51:11,Debit,21180.32,INR,Mobile Banking,Transfer,Chennai,D00292-1,Success,26.63,14.46,No
T00012184,A001248,C00868,B022,2026-03-27 01:58:23,Credit,25783.86,EUR,Mobile Banking,Grocery,Bengaluru,D00868-1,Success,32.24,13.09,No
T00012196,A000550,C00385,B005,2026-08-28 12:38:07,Debit,28937.53,INR,UPI,Grocery,Pune,D00385-1,Success,20.35,3.71,No
T00012201,A000839,C00584,B003,2024-11-17 18:55:14,Debit,34477.26,INR,Card,E-Commerce,Kochi,D00584-1,Failed,28.25,16.16,No
T00012202,A000970,C00680,B011,2026-01-30 08:22:36,Debit,23035.72,INR,Card,Electronics,Delhi,D00680-1,Success,17.76,11.99,No
T00012214,A000153,C00099,B013,2026-01-23 08:16:15,Debit,20663.21,INR,UPI,E-Commerce,Delhi,D00099-1,Success,25.98,8.95,No
T00012224,A000653,C00453,B015,2025-11-11 20:34:03,Debit,20108.69,INR,Card,Transfer,Coimbatore,D00453-1,Success,7.21,20.5,No
T00012248,A001435,C01000,B016,2026-06-13 03:45:40,Debit,48576.31,INR,Net Banking,Fuel,Hyderabad,D01000-1,Success,19.81,13.26,No
T00012251,A000015,C00010,B002,2026-04-30 21:51:44,Debit,64649.9,INR,Mobile Banking,Dining,Bengaluru,D00010-1,Success,25.88,9.41,No
T00012271,A000405,C00284,B024,2025-09-08 00:24:12,Debit,23315.13,INR,ATM,Fuel,Pune,D00284-1,Success,11.76,9.24,No
T00012280,A000463,C00324,B022,2024-02-22 00:55:52,Debit,21996.29,INR,UPI,Utilities,Bengaluru,D00324-1,Success,4.6,21.07,No
T00012305,A000255,C00175,B013,2026-02-22 01:20:38,Debit,32399.93,INR,Mobile Banking,Grocery,Chennai,D00175-1,Success,20.37,16.79,No
T00012315,A000359,C00250,B002,2026-03-02 10:43:44,Credit,21822.96,INR,UPI,Electronics,Kolkata,D00250-1,Success,1.15,17.81,No
T00012331,A001152,C00803,B007,2024-03-27 16:05:07,Debit,28283.48,INR,Card,E-Commerce,Hyderabad,D00803-1,Success,13.67,16.06,No
T00012394,A000916,C00636,B025,2024-09-17 23:58:59,Debit,25567.78,INR,Card,E-Commerce,Chennai,D00636-1,Success,27.72,19.72,No
T00012452,A000339,C00235,B002,2025-11-23 16:21:00,Debit,29894.7,INR,Mobile Banking,Travel,Pune,D00235-1,Success,23.32,15.77,No
T00012457,A001058,C00743,B008,2026-05-06 09:01:59,Credit,21933.15,INR,UPI,Utilities,Coimbatore,D00743-1,Success,4.45,27.2,No
T00012462,A000711,C00494,B025,2025-10-25 13:53:47,Debit,30341.1,INR,UPI,Healthcare,Mumbai,D00494-1,Success,26.06,10.31,No
T00012470,A000819,C00567,B018,2026-08-16 03:23:51,Debit,24619.51,INR,UPI,Electronics,Kolkata,D00567-1,Success,17.16,14.16,No
T00012473,A000805,C00558,B019,2024-09-23 17:33:18,Debit,21825.68,INR,UPI,Electronics,Madurai,D00558-1,Success,6.62,10.69,No
T00012479,A000865,C00600,B015,2024-11-27 11:24:44,Debit,47058.17,INR,UPI,Electronics,Kolkata,D00600-1,Success,30.15,15.42,No
T00012527,A000230,C00156,B010,2024-08-21 17:43:27,Debit,37011.03,EUR,UPI,Healthcare,Hyderabad,D00156-1,Success,26.81,2.72,No
T00012528,A001068,C00749,B004,2024-06-17 13:08:40,Credit,24266.69,INR,Card,Utilities,Pune,D00749-1,Success,17.4,24.72,No
T00012566,A001130,C00786,B009,2024-01-30 18:17:59,Credit,20250.96,INR,Branch,Healthcare,Hyderabad,D00786-1,Success,11.62,27.56,No
T00012567,A000081,C00051,B006,2024-11-22 10:01:41,Credit,27938.9,INR,Net Banking,Dining,Kochi,D00051-1,Success,1.68,4.07,No
T00012569,A000670,C00463,B011,2025-09-21 03:17:38,Debit,49599.51,USD,Mobile Banking,Utilities,Hyderabad,D00463-1,Success,16.29,25.15,No
T00012633,A001318,C00915,B014,2026-08-29 23:41:49,Debit,27542.24,INR,Net Banking,Electronics,Madurai,D00915-1,Success,29.42,8.15,No
T00012648,A000771,C00535,B005,2024-09-22 15:48:25,Debit,82322.88,INR,UPI,Healthcare,Bengaluru,D00535-1,Success,19.66,20.66,No
T00012650,A000487,C00341,B017,2025-04-17 18:34:55,Debit,26804.46,INR,Net Banking,Grocery,Kolkata,D00341-1,Success,4.05,27.25,No
T00012663,A001016,C00713,B016,2024-11-10 05:19:45,Credit,28050.36,INR,Card,Transfer,Coimbatore,D00713-1,Success,18.54,10.17,No
T00012666,A000177,C00117,B008,2026-04-26 01:05:58,Debit,74425.08,INR,Mobile Banking,Grocery,Kochi,D00117-1,Success,24.19,23.73,No
T00012679,A000034,C00025,B014,2024-01-31 16:21:20,Debit,23770.27,INR,UPI,Electronics,Hyderabad,D00025-1,Success,17.43,2.3,No
T00012710,A001124,C00783,B006,2025-06-18 23:37:39,Debit,19948.77,INR,UPI,Travel,Chennai,D00783-1,Success,17.15,7.2,No
T00012713,A001402,C00975,B003,2026-04-28 21:54:22,Debit,22243.49,INR,UPI,Electronics,Bengaluru,D00975-1,Success,4.39,7.36,No
T00012724,A000618,C00431,B002,2026-08-30 03:24:20,Debit,46145.86,INR,Branch,Transfer,Mumbai,D00431-1,Failed,20.61,2.49,No
T00012769,A001049,C00736,B004,2026-04-30 08:29:57,Credit,21666.58,INR,UPI,ATM,Kolkata,D00736-1,Success,13.27,2.12,No
T00012779,A000102,C00063,B001,2026-07-03 14:58:14,Debit,34507.6,INR,UPI,Travel,Hyderabad,D00063-1,Success,21.48,2.63,No
T00012816,A001276,C00887,B002,2024-03-04 23:53:46,Debit,27511.25,INR,UPI,Healthcare,Coimbatore,D00887-1,Reversed,11.78,4.22,No
T00012823,A000775,C00537,B023,2025-08-29 15:45:42,Credit,20124.82,INR,Mobile Banking,Healthcare,Coimbatore,D00537-1,Success,20.35,5.28,No
T00012825,A000240,C00164,B024,2026-08-12 05:23:19,Debit,42456.44,INR,UPI,E-Commerce,Coimbatore,D00164-1,Success,34.72,24.85,No
T00012844,A000609,C00426,B015,2025-01-31 20:59:33,Debit,158173.71,INR,UPI,E-Commerce,Coimbatore,D00426-1,Success,3.44,28.45,No
T00012866,A001075,C00753,B023,2024-10-17 06:54:20,Debit,33270.46,INR,UPI,Electronics,Hyderabad,D00753-1,Success,8.7,29.08,No
T00012894,A001023,C00718,B005,2026-04-30 08:09:44,Credit,26125.25,INR,ATM,Travel,Delhi,D00718-1,Success,31.57,2.83,No
T00012909,A000683,C00474,B024,2026-06-24 12:36:21,Debit,43372.94,INR,Card,Electronics,Kolkata,D00474-1,Success,24.58,22.45,No
T00012960,A000832,C00579,B002,2025-10-04 13:04:13,Debit,20850.07,INR,ATM,Transfer,Kolkata,D00579-1,Success,17.72,14.1,No
T00012974,A001220,C00849,B017,2025-09-25 19:55:11,Debit,59641.56,INR,Card,Transfer,Pune,D00849-1,Success,34.1,6.95,No
T00012980,A000673,C00466,B020,2026-04-26 09:43:35,Credit,99978.34,INR,UPI,Grocery,Kolkata,D00466-1,Success,0.86,23.67,No
T00012991,A000188,C00125,B012,2025-02-27 06:50:24,Debit,55149.41,INR,UPI,Utilities,Hyderabad,D00125-1,Success,16.77,12.41,No
T00013021,A000477,C00334,B012,2026-02-06 00:14:34,Debit,28529.12,INR,Net Banking,Transfer,Chennai,D00334-1,Success,19.77,8.63,No
T00013030,A000823,C00571,B004,2025-12-13 05:09:52,Credit,19810.39,INR,ATM,Utilities,Mumbai,D00571-1,Success,9.16,20.61,No
T00013036,A000774,C00536,B019,2025-08-26 06:53:47,Debit,54639.74,INR,UPI,Fuel,Coimbatore,D00536-1,Success,21.33,2.62,No
T00013039,A000169,C00110,B006,2024-05-17 23:39:32,Debit,29718.52,INR,Card,Transfer,Mumbai,D00110-1,Success,7.25,27.32,No
T00013043,A000331,C00227,B012,2026-06-19 01:37:03,Debit,46913.62,INR,UPI,Travel,Kolkata,D00227-1,Success,15.76,21.28,No
T00013044,A000905,C00628,B006,2024-03-26 06:05:42,Credit,35293.9,INR,Mobile Banking,ATM,Mumbai,D00628-1,Success,6.94,25.69,No
T00013047,A000654,C00453,B015,2026-03-14 16:16:21,Debit,42849.34,INR,ATM,Transfer,Coimbatore,D00453-1,Success,5.63,20.38,No
T00013051,A001146,C00800,B009,2024-10-21 14:20:48,Credit,70539.38,INR,UPI,Fuel,Pune,D00800-1,Success,5.42,18.96,No
T00013060,A000649,C00451,B016,2025-03-04 08:17:29,Credit,46817.55,INR,Card,Fuel,Hyderabad,D00451-1,Success,10.63,5.37,No
T00013103,A001003,C00704,B003,2026-07-02 12:57:28,Debit,22867.87,INR,Branch,Healthcare,Delhi,D00704-1,Success,29.13,25.93,No
T00013108,A000494,C00346,B015,2025-11-04 06:59:12,Debit,44121.85,USD,UPI,Dining,Mumbai,D00346-1,Success,2.21,16.42,No
T00013120,A001332,C00925,B020,2024-09-25 15:30:07,Debit,23746.32,INR,Net Banking,Dining,Chennai,D00925-1,Success,32.74,28.92,No
T00013139,A000889,C00619,B006,2024-10-29 04:14:16,Debit,25278.81,INR,Mobile Banking,Electronics,Kolkata,D00619-1,Success,5.22,26.06,No
T00013170,A000754,C00522,B012,2025-10-05 02:04:59,Debit,46319.96,INR,Card,Utilities,Delhi,D00522-1,Success,4.21,13.24,No
T00013201,A000010,C00006,B025,2026-04-01 18:17:52,Debit,37567.56,INR,Card,Electronics,Hyderabad,D00006-1,Success,32.23,18.91,No
T00013207,A001291,C00898,B020,2026-06-18 00:12:02,Debit,20641.74,INR,Net Banking,Transfer,Delhi,D00898-1,Success,28.61,17.99,No
T00013219,A000573,C00402,B009,2026-08-11 06:48:21,Debit,44619.8,INR,ATM,ATM,Chennai,D00402-1,Success,17.32,18.82,No
T00013231,A001276,C00887,B002,2026-07-31 00:20:14,Debit,24327.56,INR,Mobile Banking,Transfer,Coimbatore,D00887-1,Success,5.3,27.15,No
T00013234,A000255,C00175,B013,2024-09-23 11:12:05,Debit,29567.57,INR,UPI,Electronics,Chennai,D00175-1,Success,24.81,10.03,No
T00013269,A000824,C00572,B010,2026-02-16 00:09:30,Debit,25926.04,INR,UPI,Travel,Madurai,D00572-1,Success,29.26,7.9,No
T00013276,A001166,C00812,B022,2025-09-13 14:27:01,Debit,48741.15,EUR,Net Banking,Healthcare,Kolkata,D00812-1,Success,17.89,22.47,No
T00013311,A000238,C00163,B016,2025-09-05 12:14:04,Credit,19776.76,INR,ATM,Dining,Pune,D00163-1,Success,30.94,23.05,No
T00013331,A000901,C00626,B019,2026-08-03 06:39:24,Credit,105683.05,INR,Mobile Banking,E-Commerce,Coimbatore,D00626-1,Failed,31.78,27.1,No
T00013352,A000763,C00529,B006,2026-08-20 00:06:28,Debit,29842.87,INR,ATM,ATM,Hyderabad,D00529-1,Success,8.26,5.7,No
T00013368,A001106,C00774,B012,2025-11-04 06:18:53,Debit,20377.84,INR,ATM,Electronics,Kolkata,D00774-1,Success,28.94,16.71,No
T00013390,A001225,C00853,B016,2026-01-25 06:31:18,Debit,27417.79,INR,Card,Electronics,Mumbai,D00853-1,Success,14.97,5.76,No
T00013396,A000694,C00483,B005,2026-07-24 00:35:00,Debit,37566.8,INR,UPI,Dining,Bengaluru,D00483-1,Success,20.26,20.28,No
T00013411,A000121,C00075,B022,2025-04-28 11:31:46,Debit,24967.88,INR,UPI,Transfer,Delhi,D00075-1,Success,28.22,23.18,No
T00013415,A001199,C00834,B013,2026-08-04 03:18:59,Credit,65475.39,INR,UPI,Travel,Chennai,D00834-1,Success,19.96,10.89,No
T00013429,A000153,C00099,B013,2026-05-02 00:00:46,Debit,22159.58,INR,Mobile Banking,Utilities,Delhi,D00099-1,Success,5.24,8.59,No
T00013430,A000795,C00550,B025,2025-01-05 04:53:42,Credit,24068.33,INR,ATM,Utilities,Chennai,D00550-1,Success,3.65,14.54,No
T00013442,A000771,C00535,B005,2025-04-03 20:04:22,Debit,23396.48,INR,UPI,Dining,Bengaluru,D00535-1,Success,10.12,27.74,No
T00013443,A000352,C00244,B001,2026-08-29 22:32:08,Debit,34716.54,INR,UPI,Electronics,Kolkata,D00244-1,Success,4.4,5.78,No
T00013445,A000655,C00454,B023,2025-10-22 01:36:52,Debit,20784.59,INR,UPI,Dining,Delhi,D00454-1,Success,7.17,18.07,No
T00013458,A001103,C00772,B003,2026-07-24 11:11:13,Debit,40783.06,INR,ATM,ATM,Mumbai,D00772-1,Success,4.16,28.79,No
T00013466,A000539,C00378,B021,2024-09-25 23:50:56,Debit,43902.48,INR,UPI,E-Commerce,Kochi,D00378-1,Success,13.24,9.48,No
T00013467,A000048,C00034,B008,2026-01-10 08:56:05,Debit,36943.78,INR,ATM,Grocery,Delhi,D00034-1,Success,1.2,23.98,No
T00013493,A001333,C00926,B025,2024-12-29 07:58:44,Debit,42893.91,INR,Net Banking,Grocery,Chennai,D00926-1,Failed,3.1,3.9,No
T00013501,A001238,C00862,B019,2026-05-03 22:13:16,Debit,23326.96,INR,Card,E-Commerce,Hyderabad,D00862-1,Success,18.48,26.98,No
T00013517,A001100,C00771,B004,2024-07-31 23:40:27,Credit,24155.01,INR,Card,Electronics,Coimbatore,D00771-1,Success,23.7,10.26,No
T00013525,A000866,C00600,B015,2025-12-20 23:02:55,Debit,35457.3,INR,Mobile Banking,Travel,Kolkata,D00600-1,Success,18.16,6.99,No
T00013528,A001374,C00956,B001,2026-08-15 22:03:02,Credit,90317.9,INR,UPI,Healthcare,Bengaluru,D00956-1,Success,3.83,5.9,No
T00013546,A000555,C00389,B016,2026-07-17 08:58:55,Debit,25336.16,INR,Net Banking,Healthcare,Madurai,D00389-1,Success,2.96,16.56,No
T00013591,A001005,C00705,B006,2026-08-19 02:21:23,Credit,22326.56,INR,UPI,Transfer,Kolkata,D00705-1,Success,25.14,16.2,No
T00013601,A000683,C00474,B024,2026-05-28 16:03:08,Debit,69825.83,INR,UPI,Travel,Kolkata,D00474-1,Success,17.08,9.25,No
T00013613,A000807,C00560,B004,2026-04-14 14:27:55,Debit,26675.95,INR,UPI,Travel,Hyderabad,D00560-1,Success,3.99,4.06,No
T00013615,A000728,C00502,B020,2026-06-24 22:55:31,Debit,34009.24,INR,UPI,Fuel,Pune,D00502-1,Success,17.21,25.95,No
T00013633,A000075,C00048,B016,2026-02-24 02:11:02,Debit,29871.67,INR,UPI,E-Commerce,Bengaluru,D00048-1,Success,1.08,4.23,No
T00013644,A000807,C00560,B004,2025-11-21 18:42:09,Debit,22018.18,INR,UPI,E-Commerce,Hyderabad,D00560-1,Success,13.09,13.25,No
T00013669,A000518,C00361,B003,2026-05-05 20:34:55,Debit,86387.76,INR,ATM,Travel,Pune,D00361-1,Success,23.28,8.5,No
T00013689,A000594,C00416,B006,2026-05-25 15:23:17,Credit,71355.42,INR,Net Banking,Transfer,Coimbatore,D00416-1,Success,33.04,10.01,No
T00013690,A001015,C00712,B019,2025-07-03 00:32:55,Debit,28038.81,INR,ATM,ATM,Bengaluru,D00712-1,Success,11.18,14.63,No
T00013691,A000872,C00604,B018,2025-11-15 02:07:25,Debit,22770.76,INR,Net Banking,Electronics,Mumbai,D00604-1,Success,25.88,8.04,No
T00013695,A000853,C00593,B002,2024-11-20 06:55:23,Credit,19836.3,USD,ATM,ATM,Hyderabad,D00593-1,Success,18.96,29.78,No
T00013706,A001013,C00711,B020,2025-11-25 07:24:49,Debit,19803.13,INR,UPI,Grocery,Pune,D00711-1,Success,3.94,26.49,No
T00013710,A001328,C00922,B006,2025-03-26 15:53:37,Debit,31037.08,INR,UPI,ATM,Hyderabad,D00922-1,Success,5.81,2.71,No
T00013714,A001100,C00771,B004,2026-07-20 01:16:58,Credit,32400.02,INR,UPI,Travel,Coimbatore,D00771-1,Success,27.51,6.91,No
T00013718,A001059,C00744,B016,2024-05-18 09:29:41,Debit,35516.25,EUR,UPI,Transfer,Coimbatore,D00744-1,Failed,18.4,11.17,No
T00013724,A000939,C00656,B009,2025-06-24 12:35:45,Credit,20596.93,INR,Net Banking,E-Commerce,Delhi,D00656-1,Success,14.01,22.28,No
T00013739,A000823,C00571,B004,2025-07-19 09:46:47,Credit,30647.61,INR,UPI,Utilities,Mumbai,D00571-1,Success,10.72,22.03,No
T00013745,A000596,C00418,B022,2025-11-16 23:15:01,Debit,59171.68,INR,Card,Electronics,Mumbai,D00418-1,Success,21.48,5.39,No
T00013752,A000436,C00306,B012,2024-04-25 14:55:43,Debit,20354.88,INR,Branch,Grocery,Hyderabad,D00306-1,Success,7.39,24.14,No
T00013774,A000904,C00628,B006,2026-01-14 01:37:57,Debit,53561.05,INR,UPI,Transfer,Mumbai,D00628-1,Success,16.18,20.01,No
T00013775,A000784,C00542,B004,2026-01-28 03:43:07,Debit,31050.84,INR,Net Banking,Electronics,Mumbai,D00542-1,Success,11.66,25.78,No
T00013780,A000293,C00203,B024,2025-07-03 08:34:31,Debit,42263.18,INR,UPI,Electronics,Bengaluru,D00203-1,Success,34.93,25.68,No
T00013794,A000412,C00289,B024,2026-03-14 00:01:59,Debit,22858.17,INR,Branch,Grocery,Pune,D00289-1,Success,29.73,8.66,No
T00013796,A000843,C00587,B009,2025-08-28 13:35:53,Debit,73680.57,INR,Card,Grocery,Chennai,D00587-1,Success,26.37,29.7,No
T00013800,A000074,C00048,B016,2026-06-22 18:47:09,Credit,32353.26,INR,Mobile Banking,Travel,Bengaluru,D00048-1,Success,28.83,19.64,No
T00013808,A001360,C00947,B006,2024-01-13 12:13:32,Debit,22090.86,INR,Mobile Banking,Grocery,Hyderabad,D00947-1,Success,18.24,3.98,No
T00013829,A000524,C00366,B006,2026-07-30 20:55:13,Credit,23383.01,INR,Net Banking,Grocery,Delhi,D00366-1,Success,33.74,10.8,No
T00013830,A000775,C00537,B023,2024-12-29 19:42:07,Credit,32071.43,INR,UPI,Dining,Coimbatore,D00537-1,Success,14.1,28.16,No
T00013833,A000879,C00610,B005,2025-10-27 11:48:13,Credit,31378.4,INR,Net Banking,ATM,Chennai,D00610-1,Success,30.95,23.29,No
T00013853,A000330,C00227,B012,2026-07-17 03:14:07,Debit,20684.69,INR,Card,Travel,Kolkata,D00227-1,Success,19.72,21.96,No
T00013857,A001317,C00914,B001,2025-12-07 06:28:30,Debit,27900.14,INR,ATM,Fuel,Hyderabad,D00914-1,Success,15.25,28.64,No
T00013858,A000756,C00524,B014,2025-02-07 15:54:16,Credit,22676.8,INR,Card,ATM,Mumbai,D00524-1,Success,14.17,26.77,No
T00013868,A001327,C00921,B013,2025-12-04 18:19:13,Credit,21803.75,INR,Branch,ATM,Pune,D00921-1,Success,15.09,3.39,No
T00013873,A000262,C00180,B022,2026-08-22 20:43:26,Credit,28496.81,INR,UPI,Electronics,Mumbai,D00180-1,Success,8.83,18.83,No
T00013874,A000475,C00333,B019,2025-12-29 02:07:40,Credit,66340.63,INR,Card,ATM,Delhi,D00333-1,Success,34.91,12.65,No
T00013893,A001366,C00952,B004,2024-11-20 11:49:42,Credit,26313.56,INR,UPI,Healthcare,Mumbai,D00952-1,Success,18.8,29.32,No
T00013922,A000479,C00336,B018,2025-05-30 21:46:30,Debit,26093.35,INR,UPI,E-Commerce,Chennai,D00336-1,Success,4.28,19.85,No
T00013927,A000790,C00546,B011,2025-08-09 03:02:47,Debit,33419.2,INR,UPI,Transfer,Madurai,D00546-1,Success,0.07,14.07,No
T00013933,A000407,C00286,B017,2026-01-21 07:23:22,Debit,31290.53,INR,UPI,Healthcare,Kochi,D00286-1,Success,8.6,13.04,No
T00013970,A000842,C00587,B009,2026-01-29 12:01:59,Credit,42979.47,INR,Card,Electronics,Chennai,D00587-1,Success,20.47,18.69,No
T00013978,A000897,C00624,B001,2026-08-15 00:25:48,Debit,39268.54,INR,UPI,ATM,Coimbatore,D00624-1,Success,2.12,26.17,No
T00014029,A000848,C00591,B005,2025-03-23 01:31:27,Debit,27089.66,INR,Mobile Banking,Dining,Hyderabad,D00591-1,Success,15.66,13.07,No
T00014030,A001313,C00912,B007,2026-03-16 07:39:30,Debit,25840.32,INR,Card,E-Commerce,Mumbai,D00912-1,Success,7.58,18.03,No
T00014049,A000345,C00239,B017,2024-11-09 21:36:34,Debit,21069.84,INR,Net Banking,Fuel,Chennai,D00239-1,Success,19.38,11.41,No
T00014073,A000448,C00313,B017,2025-06-28 09:43:20,Debit,63164.6,INR,UPI,Healthcare,Delhi,D00313-1,Success,26.38,7.1,No
T00014078,A001053,C00740,B019,2025-01-03 14:30:09,Debit,28206.9,INR,Mobile Banking,Healthcare,Chennai,D00740-1,Success,14.69,6.46,No
T00014099,A000760,C00527,B014,2026-02-08 10:00:34,Debit,37507.91,INR,Net Banking,Fuel,Bengaluru,D00527-1,Success,13.21,13.57,No
T00014113,A000510,C00356,B007,2025-06-06 22:00:21,Credit,34904.37,INR,UPI,Grocery,Coimbatore,D00356-1,Failed,2.87,17.33,No
T00014135,A000473,C00331,B022,2026-07-23 01:37:24,Debit,34613.17,INR,UPI,Travel,Mumbai,D00331-1,Success,31.33,18.61,No
T00014153,A000674,C00467,B019,2026-07-17 12:18:28,Debit,20011.2,INR,Card,ATM,Kolkata,D00467-1,Success,3.16,25.64,No
T00014173,A001285,C00894,B009,2025-09-05 02:50:55,Debit,23657.49,INR,Net Banking,ATM,Coimbatore,D00894-1,Success,20.49,9.5,No
T00014188,A000429,C00300,B006,2025-02-03 17:26:52,Debit,58191.7,INR,UPI,Utilities,Mumbai,D00300-1,Success,15.92,27.17,No
T00014193,A000194,C00129,B007,2026-06-06 22:50:40,Credit,22486.03,INR,ATM,Healthcare,Kolkata,D00129-1,Success,15.58,8.92,No
T00014210,A000061,C00042,B010,2026-06-07 20:55:06,Credit,22182.69,INR,Net Banking,Fuel,Kochi,D00042-1,Success,18.06,23.37,No
T00014214,A000510,C00356,B007,2024-09-10 17:08:15,Debit,21811.02,INR,Net Banking,Utilities,Coimbatore,D00356-1,Success,18.3,8.87,No
T00014216,A001029,C00722,B013,2025-04-07 03:42:39,Credit,29988.43,INR,Branch,Healthcare,Kolkata,D00722-1,Success,8.82,21.01,No
T00014237,A000921,C00641,B001,2026-08-19 00:03:39,Debit,24072.45,INR,Net Banking,Utilities,Kochi,D00641-1,Failed,7.13,17.44,No
T00014247,A000292,C00202,B015,2024-07-17 02:00:25,Debit,21882.38,INR,Card,Grocery,Pune,D00202-1,Success,16.38,2.07,No
T00014248,A001355,C00942,B021,2025-02-14 12:06:02,Credit,36465.42,INR,Card,Utilities,Kochi,D00942-1,Success,15.19,2.08,No
T00014256,A000534,C00375,B001,2026-01-07 22:28:07,Debit,20739.21,INR,UPI,Fuel,Kolkata,D00375-1,Success,11.34,25.05,No
T00014259,A000538,C00377,B009,2026-03-23 10:57:57,Debit,22484.17,INR,UPI,Transfer,Pune,D00377-1,Success,4.68,17.28,No
T00014264,A000762,C00528,B012,2026-04-19 19:15:35,Credit,72193.78,INR,Mobile Banking,Transfer,Kochi,D00528-1,Success,29.72,15.13,No
T00014279,A000478,C00335,B005,2024-10-04 09:23:06,Debit,95369.5,INR,Mobile Banking,Transfer,Hyderabad,D00335-1,Success,23.12,13.9,No
T00014281,A000518,C00361,B003,2025-10-27 01:24:45,Debit,58575.99,INR,UPI,Electronics,Pune,D00361-1,Success,27.47,4.58,No
T00014284,A000317,C00220,B010,2025-09-07 10:00:56,Debit,85397.19,INR,UPI,Fuel,Bengaluru,D00220-1,Success,17.72,29.3,No
T00014287,A000804,C00557,B006,2024-03-25 03:09:54,Credit,27903.62,INR,UPI,Transfer,Kolkata,D00557-1,Failed,17.46,9.56,No
T00014299,A000861,C00597,B015,2026-04-17 16:06:13,Credit,79127.62,INR,Mobile Banking,Fuel,Madurai,D00597-1,Success,5.95,28.88,No
T00014300,A001272,C00885,B021,2026-03-31 23:08:30,Debit,49867.38,INR,Net Banking,Grocery,Chennai,D00885-1,Success,13.68,10.74,No
T00014331,A000223,C00150,B025,2024-02-28 10:27:46,Debit,33959.02,INR,Net Banking,Fuel,Madurai,D00150-1,Success,3.39,27.26,No
T00014347,A000375,C00262,B011,2026-01-18 03:05:49,Debit,41519.42,INR,UPI,Transfer,Madurai,D00262-1,Success,9.93,11.99,No
T00014356,A000274,C00191,B024,2026-06-04 13:04:01,Debit,22619.06,INR,Mobile Banking,Dining,Kochi,D00191-1,Success,13.44,5.45,No
T00014359,A001194,C00831,B024,2025-08-10 15:43:30,Debit,28147.16,USD,UPI,ATM,Coimbatore,D00831-1,Success,22.55,23.99,No
T00014404,A000342,C00237,B005,2025-07-16 00:27:10,Debit,22400.21,INR,UPI,Healthcare,Pune,D00237-1,Success,3.81,27.53,No
T00014406,A000268,C00186,B022,2024-12-30 14:31:09,Debit,29545.69,INR,UPI,E-Commerce,Kolkata,D00186-1,Reversed,22.13,3.52,No
T00014407,A000653,C00453,B015,2026-08-31 02:29:12,Debit,24156.79,INR,Mobile Banking,Grocery,Coimbatore,D00453-1,Success,30.3,18.85,No
T00014418,A001102,C00772,B003,2026-06-23 05:14:29,Debit,37070.43,INR,Card,E-Commerce,Mumbai,D00772-1,Success,0.63,17.52,No
T00014423,A001309,C00910,B015,2025-09-01 14:38:44,Credit,22820.66,INR,Net Banking,Grocery,Mumbai,D00910-1,Success,21.24,27.3,No
T00014426,A000318,C00221,B024,2025-07-06 04:09:25,Debit,22365.14,INR,Card,Dining,Pune,D00221-1,Success,32.58,9.83,No
T00014440,A000301,C00209,B011,2025-02-15 22:40:23,Debit,88014.8,INR,ATM,Utilities,Coimbatore,D00209-1,Success,12.83,11.5,No
T00014443,A000436,C00306,B012,2026-06-02 12:37:48,Credit,25591.3,INR,UPI,Utilities,Hyderabad,D00306-1,Success,4.55,16.69,No
T00014449,A000144,C00094,B005,2026-08-12 07:14:17,Debit,27634.05,INR,Branch,E-Commerce,Hyderabad,D00094-1,Success,0.14,12.81,No
T00014451,A000109,C00066,B019,2025-08-09 15:07:06,Debit,32422.66,INR,Net Banking,ATM,Coimbatore,D00066-1,Success,29.15,6.78,No
T00014462,A000180,C00119,B012,2026-05-10 01:39:05,Debit,27269.73,INR,Net Banking,ATM,Pune,D00119-1,Failed,7.73,23.89,No
T00014474,A001224,C00852,B010,2026-02-14 11:25:48,Debit,30473.4,INR,UPI,Utilities,Coimbatore,D00852-1,Success,17.83,15.99,No
T00014479,A001180,C00823,B004,2026-05-25 02:05:24,Debit,24118.26,INR,Net Banking,ATM,Hyderabad,D00823-1,Success,1.14,15.33,No
T00014482,A001178,C00821,B001,2025-03-14 17:55:26,Credit,36891.94,INR,Mobile Banking,ATM,Chennai,D00821-1,Success,5.24,19.55,No
T00014496,A000126,C00079,B012,2026-06-10 16:32:54,Debit,33525.9,INR,Card,Healthcare,Madurai,D00079-1,Success,27.82,11.21,No
T00014516,A000571,C00401,B015,2024-01-02 19:13:49,Debit,37738.82,INR,ATM,Healthcare,Delhi,D00401-1,Success,22.51,22.46,No
T00014518,A000489,C00343,B024,2024-12-04 00:55:02,Credit,58446.59,INR,Card,Dining,Pune,D00343-1,Success,32.48,22.48,No
T00014554,A000956,C00669,B014,2025-01-31 21:50:40,Debit,22958.93,INR,Card,Electronics,Mumbai,D00669-1,Success,24.13,9.95,No
T00014559,A000382,C00267,B003,2026-01-04 07:04:23,Credit,22456.25,INR,Mobile Banking,Travel,Coimbatore,D00267-1,Success,2.51,27.31,No
T00014570,A000782,C00542,B004,2026-08-24 03:23:42,Debit,25068.24,INR,Net Banking,Grocery,Mumbai,D00542-1,Success,26.8,26.63,No
T00014583,A000549,C00385,B005,2026-07-25 21:54:00,Credit,28307.58,INR,Mobile Banking,Travel,Pune,D00385-1,Success,29.54,11.29,No
T00014601,A000286,C00198,B014,2025-11-10 18:07:04,Credit,52116.31,INR,Net Banking,ATM,Madurai,D00198-1,Success,9.11,24.61,No
T00014620,A000413,C00289,B024,2026-07-04 03:41:49,Debit,34638.2,INR,UPI,Grocery,Pune,D00289-1,Success,26.74,6.8,No
T00014625,A000828,C00575,B014,2026-03-27 00:58:18,Debit,19977.78,INR,ATM,Dining,Delhi,D00575-1,Success,22.87,28.13,No
T00014657,A000456,C00319,B009,2026-05-21 15:39:23,Debit,26794.33,INR,Mobile Banking,Electronics,Kolkata,D00319-1,Success,12.44,16.22,No
T00014658,A000173,C00114,B023,2025-12-27 14:32:36,Debit,22589.69,INR,Net Banking,Utilities,Hyderabad,D00114-1,Success,13.94,26.68,No
T00014692,A001195,C00831,B024,2026-07-01 21:08:14,Debit,131237.1,INR,Net Banking,Grocery,Coimbatore,D00831-1,Success,13.66,8.15,No
T00014707,A001141,C00795,B009,2026-01-01 19:35:28,Debit,24925.42,INR,UPI,Transfer,Hyderabad,D00795-1,Success,9.43,6.73,No
T00014719,A001351,C00940,B023,2026-07-14 23:15:10,Debit,20744.22,INR,Mobile Banking,Transfer,Madurai,D00940-1,Success,4.46,9.95,No
T00014747,A000090,C00055,B008,2024-04-28 04:42:46,Debit,42088.95,INR,ATM,Fuel,Kochi,D00055-1,Success,17.56,29.29,No
T00014750,A000006,C00004,B017,2024-11-10 04:50:52,Debit,23971.48,INR,Net Banking,Electronics,Kolkata,D00004-1,Success,30.18,27.5,No
T00014763,A000792,C00548,B016,2026-08-29 09:32:55,Debit,38396.96,INR,Card,Fuel,Mumbai,D00548-1,Success,5.91,24.73,No
T00014792,A000028,C00021,B012,2024-01-07 19:00:38,Debit,23159.64,INR,UPI,Dining,Mumbai,D00021-1,Failed,6.79,8.64,No
T00014798,A001108,C00775,B012,2024-07-23 10:06:06,Credit,51790.19,INR,Card,Healthcare,Mumbai,D00775-1,Success,9.38,6.63,No
T00014806,A001016,C00713,B016,2024-04-05 18:34:25,Debit,38073.06,INR,Net Banking,Travel,Coimbatore,D00713-1,Success,9.53,11.8,No
T00014808,A001099,C00770,B003,2026-06-15 03:26:28,Debit,37694.91,INR,UPI,ATM,Mumbai,D00770-1,Success,26.31,21.27,No
T00014809,A000568,C00399,B018,2025-03-01 02:18:28,Debit,45541.71,INR,UPI,Transfer,Madurai,D00399-1,Success,13.74,29.47,No
T00014811,A000074,C00048,B016,2026-03-18 21:35:17,Debit,45384.15,INR,UPI,Grocery,Bengaluru,D00048-1,Success,29.05,15.47,No
T00014815,A000357,C00248,B018,2025-03-14 11:09:57,Credit,22637.63,INR,UPI,Utilities,Hyderabad,D00248-1,Success,10.87,27.03,No
T00014818,A000898,C00624,B001,2026-03-05 13:26:17,Debit,28946.38,INR,UPI,Fuel,Coimbatore,D00624-1,Success,34.96,17.73,No
T00014839,A000676,C00468,B022,2026-05-18 16:11:46,Credit,23495.01,INR,Card,Grocery,Coimbatore,D00468-1,Success,7.97,28.07,No
T00014871,A001322,C00918,B021,2025-06-13 12:45:48,Debit,48639.54,INR,UPI,Electronics,Bengaluru,D00918-1,Success,32.77,5.9,No
T00014891,A000067,C00044,B004,2025-07-05 22:08:55,Debit,38197.88,INR,Net Banking,Fuel,Coimbatore,D00044-1,Success,10.76,22.98,No
T00014893,A000797,C00551,B010,2026-02-06 07:31:50,Credit,21666.26,INR,Mobile Banking,Transfer,Pune,D00551-1,Success,3.82,14.29,No
T00014906,A000160,C00103,B021,2024-06-20 17:16:15,Debit,22137.03,INR,Card,Dining,Madurai,D00103-1,Success,10.8,5.86,No
T00014912,A000325,C00224,B024,2025-03-15 12:47:21,Credit,20785.86,INR,UPI,ATM,Mumbai,D00224-1,Reversed,4.02,10.07,No
T00014918,A000532,C00374,B005,2024-05-11 00:20:22,Debit,27580.14,INR,Branch,Healthcare,Kochi,D00374-1,Failed,28.85,19.93,No
T00014921,A000378,C00264,B010,2025-03-24 10:53:25,Debit,28079.12,INR,UPI,E-Commerce,Kochi,D00264-1,Success,34.13,29.42,No
T00014923,A001368,C00952,B004,2025-01-02 15:23:08,Debit,25603.27,USD,UPI,Transfer,Mumbai,D00952-1,Success,25.85,9.9,No
T00014931,A000730,C00504,B014,2026-05-22 14:05:05,Debit,41566.31,INR,Card,Transfer,Kochi,D00504-1,Success,32.0,20.78,No
T00014934,A000870,C00603,B007,2025-02-11 13:27:22,Debit,31843.49,INR,UPI,Fuel,Madurai,D00603-1,Success,10.66,29.06,No
T00014940,A000457,C00320,B019,2025-05-14 02:07:50,Credit,43158.44,INR,Net Banking,Transfer,Pune,D00320-1,Success,14.15,23.09,No
T00014980,A001072,C00751,B017,2026-07-24 15:44:02,Credit,20748.85,INR,UPI,Grocery,Kolkata,D00751-1,Success,20.17,23.8,No
T00015055,A001013,C00711,B020,2025-12-12 23:01:33,Credit,22219.87,INR,UPI,E-Commerce,Pune,D00711-1,Success,6.89,24.72,No
T00015067,A000868,C00601,B022,2026-07-01 13:52:31,Debit,29657.2,INR,Mobile Banking,Electronics,Pune,D00601-1,Success,28.4,27.94,No
T00015082,A000519,C00362,B008,2026-05-10 09:25:26,Debit,20729.86,INR,UPI,Grocery,Pune,D00362-1,Success,3.44,15.69,No
T00015095,A000979,C00686,B007,2024-11-21 09:05:49,Credit,31202.99,INR,UPI,Transfer,Delhi,D00686-1,Success,6.91,9.28,No
T00015108,A001236,C00861,B009,2025-12-28 15:46:38,Debit,21822.72,INR,Card,Electronics,Chennai,D00861-1,Success,19.67,24.82,No
T00015139,A000341,C00237,B005,2026-05-16 08:58:03,Credit,29304.85,INR,Net Banking,Transfer,Pune,D00237-1,Success,20.91,21.61,No
T00015141,A000504,C00352,B018,2025-04-10 02:33:11,Debit,24141.79,INR,Card,E-Commerce,Kochi,D00352-1,Failed,17.93,5.3,No
T00015144,A001148,C00800,B009,2026-01-21 22:21:59,Debit,20486.55,INR,ATM,Travel,Pune,D00800-1,Success,9.94,26.38,No
T00015148,A000950,C00663,B014,2024-05-06 22:34:36,Debit,30634.33,INR,Card,Transfer,Coimbatore,D00663-1,Success,8.09,12.91,No
T00015179,A001079,C00757,B020,2026-01-26 22:21:21,Debit,26276.54,INR,ATM,Healthcare,Chennai,D00757-1,Failed,26.32,11.79,No
T00015201,A001379,C00959,B023,2025-03-01 04:05:33,Debit,33561.54,INR,ATM,Dining,Mumbai,D00959-1,Success,22.42,28.46,No
T00015237,A001170,C00815,B017,2024-10-06 06:36:23,Debit,33785.71,INR,UPI,Grocery,Pune,D00815-1,Success,23.4,27.29,No
T00015240,A001116,C00779,B020,2026-05-26 15:59:57,Debit,58558.18,INR,UPI,Grocery,Kolkata,D00779-1,Success,29.04,6.84,No
T00015242,A000931,C00651,B002,2025-04-15 15:05:11,Debit,21362.81,INR,Card,Transfer,Madurai,D00651-1,Success,6.46,14.98,No
T00015244,A000162,C00105,B015,2024-08-27 15:47:51,Credit,31612.16,INR,Net Banking,Healthcare,Pune,D00105-1,Success,21.67,12.23,No
T00015245,A001419,C00988,B013,2025-05-29 21:11:24,Credit,28294.24,INR,UPI,E-Commerce,Mumbai,D00988-1,Success,20.3,14.54,No
T00015257,A000171,C00112,B020,2025-09-16 09:04:46,Debit,35828.45,INR,UPI,Electronics,Madurai,D00112-1,Success,11.65,15.22,No
T00015260,A000672,C00465,B015,2025-06-09 17:42:22,Debit,22028.63,INR,UPI,Electronics,Chennai,D00465-1,Success,18.92,7.53,No
T00015297,A000768,C00533,B007,2026-08-09 23:33:29,Debit,83198.07,INR,UPI,E-Commerce,Bengaluru,D00533-1,Success,14.83,13.76,No
T00015311,A001143,C00797,B002,2026-05-18 15:33:58,Debit,24832.52,INR,UPI,Transfer,Bengaluru,D00797-1,Success,26.22,26.91,No
T00015325,A000632,C00441,B007,2026-03-12 14:09:25,Credit,36207.08,INR,UPI,Healthcare,Pune,D00441-1,Success,5.07,18.2,No
T00015372,A000524,C00366,B006,2025-11-24 02:42:47,Debit,22232.33,INR,Card,Utilities,Delhi,D00366-1,Success,13.9,7.95,No
T00015377,A000922,C00642,B016,2026-05-15 04:16:26,Credit,31353.79,INR,Card,Healthcare,Kolkata,D00642-1,Success,6.88,10.6,No
T00015418,A000831,C00578,B022,2025-05-14 16:16:43,Debit,26122.48,INR,Net Banking,Utilities,Chennai,D00578-1,Success,33.43,14.47,No
T00015428,A000943,C00659,B005,2025-02-10 10:26:32,Debit,38340.19,INR,UPI,Utilities,Coimbatore,D00659-1,Success,28.87,3.0,No
T00015432,A000848,C00591,B005,2026-04-16 15:44:58,Debit,23219.7,INR,Net Banking,Travel,Hyderabad,D00591-1,Success,30.76,19.18,No
T00015457,A001162,C00809,B020,2026-04-30 13:47:44,Debit,39605.96,INR,UPI,Fuel,Pune,D00809-1,Success,29.57,27.47,No
T00015462,A001066,C00748,B009,2025-04-06 14:52:24,Debit,25160.92,INR,Card,Fuel,Madurai,D00748-1,Success,29.18,25.18,No
T00015468,A000737,C00509,B005,2024-02-17 21:58:17,Debit,22861.54,INR,UPI,Travel,Pune,D00509-1,Success,7.56,13.59,No
T00015485,A000913,C00634,B022,2025-05-02 01:29:22,Debit,29205.85,USD,UPI,Healthcare,Coimbatore,D00634-1,Success,1.09,9.65,No
T00015499,A000839,C00584,B003,2026-03-23 06:00:33,Debit,21304.23,INR,Branch,Fuel,Kochi,D00584-1,Success,24.33,15.45,No
T00015520,A000215,C00146,B016,2025-11-27 11:45:55,Debit,38379.33,INR,Net Banking,ATM,Kochi,D00146-1,Success,21.93,16.76,No
T00015524,A001276,C00887,B002,2024-10-19 21:08:46,Debit,40357.79,INR,Net Banking,Dining,Coimbatore,D00887-1,Success,12.66,2.59,No
T00015589,A000152,C00098,B001,2026-05-09 02:58:54,Debit,32868.69,INR,ATM,Utilities,Hyderabad,D00098-1,Success,6.9,15.78,No
T00015595,A000681,C00472,B024,2024-09-21 12:39:01,Debit,28142.88,INR,Card,Travel,Hyderabad,D00472-1,Success,9.73,13.56,No
T00015604,A001390,C00967,B006,2026-07-30 18:26:41,Credit,25946.71,INR,UPI,E-Commerce,Delhi,D00967-1,Success,34.92,4.12,No
T00015625,A000451,C00315,B006,2026-07-14 09:11:57,Credit,41021.31,INR,ATM,Fuel,Chennai,D00315-1,Success,0.33,11.12,No
T00015654,A001307,C00910,B015,2026-03-07 04:44:12,Debit,27772.59,INR,UPI,Fuel,Mumbai,D00910-1,Success,16.08,22.04,No
T00015673,A000637,C00444,B020,2026-08-15 01:18:55,Credit,42868.53,INR,UPI,Travel,Chennai,D00444-1,Success,32.31,24.09,No
T00015696,A001061,C00745,B007,2026-03-12 08:23:33,Debit,96123.53,INR,ATM,Utilities,Coimbatore,D00745-1,Success,10.16,6.92,No
T00015705,A001405,C00978,B018,2024-07-27 01:33:29,Credit,32821.75,INR,UPI,Travel,Pune,D00978-1,Success,22.85,28.3,No
T00015720,A000193,C00129,B007,2026-08-31 21:16:12,Credit,23601.48,INR,UPI,Grocery,Kolkata,D00129-1,Success,2.79,6.77,No
T00015735,A001047,C00736,B004,2024-11-05 19:42:51,Debit,19747.67,INR,Net Banking,Dining,Kolkata,D00736-1,Success,21.08,3.69,No
T00015748,A000817,C00565,B011,2024-03-06 05:30:13,Credit,29976.36,INR,UPI,ATM,Hyderabad,D00565-1,Success,12.35,22.39,No
T00015757,A001429,C00995,B022,2024-03-24 18:41:09,Credit,24172.5,INR,UPI,E-Commerce,Mumbai,D00995-1,Success,25.6,16.28,No
T00015769,A000263,C00181,B023,2024-06-09 21:56:24,Debit,24294.24,INR,UPI,Dining,Coimbatore,D00181-1,Success,17.34,14.74,No
T00015777,A000056,C00039,B007,2025-12-20 07:22:13,Debit,20876.37,INR,Mobile Banking,Healthcare,Kolkata,D00039-1,Success,25.78,3.73,No
T00015806,A000074,C00048,B016,2026-05-22 18:30:27,Debit,56136.96,INR,UPI,Utilities,Bengaluru,D00048-1,Success,6.12,23.58,No
T00015811,A000917,C00637,B012,2025-12-14 06:31:49,Debit,28845.4,INR,Card,Grocery,Madurai,D00637-1,Success,4.65,23.13,No
T00015815,A000178,C00117,B008,2024-01-18 00:01:22,Credit,36213.26,INR,UPI,Fuel,Kochi,D00117-1,Success,20.26,6.64,No
T00015820,A000991,C00695,B014,2026-06-04 17:54:02,Debit,22335.76,INR,UPI,ATM,Kolkata,D00695-1,Success,26.74,19.93,No
T00015821,A001354,C00942,B021,2024-02-11 07:58:46,Debit,20757.19,INR,Branch,E-Commerce,Kochi,D00942-1,Success,26.38,9.06,No
T00015825,A001354,C00942,B021,2026-05-03 16:12:38,Debit,36216.78,INR,UPI,Travel,Kochi,D00942-1,Success,33.9,7.6,No
T00015826,A000713,C00494,B025,2026-04-24 00:16:14,Debit,32748.12,INR,Card,E-Commerce,Mumbai,D00494-1,Success,12.46,21.81,No
T00015829,A001088,C00763,B001,2025-11-18 16:32:08,Credit,21433.79,INR,Net Banking,Healthcare,Hyderabad,D00763-1,Success,10.44,2.73,No
T00015846,A000049,C00034,B008,2025-07-19 22:18:43,Credit,28241.87,INR,UPI,E-Commerce,Delhi,D00034-1,Success,25.11,29.19,No
T00015849,A000121,C00075,B022,2026-03-15 07:56:30,Debit,37390.14,INR,UPI,Fuel,Delhi,D00075-1,Success,11.59,25.87,No
T00015864,A000964,C00676,B010,2026-02-17 15:38:38,Credit,24865.65,INR,Net Banking,Healthcare,Kochi,D00676-1,Success,20.14,11.39,No
T00015873,A000217,C00148,B016,2024-11-14 13:10:46,Debit,127436.45,INR,UPI,Grocery,Kolkata,D00148-1,Success,9.78,23.52,No
T00015881,A000921,C00641,B001,2026-02-13 03:56:46,Debit,41861.2,INR,UPI,Dining,Kochi,D00641-1,Success,26.93,20.39,No
T00015942,A000488,C00342,B003,2024-05-10 22:06:54,Credit,20106.35,INR,Mobile Banking,Dining,Pune,D00342-1,Success,21.41,3.39,No
T00015963,A000290,C00201,B010,2025-09-15 00:36:55,Credit,36980.27,INR,Card,E-Commerce,Kochi,D00201-1,Success,1.5,21.54,No
T00015968,A000180,C00119,B012,2026-04-21 13:33:55,Debit,90571.5,INR,Card,Dining,Pune,D00119-1,Success,9.84,15.03,No
T00015976,A000604,C00423,B013,2025-04-29 12:18:21,Credit,29769.03,INR,UPI,Transfer,Madurai,D00423-1,Success,26.07,21.16,No
T00015980,A000765,C00531,B007,2025-11-03 12:01:56,Debit,27518.62,INR,UPI,Utilities,Madurai,D00531-1,Success,6.03,24.55,No
T00015983,A001073,C00752,B008,2025-01-16 14:05:54,Debit,27406.38,INR,Mobile Banking,Electronics,Chennai,D00752-1,Success,25.12,11.52,No
T00016021,A000393,C00274,B007,2026-07-02 23:01:25,Debit,36100.48,INR,UPI,Grocery,Pune,D00274-1,Success,19.66,20.09,No
T00016039,A001199,C00834,B013,2026-03-26 09:35:40,Credit,26053.38,INR,UPI,Dining,Chennai,D00834-1,Success,10.49,13.9,No
T00016051,A001412,C00983,B007,2024-06-23 01:23:07,Debit,36581.2,INR,Card,Electronics,Chennai,D00983-1,Failed,7.23,11.67,No
T00016054,A000849,C00591,B005,2026-02-08 00:17:52,Credit,20745.41,INR,UPI,Grocery,Hyderabad,D00591-1,Success,11.35,24.22,No
T00016069,A001182,C00823,B004,2026-07-24 06:40:25,Debit,20791.36,INR,Net Banking,Healthcare,Hyderabad,D00823-1,Failed,5.37,26.32,No
T00016076,A000452,C00316,B017,2025-12-04 22:25:56,Debit,30721.53,INR,Net Banking,Transfer,Coimbatore,D00316-1,Success,14.87,2.12,No
T00016085,A000959,C00671,B021,2026-02-19 04:06:49,Credit,27532.66,INR,UPI,Dining,Coimbatore,D00671-1,Success,13.37,18.93,No
T00016087,A000927,C00647,B008,2025-10-01 23:56:25,Credit,27738.35,INR,Branch,Dining,Kochi,D00647-1,Success,10.82,21.47,No
T00016094,A001318,C00915,B014,2026-03-04 10:19:00,Debit,27658.87,INR,Net Banking,Transfer,Madurai,D00915-1,Failed,8.52,17.6,No
T00016102,A001272,C00885,B021,2026-07-19 07:21:29,Debit,60147.75,INR,Net Banking,ATM,Chennai,D00885-1,Success,22.08,19.91,No
T00016112,A001366,C00952,B004,2026-06-18 17:52:54,Debit,70956.14,INR,UPI,Transfer,Mumbai,D00952-1,Success,6.21,16.95,No
T00016147,A000279,C00194,B020,2026-08-29 17:55:25,Debit,23302.79,INR,UPI,ATM,Kochi,D00194-1,Success,7.78,23.4,No
T00016156,A000463,C00324,B022,2025-11-18 11:10:47,Debit,20221.7,INR,UPI,Grocery,Bengaluru,D00324-1,Success,25.99,28.37,No
T00016163,A001101,C00772,B003,2026-03-08 01:52:33,Debit,21784.21,INR,Card,ATM,Mumbai,D00772-1,Success,12.97,22.02,No
T00016168,A000368,C00256,B006,2026-07-10 14:45:15,Credit,38617.53,INR,Mobile Banking,Transfer,Pune,D00256-1,Success,15.97,17.63,No
T00016170,A000165,C00108,B020,2025-07-08 21:59:08,Debit,26424.4,INR,UPI,Fuel,Bengaluru,D00108-1,Success,20.08,24.11,No
T00016202,A000934,C00652,B015,2026-08-29 05:01:41,Debit,21000.01,INR,ATM,Utilities,Delhi,D00652-1,Success,9.32,3.02,No
T00016207,A000398,C00279,B008,2026-01-31 22:23:40,Debit,26445.48,USD,ATM,Healthcare,Chennai,D00279-1,Success,19.26,20.2,No
T00016210,A000580,C00408,B025,2025-04-10 02:53:58,Debit,20098.75,INR,UPI,ATM,Kolkata,D00408-1,Success,19.03,28.19,No
T00016213,A000584,C00410,B006,2024-12-10 18:25:54,Debit,21135.75,INR,UPI,Electronics,Pune,D00410-1,Success,33.5,12.56,No
T00016217,A001007,C00706,B015,2025-05-01 20:55:36,Credit,21852.62,INR,UPI,Healthcare,Delhi,D00706-1,Success,0.8,7.53,No
T00016221,A000057,C00040,B012,2025-07-27 02:16:52,Debit,26204.74,INR,UPI,Travel,Kolkata,D00040-1,Success,19.33,6.71,No
T00016236,A000664,C00460,B005,2025-06-08 11:30:24,Debit,31424.44,INR,Net Banking,E-Commerce,Kochi,D00460-1,Success,30.35,24.95,No
T00016241,A001339,C00932,B018,2026-01-04 11:59:38,Credit,23608.94,INR,Branch,Transfer,Delhi,D00932-1,Success,22.28,26.76,No
T00016256,A001064,C00748,B009,2026-02-11 22:03:40,Debit,21986.89,INR,ATM,ATM,Madurai,D00748-1,Failed,32.43,3.46,No
T00016267,A000831,C00578,B022,2026-06-08 01:21:19,Credit,30970.21,INR,UPI,Travel,Chennai,D00578-1,Success,30.16,28.87,No
T00016297,A001370,C00954,B015,2026-02-19 21:13:10,Debit,35904.62,INR,Mobile Banking,Transfer,Chennai,D00954-1,Success,9.06,2.43,No
T00016298,A000166,C00109,B023,2025-02-24 18:55:26,Debit,20712.69,INR,UPI,Utilities,Pune,D00109-1,Success,29.92,23.58,No
T00016323,A001306,C00909,B021,2026-06-05 08:57:21,Credit,45024.93,INR,UPI,Utilities,Kochi,D00909-1,Success,13.15,3.08,No
T00016354,A001220,C00849,B017,2026-01-14 08:45:40,Debit,61615.83,INR,UPI,ATM,Pune,D00849-1,Success,16.64,6.32,No
T00016373,A001403,C00976,B010,2024-05-09 11:10:09,Debit,36324.88,INR,Net Banking,Transfer,Coimbatore,D00976-1,Success,20.74,20.46,No
T00016388,A001046,C00735,B007,2025-12-06 11:05:22,Credit,28390.11,INR,UPI,E-Commerce,Delhi,D00735-1,Success,5.65,4.49,No
T00016393,A000967,C00679,B001,2024-06-17 15:09:51,Debit,26177.31,INR,Card,E-Commerce,Pune,D00679-1,Success,9.16,4.96,No
T00016424,A000904,C00628,B006,2025-01-25 09:12:47,Debit,48901.23,INR,UPI,Fuel,Mumbai,D00628-1,Failed,22.57,15.75,No
T00016455,A001057,C00742,B014,2024-01-16 01:53:42,Debit,33163.24,INR,UPI,Electronics,Pune,D00742-1,Success,23.66,10.55,No
T00016456,A000765,C00531,B007,2026-06-29 10:09:59,Debit,24654.29,INR,UPI,Dining,Madurai,D00531-1,Success,3.89,26.43,No
T00016472,A000192,C00128,B008,2026-08-14 01:04:22,Debit,24124.78,INR,UPI,Transfer,Bengaluru,D00128-1,Success,27.52,21.44,No
T00016490,A000881,C00612,B020,2025-02-26 04:45:14,Credit,24676.47,INR,Card,Grocery,Mumbai,D00612-1,Success,0.57,11.43,No
T00016494,A000004,C00003,B022,2026-03-26 21:24:15,Debit,20228.24,INR,Net Banking,E-Commerce,Kolkata,D00003-1,Success,32.62,7.24,No
T00016525,A000695,C00484,B024,2024-02-27 05:19:10,Debit,20507.13,INR,UPI,E-Commerce,Pune,D00484-1,Success,13.41,10.69,No
T00016531,A000638,C00445,B010,2024-10-27 20:24:53,Debit,28202.22,INR,UPI,Travel,Chennai,D00445-1,Success,31.01,26.54,No
T00016537,A000082,C00052,B001,2025-03-09 16:49:11,Debit,25763.09,INR,Card,Fuel,Hyderabad,D00052-1,Success,31.69,24.6,No
T00016567,A001141,C00795,B009,2026-07-26 00:48:35,Debit,23684.42,INR,Net Banking,Grocery,Hyderabad,D00795-1,Success,13.11,28.49,No
T00016570,A000595,C00417,B018,2025-01-04 18:35:51,Debit,52921.08,INR,UPI,Travel,Hyderabad,D00417-1,Success,3.71,5.58,No
T00016604,A000592,C00415,B016,2026-06-13 12:14:05,Credit,53851.11,INR,Mobile Banking,ATM,Hyderabad,D00415-1,Success,9.84,13.2,No
T00016609,A000940,C00657,B022,2025-04-09 13:13:07,Credit,36943.24,INR,UPI,Electronics,Bengaluru,D00657-1,Success,30.6,24.07,No
T00016622,A000639,C00445,B010,2024-07-12 09:39:17,Debit,25315.17,INR,ATM,Transfer,Chennai,D00445-1,Success,28.4,19.35,No
T00016627,A000131,C00084,B011,2025-11-13 02:38:58,Debit,32508.05,INR,Mobile Banking,Grocery,Chennai,D00084-1,Success,9.89,16.49,No
T00016629,A001200,C00834,B013,2024-12-19 04:58:11,Debit,21232.1,INR,UPI,Dining,Chennai,D00834-1,Success,10.63,6.76,No
T00016636,A000924,C00644,B001,2025-02-09 00:07:36,Debit,31967.7,INR,Mobile Banking,Grocery,Pune,D00644-1,Success,23.76,22.32,No
T00016640,A000140,C00090,B009,2025-10-02 04:44:36,Debit,48324.65,INR,UPI,Travel,Madurai,D00090-1,Success,4.64,29.2,No
T00016675,A000413,C00289,B024,2026-03-01 22:12:51,Debit,23582.92,INR,Card,Healthcare,Pune,D00289-1,Success,23.99,5.27,No
T00016686,A000271,C00188,B014,2025-07-22 11:36:42,Debit,20187.24,INR,UPI,ATM,Hyderabad,D00188-1,Success,20.39,2.44,No
T00016688,A000457,C00320,B019,2026-01-23 03:28:24,Debit,64903.12,INR,ATM,Electronics,Pune,D00320-1,Success,11.53,23.4,No
T00016705,A001343,C00935,B023,2024-11-30 08:13:37,Debit,25265.94,INR,UPI,Dining,Hyderabad,D00935-1,Success,26.23,13.2,No
T00016710,A000247,C00169,B008,2026-01-28 11:25:41,Debit,27308.65,INR,UPI,Electronics,Chennai,D00169-1,Success,15.49,23.74,No
T00016718,A000316,C00219,B011,2025-01-07 19:42:38,Debit,44197.38,INR,Card,Dining,Pune,D00219-1,Success,18.6,24.79,No
T00016721,A000276,C00192,B006,2024-08-17 14:42:37,Debit,56187.63,INR,UPI,Dining,Kolkata,D00192-1,Success,22.83,16.07,No
T00016735,A001058,C00743,B008,2026-07-07 13:41:53,Debit,34305.75,INR,Card,Travel,Coimbatore,D00743-1,Success,25.33,2.86,No
T00016738,A000284,C00197,B010,2025-10-09 13:02:42,Credit,42649.56,INR,Card,Healthcare,Hyderabad,D00197-1,Success,12.02,18.5,No
T00016744,A000594,C00416,B006,2026-08-22 15:20:40,Debit,20755.2,INR,Card,Healthcare,Coimbatore,D00416-1,Success,1.01,6.98,No
T00016777,A000371,C00259,B014,2024-09-27 19:35:07,Credit,24822.83,INR,UPI,ATM,Bengaluru,D00259-1,Success,12.88,10.81,No
T00016783,A001055,C00742,B014,2025-09-23 12:34:10,Debit,24333.49,INR,Card,Fuel,Pune,D00742-1,Success,10.09,15.44,No
T00016795,A001381,C00960,B004,2024-06-19 20:21:33,Debit,47352.64,INR,Card,Transfer,Hyderabad,D00960-1,Success,7.04,16.63,No
T00016806,A000470,C00329,B022,2025-02-14 15:06:08,Debit,36093.73,INR,UPI,Transfer,Mumbai,D00329-1,Success,0.52,4.88,No
T00016812,A000225,C00152,B007,2025-04-02 02:00:03,Debit,25852.04,INR,UPI,Travel,Chennai,D00152-1,Success,33.2,22.11,No
T00016842,A000016,C00011,B009,2024-05-28 20:55:36,Debit,27588.82,INR,UPI,ATM,Bengaluru,D00011-1,Success,14.26,23.65,No
T00016844,A000938,C00655,B025,2025-12-10 11:07:04,Debit,29076.99,INR,Card,Healthcare,Chennai,D00655-1,Success,0.85,15.07,No
T00016847,A000634,C00442,B011,2024-09-27 08:07:27,Debit,28080.28,INR,UPI,Fuel,Chennai,D00442-1,Success,30.9,13.95,No
T00016861,A000880,C00611,B011,2026-08-04 02:32:22,Debit,27320.4,INR,Card,Healthcare,Kolkata,D00611-1,Success,29.37,28.47,No
T00016890,A001132,C00788,B020,2025-12-08 03:10:24,Debit,44618.76,INR,UPI,Dining,Pune,D00788-1,Success,5.83,20.93,No
T00016898,A000842,C00587,B009,2025-08-08 09:03:46,Debit,27360.21,INR,Mobile Banking,Utilities,Chennai,D00587-1,Success,27.08,23.01,No
T00016915,A000787,C00544,B001,2025-10-18 00:52:23,Debit,26506.24,INR,UPI,Fuel,Madurai,D00544-1,Success,10.24,22.76,No
T00016938,A001022,C00717,B011,2025-08-25 13:44:19,Debit,22260.46,INR,Mobile Banking,Fuel,Kochi,D00717-1,Success,26.35,11.21,No
T00016959,A000672,C00465,B015,2025-01-26 18:06:30,Debit,22977.66,INR,Card,Dining,Chennai,D00465-1,Success,11.76,4.51,No
T00016961,A001057,C00742,B014,2025-04-10 15:10:52,Debit,22359.93,INR,Mobile Banking,Healthcare,Pune,D00742-1,Success,24.2,10.33,No
T00017077,A000258,C00177,B005,2025-06-05 15:31:36,Credit,20137.26,INR,UPI,Electronics,Pune,D00177-1,Success,22.15,16.01,No
T00017079,A000525,C00367,B012,2024-09-02 03:01:20,Debit,31218.66,INR,UPI,Electronics,Pune,D00367-1,Success,25.3,3.8,No
T00017085,A000246,C00169,B008,2025-01-05 10:47:42,Credit,40487.0,INR,UPI,Utilities,Chennai,D00169-1,Success,33.48,14.94,No
T00017100,A000742,C00511,B016,2025-10-31 01:09:42,Debit,50640.09,INR,Card,Healthcare,Bengaluru,D00511-1,Success,2.68,4.93,No
T00017112,A001035,C00725,B004,2024-03-06 14:54:27,Debit,106037.73,INR,Net Banking,Healthcare,Mumbai,D00725-1,Success,18.35,12.72,No
T00017126,A000224,C00151,B018,2026-07-14 03:55:53,Debit,45852.81,INR,Card,Healthcare,Pune,D00151-1,Success,10.47,13.37,No
T00017127,A000005,C00003,B022,2025-03-11 06:11:47,Debit,31311.0,INR,Card,Utilities,Kolkata,D00003-1,Success,29.1,17.11,No
T00017129,A000034,C00025,B014,2024-10-23 17:01:58,Debit,23090.76,INR,Net Banking,Fuel,Hyderabad,D00025-1,Success,14.7,15.67,No
T00017130,A000688,C00479,B021,2025-02-19 18:17:39,Debit,21786.73,INR,Branch,Dining,Kochi,D00479-1,Success,19.34,12.0,No
T00017133,A001295,C00901,B002,2024-10-24 18:57:13,Debit,22877.82,INR,Net Banking,Dining,Coimbatore,D00901-1,Success,1.35,10.96,No
T00017156,A000960,C00672,B013,2026-07-17 05:18:21,Debit,32446.89,INR,Net Banking,Grocery,Chennai,D00672-1,Success,10.63,15.38,No
T00017167,A000715,C00496,B020,2025-04-04 15:53:39,Debit,21724.07,INR,UPI,Dining,Chennai,D00496-1,Success,34.43,8.65,No
T00017168,A000316,C00219,B011,2026-06-11 00:56:44,Debit,42557.75,INR,ATM,Travel,Pune,D00219-1,Success,12.63,11.21,No
T00017181,A001363,C00949,B001,2026-06-01 21:50:35,Debit,24324.09,INR,Mobile Banking,E-Commerce,Kolkata,D00949-1,Success,4.36,12.88,No
T00017190,A001100,C00771,B004,2024-05-28 01:13:34,Debit,22016.38,INR,Net Banking,Utilities,Coimbatore,D00771-1,Success,24.08,14.34,No
T00017222,A000340,C00236,B012,2025-11-03 04:50:48,Debit,36856.51,INR,UPI,Travel,Hyderabad,D00236-1,Success,6.52,8.99,No
T00017226,A000959,C00671,B021,2024-08-15 11:45:41,Debit,19870.0,INR,Mobile Banking,ATM,Coimbatore,D00671-1,Success,3.49,29.36,No
T00017240,A000339,C00235,B002,2026-01-17 05:22:12,Debit,20019.98,INR,Card,E-Commerce,Pune,D00235-1,Success,6.48,7.41,No
T00017245,A000405,C00284,B024,2025-06-25 16:30:24,Debit,20788.37,INR,UPI,Electronics,Pune,D00284-1,Success,4.1,20.83,No
T00017289,A000244,C00167,B001,2024-08-02 23:26:27,Debit,41342.72,INR,UPI,Healthcare,Pune,D00167-1,Success,26.39,11.45,No
T00017305,A000135,C00086,B016,2024-10-28 10:16:29,Debit,32798.55,INR,Branch,Transfer,Hyderabad,D00086-1,Success,6.38,2.9,No
T00017312,A001203,C00836,B023,2024-05-13 12:20:11,Debit,21369.67,INR,UPI,E-Commerce,Pune,D00836-1,Success,17.36,29.9,No
T00017314,A000049,C00034,B008,2025-10-28 10:00:49,Debit,54840.22,INR,Card,Electronics,Delhi,D00034-1,Success,14.48,26.73,No
T00017324,A001121,C00782,B024,2026-02-18 12:57:09,Credit,23137.8,INR,ATM,Electronics,Mumbai,D00782-1,Success,34.73,8.66,No
T00017335,A000365,C00254,B011,2025-06-21 06:55:27,Debit,22573.42,INR,Mobile Banking,Transfer,Pune,D00254-1,Success,14.56,10.76,No
T00017341,A000958,C00671,B021,2026-08-21 01:47:31,Debit,20845.28,INR,Net Banking,Dining,Coimbatore,D00671-1,Success,29.38,9.22,No
T00017350,A001012,C00711,B020,2024-09-26 04:39:47,Debit,25564.92,INR,UPI,Grocery,Pune,D00711-1,Success,24.22,26.4,No
T00017351,A000216,C00147,B022,2026-03-30 01:09:46,Debit,42231.87,INR,Branch,Electronics,Mumbai,D00147-1,Success,7.59,5.96,No
T00017367,A000149,C00097,B010,2026-07-29 19:32:57,Credit,20181.09,INR,UPI,Electronics,Kolkata,D00097-1,Success,19.86,17.38,No
T00017368,A001106,C00774,B012,2026-05-26 22:02:35,Debit,22233.3,INR,UPI,Travel,Kolkata,D00774-1,Success,10.77,12.49,No
T00017373,A000316,C00219,B011,2025-04-06 13:48:02,Debit,68235.67,INR,Card,Utilities,Pune,D00219-1,Success,4.46,20.69,No
T00017377,A000748,C00516,B023,2024-08-03 11:40:40,Debit,21779.45,INR,Card,Electronics,Chennai,D00516-1,Success,31.57,12.28,No
T00017385,A000561,C00394,B010,2026-07-13 12:25:58,Debit,98414.83,INR,UPI,ATM,Kolkata,D00394-1,Success,6.17,22.94,No
T00017386,A001250,C00869,B007,2025-12-14 13:55:57,Debit,40772.33,INR,Mobile Banking,Transfer,Madurai,D00869-1,Success,26.19,11.32,No
T00017388,A000712,C00494,B025,2025-10-15 19:36:34,Credit,25618.45,INR,UPI,Grocery,Mumbai,D00494-1,Success,18.92,12.5,No
T00017398,A000137,C00088,B020,2025-08-10 04:01:34,Credit,22412.65,INR,Net Banking,E-Commerce,Bengaluru,D00088-1,Success,26.79,29.07,No
T00017402,A000880,C00611,B011,2026-08-09 09:05:47,Debit,250000.0,INR,UPI,Travel,Kolkata,D00611-1,Success,34.16,5.86,No
T00017421,A000300,C00208,B014,2025-02-14 05:17:11,Credit,32138.11,INR,Card,Grocery,Delhi,D00208-1,Success,21.51,20.88,No
T00017523,A000997,C00698,B010,2025-09-18 03:53:57,Debit,19738.55,INR,Card,Electronics,Kolkata,D00698-1,Success,13.09,15.69,No
T00017556,A001062,C00746,B012,2026-02-10 00:12:24,Debit,23634.93,INR,ATM,Dining,Chennai,D00746-1,Success,30.72,20.4,No
T00017583,A001243,C00864,B016,2026-06-26 06:10:03,Debit,31750.48,INR,Branch,Fuel,Delhi,D00864-1,Success,32.04,23.99,No
T00017595,A000704,C00491,B008,2026-01-12 23:18:42,Credit,30633.51,INR,UPI,Travel,Kochi,D00491-1,Success,13.17,20.75,No
T00017607,A001392,C00969,B019,2026-05-10 15:50:11,Debit,47297.64,INR,Mobile Banking,ATM,Kolkata,D00969-1,Success,24.73,22.44,No
T00017608,A000187,C00124,B006,2026-03-22 15:54:25,Debit,33504.34,INR,Card,Healthcare,Coimbatore,D00124-1,Success,19.64,21.13,No
T00017610,A000429,C00300,B006,2026-08-07 04:46:31,Credit,24912.3,INR,ATM,Grocery,Mumbai,D00300-1,Success,24.73,5.55,No
T00017623,A000474,C00332,B012,2026-02-16 22:55:56,Debit,31754.14,INR,UPI,Utilities,Coimbatore,D00332-1,Success,20.76,19.33,No
T00017664,A000194,C00129,B007,2025-10-11 05:00:51,Debit,46956.81,INR,UPI,Transfer,Kolkata,D00129-1,Failed,10.94,4.6,No
T00017670,A000871,C00603,B007,2026-06-02 10:24:32,Debit,22243.32,EUR,Net Banking,Transfer,Madurai,D00603-1,Success,20.45,4.37,No
T00017671,A001078,C00756,B012,2024-08-21 08:44:46,Debit,29610.68,INR,Card,Travel,Coimbatore,D00756-1,Success,4.69,23.13,No
T00017686,A000138,C00089,B024,2025-04-05 11:40:24,Credit,24095.79,INR,UPI,Utilities,Madurai,D00089-1,Success,19.57,6.66,No
T00017701,A000204,C00136,B025,2024-05-25 16:37:38,Debit,25339.6,INR,UPI,Travel,Kochi,D00136-1,Success,23.47,25.91,No
T00017727,A000810,C00561,B009,2025-07-30 21:41:14,Credit,64681.58,INR,UPI,Transfer,Coimbatore,D00561-1,Failed,4.15,27.49,No
T00017735,A000095,C00058,B020,2025-05-20 06:09:50,Credit,19840.02,INR,Card,Grocery,Bengaluru,D00058-1,Success,27.91,9.37,No
T00017746,A001091,C00766,B010,2025-10-03 05:14:56,Debit,25528.43,INR,Mobile Banking,ATM,Bengaluru,D00766-1,Success,3.56,19.4,No
T00017751,A000728,C00502,B020,2026-06-22 09:44:48,Debit,45223.67,INR,Net Banking,E-Commerce,Pune,D00502-1,Success,17.56,9.4,No
T00017753,A001288,C00896,B003,2026-08-08 06:26:44,Credit,19902.94,INR,Card,Healthcare,Chennai,D00896-1,Success,15.82,24.75,No
T00017764,A001219,C00848,B018,2025-07-11 23:58:01,Credit,29861.47,USD,Card,Utilities,Mumbai,D00848-1,Success,34.12,18.69,No
T00017765,A000215,C00146,B016,2025-09-29 18:48:17,Debit,25500.67,INR,Net Banking,Transfer,Kochi,D00146-1,Success,31.92,24.42,No
T00017776,A000306,C00212,B025,2024-11-21 10:23:21,Debit,28849.77,INR,ATM,Travel,Bengaluru,D00212-1,Success,11.35,9.37,No
T00017781,A000795,C00550,B025,2024-12-02 10:05:31,Debit,34074.75,INR,Mobile Banking,Utilities,Chennai,D00550-1,Success,1.77,5.9,No
T00017782,A001366,C00952,B004,2025-03-06 00:21:16,Credit,30032.94,INR,UPI,Grocery,Mumbai,D00952-1,Success,9.79,10.76,No
T00017792,A000460,C00323,B017,2025-12-09 04:37:36,Debit,53921.09,EUR,UPI,Travel,Bengaluru,D00323-1,Success,13.51,27.37,No
T00017796,A000273,C00190,B014,2026-07-21 13:55:24,Debit,20395.19,INR,UPI,Travel,Hyderabad,D00190-1,Success,7.23,21.83,No
T00017807,A001402,C00975,B003,2026-01-01 22:06:51,Debit,22508.03,INR,Card,Electronics,Bengaluru,D00975-1,Success,28.02,11.58,No
T00017820,A000540,C00379,B001,2026-01-26 08:36:45,Debit,21927.89,INR,UPI,Travel,Bengaluru,D00379-1,Success,24.41,2.35,No
T00017839,A001360,C00947,B006,2026-06-19 09:07:24,Debit,33438.99,INR,UPI,Grocery,Hyderabad,D00947-1,Success,23.29,4.53,No
T00017850,A000840,C00585,B011,2026-08-03 11:41:42,Debit,33792.27,INR,UPI,Electronics,Hyderabad,D00585-1,Success,9.27,20.97,No
T00017867,A000720,C00499,B004,2026-02-09 17:20:02,Credit,47577.79,INR,UPI,Utilities,Delhi,D00499-1,Success,11.16,13.17,No
T00017868,A000775,C00537,B023,2026-04-04 11:13:03,Debit,40654.62,INR,Card,Healthcare,Coimbatore,D00537-1,Success,3.65,19.97,No
T00017869,A000775,C00537,B023,2024-02-26 01:18:54,Debit,26106.09,INR,UPI,Utilities,Coimbatore,D00537-1,Success,12.43,3.22,No
T00017875,A000953,C00666,B013,2024-12-02 04:26:57,Debit,22070.85,INR,ATM,Transfer,Coimbatore,D00666-1,Success,18.23,10.35,No
T00017883,A001077,C00755,B021,2025-11-30 21:10:02,Credit,31482.84,EUR,UPI,ATM,Kochi,D00755-1,Success,7.4,5.96,No
T00017898,A000844,C00588,B024,2025-06-06 03:00:35,Debit,42059.48,INR,Net Banking,Utilities,Kolkata,D00588-1,Success,7.24,3.32,No
T00017913,A000182,C00121,B015,2026-03-03 08:15:50,Credit,33687.62,INR,Net Banking,Electronics,Chennai,D00121-1,Success,29.21,4.99,No
T00017922,A000545,C00381,B024,2026-03-25 17:06:44,Credit,32407.93,INR,UPI,Grocery,Pune,D00381-1,Success,12.79,20.24,No
T00017942,A001113,C00778,B024,2026-08-12 00:21:40,Credit,52665.03,INR,Card,ATM,Kolkata,D00778-1,Success,25.85,2.79,No
T00017976,A000080,C00050,B004,2025-11-10 11:51:36,Credit,38935.4,INR,UPI,ATM,Madurai,D00050-1,Success,16.31,8.37,No
T00017977,A000031,C00023,B008,2025-03-25 12:43:54,Debit,19840.93,INR,UPI,Dining,Chennai,D00023-1,Success,3.18,14.73,No
T00017986,A000420,C00294,B020,2026-06-21 02:21:23,Credit,73319.68,INR,Card,Fuel,Kochi,D00294-1,Success,6.34,19.26,No
T00018005,A000399,C00280,B017,2025-10-16 20:56:44,Debit,37241.11,INR,Net Banking,Transfer,Kolkata,D00280-1,Success,1.27,5.49,No
T00018014,A001278,C00888,B024,2026-06-06 03:44:58,Debit,39383.7,INR,ATM,Electronics,Bengaluru,D00888-1,Success,26.41,15.48,No
T00018029,A000418,C00293,B010,2024-02-07 02:09:23,Debit,19772.67,INR,Card,ATM,Hyderabad,D00293-1,Success,29.57,23.82,No
T00018031,A000485,C00340,B021,2025-12-18 06:08:03,Debit,51802.04,INR,ATM,Travel,Chennai,D00340-1,Success,5.89,14.84,No
T00018032,A001428,C00994,B006,2024-08-15 18:59:18,Credit,20583.5,INR,Net Banking,Fuel,Chennai,D00994-1,Success,31.96,18.91,No
T00018036,A000106,C00065,B005,2026-05-18 01:43:45,Debit,32911.19,INR,ATM,Healthcare,Madurai,D00065-1,Success,4.52,20.58,No
T00018053,A000878,C00610,B005,2025-03-16 21:25:10,Credit,60561.63,INR,Net Banking,Dining,Chennai,D00610-1,Success,18.31,20.41,No
T00018058,A000373,C00261,B018,2026-02-13 07:26:05,Credit,39544.9,INR,Card,Healthcare,Bengaluru,D00261-1,Success,9.02,9.97,No
T00018063,A000985,C00690,B020,2026-07-26 06:59:37,Debit,22913.52,INR,Mobile Banking,E-Commerce,Delhi,D00690-1,Failed,7.69,6.59,No
T00018085,A001092,C00767,B004,2024-12-28 07:51:17,Debit,21904.46,INR,UPI,Utilities,Hyderabad,D00767-1,Success,19.16,4.69,No
T00018090,A000859,C00596,B008,2026-03-25 01:29:38,Credit,22976.86,INR,UPI,Electronics,Kolkata,D00596-1,Failed,13.9,25.81,No
T00018099,A000835,C00580,B004,2025-05-28 19:19:27,Credit,21641.4,INR,Net Banking,Healthcare,Madurai,D00580-1,Success,4.47,6.54,No
T00018106,A000833,C00579,B002,2026-06-19 12:27:41,Credit,20516.6,INR,Net Banking,Dining,Kolkata,D00579-1,Success,11.93,25.52,No
T00018116,A000526,C00368,B014,2025-04-27 04:23:37,Debit,27168.96,INR,Branch,ATM,Kochi,D00368-1,Success,7.98,12.7,No
T00018126,A000724,C00500,B015,2026-01-14 10:29:14,Debit,27939.81,INR,Net Banking,Utilities,Madurai,D00500-1,Success,10.82,14.25,No
T00018139,A000115,C00070,B010,2026-01-10 08:18:41,Debit,29838.58,INR,UPI,Healthcare,Madurai,D00070-1,Success,29.56,15.64,No
T00018166,A000358,C00249,B023,2026-01-09 18:20:25,Debit,42146.46,INR,Net Banking,Travel,Delhi,D00249-1,Success,11.47,6.92,No
T00018167,A000713,C00494,B025,2025-12-01 19:12:24,Credit,23102.54,INR,UPI,Transfer,Mumbai,D00494-1,Success,21.16,15.13,No
T00018192,A000140,C00090,B009,2026-07-13 08:03:15,Debit,24341.64,INR,Card,Dining,Madurai,D00090-1,Success,25.27,26.68,No
T00018204,A001110,C00776,B022,2025-08-11 01:12:41,Debit,35015.01,INR,Mobile Banking,Utilities,Kolkata,D00776-1,Success,34.57,18.7,No
T00018217,A000735,C00507,B025,2026-08-24 05:48:53,Debit,50526.29,INR,UPI,Transfer,Bengaluru,D00507-1,Success,20.89,17.99,No
T00018218,A000905,C00628,B006,2025-12-31 14:35:15,Credit,32666.47,INR,Card,Transfer,Mumbai,D00628-1,Success,29.65,3.33,No
T00018219,A001410,C00981,B014,2026-08-02 22:56:45,Debit,31042.41,INR,UPI,Utilities,Chennai,D00981-1,Success,5.44,4.44,No
T00018220,A000554,C00389,B016,2025-06-01 16:45:11,Debit,58873.75,INR,Mobile Banking,Electronics,Madurai,D00389-1,Success,13.74,6.71,No
T00018223,A001036,C00726,B020,2026-07-05 08:22:21,Credit,73727.25,INR,Card,Transfer,Kolkata,D00726-1,Success,18.39,16.7,No
T00018228,A001319,C00916,B003,2024-04-07 21:33:36,Debit,20460.0,INR,UPI,Transfer,Bengaluru,D00916-1,Success,22.77,9.65,No
T00018234,A000952,C00665,B024,2026-02-23 15:24:10,Debit,37147.39,INR,Branch,Travel,Bengaluru,D00665-1,Success,22.93,20.19,No
T00018242,A000197,C00132,B005,2025-01-08 06:08:56,Debit,31536.17,INR,Card,Dining,Mumbai,D00132-1,Success,24.13,24.77,No
T00018253,A001107,C00775,B012,2026-07-06 09:50:45,Debit,37717.5,INR,UPI,Fuel,Mumbai,D00775-1,Success,33.95,18.55,No
T00018254,A000144,C00094,B005,2024-09-14 13:03:26,Credit,20767.84,INR,UPI,Fuel,Hyderabad,D00094-1,Success,26.44,24.63,No
T00018262,A001388,C00966,B010,2025-12-21 09:00:39,Debit,21369.36,INR,UPI,Dining,Kolkata,D00966-1,Success,17.23,20.14,No
T00018268,A000859,C00596,B008,2025-05-22 14:00:28,Credit,24933.01,INR,UPI,Dining,Kolkata,D00596-1,Success,33.33,5.47,No
T00018269,A000032,C00024,B018,2026-04-02 00:27:06,Debit,21178.91,INR,Mobile Banking,ATM,Bengaluru,D00024-1,Success,25.84,9.9,No
T00018293,A000258,C00177,B005,2026-07-05 07:36:20,Debit,42351.78,INR,UPI,Grocery,Pune,D00177-1,Success,8.31,11.42,No
T00018300,A001086,C00763,B001,2026-06-28 08:56:05,Debit,20928.82,INR,Branch,Fuel,Hyderabad,D00763-1,Success,9.43,28.43,No
T00018308,A001416,C00986,B013,2026-01-04 07:14:27,Debit,24134.92,INR,ATM,ATM,Madurai,D00986-1,Success,2.85,9.01,No
T00018319,A000420,C00294,B020,2026-02-03 06:11:59,Debit,40100.84,INR,UPI,Healthcare,Kochi,D00294-1,Success,33.35,21.31,No
T00018342,A000056,C00039,B007,2026-06-27 14:17:40,Debit,21646.39,INR,Mobile Banking,Grocery,Kolkata,D00039-1,Success,21.38,17.06,No
T00018343,A000351,C00244,B001,2025-09-27 01:42:48,Debit,21133.46,INR,UPI,Dining,Kolkata,D00244-1,Success,12.1,29.82,No
T00018360,A000379,C00265,B002,2026-06-09 02:36:07,Debit,32570.06,INR,UPI,Transfer,Coimbatore,D00265-1,Success,0.21,27.07,No
T00018377,A000771,C00535,B005,2024-10-22 19:10:46,Debit,97713.16,INR,Card,Fuel,Bengaluru,D00535-1,Success,0.92,14.03,No
T00018379,A000546,C00382,B021,2025-08-18 22:10:32,Debit,20007.32,INR,UPI,Healthcare,Delhi,D00382-1,Success,27.61,28.19,No
T00018387,A001032,C00724,B024,2024-04-11 14:41:45,Credit,55438.92,INR,Net Banking,Utilities,Mumbai,D00724-1,Success,23.8,26.12,No
T00018422,A000898,C00624,B001,2026-01-14 11:57:32,Debit,29529.19,INR,Net Banking,Travel,Coimbatore,D00624-1,Success,0.02,9.65,No
T00018451,A000542,C00380,B025,2026-06-05 14:59:15,Credit,71299.21,INR,UPI,Grocery,Chennai,D00380-1,Success,28.1,7.96,No
T00018464,A000072,C00047,B020,2024-05-26 09:48:16,Debit,33676.89,INR,UPI,Healthcare,Pune,D00047-1,Success,4.95,4.21,No
T00018500,A000883,C00614,B025,2024-06-16 05:23:04,Debit,44691.04,INR,Card,Travel,Hyderabad,D00614-1,Success,26.29,10.71,No
T00018504,A000073,C00047,B020,2026-02-14 23:38:49,Debit,22372.23,INR,Net Banking,Electronics,Pune,D00047-1,Success,27.98,19.67,No
T00018509,A000244,C00167,B001,2025-09-18 06:33:30,Credit,33842.73,INR,Net Banking,Transfer,Pune,D00167-1,Failed,10.34,29.53,No
T00018516,A001412,C00983,B007,2025-06-06 07:03:48,Debit,20551.18,INR,UPI,Fuel,Chennai,D00983-1,Failed,25.44,27.41,No
T00018519,A000092,C00056,B015,2026-02-11 04:41:07,Credit,26499.27,USD,UPI,Transfer,Kochi,D00056-1,Success,4.27,23.66,No
T00018520,A000037,C00027,B017,2025-01-03 13:13:45,Debit,36581.24,INR,Net Banking,E-Commerce,Pune,D00027-1,Success,1.97,4.81,No
T00018524,A001356,C00943,B022,2025-11-14 16:28:38,Debit,27049.59,INR,Mobile Banking,Electronics,Hyderabad,D00943-1,Success,29.96,9.21,No
T00018525,A001377,C00958,B016,2025-06-24 16:15:08,Credit,60984.72,INR,Card,ATM,Delhi,D00958-1,Success,12.93,19.62,No
T00018550,A001134,C00790,B001,2026-03-01 20:14:25,Debit,34017.34,INR,Mobile Banking,Healthcare,Kochi,D00790-1,Success,27.45,24.13,No
T00018573,A001368,C00952,B004,2024-09-17 00:02:55,Debit,33972.4,USD,UPI,Grocery,Mumbai,D00952-1,Reversed,28.47,6.25,No
T00018584,A000357,C00248,B018,2024-02-10 02:25:59,Debit,22947.96,INR,ATM,Transfer,Hyderabad,D00248-1,Success,24.81,6.18,No
T00018594,A000488,C00342,B003,2024-06-11 19:44:22,Credit,36461.45,INR,Card,Dining,Pune,D00342-1,Success,5.47,3.65,No
T00018603,A000809,C00561,B009,2025-10-08 01:53:53,Debit,28455.3,INR,Card,Healthcare,Coimbatore,D00561-1,Success,20.92,21.81,No
T00018613,A000908,C00630,B001,2024-03-08 09:11:29,Debit,20819.15,INR,Net Banking,E-Commerce,Madurai,D00630-1,Success,33.93,28.89,No
T00018646,A000242,C00166,B015,2026-06-16 18:56:33,Debit,21992.46,INR,Card,Healthcare,Mumbai,D00166-1,Success,21.45,10.14,No
T00018647,A000586,C00411,B004,2025-10-26 06:05:04,Credit,35292.16,INR,Card,Fuel,Delhi,D00411-1,Success,28.74,29.72,No
T00018655,A000625,C00436,B023,2026-05-08 21:18:44,Debit,44137.17,USD,UPI,Fuel,Pune,D00436-1,Success,23.35,21.04,No
T00018664,A000274,C00191,B024,2025-05-14 02:07:25,Debit,21657.51,INR,UPI,Healthcare,Kochi,D00191-1,Success,13.0,22.0,No
T00018685,A000120,C00074,B025,2025-11-11 09:57:44,Credit,33099.07,INR,UPI,Utilities,Hyderabad,D00074-1,Success,1.95,2.25,No
T00018716,A001108,C00775,B012,2024-11-16 15:02:08,Debit,25725.69,INR,Mobile Banking,Dining,Mumbai,D00775-1,Success,27.62,15.86,No
T00018717,A000199,C00133,B005,2024-12-26 04:05:42,Debit,37308.86,INR,Mobile Banking,Electronics,Madurai,D00133-1,Success,28.62,6.12,No
T00018724,A001215,C00845,B011,2026-03-06 01:36:44,Debit,24588.44,INR,Net Banking,ATM,Kochi,D00845-1,Success,18.13,13.46,No
T00018755,A000816,C00564,B008,2026-06-29 08:48:59,Credit,37775.68,INR,UPI,Electronics,Pune,D00564-1,Success,6.35,29.03,No
T00018788,A000856,C00594,B024,2024-06-21 10:06:55,Debit,30640.13,INR,UPI,Dining,Madurai,D00594-1,Success,24.1,16.88,No
T00018797,A001375,C00957,B019,2025-09-26 15:35:45,Credit,25225.16,USD,Card,Fuel,Delhi,D00957-1,Success,30.04,11.02,No
T00018807,A001047,C00736,B004,2025-10-06 18:25:13,Credit,21443.23,INR,Mobile Banking,Utilities,Kolkata,D00736-1,Success,19.09,8.01,No
T00018814,A000833,C00579,B002,2025-02-02 01:34:12,Debit,31430.59,INR,Card,Fuel,Kolkata,D00579-1,Success,6.03,23.24,No
T00018819,A001091,C00766,B010,2026-04-09 15:18:45,Debit,26148.49,INR,UPI,Grocery,Bengaluru,D00766-1,Success,12.5,13.25,No
T00018847,A000413,C00289,B024,2025-04-24 17:01:23,Debit,22593.37,INR,Mobile Banking,Utilities,Pune,D00289-1,Success,0.12,26.29,No
T00018870,A001419,C00988,B013,2026-08-23 01:56:59,Credit,83147.59,INR,Branch,Healthcare,Mumbai,D00988-1,Success,12.45,6.14,No
T00018871,A000459,C00322,B020,2026-02-23 08:45:34,Debit,27061.67,INR,Net Banking,ATM,Hyderabad,D00322-1,Success,25.5,17.68,No
T00018877,A000692,C00482,B025,2025-08-08 07:41:22,Debit,20877.3,INR,UPI,Utilities,Delhi,D00482-1,Success,25.25,28.74,No
T00018935,A000505,C00353,B004,2025-10-01 01:10:37,Debit,27607.23,INR,UPI,Healthcare,Hyderabad,D00353-1,Success,19.39,18.77,No
T00018942,A000602,C00422,B008,2026-08-24 11:20:41,Debit,69539.54,INR,Mobile Banking,Transfer,Mumbai,D00422-1,Success,7.52,26.97,No
T00018945,A000286,C00198,B014,2026-07-15 23:02:57,Credit,48646.33,INR,Card,Grocery,Madurai,D00198-1,Success,24.32,22.28,No
T00018991,A000156,C00101,B003,2025-07-21 16:37:36,Debit,29903.33,INR,UPI,Fuel,Coimbatore,D00101-1,Success,1.59,18.45,No
T00018992,A001249,C00869,B007,2024-04-24 07:50:19,Credit,210048.24,INR,Card,E-Commerce,Madurai,D00869-1,Success,23.48,11.43,No
T00018993,A000234,C00160,B010,2026-02-26 02:56:36,Credit,22998.94,INR,Branch,Fuel,Mumbai,D00160-1,Success,2.77,8.54,No
T00018999,A000361,C00252,B019,2026-07-13 15:10:50,Debit,47035.03,INR,UPI,Utilities,Mumbai,D00252-1,Success,29.48,7.04,No
T00019009,A001379,C00959,B023,2024-02-01 19:30:34,Credit,28924.12,INR,Card,Healthcare,Mumbai,D00959-1,Success,2.01,20.3,No
T00019020,A000491,C00344,B021,2024-12-14 10:17:00,Debit,20224.97,INR,UPI,Electronics,Kolkata,D00344-1,Success,32.78,28.19,No
T00019024,A000924,C00644,B001,2024-09-27 03:41:29,Debit,20805.41,INR,Branch,Utilities,Pune,D00644-1,Success,3.66,6.79,No
T00019032,A000915,C00635,B005,2026-04-06 07:12:01,Debit,55161.44,USD,UPI,Utilities,Pune,D00635-1,Success,23.03,23.77,No
T00019053,A000658,C00455,B010,2025-03-24 17:31:01,Debit,78252.69,EUR,Card,E-Commerce,Chennai,D00455-1,Success,31.59,9.41,No
T00019062,A000656,C00454,B023,2024-10-25 13:27:03,Credit,29509.36,INR,UPI,Grocery,Delhi,D00454-1,Success,21.32,26.74,No
T00019106,A000164,C00107,B014,2025-01-07 15:23:57,Debit,45550.3,INR,Mobile Banking,Electronics,Coimbatore,D00107-1,Success,29.64,27.29,No
T00019111,A000149,C00097,B010,2026-03-11 20:57:07,Debit,23667.08,INR,UPI,Grocery,Kolkata,D00097-1,Success,22.15,13.24,No
T00019118,A000671,C00464,B014,2024-05-07 08:11:29,Debit,55341.25,INR,UPI,ATM,Mumbai,D00464-1,Failed,0.7,20.95,No
T00019124,A001401,C00975,B003,2026-06-22 14:18:30,Debit,25283.3,INR,Card,Electronics,Bengaluru,D00975-1,Success,4.8,4.69,No
T00019125,A000015,C00010,B002,2026-08-01 23:14:25,Debit,33345.26,INR,Mobile Banking,Healthcare,Bengaluru,D00010-1,Success,32.4,21.09,No
T00019149,A000190,C00127,B002,2026-05-28 18:59:45,Debit,61588.51,INR,UPI,Fuel,Mumbai,D00127-1,Success,0.32,15.76,No
T00019159,A000838,C00583,B010,2026-03-21 15:02:22,Debit,20918.09,INR,ATM,Transfer,Coimbatore,D00583-1,Success,17.99,2.67,No
T00019177,A000320,C00222,B001,2025-03-09 01:35:54,Credit,33932.64,INR,UPI,Grocery,Delhi,D00222-1,Success,20.29,14.65,No
T00019188,A000993,C00697,B005,2026-02-08 01:02:29,Debit,19754.09,INR,Card,Healthcare,Coimbatore,D00697-1,Success,10.6,28.65,No
T00019211,A000779,C00539,B011,2026-03-22 17:33:23,Debit,28237.83,INR,Net Banking,Travel,Madurai,D00539-1,Success,5.2,26.88,No
T00019218,A001143,C00797,B002,2026-03-27 02:42:43,Debit,76943.84,INR,Branch,Electronics,Bengaluru,D00797-1,Success,10.64,23.56,No
T00019220,A000088,C00054,B015,2026-05-06 13:20:39,Credit,25297.03,INR,Card,Transfer,Kolkata,D00054-1,Success,1.27,27.51,No
T00019234,A000068,C00044,B004,2026-04-23 09:14:53,Debit,28234.71,INR,Mobile Banking,ATM,Coimbatore,D00044-1,Success,26.31,29.17,No
T00019271,A000382,C00267,B003,2024-10-23 08:46:22,Credit,26109.49,INR,Mobile Banking,Healthcare,Coimbatore,D00267-1,Failed,32.51,10.83,No
T00019274,A001301,C00905,B022,2026-08-17 19:55:56,Debit,29833.86,INR,Mobile Banking,Utilities,Kolkata,D00905-1,Success,10.99,2.1,No
T00019277,A000907,C00630,B001,2024-03-08 16:01:05,Credit,54094.07,INR,UPI,E-Commerce,Madurai,D00630-1,Success,22.91,13.69,No
T00019290,A000974,C00683,B001,2026-07-09 16:53:03,Debit,23885.45,INR,Net Banking,Dining,Kochi,D00683-1,Success,32.55,5.72,No
T00019305,A000887,C00618,B022,2025-12-07 00:18:07,Debit,38473.94,INR,UPI,Travel,Chennai,D00618-1,Success,12.17,19.9,No
T00019319,A000347,C00241,B003,2024-01-20 13:45:34,Debit,25362.32,INR,UPI,Utilities,Kolkata,D00241-1,Failed,17.16,5.38,No
T00019336,A000145,C00094,B005,2025-06-06 09:14:13,Debit,34927.9,INR,Net Banking,Travel,Hyderabad,D00094-1,Success,28.69,29.16,No
T00019348,A000608,C00425,B024,2026-08-03 17:33:58,Debit,93140.35,INR,Branch,ATM,Pune,D00425-1,Success,22.65,17.63,No
T00019379,A000165,C00108,B020,2026-07-25 15:41:36,Debit,25924.0,INR,UPI,Travel,Bengaluru,D00108-1,Success,26.81,15.21,No
T00019382,A000563,C00396,B007,2024-07-07 19:00:24,Debit,19805.67,INR,Mobile Banking,Travel,Kochi,D00396-1,Success,27.25,25.33,No
T00019393,A001144,C00798,B008,2025-12-05 19:42:18,Debit,23607.65,INR,UPI,Travel,Mumbai,D00798-1,Success,14.78,3.09,No
T00019406,A000289,C00200,B023,2025-10-14 19:56:15,Credit,47077.76,EUR,UPI,E-Commerce,Chennai,D00200-1,Success,29.06,15.29,No
T00019419,A000728,C00502,B020,2026-08-28 12:24:31,Credit,25484.58,INR,Branch,Fuel,Pune,D00502-1,Success,26.93,15.96,No
T00019421,A000046,C00032,B004,2025-01-04 23:04:06,Debit,36442.5,INR,ATM,E-Commerce,Mumbai,D00032-1,Success,23.53,20.63,No
T00019451,A000840,C00585,B011,2024-07-14 22:16:13,Debit,39417.86,INR,Mobile Banking,Utilities,Hyderabad,D00585-1,Success,26.3,24.18,No
T00019454,A001128,C00785,B001,2024-02-15 05:45:31,Debit,28238.95,INR,Net Banking,Fuel,Chennai,D00785-1,Success,33.04,12.48,No
T00019457,A000631,C00440,B010,2024-09-27 20:09:27,Debit,25679.72,INR,UPI,ATM,Coimbatore,D00440-1,Success,25.65,26.03,No
T00019477,A001405,C00978,B018,2025-09-24 08:07:12,Debit,20009.26,INR,Card,Utilities,Pune,D00978-1,Success,13.42,3.02,No
T00019484,A000890,C00620,B024,2026-04-15 07:26:34,Credit,29827.28,INR,UPI,Transfer,Coimbatore,D00620-1,Failed,22.14,10.35,No
T00019486,A001256,C00874,B008,2026-04-07 20:24:52,Debit,20442.4,INR,Card,Transfer,Kochi,D00874-1,Success,9.53,9.58,No
T00019501,A000734,C00507,B025,2024-08-29 05:22:38,Credit,19856.04,INR,Card,ATM,Bengaluru,D00507-1,Success,25.59,23.85,No
T00019509,A001145,C00799,B013,2025-07-18 19:01:10,Credit,64351.47,INR,Card,Dining,Madurai,D00799-1,Success,30.98,8.63,No
T00019520,A000916,C00636,B025,2026-06-16 00:43:02,Credit,59404.07,INR,Net Banking,Electronics,Chennai,D00636-1,Success,12.33,27.07,No
T00019527,A000459,C00322,B020,2026-05-06 07:44:46,Debit,22810.31,INR,Net Banking,ATM,Hyderabad,D00322-1,Success,30.48,27.75,No
T00019532,A000441,C00308,B016,2026-06-19 22:19:42,Debit,45961.88,INR,UPI,Grocery,Hyderabad,D00308-1,Success,15.9,15.39,No
T00019537,A000933,C00651,B002,2025-04-25 21:51:51,Debit,23570.06,INR,UPI,ATM,Madurai,D00651-1,Success,19.9,5.21,No
T00019538,A000287,C00199,B020,2026-02-04 21:41:09,Debit,19972.29,INR,Mobile Banking,Electronics,Bengaluru,D00199-1,Success,31.3,17.62,No
T00019575,A000307,C00212,B025,2026-04-28 08:15:14,Debit,58111.81,INR,Card,Fuel,Bengaluru,D00212-1,Success,18.13,18.24,No
T00019583,A001175,C00819,B006,2026-04-01 05:03:19,Debit,20391.01,INR,Net Banking,Travel,Madurai,D00819-1,Success,10.89,4.77,No
T00019626,A000185,C00122,B016,2024-03-12 14:05:30,Debit,46095.63,INR,Mobile Banking,Electronics,Madurai,D00122-1,Success,5.6,8.29,No
T00019709,A000459,C00322,B020,2025-10-05 05:28:16,Debit,24178.6,INR,Card,Electronics,Hyderabad,D00322-1,Success,1.57,27.8,No
T00019712,A000832,C00579,B002,2026-02-18 00:48:01,Credit,47135.27,INR,Net Banking,E-Commerce,Kolkata,D00579-1,Success,24.13,16.68,No
T00019715,A000040,C00028,B013,2026-01-02 17:44:10,Debit,47072.51,INR,Net Banking,Transfer,Mumbai,D00028-1,Success,6.32,25.26,No
T00019719,A001270,C00883,B011,2026-02-15 09:03:46,Debit,61228.73,INR,Net Banking,Healthcare,Bengaluru,D00883-1,Success,21.01,18.72,No
T00019737,A000063,C00043,B025,2026-05-30 02:49:54,Credit,26016.65,INR,UPI,E-Commerce,Delhi,D00043-1,Success,28.66,5.18,No
T00019758,A000423,C00295,B002,2025-08-09 22:15:38,Credit,22380.81,INR,Card,Dining,Kochi,D00295-1,Success,22.59,29.32,No
T00019765,A001041,C00731,B017,2024-10-07 10:15:20,Debit,20868.97,INR,UPI,E-Commerce,Hyderabad,D00731-1,Success,18.9,17.27,No
T00019774,A000438,C00307,B004,2026-03-04 13:07:00,Debit,24305.5,INR,Net Banking,Travel,Kochi,D00307-1,Success,10.99,4.81,No
T00019777,A001053,C00740,B019,2025-03-27 07:35:00,Debit,34887.93,INR,Card,Electronics,Chennai,D00740-1,Success,3.23,11.27,No
T00019792,A000747,C00515,B006,2026-02-03 19:18:20,Debit,22446.66,INR,UPI,Electronics,Coimbatore,D00515-1,Success,9.79,20.73,No
T00019794,A000641,C00446,B017,2026-04-12 07:12:37,Debit,21420.0,INR,UPI,E-Commerce,Chennai,D00446-1,Success,29.49,25.26,No
T00019798,A001087,C00763,B001,2026-05-14 18:08:20,Credit,31401.07,INR,UPI,Travel,Hyderabad,D00763-1,Success,7.01,2.1,No
T00019809,A000099,C00061,B013,2025-11-05 23:58:03,Debit,39080.31,INR,Mobile Banking,E-Commerce,Bengaluru,D00061-1,Failed,11.85,14.76,No
T00019813,A001191,C00829,B014,2026-06-05 15:45:46,Debit,38913.23,INR,ATM,Transfer,Pune,D00829-1,Success,21.21,26.94,No
T00019836,A000446,C00312,B017,2026-08-02 03:38:13,Debit,22500.51,INR,Mobile Banking,Travel,Madurai,D00312-1,Success,18.34,5.79,No
T00019852,A000246,C00169,B008,2025-01-25 10:39:14,Credit,20248.31,INR,ATM,Fuel,Chennai,D00169-1,Success,7.99,2.31,No
T00019862,A001319,C00916,B003,2025-10-19 04:27:40,Debit,36883.1,INR,Card,E-Commerce,Bengaluru,D00916-1,Success,5.03,29.27,No
T00019878,A001246,C00866,B018,2026-04-20 09:36:15,Debit,32306.08,INR,Card,Transfer,Mumbai,D00866-1,Success,2.88,26.82,No
T00019879,A001173,C00818,B006,2024-04-06 07:41:25,Debit,34672.99,INR,Mobile Banking,Fuel,Kolkata,D00818-1,Success,14.87,28.61,No
T00019896,A000618,C00431,B002,2026-04-22 14:05:12,Debit,19792.59,INR,UPI,Dining,Mumbai,D00431-1,Failed,5.77,7.7,No
T00019900,A001035,C00725,B004,2024-03-30 03:07:02,Credit,20410.52,INR,Card,Travel,Mumbai,D00725-1,Success,20.35,3.78,No
T00019906,A000723,C00500,B015,2025-03-25 13:22:15,Debit,31769.88,INR,Card,Grocery,Madurai,D00500-1,Success,32.15,6.28,No
T00019920,A000573,C00402,B009,2026-08-20 10:14:37,Debit,20745.6,INR,Mobile Banking,Fuel,Chennai,D00402-1,Success,2.42,29.75,No
T00019926,A001189,C00828,B003,2025-11-07 16:43:34,Debit,30725.93,INR,UPI,Healthcare,Bengaluru,D00828-1,Success,10.28,26.67,No
T00019930,A000859,C00596,B008,2025-07-10 06:48:12,Debit,25702.85,INR,ATM,Dining,Kolkata,D00596-1,Success,11.05,26.27,No
T00019959,A000526,C00368,B014,2024-06-03 23:31:11,Debit,19855.22,INR,UPI,E-Commerce,Kochi,D00368-1,Success,5.34,29.4,No
T00019965,A000791,C00547,B002,2025-01-10 05:52:35,Debit,36101.45,INR,UPI,Dining,Bengaluru,D00547-1,Success,27.86,20.05,No
T00019974,A000912,C00633,B019,2026-04-19 05:35:37,Debit,32112.44,INR,Card,Grocery,Kolkata,D00633-1,Success,30.5,16.63,No
T00019980,A000902,C00626,B019,2026-06-02 23:35:51,Credit,28455.97,INR,UPI,Grocery,Coimbatore,D00626-1,Success,10.21,15.8,No
T00019989,A001322,C00918,B021,2026-08-16 23:33:38,Debit,250000.0,INR,Mobile Banking,ATM,Bengaluru,D00918-1,Success,31.13,13.36,No
T00020009,A000298,C00206,B017,2026-01-25 02:21:39,Debit,33785.69,INR,Mobile Banking,Grocery,Pune,D00206-1,Success,4.5,20.52,No
T00020032,A000201,C00134,B023,2025-11-20 21:19:45,Debit,24496.31,INR,ATM,Grocery,Chennai,D00134-1,Success,23.94,24.8,No
T00020052,A000692,C00482,B025,2026-06-27 21:38:34,Debit,21316.15,INR,Branch,Transfer,Delhi,D00482-1,Success,22.05,4.81,No
T00020058,A001192,C00829,B014,2025-06-19 06:19:49,Credit,28037.31,INR,Mobile Banking,Utilities,Pune,D00829-1,Failed,20.09,11.76,No
T00020063,A000585,C00410,B006,2026-06-28 23:01:13,Debit,51962.16,INR,Net Banking,Dining,Pune,D00410-1,Success,22.73,25.11,No
T00020073,A000144,C00094,B005,2024-09-21 02:58:17,Debit,26179.7,INR,Net Banking,Transfer,Hyderabad,D00094-1,Success,10.85,27.9,No
T00020087,A000494,C00346,B015,2025-06-21 13:07:32,Credit,41333.75,USD,Net Banking,Fuel,Mumbai,D00346-1,Success,2.4,15.93,No
T00020099,A000219,C00149,B015,2026-08-27 20:00:07,Debit,19969.63,INR,UPI,Dining,Coimbatore,D00149-1,Success,34.99,17.86,No
T00020145,A000514,C00357,B013,2024-01-14 23:30:16,Credit,27249.95,INR,UPI,Electronics,Coimbatore,D00357-1,Success,14.55,10.82,No
T00020157,A000859,C00596,B008,2026-02-09 20:13:34,Credit,22515.14,INR,UPI,Electronics,Kolkata,D00596-1,Success,20.03,15.13,No
T00020198,A000369,C00257,B005,2026-05-06 18:27:42,Debit,30869.65,INR,Net Banking,E-Commerce,Kochi,D00257-1,Success,1.03,11.21,No
T00020204,A000711,C00494,B025,2026-01-19 02:13:42,Debit,29206.43,INR,UPI,Travel,Mumbai,D00494-1,Success,13.66,25.65,No
T00020229,A000352,C00244,B001,2026-08-13 10:48:52,Debit,26859.2,INR,UPI,Fuel,Kolkata,D00244-1,Success,7.64,25.48,No
T00020281,A000352,C00244,B001,2026-08-23 12:25:14,Credit,22365.72,INR,UPI,Transfer,Kolkata,D00244-1,Success,16.62,4.97,No
T00020294,A000505,C00353,B004,2026-07-11 23:14:07,Debit,71674.87,INR,Card,Healthcare,Hyderabad,D00353-1,Success,0.57,16.3,No
T00020308,A000218,C00148,B016,2026-06-16 20:45:18,Debit,43627.56,INR,ATM,Utilities,Kolkata,D00148-1,Success,32.84,6.68,No
T00020309,A000347,C00241,B003,2026-01-24 08:17:04,Debit,27733.48,INR,ATM,Grocery,Kolkata,D00241-1,Success,15.83,27.97,No
T00020312,A000746,C00514,B014,2026-08-05 12:40:12,Debit,23608.55,INR,Branch,Electronics,Chennai,D00514-1,Success,8.16,10.82,No
T00020321,A000371,C00259,B014,2025-09-23 19:09:33,Credit,24436.12,INR,Card,E-Commerce,Bengaluru,D00259-1,Success,17.67,14.46,No
T00020327,A000324,C00224,B024,2025-09-26 14:00:00,Credit,22020.45,INR,UPI,Grocery,Mumbai,D00224-1,Success,22.11,11.74,No
T00020345,A001202,C00835,B022,2025-09-05 15:15:46,Debit,25587.33,INR,Card,Electronics,Mumbai,D00835-1,Success,31.93,7.63,No
T00020353,A000858,C00595,B024,2025-09-14 03:27:23,Debit,20897.57,EUR,Card,Utilities,Chennai,D00595-1,Success,14.8,8.21,No
T00020400,A001247,C00867,B015,2025-09-30 22:51:31,Credit,46730.49,INR,UPI,Healthcare,Madurai,D00867-1,Success,34.42,29.67,No
T00020407,A000785,C00543,B020,2026-04-09 09:11:29,Debit,20966.09,INR,Card,Dining,Kochi,D00543-1,Success,17.93,15.53,No
T00020438,A000977,C00685,B001,2026-05-31 10:20:05,Debit,26595.3,USD,UPI,Fuel,Delhi,D00685-1,Success,8.43,20.92,No
T00020441,A000217,C00148,B016,2025-04-02 23:22:50,Credit,22988.11,INR,Card,ATM,Kolkata,D00148-1,Success,26.3,25.23,No
T00020444,A001339,C00932,B018,2026-08-18 01:03:52,Debit,37185.98,INR,Mobile Banking,Travel,Delhi,D00932-1,Success,16.73,10.06,No
T00020492,A001117,C00779,B020,2024-12-01 04:46:23,Credit,27093.48,INR,UPI,Dining,Kolkata,D00779-1,Success,18.66,5.8,No
T00020511,A001381,C00960,B004,2024-08-07 18:28:21,Debit,51543.73,INR,Branch,E-Commerce,Hyderabad,D00960-1,Success,27.14,23.15,No
T00020520,A001168,C00814,B019,2026-08-22 08:41:15,Debit,24229.33,INR,UPI,Travel,Coimbatore,D00814-1,Success,33.44,6.89,No
T00020529,A000583,C00409,B025,2025-08-17 03:43:48,Debit,46266.09,INR,UPI,ATM,Coimbatore,D00409-1,Success,6.6,6.35,No
T00020558,A000467,C00327,B003,2026-05-31 23:06:40,Debit,21797.23,INR,UPI,Dining,Chennai,D00327-1,Failed,30.68,7.4,No
T00020560,A000952,C00665,B024,2025-11-04 09:16:25,Credit,21254.98,INR,ATM,Grocery,Bengaluru,D00665-1,Success,30.58,16.11,No
T00020588,A000348,C00242,B025,2025-10-23 08:27:22,Debit,20442.42,INR,Mobile Banking,Fuel,Bengaluru,D00242-1,Success,31.83,18.67,No
T00020603,A000150,C00097,B010,2026-02-26 11:34:40,Credit,22113.21,INR,Card,Electronics,Kolkata,D00097-1,Success,14.14,27.34,No
T00020604,A000491,C00344,B021,2025-06-04 03:32:58,Credit,43652.41,INR,ATM,Transfer,Kolkata,D00344-1,Success,15.33,25.89,No
T00020608,A000993,C00697,B005,2025-09-29 05:48:49,Debit,36247.39,INR,UPI,Healthcare,Coimbatore,D00697-1,Success,18.72,8.1,No
T00020609,A000520,C00363,B025,2025-02-02 16:05:36,Debit,20505.16,INR,UPI,ATM,Kochi,D00363-1,Success,34.31,29.1,No
T00020616,A001391,C00968,B013,2026-05-19 00:22:33,Debit,31973.59,INR,Card,Electronics,Madurai,D00968-1,Success,12.54,28.58,No
T00020638,A000148,C00096,B020,2024-09-20 17:49:53,Debit,40036.29,INR,UPI,Dining,Kochi,D00096-1,Success,2.48,21.58,No
T00020647,A000168,C00110,B006,2026-07-11 12:47:29,Debit,32990.47,INR,UPI,Utilities,Mumbai,D00110-1,Success,27.15,14.09,No
T00020651,A001369,C00953,B006,2026-06-13 21:06:50,Debit,37141.25,INR,UPI,Electronics,Delhi,D00953-1,Success,28.96,15.29,No
T00020652,A000057,C00040,B012,2025-02-10 11:42:59,Debit,29397.5,INR,Card,Utilities,Kolkata,D00040-1,Success,7.75,19.06,No
T00020666,A001385,C00963,B024,2025-09-07 06:57:46,Debit,30136.19,INR,UPI,Utilities,Kochi,D00963-1,Success,7.83,5.36,No
T00020674,A001367,C00952,B004,2025-09-19 11:02:19,Debit,26077.93,INR,Card,Dining,Mumbai,D00952-1,Success,32.2,13.79,No
T00020677,A001099,C00770,B003,2026-03-20 20:53:17,Debit,35771.83,INR,UPI,E-Commerce,Mumbai,D00770-1,Failed,6.63,19.86,No
T00020678,A000114,C00069,B021,2025-09-03 00:06:34,Debit,22651.73,INR,Net Banking,Healthcare,Bengaluru,D00069-1,Success,4.44,7.99,No
T00020691,A001299,C00904,B003,2025-10-22 02:56:12,Debit,26621.74,INR,UPI,E-Commerce,Bengaluru,D00904-1,Success,8.65,14.57,No
T00020724,A000069,C00045,B025,2025-06-05 11:45:18,Debit,22068.9,INR,Mobile Banking,Dining,Mumbai,D00045-1,Success,34.12,13.08,No
T00020726,A000477,C00334,B012,2024-08-19 08:49:07,Debit,35404.42,INR,UPI,Healthcare,Chennai,D00334-1,Success,10.21,28.34,No
T00020740,A001126,C00784,B005,2026-08-06 14:13:49,Debit,114454.83,USD,Card,Fuel,Chennai,D00784-1,Success,5.72,28.75,No
T00020748,A000647,C00450,B009,2025-04-13 08:33:17,Debit,21230.86,INR,Card,ATM,Kochi,D00450-1,Success,27.65,8.9,No
T00020754,A000573,C00402,B009,2026-07-06 06:12:38,Credit,33815.97,INR,UPI,Dining,Chennai,D00402-1,Success,34.74,29.12,No
T00020761,A000500,C00350,B024,2026-02-03 13:10:36,Credit,36624.46,INR,UPI,ATM,Delhi,D00350-1,Success,12.59,10.51,No
T00020764,A001353,C00942,B021,2025-02-19 04:54:02,Debit,28534.08,INR,Card,Transfer,Kochi,D00942-1,Success,1.8,2.78,No
T00020774,A000953,C00666,B013,2025-02-21 04:30:53,Credit,22312.79,INR,UPI,Utilities,Coimbatore,D00666-1,Success,6.55,9.42,No
T00020782,A000296,C00205,B023,2026-07-18 07:26:04,Debit,21959.4,INR,UPI,Dining,Kochi,D00205-1,Success,31.2,19.99,No
T00020784,A000114,C00069,B021,2026-02-19 11:22:23,Debit,31051.36,INR,Net Banking,Transfer,Bengaluru,D00069-1,Success,18.88,25.9,No
T00020792,A000773,C00536,B019,2026-06-05 01:14:23,Debit,32427.2,INR,Net Banking,Utilities,Coimbatore,D00536-1,Success,13.43,27.89,No
T00020807,A001367,C00952,B004,2026-03-18 09:08:48,Debit,22300.72,INR,Card,ATM,Mumbai,D00952-1,Success,27.39,17.71,No
T00020812,A000011,C00007,B025,2026-05-27 05:29:59,Debit,20014.77,INR,Mobile Banking,Travel,Hyderabad,D00007-1,Success,17.04,6.14,No
T00020837,A000052,C00036,B001,2026-03-06 20:50:10,Credit,150630.11,INR,UPI,Healthcare,Delhi,D00036-1,Success,5.83,27.92,No
T00020843,A000963,C00675,B020,2026-08-07 23:04:52,Credit,25277.14,INR,Mobile Banking,Electronics,Madurai,D00675-1,Success,16.03,9.81,No
T00020878,A000215,C00146,B016,2026-08-14 06:10:45,Debit,23136.14,INR,Card,Dining,Kochi,D00146-1,Success,2.89,2.15,No
T00020901,A000762,C00528,B012,2025-12-10 03:22:52,Debit,84144.57,INR,Card,Grocery,Kochi,D00528-1,Success,11.17,7.78,No
T00020903,A000822,C00570,B015,2025-02-04 16:18:30,Debit,42109.97,INR,UPI,Healthcare,Bengaluru,D00570-1,Success,11.38,19.05,No
T00020904,A000515,C00358,B008,2025-03-10 14:19:00,Debit,27676.09,INR,UPI,Utilities,Hyderabad,D00358-1,Success,32.49,19.96,No
T00020908,A000463,C00324,B022,2024-03-22 13:33:25,Credit,44493.14,INR,Card,ATM,Bengaluru,D00324-1,Success,20.99,9.36,No
T00020912,A000936,C00654,B006,2026-03-20 14:57:00,Debit,27231.66,INR,UPI,Healthcare,Madurai,D00654-1,Success,7.42,10.39,No
T00020914,A000684,C00475,B018,2026-07-20 21:41:14,Debit,48334.7,INR,Card,Dining,Mumbai,D00475-1,Success,3.04,4.05,No
T00020915,A000837,C00582,B014,2024-04-14 23:46:40,Debit,38937.03,INR,ATM,Transfer,Madurai,D00582-1,Success,12.86,23.78,No
T00020953,A000649,C00451,B016,2025-03-17 20:17:00,Debit,24984.49,INR,UPI,Electronics,Hyderabad,D00451-1,Success,28.29,24.58,No
T00020955,A000696,C00485,B010,2026-06-07 10:40:09,Debit,29931.73,INR,UPI,Healthcare,Madurai,D00485-1,Success,22.79,20.04,No
T00020960,A000366,C00255,B011,2026-06-20 06:32:25,Credit,27370.89,USD,Mobile Banking,ATM,Coimbatore,D00255-1,Success,4.39,11.26,No
T00020981,A000823,C00571,B004,2024-05-03 13:56:53,Debit,23081.61,INR,Card,Healthcare,Mumbai,D00571-1,Success,24.42,19.26,No
T00020986,A000116,C00070,B010,2026-07-05 11:34:00,Debit,36625.17,INR,Net Banking,Dining,Madurai,D00070-1,Success,32.97,18.13,No
T00021009,A000975,C00684,B017,2026-07-19 11:19:21,Debit,34035.23,INR,Net Banking,E-Commerce,Bengaluru,D00684-1,Success,13.85,22.12,No
T00021010,A001108,C00775,B012,2025-04-25 00:16:38,Debit,19884.24,INR,UPI,Utilities,Mumbai,D00775-1,Failed,2.18,13.27,No
T00021011,A000532,C00374,B005,2026-07-19 06:03:08,Credit,27406.18,INR,UPI,Transfer,Kochi,D00374-1,Success,33.73,27.05,No
T00021018,A000206,C00138,B017,2026-01-13 00:44:00,Debit,30267.78,INR,UPI,E-Commerce,Kochi,D00138-1,Success,14.3,10.61,No
T00021030,A000742,C00511,B016,2025-08-14 09:32:30,Credit,26452.48,INR,ATM,Electronics,Bengaluru,D00511-1,Success,15.01,3.31,No
T00021031,A001387,C00965,B002,2026-04-17 02:04:46,Credit,25681.93,INR,Card,Dining,Kochi,D00965-1,Success,25.55,9.07,No
T00021047,A000414,C00290,B020,2025-08-29 01:01:50,Debit,25856.27,INR,Card,Electronics,Coimbatore,D00290-1,Success,13.16,27.0,No
T00021056,A001106,C00774,B012,2025-03-29 16:21:04,Debit,31704.99,INR,Net Banking,Healthcare,Kolkata,D00774-1,Success,10.4,8.99,No
T00021073,A000961,C00673,B005,2025-06-06 03:45:12,Debit,23252.68,INR,Card,Grocery,Chennai,D00673-1,Success,6.29,9.29,No
T00021075,A001091,C00766,B010,2025-06-21 13:12:28,Debit,26018.47,INR,Net Banking,Travel,Bengaluru,D00766-1,Success,14.01,10.9,No
T00021107,A001265,C00880,B018,2025-04-14 10:25:28,Debit,19790.52,INR,Net Banking,Electronics,Madurai,D00880-1,Failed,29.78,26.14,No
T00021109,A000508,C00354,B023,2026-06-04 13:32:49,Credit,38335.27,INR,Mobile Banking,Healthcare,Coimbatore,D00354-1,Success,8.48,16.49,No
T00021114,A001041,C00731,B017,2025-06-13 01:30:55,Debit,21752.06,INR,UPI,Healthcare,Hyderabad,D00731-1,Success,17.57,29.3,No
T00021120,A000204,C00136,B025,2024-01-28 21:01:35,Credit,53775.37,INR,UPI,Electronics,Kochi,D00136-1,Success,23.47,15.49,No
T00021143,A001404,C00977,B018,2025-05-19 14:52:21,Debit,51947.22,INR,Net Banking,Fuel,Kochi,D00977-1,Success,7.52,19.65,No
T00021144,A000183,C00121,B015,2025-11-04 15:00:09,Debit,21198.8,INR,Card,Utilities,Chennai,D00121-1,Success,14.8,6.35,No
T00021145,A001307,C00910,B015,2026-01-12 11:41:30,Debit,55156.25,INR,UPI,Electronics,Mumbai,D00910-1,Success,7.15,18.44,No
T00021149,A000003,C00002,B017,2026-07-25 00:59:49,Debit,23618.92,INR,UPI,Dining,Kochi,D00002-1,Success,23.04,13.8,No
T00021168,A000577,C00406,B011,2026-01-29 13:27:21,Debit,28329.22,INR,Card,Fuel,Kolkata,D00406-1,Failed,17.67,10.92,No
T00021174,A000102,C00063,B001,2026-08-16 15:48:56,Debit,25594.09,INR,Mobile Banking,Healthcare,Hyderabad,D00063-1,Success,11.43,8.11,No
T00021192,A001367,C00952,B004,2025-03-22 04:52:26,Credit,31790.92,INR,UPI,Electronics,Mumbai,D00952-1,Success,6.07,7.13,No
T00021212,A000324,C00224,B024,2025-08-31 10:52:29,Credit,31712.77,INR,Card,Transfer,Mumbai,D00224-1,Failed,22.47,25.77,No
T00021216,A000069,C00045,B025,2025-06-14 16:30:39,Debit,43444.17,INR,Card,Dining,Mumbai,D00045-1,Success,10.62,4.47,No
T00021218,A000701,C00489,B005,2025-12-12 01:09:57,Debit,20254.01,INR,UPI,Electronics,Delhi,D00489-1,Success,11.01,12.99,No
T00021229,A000985,C00690,B020,2026-07-04 00:37:32,Debit,21942.62,INR,Card,Utilities,Delhi,D00690-1,Success,27.9,11.69,No
T00021248,A000512,C00357,B013,2026-08-17 13:33:25,Debit,25337.64,INR,UPI,E-Commerce,Coimbatore,D00357-1,Success,17.0,10.84,No
T00021260,A000895,C00623,B024,2026-07-02 17:07:27,Credit,90251.51,INR,UPI,Fuel,Mumbai,D00623-1,Success,5.26,13.83,No
T00021262,A000353,C00245,B013,2025-07-04 05:39:01,Debit,26742.77,INR,Mobile Banking,ATM,Madurai,D00245-1,Success,3.19,23.18,No
T00021296,A000826,C00573,B007,2025-10-24 04:37:49,Debit,34561.1,INR,UPI,E-Commerce,Kolkata,D00573-1,Success,33.38,4.32,No
T00021300,A001242,C00864,B016,2026-02-19 15:05:08,Debit,20202.29,INR,UPI,Dining,Delhi,D00864-1,Success,13.05,22.1,No
T00021311,A000048,C00034,B008,2026-05-11 03:04:23,Credit,37902.88,INR,Net Banking,Electronics,Delhi,D00034-1,Success,24.66,16.82,No
T00021327,A000680,C00471,B017,2026-05-23 01:29:11,Debit,21046.03,INR,Net Banking,Transfer,Hyderabad,D00471-1,Success,5.81,5.04,No
T00021343,A000655,C00454,B023,2024-07-18 01:45:27,Credit,24904.08,INR,Net Banking,Travel,Delhi,D00454-1,Success,12.52,8.87,No
T00021357,A000852,C00592,B014,2024-04-14 06:39:28,Credit,46072.64,EUR,UPI,Electronics,Kochi,D00592-1,Success,26.28,2.75,No
T00021363,A000823,C00571,B004,2024-06-24 13:11:50,Credit,36456.78,INR,Branch,Utilities,Mumbai,D00571-1,Success,13.98,24.79,No
T00021370,A000023,C00017,B023,2026-05-02 04:15:49,Credit,22518.06,USD,UPI,Grocery,Hyderabad,D00017-1,Success,34.53,23.89,No
T00021374,A001065,C00748,B009,2026-04-30 22:16:01,Credit,36188.75,INR,Card,Healthcare,Madurai,D00748-1,Success,22.15,3.12,No
T00021376,A000337,C00233,B019,2026-02-21 16:25:20,Debit,26627.6,INR,UPI,Utilities,Madurai,D00233-1,Success,27.58,20.01,No
T00021382,A001300,C00904,B003,2024-07-24 06:56:20,Debit,24021.05,INR,Card,Transfer,Bengaluru,D00904-1,Success,17.55,26.42,No
T00021391,A000590,C00414,B003,2025-11-25 09:36:11,Credit,19785.02,INR,Card,Travel,Delhi,D00414-1,Success,4.09,9.44,No
T00021396,A000943,C00659,B005,2026-07-09 10:06:24,Debit,35586.03,INR,UPI,E-Commerce,Coimbatore,D00659-1,Success,28.19,23.67,No
T00021401,A000706,C00492,B025,2026-02-21 15:59:36,Debit,32746.04,INR,Mobile Banking,Utilities,Bengaluru,D00492-1,Success,26.42,23.71,No
T00021403,A000346,C00240,B022,2026-06-17 19:01:53,Debit,30122.5,INR,UPI,Dining,Coimbatore,D00240-1,Success,14.63,24.03,No
T00021405,A001229,C00856,B021,2025-11-24 20:01:07,Credit,24941.86,INR,Net Banking,Travel,Bengaluru,D00856-1,Success,15.5,6.15,No
T00021418,A000867,C00601,B022,2026-02-16 09:25:28,Credit,25721.6,INR,UPI,Dining,Pune,D00601-1,Success,12.78,29.76,No
T00021426,A000545,C00381,B024,2026-05-02 12:08:23,Debit,48283.34,INR,UPI,Utilities,Pune,D00381-1,Success,18.82,26.69,No
T00021435,A000045,C00031,B013,2026-05-14 21:59:21,Debit,29000.15,INR,UPI,Electronics,Kolkata,D00031-1,Success,8.91,5.01,No
T00021437,A000602,C00422,B008,2025-09-20 16:28:37,Credit,33975.68,INR,Card,Healthcare,Mumbai,D00422-1,Success,13.43,2.44,No
T00021450,A000699,C00488,B001,2026-08-01 15:18:29,Credit,65246.45,INR,Card,Utilities,Coimbatore,D00488-1,Success,22.59,24.7,No
T00021467,A000409,C00287,B009,2026-08-11 20:38:20,Credit,27524.81,EUR,UPI,E-Commerce,Kolkata,D00287-1,Success,20.68,29.1,No
T00021483,A001002,C00703,B003,2026-07-20 07:29:55,Credit,19991.93,INR,Card,Travel,Kolkata,D00703-1,Success,29.05,23.57,No
T00021484,A001037,C00727,B003,2025-08-21 10:09:16,Debit,45873.52,INR,Card,Healthcare,Kolkata,D00727-1,Success,20.9,21.72,No
T00021508,A000215,C00146,B016,2025-05-03 17:38:21,Credit,21517.46,INR,UPI,Travel,Kochi,D00146-1,Success,33.12,16.74,No
T00021519,A000327,C00226,B017,2025-04-09 13:35:22,Credit,20547.41,INR,UPI,Travel,Kochi,D00226-1,Failed,2.16,8.11,No
T00021548,A001143,C00797,B002,2026-06-09 19:55:11,Debit,45655.93,INR,Branch,Transfer,Bengaluru,D00797-1,Success,25.96,2.91,No
T00021576,A000902,C00626,B019,2026-03-10 00:45:57,Credit,21573.35,INR,Net Banking,Utilities,Coimbatore,D00626-1,Success,19.8,11.15,No
T00021593,A001398,C00973,B021,2024-02-22 00:00:14,Debit,23033.28,INR,Card,Healthcare,Pune,D00973-1,Success,20.02,4.88,No
T00021602,A000452,C00316,B017,2026-03-06 01:18:58,Credit,25768.56,INR,Mobile Banking,ATM,Coimbatore,D00316-1,Success,4.09,13.91,No
T00021604,A000339,C00235,B002,2025-08-04 19:22:08,Debit,27777.83,INR,UPI,Healthcare,Pune,D00235-1,Success,9.81,26.52,No
T00021610,A000595,C00417,B018,2024-09-21 13:36:23,Credit,250000.0,INR,Net Banking,Electronics,Hyderabad,D00417-1,Success,24.37,22.97,No
T00021615,A001174,C00819,B006,2024-08-23 13:30:50,Debit,26550.04,INR,UPI,ATM,Madurai,D00819-1,Success,31.7,19.37,No
T00021640,A000736,C00508,B002,2026-08-10 03:37:40,Debit,40564.58,INR,Mobile Banking,Fuel,Pune,D00508-1,Success,23.72,18.82,No
T00021650,A000813,C00563,B009,2025-07-20 11:55:40,Debit,25754.41,INR,Card,Healthcare,Mumbai,D00563-1,Success,12.59,18.17,No
T00021660,A000653,C00453,B015,2025-12-01 12:13:38,Debit,68904.72,INR,Net Banking,E-Commerce,Coimbatore,D00453-1,Success,2.16,9.95,No
T00021661,A001218,C00847,B019,2024-11-23 16:45:42,Debit,22112.9,INR,ATM,Transfer,Chennai,D00847-1,Success,24.17,19.93,No
T00021665,A001370,C00954,B015,2026-04-21 03:01:12,Debit,33127.0,INR,Net Banking,Fuel,Chennai,D00954-1,Success,22.44,21.3,No
T00021688,A000297,C00205,B023,2026-07-18 02:24:39,Credit,21565.74,INR,UPI,Dining,Kochi,D00205-1,Success,5.92,2.48,No
T00021698,A000511,C00356,B007,2024-05-03 23:30:25,Debit,24070.0,INR,Mobile Banking,ATM,Coimbatore,D00356-1,Success,23.27,25.04,No
T00021702,A001278,C00888,B024,2025-08-02 16:30:26,Credit,27932.77,INR,Net Banking,Healthcare,Bengaluru,D00888-1,Success,32.4,2.74,No
T00021711,A000507,C00354,B023,2026-03-16 23:32:07,Debit,38205.7,INR,UPI,Dining,Coimbatore,D00354-1,Success,5.62,10.62,No
T00021715,A000855,C00593,B002,2024-09-12 13:49:03,Credit,23054.36,INR,Net Banking,Electronics,Hyderabad,D00593-1,Success,34.94,12.76,No
T00021716,A001100,C00771,B004,2024-01-04 19:07:00,Debit,25709.26,INR,UPI,Utilities,Coimbatore,D00771-1,Success,27.49,5.29,No
T00021757,A000635,C00443,B022,2026-01-06 04:10:58,Credit,20753.42,EUR,Mobile Banking,Fuel,Kochi,D00443-1,Success,23.58,7.42,No
T00021776,A000717,C00497,B002,2026-02-20 19:30:09,Debit,23148.44,INR,Card,Dining,Delhi,D00497-1,Success,31.97,18.08,No
T00021801,A001050,C00737,B004,2025-12-03 13:35:36,Credit,24812.1,INR,ATM,Healthcare,Pune,D00737-1,Success,15.35,25.72,No
T00021816,A001065,C00748,B009,2024-10-26 13:23:05,Debit,19727.19,INR,Mobile Banking,Travel,Madurai,D00748-1,Success,13.93,14.49,No
T00021822,A000251,C00172,B008,2025-04-25 16:38:37,Debit,58713.62,INR,Net Banking,Utilities,Kolkata,D00172-1,Success,13.17,2.39,No
T00021863,A000780,C00540,B007,2025-10-13 03:39:47,Debit,25903.41,INR,UPI,E-Commerce,Hyderabad,D00540-1,Success,33.42,9.84,No
T00021876,A000021,C00015,B003,2025-06-04 09:34:38,Credit,22236.75,INR,UPI,Healthcare,Delhi,D00015-1,Success,11.29,26.59,No
T00021915,A000246,C00169,B008,2026-01-16 08:40:22,Credit,34165.32,INR,UPI,Dining,Chennai,D00169-1,Success,1.6,12.93,No
T00021927,A000996,C00698,B010,2024-07-28 10:33:01,Credit,30829.37,INR,UPI,Healthcare,Kolkata,D00698-1,Success,17.6,8.22,No
T00021939,A000495,C00346,B015,2025-12-14 14:30:09,Debit,20502.99,INR,UPI,Travel,Mumbai,D00346-1,Success,9.68,6.28,No
T00021949,A001120,C00781,B004,2026-02-17 10:02:23,Debit,30416.0,INR,UPI,Fuel,Bengaluru,D00781-1,Success,9.3,21.06,No
T00021953,A000205,C00137,B002,2025-11-10 16:40:00,Debit,28990.29,INR,Branch,Travel,Hyderabad,D00137-1,Reversed,11.65,10.88,No
T00021973,A000347,C00241,B003,2025-02-28 19:37:13,Debit,27982.61,INR,UPI,Grocery,Kolkata,D00241-1,Success,8.29,25.1,No
T00022008,A000797,C00551,B010,2026-06-16 00:07:11,Debit,24701.8,INR,UPI,Dining,Pune,D00551-1,Success,21.13,16.8,No
T00022018,A000107,C00065,B005,2026-07-20 20:42:52,Debit,20102.48,INR,ATM,Grocery,Madurai,D00065-1,Success,7.53,7.78,No
T00022021,A000663,C00459,B011,2026-03-22 07:13:45,Debit,21139.04,INR,ATM,ATM,Kolkata,D00459-1,Success,31.12,6.07,No
T00022025,A000119,C00073,B016,2024-03-01 16:39:39,Debit,21448.64,INR,Net Banking,Healthcare,Hyderabad,D00073-1,Success,20.4,16.27,No
T00022051,A000088,C00054,B015,2026-07-12 10:36:19,Debit,38026.42,INR,ATM,Utilities,Kolkata,D00054-1,Failed,32.93,22.7,No
T00022073,A000074,C00048,B016,2025-12-02 14:18:04,Debit,64646.81,INR,Card,Grocery,Bengaluru,D00048-1,Reversed,18.04,6.27,No
T00022085,A000941,C00658,B020,2025-04-15 07:44:43,Debit,24097.22,INR,Mobile Banking,Grocery,Mumbai,D00658-1,Failed,34.11,15.34,No
T00022089,A000202,C00134,B023,2026-03-23 20:30:58,Debit,36065.66,INR,ATM,Electronics,Chennai,D00134-1,Success,28.19,18.25,No
T00022097,A000982,C00688,B017,2025-09-13 22:20:57,Debit,61290.34,INR,Mobile Banking,Dining,Madurai,D00688-1,Failed,25.48,22.51,No
T00022106,A000981,C00687,B022,2026-05-23 21:56:23,Debit,25649.54,INR,Mobile Banking,Dining,Hyderabad,D00687-1,Success,12.18,8.7,No
T00022121,A001399,C00974,B017,2026-06-23 02:36:25,Credit,21191.37,INR,Card,E-Commerce,Hyderabad,D00974-1,Success,31.24,24.7,No
T00022123,A000366,C00255,B011,2024-10-11 17:54:03,Credit,31565.27,USD,UPI,Dining,Coimbatore,D00255-1,Success,3.07,6.0,No
T00022127,A001406,C00979,B015,2026-04-17 08:19:01,Debit,21750.2,INR,Card,Electronics,Mumbai,D00979-1,Success,25.16,11.37,No
T00022145,A001022,C00717,B011,2025-05-22 03:30:35,Credit,38902.62,INR,UPI,E-Commerce,Kochi,D00717-1,Success,8.77,27.7,No
T00022176,A000754,C00522,B012,2026-01-30 22:56:00,Debit,26778.11,INR,UPI,ATM,Delhi,D00522-1,Success,22.88,14.78,No
T00022200,A000044,C00031,B013,2024-12-05 11:07:33,Credit,25443.45,INR,Branch,ATM,Kolkata,D00031-1,Success,3.11,4.43,No
T00022211,A000468,C00328,B013,2024-04-09 07:54:24,Debit,23254.36,INR,UPI,Travel,Bengaluru,D00328-1,Success,11.01,5.93,No
T00022214,A000596,C00418,B022,2026-06-30 01:50:13,Debit,49392.35,INR,UPI,Electronics,Mumbai,D00418-1,Success,14.15,4.42,No
T00022223,A000832,C00579,B002,2026-05-09 15:29:31,Debit,38405.3,INR,UPI,Grocery,Kolkata,D00579-1,Success,33.26,21.66,No
T00022268,A001421,C00989,B025,2025-12-05 07:16:00,Debit,29416.93,INR,Mobile Banking,Electronics,Kolkata,D00989-1,Success,17.85,8.0,No
T00022277,A000322,C00223,B004,2025-05-06 23:29:21,Debit,20335.11,USD,UPI,Travel,Mumbai,D00223-1,Success,32.37,15.86,No
T00022311,A000956,C00669,B014,2024-10-16 22:39:43,Credit,31438.93,INR,UPI,Transfer,Mumbai,D00669-1,Success,14.13,17.84,No
T00022320,A001198,C00833,B006,2026-08-03 06:42:17,Debit,42704.5,INR,ATM,E-Commerce,Delhi,D00833-1,Success,20.44,19.41,No
T00022327,A000663,C00459,B011,2024-01-14 02:27:19,Debit,22256.46,INR,Mobile Banking,Travel,Kolkata,D00459-1,Success,10.57,8.47,No
T00022331,A000031,C00023,B008,2024-02-06 13:53:14,Debit,23740.85,INR,UPI,Transfer,Chennai,D00023-1,Success,9.49,19.19,No
T00022339,A000587,C00412,B007,2025-01-12 14:27:21,Debit,132830.92,INR,Card,Transfer,Pune,D00412-1,Success,9.9,23.81,No
T00022362,A000558,C00391,B023,2026-02-20 14:12:09,Debit,28500.03,INR,Mobile Banking,Travel,Kolkata,D00391-1,Success,30.62,6.74,No
T00022371,A000352,C00244,B001,2026-06-06 09:43:59,Credit,25625.22,INR,ATM,Grocery,Kolkata,D00244-1,Success,12.87,26.06,No
T00022381,A000899,C00625,B017,2025-07-30 07:38:42,Debit,26656.96,INR,UPI,Healthcare,Delhi,D00625-1,Success,28.75,29.72,No
T00022395,A000475,C00333,B019,2025-11-15 02:16:29,Credit,23650.96,INR,Branch,Transfer,Delhi,D00333-1,Success,3.69,5.79,No
T00022401,A000126,C00079,B012,2025-11-08 14:44:17,Debit,29402.68,INR,UPI,E-Commerce,Madurai,D00079-1,Success,16.09,5.66,No
T00022402,A001103,C00772,B003,2026-07-19 01:03:27,Credit,28269.14,INR,ATM,Dining,Mumbai,D00772-1,Failed,1.43,27.36,No
T00022403,A000404,C00283,B011,2024-09-04 17:22:45,Debit,25037.86,INR,Card,Dining,Kolkata,D00283-1,Success,4.87,3.73,No
T00022407,A001146,C00800,B009,2024-12-30 18:27:05,Credit,76012.85,INR,Card,Transfer,Pune,D00800-1,Success,34.06,24.77,No
T00022419,A000159,C00103,B021,2025-10-21 11:21:35,Debit,24409.23,INR,Mobile Banking,Dining,Madurai,D00103-1,Success,34.61,22.2,No
T00022439,A001374,C00956,B001,2026-02-15 17:57:59,Credit,21492.98,INR,UPI,Electronics,Bengaluru,D00956-1,Success,20.24,21.75,No
T00022464,A000257,C00176,B015,2024-11-15 08:04:15,Debit,28034.78,INR,Net Banking,E-Commerce,Coimbatore,D00176-1,Failed,29.43,26.48,No
T00022483,A000707,C00492,B025,2024-05-03 21:16:13,Debit,37952.64,INR,Net Banking,Utilities,Bengaluru,D00492-1,Success,30.8,15.32,No
T00022488,A000685,C00476,B022,2024-07-06 06:23:57,Debit,25084.23,INR,Card,Travel,Kolkata,D00476-1,Success,32.67,3.56,No
T00022490,A001012,C00711,B020,2024-06-21 21:21:58,Credit,22089.33,INR,Net Banking,Healthcare,Pune,D00711-1,Success,19.0,15.27,No
T00022503,A001260,C00877,B011,2026-07-12 20:05:37,Credit,20492.95,INR,UPI,Utilities,Coimbatore,D00877-1,Success,14.48,18.43,No
T00022538,A000628,C00438,B016,2025-05-06 11:54:30,Debit,35275.77,INR,UPI,Transfer,Coimbatore,D00438-1,Success,16.0,2.29,No
T00022545,A001373,C00955,B023,2026-05-09 09:35:18,Debit,24378.28,INR,Mobile Banking,E-Commerce,Chennai,D00955-1,Success,1.69,23.99,No
T00022547,A001380,C00960,B004,2024-12-29 01:14:56,Debit,50385.26,INR,UPI,Fuel,Hyderabad,D00960-1,Success,29.04,19.96,No
T00022550,A001239,C00862,B019,2026-05-26 00:12:50,Debit,30903.83,INR,Net Banking,Electronics,Hyderabad,D00862-1,Success,16.34,24.32,No
T00022560,A000456,C00319,B009,2025-05-29 18:16:04,Debit,24948.6,INR,Branch,ATM,Kolkata,D00319-1,Success,9.66,2.52,No
T00022571,A000159,C00103,B021,2026-01-28 07:02:12,Debit,32482.1,INR,UPI,Transfer,Madurai,D00103-1,Success,13.43,12.43,No
T00022596,A000982,C00688,B017,2025-09-03 06:58:17,Credit,61089.75,INR,Card,Utilities,Madurai,D00688-1,Success,28.88,25.8,No
T00022621,A000625,C00436,B023,2025-09-15 01:15:44,Debit,27891.25,USD,Mobile Banking,Travel,Pune,D00436-1,Success,26.51,19.87,No
T00022643,A000171,C00112,B020,2025-06-04 20:59:30,Debit,32354.09,INR,Card,Dining,Madurai,D00112-1,Success,32.01,7.49,No
T00022645,A000944,C00660,B017,2026-06-11 09:59:39,Credit,20507.5,INR,Branch,E-Commerce,Kochi,D00660-1,Success,4.26,17.69,No
T00022648,A000608,C00425,B024,2026-05-22 06:55:39,Debit,23674.9,INR,UPI,Dining,Pune,D00425-1,Success,29.41,4.8,No
T00022683,A001264,C00879,B025,2024-11-27 12:57:43,Credit,26851.92,INR,Mobile Banking,Electronics,Hyderabad,D00879-1,Success,17.99,17.43,No
T00022684,A000687,C00478,B015,2026-07-05 15:13:51,Debit,20059.26,INR,Net Banking,Healthcare,Pune,D00478-1,Success,32.4,8.06,No
T00022686,A000467,C00327,B003,2026-08-15 21:36:44,Debit,30664.15,INR,Net Banking,Grocery,Chennai,D00327-1,Success,31.12,2.59,No
T00022692,A000147,C00096,B020,2025-01-28 02:08:09,Debit,24636.64,INR,Card,Utilities,Kochi,D00096-1,Success,17.16,29.67,No
T00022738,A000489,C00343,B024,2024-07-17 10:12:10,Debit,20652.72,INR,Card,Dining,Pune,D00343-1,Success,17.64,10.16,No
T00022746,A000353,C00245,B013,2025-09-06 02:05:31,Debit,44174.52,INR,UPI,E-Commerce,Madurai,D00245-1,Failed,24.75,5.75,No
T00022751,A000889,C00619,B006,2024-04-24 04:05:24,Credit,24697.36,INR,UPI,ATM,Kolkata,D00619-1,Failed,28.54,15.29,No
T00022766,A000611,C00427,B025,2025-01-01 15:15:49,Debit,44523.82,INR,UPI,Transfer,Chennai,D00427-1,Success,10.87,18.24,No
T00022768,A000607,C00425,B024,2024-11-01 07:36:12,Debit,22261.8,INR,Net Banking,Healthcare,Pune,D00425-1,Success,17.88,11.14,No
T00022770,A000532,C00374,B005,2024-02-23 03:40:25,Debit,24647.42,INR,Net Banking,Electronics,Kochi,D00374-1,Success,25.69,3.1,No
T00022797,A000102,C00063,B001,2026-07-31 11:28:40,Debit,35311.92,INR,Net Banking,ATM,Hyderabad,D00063-1,Success,0.55,14.16,No
T00022812,A000968,C00679,B001,2025-12-18 04:29:08,Credit,37177.96,INR,Branch,Utilities,Pune,D00679-1,Reversed,30.21,24.09,No
T00022818,A000254,C00174,B007,2026-02-24 11:39:15,Debit,39391.09,INR,UPI,Fuel,Delhi,D00174-1,Success,30.44,27.45,No
T00022829,A000818,C00566,B020,2026-04-05 09:38:55,Debit,21669.0,INR,Card,Utilities,Mumbai,D00566-1,Success,25.25,18.18,No
T00022835,A001078,C00756,B012,2024-06-23 13:11:07,Credit,69080.07,INR,Branch,Electronics,Coimbatore,D00756-1,Success,29.27,4.13,No
T00022840,A000012,C00007,B025,2025-12-16 19:54:42,Debit,30286.53,INR,Card,Dining,Hyderabad,D00007-1,Success,15.21,18.42,No
T00022857,A000377,C00264,B010,2025-02-19 01:04:49,Debit,26228.21,INR,UPI,Utilities,Kochi,D00264-1,Success,22.93,25.6,No
T00022878,A001407,C00979,B015,2025-01-27 18:29:56,Debit,22880.14,INR,Mobile Banking,Electronics,Mumbai,D00979-1,Success,19.76,22.88,No
T00022886,A000194,C00129,B007,2025-06-18 13:10:56,Debit,25680.6,INR,UPI,E-Commerce,Kolkata,D00129-1,Success,1.77,22.37,No
T00022899,A000570,C00400,B014,2025-09-13 13:24:24,Debit,45691.02,INR,Card,Transfer,Madurai,D00400-1,Success,26.72,14.92,No
T00022906,A000672,C00465,B015,2025-11-06 03:27:32,Debit,36220.39,INR,UPI,Healthcare,Chennai,D00465-1,Success,3.86,22.77,No
T00022925,A001035,C00725,B004,2024-12-01 03:32:48,Credit,32963.16,INR,UPI,Transfer,Mumbai,D00725-1,Success,6.51,23.38,No
T00022934,A000008,C00005,B001,2024-05-03 02:46:35,Debit,28279.31,INR,Card,Fuel,Mumbai,D00005-1,Success,8.22,15.85,No
T00022937,A000996,C00698,B010,2025-12-03 18:43:10,Debit,28530.13,INR,UPI,Healthcare,Kolkata,D00698-1,Success,31.18,28.28,No
T00022941,A000694,C00483,B005,2024-07-04 01:31:30,Debit,29385.35,INR,Branch,Transfer,Bengaluru,D00483-1,Success,25.85,27.1,No
T00022944,A001185,C00825,B010,2025-10-13 01:16:17,Debit,19783.78,INR,UPI,E-Commerce,Bengaluru,D00825-1,Success,1.22,18.25,No
T00022950,A000195,C00130,B022,2026-06-07 01:13:36,Debit,26097.41,INR,Net Banking,E-Commerce,Mumbai,D00130-1,Success,22.92,29.42,No
T00022953,A001348,C00939,B020,2026-02-26 12:17:22,Debit,20438.57,INR,UPI,Electronics,Pune,D00939-1,Success,29.25,7.27,No
T00022963,A000627,C00438,B016,2026-05-13 11:27:47,Debit,26844.12,INR,UPI,E-Commerce,Coimbatore,D00438-1,Success,33.57,12.13,No
T00022976,A000703,C00491,B008,2025-04-15 07:17:04,Debit,22133.71,INR,ATM,Healthcare,Kochi,D00491-1,Success,33.74,5.18,No
T00022978,A001405,C00978,B018,2024-01-13 23:48:35,Debit,22640.41,INR,UPI,Travel,Pune,D00978-1,Success,17.25,21.04,No
T00022980,A000173,C00114,B023,2024-07-19 21:01:13,Credit,30493.11,INR,UPI,Utilities,Hyderabad,D00114-1,Failed,10.53,20.45,No
T00023005,A000639,C00445,B010,2025-06-11 07:53:15,Debit,27557.18,INR,Mobile Banking,Fuel,Chennai,D00445-1,Success,3.24,22.9,No
T00023028,A000044,C00031,B013,2026-03-03 19:52:20,Credit,20170.09,INR,Branch,ATM,Kolkata,D00031-1,Success,23.55,15.24,No
T00023040,A001419,C00988,B013,2026-01-21 14:22:50,Debit,21634.77,INR,UPI,Transfer,Mumbai,D00988-1,Success,14.95,23.53,No
T00023055,A000711,C00494,B025,2026-06-12 11:54:15,Credit,20248.24,INR,Mobile Banking,Fuel,Mumbai,D00494-1,Success,29.58,6.44,No
T00023066,A000643,C00447,B002,2026-02-17 03:00:20,Debit,22298.64,INR,Card,Utilities,Pune,D00447-1,Success,30.89,7.05,No
T00023071,A000784,C00542,B004,2024-03-25 06:04:53,Debit,54544.86,INR,UPI,E-Commerce,Mumbai,D00542-1,Success,15.83,8.69,No
T00023096,A001028,C00722,B013,2025-01-12 15:16:11,Debit,31856.3,INR,UPI,E-Commerce,Kolkata,D00722-1,Success,27.44,29.13,No
T00023103,A000028,C00021,B012,2026-04-23 14:23:15,Debit,40367.74,INR,Net Banking,Dining,Mumbai,D00021-1,Success,32.66,18.93,No
T00023110,A001402,C00975,B003,2025-12-17 02:38:14,Credit,23590.76,INR,Net Banking,Grocery,Bengaluru,D00975-1,Success,16.69,27.04,No
T00023119,A000690,C00480,B021,2025-04-17 09:15:49,Debit,70897.65,INR,Net Banking,E-Commerce,Kochi,D00480-1,Success,18.17,12.28,No
T00023123,A000313,C00218,B018,2025-11-17 13:35:08,Debit,21392.39,USD,UPI,Transfer,Bengaluru,D00218-1,Failed,3.31,16.25,No
T00023166,A000478,C00335,B005,2024-07-17 20:08:20,Credit,22219.41,INR,UPI,Healthcare,Hyderabad,D00335-1,Success,16.56,17.07,No
T00023172,A001181,C00823,B004,2026-06-18 01:27:15,Debit,76085.68,USD,UPI,Fuel,Hyderabad,D00823-1,Success,30.97,14.81,No
T00023173,A000718,C00498,B003,2025-02-27 04:37:37,Credit,80719.05,INR,ATM,Grocery,Pune,D00498-1,Success,7.29,10.96,No
T00023200,A000625,C00436,B023,2024-12-15 23:17:48,Debit,24197.52,USD,UPI,Fuel,Pune,D00436-1,Success,32.85,19.41,No
T00023204,A000168,C00110,B006,2025-08-21 21:34:50,Debit,41540.58,INR,Card,E-Commerce,Mumbai,D00110-1,Success,9.82,25.33,No
T00023207,A001248,C00868,B022,2026-04-07 05:41:00,Debit,23274.45,EUR,UPI,Electronics,Bengaluru,D00868-1,Success,26.15,4.68,No
T00023210,A001107,C00775,B012,2026-06-22 20:23:34,Debit,20464.33,INR,UPI,Travel,Mumbai,D00775-1,Success,15.26,6.98,No
T00023253,A000614,C00428,B024,2024-06-01 00:26:20,Credit,36182.36,INR,UPI,Fuel,Chennai,D00428-1,Success,10.03,19.1,No
T00023273,A000864,C00599,B017,2025-12-30 03:50:17,Debit,44816.72,INR,UPI,Fuel,Coimbatore,D00599-1,Failed,17.18,12.76,No
T00023279,A000689,C00480,B021,2026-06-16 08:41:20,Debit,23787.67,INR,UPI,Dining,Kochi,D00480-1,Success,6.88,27.94,No
T00023296,A000520,C00363,B025,2024-12-06 18:12:32,Debit,24404.1,INR,Mobile Banking,Travel,Kochi,D00363-1,Success,0.03,9.49,No
T00023304,A000447,C00312,B017,2026-06-12 11:54:34,Debit,34560.95,INR,UPI,Electronics,Madurai,D00312-1,Success,31.71,29.71,No
T00023312,A001280,C00890,B013,2026-01-15 14:22:56,Debit,27045.03,INR,Card,Travel,Madurai,D00890-1,Success,15.48,13.13,No
T00023345,A000396,C00277,B012,2026-03-25 20:43:41,Credit,24789.99,INR,Mobile Banking,Fuel,Madurai,D00277-1,Success,3.85,23.69,No
T00023346,A000229,C00156,B010,2025-09-28 08:36:02,Debit,24562.34,INR,ATM,Transfer,Hyderabad,D00156-1,Success,9.84,24.47,No
T00023352,A001402,C00975,B003,2026-01-24 23:27:38,Debit,25518.52,INR,UPI,ATM,Bengaluru,D00975-1,Success,9.67,19.89,No
T00023356,A000426,C00297,B011,2026-05-12 05:41:30,Debit,26537.12,INR,UPI,Transfer,Hyderabad,D00297-1,Success,23.92,12.78,No
T00023372,A000126,C00079,B012,2025-11-11 01:01:37,Credit,64342.11,INR,Card,E-Commerce,Madurai,D00079-1,Success,3.36,8.03,No
T00023381,A001145,C00799,B013,2025-08-01 08:47:02,Debit,27280.11,INR,Net Banking,Utilities,Madurai,D00799-1,Failed,11.42,16.92,No
T00023393,A000365,C00254,B011,2026-03-13 20:59:36,Credit,20198.45,INR,Net Banking,Healthcare,Pune,D00254-1,Success,1.71,27.99,No
T00023415,A001092,C00767,B004,2025-07-22 21:16:07,Debit,22822.94,INR,Net Banking,Grocery,Hyderabad,D00767-1,Success,3.79,22.55,No
T00023443,A000999,C00700,B022,2026-07-06 03:26:50,Debit,28799.75,INR,Net Banking,ATM,Delhi,D00700-1,Success,31.94,21.88,No
T00023479,A001397,C00972,B012,2024-01-16 22:57:20,Credit,49311.83,INR,Mobile Banking,Healthcare,Mumbai,D00972-1,Success,16.97,11.89,No
T00023484,A000007,C00004,B017,2026-07-24 22:50:34,Debit,26117.22,INR,UPI,Healthcare,Kolkata,D00004-1,Success,12.87,18.6,No
T00023490,A000090,C00055,B008,2024-09-03 11:40:50,Debit,22795.36,INR,Card,E-Commerce,Kochi,D00055-1,Success,20.49,13.13,No
T00023508,A000231,C00157,B023,2024-01-01 12:45:06,Debit,29349.07,INR,Branch,Utilities,Delhi,D00157-1,Success,12.38,9.96,No
T00023522,A000031,C00023,B008,2024-03-04 22:49:51,Debit,46281.55,INR,Card,ATM,Chennai,D00023-1,Success,28.24,10.69,No
T00023525,A000437,C00306,B012,2026-06-26 14:22:59,Debit,70874.96,INR,UPI,ATM,Hyderabad,D00306-1,Success,12.4,12.21,No
T00023527,A000709,C00493,B008,2025-03-30 12:18:11,Debit,26028.06,INR,Mobile Banking,ATM,Mumbai,D00493-1,Success,26.54,18.1,No
T00023534,A001373,C00955,B023,2026-05-14 18:29:55,Debit,40468.76,INR,Branch,Travel,Chennai,D00955-1,Failed,28.53,21.33,No
T00023545,A000710,C00493,B008,2026-07-04 10:43:56,Debit,26771.43,INR,Card,Grocery,Mumbai,D00493-1,Success,27.17,15.58,No
T00023546,A001171,C00816,B023,2025-01-28 10:43:14,Debit,37401.47,INR,UPI,Healthcare,Pune,D00816-1,Success,28.38,5.37,No
T00023560,A000481,C00337,B017,2026-05-20 07:07:06,Debit,31096.61,INR,UPI,E-Commerce,Delhi,D00337-1,Success,17.02,12.29,No
T00023572,A001108,C00775,B012,2024-01-12 02:58:42,Debit,23747.56,INR,Net Banking,Utilities,Mumbai,D00775-1,Success,10.36,7.65,No
T00023587,A000082,C00052,B001,2024-02-04 08:54:25,Debit,21255.37,INR,UPI,Electronics,Hyderabad,D00052-1,Success,24.51,17.27,No
T00023609,A000854,C00593,B002,2024-11-30 13:04:47,Debit,29040.16,EUR,Net Banking,Transfer,Hyderabad,D00593-1,Success,6.5,8.44,No
T00023610,A000115,C00070,B010,2026-07-31 02:38:24,Debit,40073.26,INR,UPI,Grocery,Madurai,D00070-1,Success,12.91,6.5,No
T00023619,A000793,C00549,B012,2025-11-09 04:26:50,Debit,31190.04,INR,Card,Fuel,Chennai,D00549-1,Success,1.3,28.64,No
T00023627,A000413,C00289,B024,2026-07-27 19:23:19,Credit,26244.57,INR,UPI,Grocery,Pune,D00289-1,Success,6.41,29.27,No
T00023628,A000483,C00338,B015,2025-07-04 15:01:06,Credit,20785.65,INR,Branch,Electronics,Delhi,D00338-1,Success,3.73,11.28,No
T00023642,A000519,C00362,B008,2026-07-16 19:01:53,Credit,73971.58,INR,Card,Travel,Pune,D00362-1,Success,15.8,6.74,No
T00023677,A000691,C00481,B002,2025-07-24 06:36:32,Debit,24481.65,INR,UPI,Fuel,Mumbai,D00481-1,Success,12.37,12.38,No
T00023682,A001028,C00722,B013,2025-07-22 12:35:26,Debit,21492.04,INR,UPI,Grocery,Kolkata,D00722-1,Success,16.03,26.94,No
T00023689,A001296,C00902,B024,2026-02-24 20:28:40,Debit,75394.43,INR,UPI,Transfer,Kochi,D00902-1,Success,13.52,8.35,No
T00023697,A000233,C00159,B009,2024-01-20 10:51:21,Debit,24784.99,INR,Mobile Banking,Travel,Hyderabad,D00159-1,Failed,12.77,10.56,No
T00023704,A000672,C00465,B015,2025-03-30 21:33:37,Debit,48350.07,INR,UPI,Transfer,Chennai,D00465-1,Success,12.16,7.17,No
T00023706,A000514,C00357,B013,2024-12-07 15:07:50,Credit,30992.34,INR,Card,Travel,Coimbatore,D00357-1,Success,15.79,18.22,No
T00023710,A000973,C00683,B001,2024-10-25 02:44:04,Debit,27379.14,INR,UPI,Electronics,Kochi,D00683-1,Success,3.7,13.15,No
T00023713,A000554,C00389,B016,2026-06-29 17:57:22,Debit,19790.65,INR,ATM,Transfer,Madurai,D00389-1,Success,32.73,9.83,No
T00023715,A001352,C00941,B004,2026-07-27 11:06:52,Debit,24737.85,INR,UPI,Utilities,Madurai,D00941-1,Success,23.79,15.22,No
T00023716,A000777,C00538,B025,2024-10-25 08:10:11,Debit,57202.69,INR,ATM,Healthcare,Pune,D00538-1,Success,26.78,18.61,No
T00023725,A001208,C00838,B004,2024-04-17 17:52:56,Debit,20656.25,INR,Card,Fuel,Pune,D00838-1,Success,3.15,15.77,No
T00023732,A001193,C00830,B001,2025-12-29 14:28:41,Credit,35515.04,INR,ATM,E-Commerce,Kolkata,D00830-1,Success,22.93,17.86,No
T00023739,A001184,C00824,B020,2026-07-19 16:49:13,Debit,22588.17,INR,Mobile Banking,E-Commerce,Madurai,D00824-1,Success,22.02,24.64,No
T00023773,A000298,C00206,B017,2025-12-02 18:28:05,Debit,20374.46,INR,Card,Transfer,Pune,D00206-1,Success,17.67,24.2,No
T00023781,A001299,C00904,B003,2024-11-21 03:02:19,Debit,21441.9,INR,Card,E-Commerce,Bengaluru,D00904-1,Success,20.02,13.18,No
T00023786,A000867,C00601,B022,2026-07-19 09:52:07,Debit,61221.84,INR,UPI,ATM,Pune,D00601-1,Success,23.16,24.19,No
T00023794,A000206,C00138,B017,2026-04-01 18:35:38,Credit,22107.9,INR,Mobile Banking,Transfer,Kochi,D00138-1,Success,30.82,9.48,No
T00023795,A001186,C00826,B012,2026-02-28 11:59:38,Credit,23850.17,INR,Mobile Banking,Transfer,Pune,D00826-1,Success,22.07,23.77,No
T00023816,A000350,C00243,B007,2026-01-01 13:03:32,Debit,50088.74,INR,Card,Fuel,Mumbai,D00243-1,Success,7.29,21.2,No
T00023822,A000763,C00529,B006,2025-03-30 11:39:30,Debit,63323.47,INR,ATM,Transfer,Hyderabad,D00529-1,Success,11.45,12.69,No
T00023825,A001311,C00911,B019,2026-07-11 22:03:09,Credit,23860.8,INR,Mobile Banking,Travel,Bengaluru,D00911-1,Success,5.81,8.48,No
T00023871,A000229,C00156,B010,2025-12-03 15:51:34,Debit,37242.89,INR,UPI,Healthcare,Hyderabad,D00156-1,Success,17.51,21.87,No
T00023886,A000568,C00399,B018,2024-11-24 07:36:26,Credit,24775.13,INR,Mobile Banking,Utilities,Madurai,D00399-1,Success,32.39,18.24,No
T00023919,A001068,C00749,B004,2026-02-21 14:17:33,Credit,23757.6,INR,Card,Transfer,Pune,D00749-1,Success,21.59,28.27,No
T00023951,A001410,C00981,B014,2024-05-27 14:38:46,Debit,44338.0,INR,ATM,Healthcare,Chennai,D00981-1,Success,19.79,6.7,No
T00024007,A000382,C00267,B003,2025-05-21 14:23:27,Debit,57851.69,INR,UPI,Healthcare,Coimbatore,D00267-1,Success,1.59,4.43,No
T00024025,A000658,C00455,B010,2026-05-19 13:26:44,Debit,37918.06,EUR,Card,E-Commerce,Chennai,D00455-1,Success,25.38,4.34,No
T00024043,A000285,C00198,B014,2026-06-07 11:30:55,Debit,67754.9,INR,Mobile Banking,Electronics,Madurai,D00198-1,Success,16.55,18.25,No
T00024045,A000425,C00296,B025,2024-10-30 04:25:53,Debit,41275.51,INR,UPI,Healthcare,Chennai,D00296-1,Success,27.75,23.63,No
T00024046,A000873,C00605,B015,2025-10-30 09:28:47,Debit,33506.78,INR,UPI,Travel,Coimbatore,D00605-1,Success,6.53,16.78,No
T00024052,A000743,C00512,B010,2026-02-06 00:11:03,Credit,40080.38,INR,Card,Electronics,Bengaluru,D00512-1,Success,17.45,8.29,No
T00024065,A001300,C00904,B003,2026-05-13 21:40:15,Debit,40199.72,INR,UPI,Fuel,Bengaluru,D00904-1,Failed,4.68,10.65,No
T00024099,A000085,C00053,B002,2026-02-12 20:56:34,Debit,21353.02,EUR,ATM,ATM,Chennai,D00053-1,Success,14.06,27.92,No
T00024100,A000614,C00428,B024,2024-08-18 14:30:22,Credit,25730.98,INR,Card,Grocery,Chennai,D00428-1,Success,2.68,2.85,No
T00024141,A000372,C00260,B015,2024-02-25 07:57:51,Debit,48641.28,INR,Card,E-Commerce,Madurai,D00260-1,Success,11.98,22.83,No
T00024178,A001097,C00769,B007,2025-05-13 05:48:36,Debit,29027.35,EUR,Card,Utilities,Madurai,D00769-1,Success,1.37,6.03,No
T00024205,A000042,C00029,B017,2024-12-07 23:00:50,Credit,250000.0,INR,UPI,Travel,Kochi,D00029-1,Success,11.44,13.56,No
T00024212,A000834,C00580,B004,2026-07-10 11:59:25,Credit,22966.96,USD,UPI,E-Commerce,Madurai,D00580-1,Success,28.13,25.42,No
T00024226,A000821,C00569,B023,2025-10-17 01:29:09,Debit,35518.13,INR,UPI,ATM,Bengaluru,D00569-1,Failed,32.01,5.09,No
T00024233,A000694,C00483,B005,2024-01-18 20:37:33,Debit,41188.7,INR,ATM,Travel,Bengaluru,D00483-1,Success,27.95,25.32,No
T00024242,A000959,C00671,B021,2025-02-04 12:58:08,Debit,22192.39,INR,Net Banking,Healthcare,Coimbatore,D00671-1,Success,0.64,10.43,No
T00024247,A000480,C00336,B018,2025-03-14 01:59:26,Debit,21186.78,INR,Card,ATM,Chennai,D00336-1,Success,7.77,13.16,No
T00024249,A001053,C00740,B019,2026-06-04 06:50:53,Credit,24227.81,INR,Card,Fuel,Chennai,D00740-1,Success,2.83,9.39,No
T00024257,A000368,C00256,B006,2026-05-23 18:57:36,Credit,22501.54,INR,Card,Dining,Pune,D00256-1,Success,3.26,12.67,No
T00024267,A001384,C00962,B015,2025-04-15 02:40:24,Debit,24055.26,INR,ATM,Fuel,Pune,D00962-1,Success,18.93,13.1,No
T00024272,A000949,C00662,B012,2026-07-27 23:00:23,Debit,28235.11,INR,Mobile Banking,Grocery,Delhi,D00662-1,Success,5.73,25.61,No
T00024274,A000483,C00338,B015,2024-05-21 20:50:41,Debit,22311.05,INR,UPI,Travel,Delhi,D00338-1,Success,7.3,3.93,No
T00024277,A000888,C00619,B006,2025-02-12 01:43:41,Debit,222812.66,INR,Mobile Banking,Travel,Kolkata,D00619-1,Success,2.38,22.42,No
T00024300,A001387,C00965,B002,2026-06-19 04:19:58,Debit,20555.79,INR,Mobile Banking,Electronics,Kochi,D00965-1,Success,31.3,25.98,No
T00024324,A000885,C00616,B012,2025-11-02 18:54:44,Debit,33020.34,INR,UPI,Utilities,Kochi,D00616-1,Success,1.31,6.5,No
T00024334,A000663,C00459,B011,2025-05-15 13:52:01,Credit,31063.38,INR,Mobile Banking,Grocery,Kolkata,D00459-1,Reversed,14.65,12.01,No
T00024345,A001056,C00742,B014,2024-09-08 16:13:02,Debit,22233.91,INR,Card,Fuel,Pune,D00742-1,Success,8.8,21.48,No
T00024347,A000372,C00260,B015,2026-04-19 15:09:36,Credit,22753.12,INR,Card,ATM,Madurai,D00260-1,Success,24.5,7.66,No
T00024348,A000975,C00684,B017,2026-02-15 16:13:52,Debit,190812.11,INR,UPI,Healthcare,Bengaluru,D00684-1,Success,22.31,14.67,No
T00024375,A001068,C00749,B004,2024-09-14 21:56:17,Debit,21872.08,INR,Card,Transfer,Pune,D00749-1,Success,32.05,9.06,No
T00024390,A000545,C00381,B024,2026-04-27 16:21:39,Credit,21479.04,INR,UPI,Utilities,Pune,D00381-1,Success,13.41,21.91,No
T00024420,A000082,C00052,B001,2024-02-09 05:21:06,Debit,21219.97,INR,Card,Travel,Hyderabad,D00052-1,Success,8.03,26.0,No
T00024423,A001250,C00869,B007,2025-07-30 23:18:20,Debit,21271.98,INR,Mobile Banking,ATM,Madurai,D00869-1,Success,21.87,15.67,No
T00024426,A000525,C00367,B012,2025-09-10 04:01:04,Credit,33189.59,INR,UPI,Healthcare,Pune,D00367-1,Success,12.64,7.2,No
T00024429,A001405,C00978,B018,2025-09-02 08:57:37,Debit,23778.9,INR,UPI,Transfer,Pune,D00978-1,Success,30.38,13.6,No
T00024459,A001207,C00838,B004,2025-12-18 19:05:36,Debit,68740.81,INR,UPI,ATM,Pune,D00838-1,Success,23.63,2.6,No
T00024462,A000793,C00549,B012,2026-06-24 15:05:16,Debit,20067.21,INR,Card,ATM,Chennai,D00549-1,Success,27.39,23.62,No
T00024466,A001338,C00931,B004,2026-01-17 02:53:16,Credit,20853.02,INR,UPI,Travel,Pune,D00931-1,Failed,21.04,15.12,No
T00024470,A000915,C00635,B005,2026-04-25 19:17:56,Debit,28718.51,USD,UPI,Travel,Pune,D00635-1,Success,2.49,14.53,No
T00024474,A000348,C00242,B025,2025-03-18 02:35:07,Credit,22763.78,INR,UPI,Healthcare,Bengaluru,D00242-1,Success,27.67,27.71,No
T00024484,A001178,C00821,B001,2025-08-07 21:22:31,Debit,97896.55,INR,Branch,Transfer,Chennai,D00821-1,Success,14.12,20.6,No
T00024493,A000050,C00035,B003,2024-02-16 05:33:55,Credit,20686.25,INR,Net Banking,Travel,Pune,D00035-1,Success,9.33,14.13,No
T00024494,A001011,C00710,B012,2026-06-07 22:16:50,Debit,24606.88,USD,Mobile Banking,Healthcare,Kochi,D00710-1,Success,18.14,12.01,No
T00024508,A001406,C00979,B015,2025-02-15 09:44:44,Credit,34125.09,INR,Net Banking,E-Commerce,Mumbai,D00979-1,Success,21.5,18.0,No
T00024546,A001229,C00856,B021,2026-04-21 00:28:40,Debit,59843.2,INR,Card,Fuel,Bengaluru,D00856-1,Success,32.31,14.8,No
T00024550,A001142,C00796,B022,2025-12-08 19:49:41,Debit,38666.65,INR,Card,Transfer,Kochi,D00796-1,Success,11.25,22.72,No
T00024565,A001387,C00965,B002,2026-02-25 17:28:43,Debit,33546.78,INR,Card,Dining,Kochi,D00965-1,Success,8.74,12.66,No
T00024570,A000087,C00054,B015,2026-07-04 08:54:18,Debit,28890.07,INR,UPI,Travel,Kolkata,D00054-1,Success,14.02,9.2,No
T00024577,A000494,C00346,B015,2024-04-22 01:47:33,Debit,23471.14,USD,UPI,Electronics,Mumbai,D00346-1,Success,12.03,6.87,No
T00024579,A000924,C00644,B001,2025-03-16 06:59:42,Debit,21439.4,INR,Net Banking,ATM,Pune,D00644-1,Success,3.79,14.96,No
T00024587,A000765,C00531,B007,2026-02-25 00:10:52,Debit,25441.4,INR,Branch,Utilities,Madurai,D00531-1,Success,1.43,12.67,No
T00024608,A000634,C00442,B011,2026-04-26 00:32:22,Debit,26841.61,INR,Net Banking,Electronics,Chennai,D00442-1,Success,28.46,15.5,No
T00024653,A000967,C00679,B001,2025-11-05 00:19:15,Credit,22490.45,INR,UPI,Healthcare,Pune,D00679-1,Success,9.49,28.91,No
T00024655,A000371,C00259,B014,2026-04-17 05:55:11,Debit,23116.22,INR,ATM,Electronics,Bengaluru,D00259-1,Success,17.23,16.88,No
T00024661,A000809,C00561,B009,2025-02-28 04:05:10,Debit,29515.62,INR,UPI,E-Commerce,Coimbatore,D00561-1,Success,26.49,25.76,No
T00024672,A000021,C00015,B003,2025-01-28 01:19:54,Debit,80728.18,INR,UPI,Grocery,Delhi,D00015-1,Success,22.14,11.9,No
T00024684,A001049,C00736,B004,2025-08-11 19:23:01,Debit,21348.63,INR,Branch,Dining,Kolkata,D00736-1,Success,3.75,23.32,No
T00024689,A000331,C00227,B012,2026-03-24 02:22:27,Credit,37586.78,INR,ATM,Travel,Kolkata,D00227-1,Success,14.04,17.52,No
T00024690,A000900,C00625,B017,2026-08-18 08:06:55,Credit,20763.82,INR,Mobile Banking,Dining,Delhi,D00625-1,Success,27.39,16.28,No
T00024695,A000381,C00267,B003,2025-12-13 14:46:54,Credit,41504.46,INR,UPI,ATM,Coimbatore,D00267-1,Success,23.13,6.57,No
T00024710,A000577,C00406,B011,2026-01-12 14:11:30,Debit,55278.15,INR,Mobile Banking,Dining,Kolkata,D00406-1,Success,9.56,28.37,No
T00024720,A000930,C00650,B021,2026-05-23 18:30:32,Debit,20480.74,INR,Net Banking,Grocery,Kochi,D00650-1,Failed,30.77,12.37,No
T00024732,A000712,C00494,B025,2026-07-08 21:32:54,Credit,20857.94,INR,UPI,Utilities,Mumbai,D00494-1,Success,17.04,4.77,No
T00024736,A000550,C00385,B005,2026-08-08 16:31:22,Debit,30085.6,INR,Card,Dining,Pune,D00385-1,Success,14.87,21.21,No
T00024742,A000785,C00543,B020,2026-07-26 01:33:18,Debit,29046.89,INR,Mobile Banking,Grocery,Kochi,D00543-1,Success,19.1,17.76,No
T00024748,A001028,C00722,B013,2026-02-05 08:41:22,Debit,21362.36,INR,Net Banking,Electronics,Kolkata,D00722-1,Success,19.64,6.06,No
T00024749,A001393,C00969,B019,2026-07-13 22:23:24,Debit,28880.49,INR,UPI,Electronics,Kolkata,D00969-1,Success,3.12,2.63,No
T00024774,A000468,C00328,B013,2024-10-06 08:40:20,Debit,35857.6,INR,Card,Transfer,Bengaluru,D00328-1,Success,31.97,25.68,No
T00024784,A000043,C00030,B005,2024-05-22 07:33:20,Debit,22328.13,INR,UPI,E-Commerce,Kochi,D00030-1,Success,2.51,8.95,No
T00024793,A000781,C00541,B004,2026-06-14 19:17:44,Debit,33281.92,INR,Card,Utilities,Madurai,D00541-1,Success,26.16,13.24,No
T00024825,A000304,C00211,B010,2025-12-01 09:31:57,Credit,77549.51,INR,UPI,Grocery,Chennai,D00211-1,Success,16.02,21.16,No
T00024844,A000291,C00201,B010,2024-09-03 03:13:05,Debit,28063.17,INR,Net Banking,Fuel,Kochi,D00201-1,Success,9.77,12.23,No
T00024845,A000541,C00379,B001,2025-07-28 02:40:11,Debit,29922.78,INR,UPI,Electronics,Bengaluru,D00379-1,Success,27.61,24.18,No
T00024846,A000012,C00007,B025,2026-08-29 18:26:32,Debit,24632.99,INR,UPI,Healthcare,Hyderabad,D00007-1,Success,34.03,27.23,No
T00024892,A001351,C00940,B023,2026-07-12 22:49:50,Debit,30901.67,INR,UPI,Healthcare,Madurai,D00940-1,Success,0.24,15.14,No
T00024897,A000945,C00660,B017,2026-06-21 01:45:47,Debit,19757.84,INR,Mobile Banking,Healthcare,Kochi,D00660-1,Success,9.6,25.69,No
T00024920,A000003,C00002,B017,2025-11-30 02:13:41,Credit,32727.12,INR,Net Banking,Travel,Kochi,D00002-1,Success,8.05,2.24,No
T00024952,A000012,C00007,B025,2026-08-25 10:52:20,Debit,54734.14,INR,Card,E-Commerce,Hyderabad,D00007-1,Success,14.23,8.5,No
T00024966,A000774,C00536,B019,2024-11-27 08:21:39,Credit,23786.22,INR,UPI,Transfer,Coimbatore,D00536-1,Success,32.84,12.88,No
T00024988,A000213,C00144,B005,2026-06-09 18:10:00,Debit,40281.68,INR,Branch,Transfer,Mumbai,D00144-1,Success,16.77,18.85,No
T00025000,A000935,C00653,B021,2026-03-08 10:04:12,Debit,36585.66,INR,UPI,E-Commerce,Hyderabad,D00653-1,Success,30.93,18.3,No
T00025004,A000291,C00201,B010,2024-06-14 17:15:47,Credit,32443.0,INR,Net Banking,Healthcare,Kochi,D00201-1,Reversed,9.39,15.07,No
T00025005,A000378,C00264,B010,2026-05-30 23:03:13,Debit,21328.18,INR,UPI,Electronics,Kochi,D00264-1,Success,32.3,5.01,No
T00025022,A000460,C00323,B017,2024-10-04 12:21:50,Credit,27167.86,EUR,Card,E-Commerce,Bengaluru,D00323-1,Success,0.99,25.47,No
T00025051,A000788,C00545,B020,2025-02-28 18:35:40,Debit,79407.07,EUR,Card,Electronics,Chennai,D00545-1,Success,15.71,16.83,No
T00025062,A000370,C00258,B001,2026-06-29 11:48:14,Debit,23496.83,INR,Mobile Banking,Utilities,Bengaluru,D00258-1,Success,13.6,29.98,No
T00025063,A000538,C00377,B009,2026-06-11 04:59:07,Debit,20575.23,INR,UPI,Transfer,Pune,D00377-1,Success,4.47,2.54,No
T00025069,A001047,C00736,B004,2024-07-28 09:27:43,Credit,38774.46,INR,Mobile Banking,Grocery,Kolkata,D00736-1,Success,8.52,22.81,No
T00025093,A000294,C00204,B021,2025-09-20 11:28:06,Credit,66650.68,INR,UPI,Transfer,Kolkata,D00204-1,Success,2.02,24.41,No
T00025104,A001188,C00827,B018,2024-08-24 18:11:50,Debit,21304.04,INR,Card,Healthcare,Chennai,D00827-1,Success,20.83,21.36,No
T00025109,A001365,C00951,B025,2025-06-21 03:27:15,Credit,24601.41,INR,Mobile Banking,E-Commerce,Hyderabad,D00951-1,Success,18.97,17.38,No
T00025119,A000151,C00098,B001,2025-03-02 19:01:43,Credit,33356.79,INR,Mobile Banking,Dining,Hyderabad,D00098-1,Success,7.89,16.72,No
T00025124,A001259,C00876,B003,2024-04-23 16:28:20,Debit,23572.07,INR,Card,Utilities,Madurai,D00876-1,Success,6.3,4.51,No
T00025129,A000869,C00602,B003,2026-08-20 21:52:36,Debit,28228.26,INR,Net Banking,Utilities,Pune,D00602-1,Success,17.54,9.25,No
T00025148,A000019,C00014,B006,2024-05-25 17:26:34,Debit,117105.68,INR,Net Banking,Dining,Pune,D00014-1,Failed,23.65,6.67,No
T00025150,A000750,C00518,B013,2026-07-19 20:46:10,Debit,40931.18,INR,ATM,Transfer,Pune,D00518-1,Success,16.95,28.64,No
T00025164,A000903,C00627,B013,2024-05-21 14:42:03,Credit,42557.18,INR,Net Banking,Healthcare,Chennai,D00627-1,Success,3.07,22.62,No
T00025181,A000718,C00498,B003,2025-06-23 10:18:14,Debit,25576.83,INR,Card,Transfer,Pune,D00498-1,Success,7.07,5.35,No
T00025192,A001199,C00834,B013,2025-05-01 10:31:14,Debit,43266.14,INR,Mobile Banking,Grocery,Chennai,D00834-1,Success,7.87,11.6,No
T00025208,A000361,C00252,B019,2024-07-21 10:42:32,Debit,24162.24,INR,Mobile Banking,Utilities,Mumbai,D00252-1,Success,9.71,10.4,No
T00025221,A000474,C00332,B012,2024-03-30 16:04:35,Debit,40831.57,INR,Card,Utilities,Coimbatore,D00332-1,Success,15.32,8.76,No
T00025223,A000055,C00038,B020,2026-01-26 01:06:45,Debit,27581.1,INR,ATM,Fuel,Pune,D00038-1,Success,7.67,11.78,No
T00025224,A000344,C00238,B024,2026-05-02 23:05:08,Credit,32049.21,INR,UPI,ATM,Chennai,D00238-1,Success,0.21,8.34,No
T00025232,A000049,C00034,B008,2025-12-16 10:08:59,Credit,60326.37,INR,Card,Healthcare,Delhi,D00034-1,Success,11.42,27.84,No
T00025241,A001078,C00756,B012,2026-04-04 14:46:52,Debit,25743.41,INR,UPI,ATM,Coimbatore,D00756-1,Success,14.2,13.46,No
T00025249,A000242,C00166,B015,2026-04-03 00:45:14,Debit,22155.88,INR,Branch,Transfer,Mumbai,D00166-1,Success,16.27,13.25,No
T00025257,A000256,C00176,B015,2024-02-10 03:40:12,Debit,24512.78,EUR,UPI,Dining,Coimbatore,D00176-1,Success,28.6,5.3,No
T00025264,A001101,C00772,B003,2026-05-15 18:32:00,Credit,32453.97,INR,Branch,Healthcare,Mumbai,D00772-1,Success,10.16,6.24,No
T00025287,A001048,C00736,B004,2025-12-23 14:44:43,Debit,27040.8,INR,UPI,Healthcare,Kolkata,D00736-1,Success,18.71,15.08,No
T00025289,A000076,C00048,B016,2026-08-18 10:34:15,Debit,25969.57,INR,Net Banking,Electronics,Bengaluru,D00048-1,Success,34.2,21.82,No
T00025297,A000469,C00328,B013,2025-02-20 08:09:25,Credit,22849.23,INR,Mobile Banking,Fuel,Bengaluru,D00328-1,Success,18.93,18.04,No
T00025308,A000022,C00016,B003,2026-08-23 21:27:41,Debit,26063.84,INR,UPI,Grocery,Hyderabad,D00016-1,Success,16.58,16.56,No
T00025322,A000865,C00600,B015,2026-05-30 01:19:24,Credit,21853.65,INR,Net Banking,Grocery,Kolkata,D00600-1,Success,18.12,10.6,No
T00025323,A000814,C00563,B009,2026-04-12 22:37:04,Debit,20605.1,INR,Card,Travel,Mumbai,D00563-1,Success,11.0,12.47,No
T00025326,A000120,C00074,B025,2026-07-29 16:12:30,Debit,28907.08,INR,ATM,Fuel,Hyderabad,D00074-1,Success,17.39,14.18,No
T00025340,A001113,C00778,B024,2026-08-04 14:40:34,Debit,26410.7,INR,Card,Grocery,Kolkata,D00778-1,Success,11.41,21.68,No
T00025342,A000259,C00178,B024,2026-01-11 21:02:29,Debit,56974.98,INR,ATM,Grocery,Coimbatore,D00178-1,Success,16.14,26.9,No
T00025390,A000464,C00324,B022,2026-02-04 14:18:14,Debit,20222.22,INR,ATM,Dining,Bengaluru,D00324-1,Success,34.13,25.61,No
T00025393,A000033,C00025,B014,2024-03-13 16:52:29,Credit,33178.77,INR,Net Banking,Transfer,Hyderabad,D00025-1,Success,25.88,10.57,No
T00025403,A001150,C00802,B013,2025-12-27 00:28:24,Credit,20063.53,INR,Net Banking,ATM,Kolkata,D00802-1,Success,5.41,15.31,No
T00025414,A001257,C00875,B011,2025-02-11 03:22:54,Debit,26527.98,INR,ATM,Fuel,Kochi,D00875-1,Success,11.36,20.75,No
T00025421,A000727,C00502,B020,2025-10-13 08:39:16,Debit,21110.45,INR,UPI,Fuel,Pune,D00502-1,Success,9.24,16.81,No
T00025496,A001226,C00854,B012,2024-08-14 00:43:50,Credit,24150.02,INR,UPI,Travel,Hyderabad,D00854-1,Success,9.75,12.82,No
T00025501,A001115,C00778,B024,2024-04-03 22:02:55,Debit,47747.16,INR,Card,Healthcare,Kolkata,D00778-1,Reversed,13.25,5.69,No
T00025504,A000645,C00448,B025,2026-08-23 22:36:16,Debit,31475.11,INR,Branch,Utilities,Kochi,D00448-1,Success,30.88,22.09,No
T00025510,A000084,C00052,B001,2026-01-29 06:46:06,Credit,43652.65,INR,Mobile Banking,Electronics,Hyderabad,D00052-1,Success,0.96,21.75,No
T00025516,A000278,C00193,B015,2025-07-07 12:30:20,Debit,43812.7,INR,UPI,Electronics,Hyderabad,D00193-1,Success,8.16,25.78,No
T00025518,A001073,C00752,B008,2025-09-17 14:21:32,Debit,21867.63,INR,Net Banking,Fuel,Chennai,D00752-1,Success,3.38,23.48,No
T00025523,A000632,C00441,B007,2026-08-10 22:29:19,Debit,36808.08,INR,UPI,ATM,Pune,D00441-1,Success,14.6,24.87,No
T00025552,A000422,C00295,B002,2025-06-03 13:04:16,Debit,22852.12,INR,Mobile Banking,Utilities,Kochi,D00295-1,Success,21.05,25.8,No
T00025555,A000232,C00158,B004,2026-03-17 01:02:05,Debit,99437.8,INR,UPI,ATM,Delhi,D00158-1,Success,27.36,11.53,No
T00025567,A000699,C00488,B001,2026-03-29 23:35:51,Debit,20209.57,INR,Mobile Banking,Travel,Coimbatore,D00488-1,Success,33.07,4.37,No
T00025572,A001074,C00753,B023,2025-05-18 22:55:39,Debit,38551.86,INR,UPI,Grocery,Hyderabad,D00753-1,Success,14.91,10.45,No
T00025587,A000283,C00197,B010,2026-05-07 17:02:38,Credit,23456.89,INR,Card,E-Commerce,Hyderabad,D00197-1,Success,7.46,29.23,No
T00025597,A001144,C00798,B008,2024-07-18 21:00:14,Credit,37994.5,INR,Card,Travel,Mumbai,D00798-1,Success,18.67,17.02,No
T00025601,A000220,C00149,B015,2026-01-21 20:44:49,Debit,22830.76,INR,UPI,Transfer,Coimbatore,D00149-1,Success,23.83,3.17,No
T00025613,A000777,C00538,B025,2024-06-11 05:02:54,Credit,31963.61,INR,Card,Transfer,Pune,D00538-1,Success,24.34,24.96,No
T00025627,A000649,C00451,B016,2025-12-27 02:00:32,Debit,64886.23,INR,ATM,Dining,Hyderabad,D00451-1,Success,21.74,23.2,No
T00025633,A000450,C00314,B010,2025-05-11 00:03:50,Credit,25562.08,INR,UPI,Utilities,Madurai,D00314-1,Success,11.96,4.76,No
T00025686,A000128,C00081,B024,2026-07-14 23:58:40,Debit,70070.59,INR,UPI,Dining,Hyderabad,D00081-1,Success,2.47,21.98,No
T00025700,A000410,C00288,B013,2026-02-02 17:24:27,Debit,21951.87,INR,Mobile Banking,Transfer,Bengaluru,D00288-1,Success,15.43,22.93,No
T00025743,A000755,C00523,B014,2026-05-30 08:22:28,Debit,29052.4,INR,UPI,Electronics,Hyderabad,D00523-1,Failed,17.25,28.52,No
T00025753,A000037,C00027,B017,2025-03-10 23:30:10,Debit,23011.77,INR,Card,E-Commerce,Pune,D00027-1,Success,24.92,22.07,No
T00025771,A001417,C00987,B011,2026-08-15 06:07:49,Credit,48237.23,INR,Net Banking,Dining,Madurai,D00987-1,Success,23.05,23.91,No
T00025829,A000569,C00399,B018,2026-03-15 11:58:25,Debit,27877.11,INR,Card,Transfer,Madurai,D00399-1,Success,27.97,22.83,No
T00025840,A000196,C00131,B021,2026-06-08 13:24:46,Debit,21434.45,INR,Mobile Banking,Utilities,Coimbatore,D00131-1,Reversed,23.12,3.15,No
T00025858,A001127,C00785,B001,2025-10-09 02:42:10,Debit,51070.05,EUR,UPI,E-Commerce,Chennai,D00785-1,Success,25.64,26.41,No
T00025862,A001204,C00836,B023,2024-11-05 08:36:44,Debit,25679.66,INR,Card,Healthcare,Pune,D00836-1,Success,9.9,5.67,No
T00025866,A001311,C00911,B019,2026-02-09 20:59:17,Debit,19982.16,INR,Card,Electronics,Bengaluru,D00911-1,Success,4.91,14.15,No
T00025869,A001263,C00879,B025,2025-09-27 09:36:06,Debit,19926.42,INR,UPI,Transfer,Hyderabad,D00879-1,Success,9.31,26.06,No
T00025870,A000522,C00365,B015,2025-07-12 07:29:13,Credit,36526.9,INR,Card,Transfer,Coimbatore,D00365-1,Success,32.54,9.77,No
T00025879,A001282,C00892,B013,2024-12-17 11:45:08,Debit,32221.54,EUR,Card,Dining,Kolkata,D00892-1,Success,15.28,14.66,No
T00025906,A000940,C00657,B022,2026-08-02 10:39:20,Debit,25429.45,INR,UPI,E-Commerce,Bengaluru,D00657-1,Success,11.22,24.49,No
T00025923,A000208,C00139,B011,2025-08-24 04:04:03,Debit,34620.31,INR,Card,Grocery,Madurai,D00139-1,Success,9.47,22.52,No
T00025927,A001042,C00732,B020,2026-07-02 02:30:54,Debit,21504.29,INR,UPI,ATM,Kochi,D00732-1,Success,30.45,7.83,No
T00025928,A001233,C00859,B001,2024-12-08 02:53:40,Debit,21824.47,INR,Net Banking,ATM,Pune,D00859-1,Success,29.93,10.12,No
T00025956,A001005,C00705,B006,2026-05-27 21:54:02,Debit,44971.94,INR,Branch,E-Commerce,Kolkata,D00705-1,Success,23.38,29.96,No
T00025997,A000478,C00335,B005,2025-10-30 21:12:19,Debit,21796.2,INR,Card,Fuel,Hyderabad,D00335-1,Success,16.12,19.38,No
T00026001,A000233,C00159,B009,2025-08-22 10:03:00,Debit,59391.09,INR,Mobile Banking,Transfer,Hyderabad,D00159-2,Success,20.0,12.0,Yes
T00026002,A000233,C00159,B009,2025-08-22 10:15:00,Debit,72319.76,INR,Mobile Banking,Transfer,Hyderabad,D00159-3,Success,20.0,12.0,Yes
T00026003,A000233,C00159,B009,2025-08-22 10:27:00,Debit,97543.04,INR,Mobile Banking,Transfer,Hyderabad,D00159-4,Success,20.0,12.0,Yes
T00026004,A000233,C00159,B009,2025-08-22 10:39:00,Debit,36137.8,INR,Mobile Banking,Transfer,Hyderabad,D00159-5,Success,20.0,12.0,Yes
T00026005,A000028,C00021,B012,2025-06-17 04:45:00,Debit,135094.44,INR,Card,Travel,Coimbatore,D00021-1,Success,30.0,18.0,Yes
T00026006,A000028,C00021,B012,2025-06-17 06:45:00,Debit,127015.45,INR,Card,Travel,Bengaluru,D00021-1,Success,30.0,18.0,Yes
T00026007,A000028,C00021,B012,2025-06-17 08:45:00,Debit,46302.35,INR,Card,Travel,Chennai,D00021-1,Success,30.0,18.0,Yes
T00026008,A000273,C00190,B014,2026-05-25 22:24:00,Debit,148508.47,INR,Card,Travel,Hyderabad,D00190-1,Success,30.0,18.0,Yes
T00026009,A000273,C00190,B014,2026-05-26 00:24:00,Debit,127598.68,INR,Card,Travel,Madurai,D00190-1,Success,30.0,18.0,Yes
T00026010,A000273,C00190,B014,2026-05-26 02:24:00,Debit,43640.36,INR,Card,Travel,Coimbatore,D00190-1,Success,30.0,18.0,Yes
T00026011,A001174,C00819,B006,2025-08-28 19:06:00,Debit,37467.76,INR,Card,Electronics,Madurai,D00819-1,Success,25.0,15.0,Yes
T00026012,A001174,C00819,B006,2025-08-28 19:08:00,Debit,51973.06,INR,Card,Electronics,Madurai,D00819-1,Success,25.0,15.0,Yes
T00026013,A001174,C00819,B006,2025-08-28 19:10:00,Debit,32090.16,INR,Card,Electronics,Madurai,D00819-1,Success,25.0,15.0,Yes
T00026014,A001174,C00819,B006,2025-08-28 19:12:00,Debit,55599.71,INR,Card,Electronics,Madurai,D00819-1,Success,25.0,15.0,Yes
T00026015,A001174,C00819,B006,2025-08-28 19:14:00,Debit,20329.0,INR,Card,Electronics,Madurai,D00819-1,Success,25.0,15.0,Yes
T00026017,A001302,C00906,B006,2025-07-24 17:31:00,Debit,70027.33,INR,Mobile Banking,Transfer,Pune,D00906-2,Success,20.0,12.0,Yes
T00026018,A001302,C00906,B006,2025-07-24 17:43:00,Debit,67065.74,INR,Mobile Banking,Transfer,Pune,D00906-3,Success,20.0,12.0,Yes
T00026019,A001302,C00906,B006,2025-07-24 17:55:00,Debit,91029.56,INR,Mobile Banking,Transfer,Pune,D00906-4,Success,20.0,12.0,Yes
T00026020,A001302,C00906,B006,2025-07-24 18:07:00,Debit,67455.11,INR,Mobile Banking,Transfer,Pune,D00906-5,Success,20.0,12.0,Yes
T00026021,A000130,C00083,B004,2026-05-28 04:08:00,Debit,45102.49,INR,Mobile Banking,Transfer,Pune,D00083-2,Success,20.0,12.0,Yes
T00026022,A000130,C00083,B004,2026-05-28 04:20:00,Debit,94735.17,INR,Mobile Banking,Transfer,Pune,D00083-3,Success,20.0,12.0,Yes
T00026023,A000130,C00083,B004,2026-05-28 04:32:00,Debit,108440.0,INR,Mobile Banking,Transfer,Pune,D00083-4,Success,20.0,12.0,Yes
T00026024,A000130,C00083,B004,2026-05-28 04:44:00,Debit,60738.7,INR,Mobile Banking,Transfer,Pune,D00083-5,Success,20.0,12.0,Yes
T00026025,A001150,C00802,B013,2025-08-01 05:41:00,Debit,75462.21,INR,Card,Travel,Delhi,D00802-1,Success,30.0,18.0,Yes
T00026026,A001150,C00802,B013,2025-08-01 07:41:00,Debit,45624.91,INR,Card,Travel,Kolkata,D00802-1,Success,30.0,18.0,Yes
T00026027,A001150,C00802,B013,2025-08-01 09:41:00,Debit,106393.64,INR,Card,Travel,Madurai,D00802-1,Success,30.0,18.0,Yes
T00026028,A001038,C00728,B016,2026-04-16 20:06:00,Debit,39650.62,INR,Net Banking,Transfer,Madurai,D00728-1,Failed,0.0,10.0,No
T00026029,A001038,C00728,B016,2026-04-16 20:09:00,Debit,77361.28,INR,Net Banking,Transfer,Madurai,D00728-1,Failed,0.0,10.0,No
T00026030,A001038,C00728,B016,2026-04-16 20:12:00,Debit,26767.96,INR,Net Banking,Transfer,Madurai,D00728-1,Failed,0.0,10.0,No
T00026032,A001038,C00728,B016,2026-04-16 20:18:00,Debit,25909.08,INR,Net Banking,Transfer,Madurai,D00728-1,Failed,0.0,10.0,Yes
T00026033,A000017,C00012,B013,2026-04-13 10:19:00,Debit,96728.3,INR,Mobile Banking,Transfer,Coimbatore,D00012-2,Success,20.0,12.0,Yes
T00026034,A000017,C00012,B013,2026-04-13 10:31:00,Debit,32382.13,INR,Mobile Banking,Transfer,Coimbatore,D00012-3,Success,20.0,12.0,Yes
T00026035,A000017,C00012,B013,2026-04-13 10:43:00,Debit,63734.23,INR,Mobile Banking,Transfer,Coimbatore,D00012-4,Success,20.0,12.0,Yes
T00026036,A000017,C00012,B013,2026-04-13 10:55:00,Debit,39225.29,INR,Mobile Banking,Transfer,Coimbatore,D00012-5,Success,20.0,12.0,Yes
T00026037,A000668,C00462,B002,2025-08-19 17:03:00,Debit,848531.34,INR,Branch,Transfer,Chennai,D00462-1,Success,50.0,25.0,Yes
T00026038,A000047,C00033,B014,2026-07-07 00:32:00,Debit,73000.41,INR,Net Banking,Transfer,Pune,D00033-1,Failed,0.0,10.0,No
T00026039,A000047,C00033,B014,2026-07-07 00:35:00,Debit,22999.38,INR,Net Banking,Transfer,Pune,D00033-1,Failed,0.0,10.0,No
T00026040,A000047,C00033,B014,2026-07-07 00:38:00,Debit,21735.83,INR,Net Banking,Transfer,Pune,D00033-1,Failed,0.0,10.0,No
T00026041,A000047,C00033,B014,2026-07-07 00:41:00,Debit,44900.68,INR,Net Banking,Transfer,Pune,D00033-1,Failed,0.0,10.0,Yes
T00026042,A000047,C00033,B014,2026-07-07 00:44:00,Debit,20762.41,INR,Net Banking,Transfer,Pune,D00033-1,Failed,0.0,10.0,Yes
T00026043,A000138,C00089,B024,2026-04-03 00:39:00,Debit,654353.63,INR,Branch,Transfer,Madurai,D00089-1,Success,50.0,25.0,Yes
T00026044,A001384,C00962,B015,2026-08-23 13:36:00,Debit,50680.12,INR,Net Banking,Transfer,Pune,D00962-1,Failed,0.0,10.0,No
T00026045,A001384,C00962,B015,2026-08-23 13:39:00,Debit,29613.28,INR,Net Banking,Transfer,Pune,D00962-1,Failed,0.0,10.0,No
T00026046,A001384,C00962,B015,2026-08-23 13:42:00,Debit,37838.49,INR,Net Banking,Transfer,Pune,D00962-1,Failed,0.0,10.0,No
T00026047,A001384,C00962,B015,2026-08-23 13:45:00,Debit,38240.3,INR,Net Banking,Transfer,Pune,D00962-1,Failed,0.0,10.0,Yes
T00026049,A001364,C00950,B020,2025-12-13 01:08:00,Debit,38268.22,INR,Card,Electronics,Hyderabad,D00950-1,Success,25.0,15.0,Yes
T00026050,A001364,C00950,B020,2025-12-13 01:10:00,Debit,44762.15,INR,Card,Electronics,Hyderabad,D00950-1,Success,25.0,15.0,Yes
T00026051,A001364,C00950,B020,2025-12-13 01:12:00,Debit,49295.77,INR,Card,Electronics,Hyderabad,D00950-1,Success,25.0,15.0,Yes
T00026052,A001364,C00950,B020,2025-12-13 01:14:00,Debit,53372.7,INR,Card,Electronics,Hyderabad,D00950-1,Success,25.0,15.0,Yes
T00026053,A001364,C00950,B020,2025-12-13 01:16:00,Debit,61242.24,INR,Card,Electronics,Hyderabad,D00950-1,Success,25.0,15.0,Yes
T00026054,A001364,C00950,B020,2025-12-13 01:18:00,Debit,26646.57,INR,Card,Electronics,Hyderabad,D00950-1,Success,25.0,15.0,Yes
T00026055,A000504,C00352,B018,2026-01-12 19:34:00,Debit,81128.49,INR,Mobile Banking,Transfer,Kochi,D00352-2,Success,20.0,12.0,Yes
T00026056,A000504,C00352,B018,2026-01-12 19:46:00,Debit,33705.61,INR,Mobile Banking,Transfer,Kochi,D00352-3,Success,20.0,12.0,Yes
T00026057,A000504,C00352,B018,2026-01-12 19:58:00,Debit,67465.12,INR,Mobile Banking,Transfer,Kochi,D00352-4,Success,20.0,12.0,Yes
T00026058,A000504,C00352,B018,2026-01-12 20:10:00,Debit,61339.06,INR,Mobile Banking,Transfer,Kochi,D00352-5,Success,20.0,12.0,Yes
T00026059,A001271,C00884,B019,2025-06-03 06:19:00,Debit,64537.49,INR,Mobile Banking,Transfer,Chennai,D00884-2,Success,20.0,12.0,Yes
T00026060,A001271,C00884,B019,2025-06-03 06:31:00,Debit,71159.66,INR,Mobile Banking,Transfer,Chennai,D00884-3,Success,20.0,12.0,Yes
T00026061,A001271,C00884,B019,2025-06-03 06:43:00,Debit,49041.81,INR,Mobile Banking,Transfer,Chennai,D00884-4,Success,20.0,12.0,Yes
T00026062,A001271,C00884,B019,2025-06-03 06:55:00,Debit,26892.16,INR,Mobile Banking,Transfer,Chennai,D00884-5,Success,20.0,12.0,Yes
T00026063,A000210,C00141,B010,2026-02-23 00:07:00,Debit,72146.22,INR,Card,Travel,Pune,D00141-1,Success,30.0,18.0,Yes
T00026064,A000210,C00141,B010,2026-02-23 02:07:00,Debit,73727.64,INR,Card,Travel,Mumbai,D00141-1,Success,30.0,18.0,Yes
T00026065,A000210,C00141,B010,2026-02-23 04:07:00,Debit,66900.72,INR,Card,Travel,Hyderabad,D00141-1,Success,30.0,18.0,Yes
T00026066,A000651,C00452,B023,2026-07-17 11:07:00,Debit,35520.53,INR,Net Banking,Transfer,Kolkata,D00452-1,Failed,0.0,10.0,No
T00026067,A000651,C00452,B023,2026-07-17 11:10:00,Debit,25098.06,INR,Net Banking,Transfer,Kolkata,D00452-1,Failed,0.0,10.0,No
T00026068,A000651,C00452,B023,2026-07-17 11:13:00,Debit,43758.05,INR,Net Banking,Transfer,Kolkata,D00452-1,Failed,0.0,10.0,No
T00026071,A000561,C00394,B010,2026-02-02 10:50:00,Debit,587704.6,INR,Branch,Transfer,Kolkata,D00394-1,Success,50.0,25.0,Yes
T00026072,A000239,C00164,B024,2026-02-08 15:39:00,Debit,121623.53,INR,Card,Travel,Kolkata,D00164-1,Success,30.0,18.0,Yes
T00026073,A000239,C00164,B024,2026-02-08 17:39:00,Debit,123892.0,INR,Card,Travel,Delhi,D00164-1,Success,30.0,18.0,Yes
T00026074,A000239,C00164,B024,2026-02-08 19:39:00,Debit,84309.84,INR,Card,Travel,Bengaluru,D00164-1,Success,30.0,18.0,Yes
T00026075,A000662,C00458,B020,2026-02-23 18:11:00,Debit,58406.33,INR,Net Banking,Transfer,Bengaluru,D00458-1,Failed,0.0,10.0,No
T00026076,A000662,C00458,B020,2026-02-23 18:14:00,Debit,54178.21,INR,Net Banking,Transfer,Bengaluru,D00458-1,Failed,0.0,10.0,No
T00026077,A000662,C00458,B020,2026-02-23 18:17:00,Debit,58286.3,INR,Net Banking,Transfer,Bengaluru,D00458-1,Failed,0.0,10.0,No
T00026078,A000662,C00458,B020,2026-02-23 18:20:00,Debit,32055.8,INR,Net Banking,Transfer,Bengaluru,D00458-1,Failed,0.0,10.0,Yes
T00026079,A000662,C00458,B020,2026-02-23 18:23:00,Debit,42813.51,INR,Net Banking,Transfer,Bengaluru,D00458-1,Failed,0.0,10.0,Yes
T00026080,A000409,C00287,B009,2026-03-30 17:13:00,Debit,67249.62,INR,Net Banking,Transfer,Kolkata,D00287-1,Failed,0.0,10.0,No
T00026081,A000409,C00287,B009,2026-03-30 17:16:00,Debit,77664.28,INR,Net Banking,Transfer,Kolkata,D00287-1,Failed,0.0,10.0,No
T00026082,A000409,C00287,B009,2026-03-30 17:19:00,Debit,35484.94,INR,Net Banking,Transfer,Kolkata,D00287-1,Failed,0.0,10.0,No
T00026083,A000409,C00287,B009,2026-03-30 17:22:00,Debit,53966.5,INR,Net Banking,Transfer,Kolkata,D00287-1,Failed,0.0,10.0,Yes
T00026084,A000409,C00287,B009,2026-03-30 17:25:00,Debit,58066.44,INR,Net Banking,Transfer,Kolkata,D00287-1,Failed,0.0,10.0,Yes
T00026085,A000133,C00085,B012,2026-01-21 14:26:00,Debit,78611.33,INR,Card,Travel,Bengaluru,D00085-1,Success,30.0,18.0,Yes
T00026086,A000133,C00085,B012,2026-01-21 16:26:00,Debit,47208.06,INR,Card,Travel,Pune,D00085-1,Success,30.0,18.0,Yes
T00026087,A000133,C00085,B012,2026-01-21 18:26:00,Debit,92852.12,INR,Card,Travel,Mumbai,D00085-1,Success,30.0,18.0,Yes
T00026088,A001119,C00780,B013,2026-08-19 18:38:00,Debit,41626.64,INR,Net Banking,Transfer,Coimbatore,D00780-1,Failed,0.0,10.0,No
T00026090,A001119,C00780,B013,2026-08-19 18:44:00,Debit,49038.67,INR,Net Banking,Transfer,Coimbatore,D00780-1,Failed,0.0,10.0,No
T00026091,A001119,C00780,B013,2026-08-19 18:47:00,Debit,55099.07,INR,Net Banking,Transfer,Coimbatore,D00780-1,Failed,0.0,10.0,Yes
T00026092,A001119,C00780,B013,2026-08-19 18:50:00,Debit,67374.62,INR,Net Banking,Transfer,Coimbatore,D00780-1,Failed,0.0,10.0,Yes
T00026093,A001011,C00710,B012,2025-09-16 21:32:00,Debit,41143.66,INR,Mobile Banking,Transfer,Kochi,D00710-2,Success,20.0,12.0,Yes
T00026094,A001011,C00710,B012,2025-09-16 21:44:00,Debit,44929.36,INR,Mobile Banking,Transfer,Kochi,D00710-3,Success,20.0,12.0,Yes
T00026095,A001011,C00710,B012,2025-09-16 21:56:00,Debit,108473.88,INR,Mobile Banking,Transfer,Kochi,D00710-4,Success,20.0,12.0,Yes
T00026096,A001011,C00710,B012,2025-09-16 22:08:00,Debit,52151.53,INR,Mobile Banking,Transfer,Kochi,D00710-5,Success,20.0,12.0,Yes
T00026097,A000018,C00013,B007,2026-04-08 08:23:00,Debit,21642.9,INR,Net Banking,Transfer,Madurai,D00013-1,Failed,0.0,10.0,No
T00026098,A000018,C00013,B007,2026-04-08 08:26:00,Debit,63094.59,INR,Net Banking,Transfer,Madurai,D00013-1,Failed,0.0,10.0,No
T00026099,A000018,C00013,B007,2026-04-08 08:29:00,Debit,47518.7,INR,Net Banking,Transfer,Madurai,D00013-1,Failed,0.0,10.0,No
T00026100,A000018,C00013,B007,2026-04-08 08:32:00,Debit,52363.3,INR,Net Banking,Transfer,Madurai,D00013-1,Failed,0.0,10.0,Yes
T00026101,A000018,C00013,B007,2026-04-08 08:35:00,Debit,76070.35,INR,Net Banking,Transfer,Madurai,D00013-1,Failed,0.0,10.0,Yes
T00026102,A000309,C00214,B018,2025-09-02 17:00:00,Debit,88029.97,INR,Mobile Banking,Transfer,Delhi,D00214-2,Success,20.0,12.0,Yes
T00026103,A000309,C00214,B018,2025-09-02 17:12:00,Debit,105395.84,INR,Mobile Banking,Transfer,Delhi,D00214-3,Success,20.0,12.0,Yes
T00026104,A000309,C00214,B018,2025-09-02 17:24:00,Debit,88815.06,INR,Mobile Banking,Transfer,Delhi,D00214-4,Success,20.0,12.0,Yes
T00026105,A000309,C00214,B018,2025-09-02 17:36:00,Debit,42150.55,INR,Mobile Banking,Transfer,Delhi,D00214-5,Success,20.0,12.0,Yes
T00026106,A000452,C00316,B017,2026-02-02 23:26:00,Debit,750473.49,INR,Branch,Transfer,Coimbatore,D00316-1,Success,50.0,25.0,Yes
T00026107,A000811,C00562,B003,2026-08-21 04:42:00,Debit,40346.46,INR,Net Banking,Transfer,Chennai,D00562-1,Failed,0.0,10.0,No
T00026108,A000811,C00562,B003,2026-08-21 04:45:00,Debit,29274.68,INR,Net Banking,Transfer,Chennai,D00562-1,Failed,0.0,10.0,No
T00026110,A000811,C00562,B003,2026-08-21 04:51:00,Debit,20599.53,INR,Net Banking,Transfer,Chennai,D00562-1,Failed,0.0,10.0,Yes
T00026112,A000685,C00476,B022,2026-01-30 12:11:00,Debit,58699.83,INR,Card,Electronics,Kolkata,D00476-1,Success,25.0,15.0,Yes
T00026113,A000685,C00476,B022,2026-01-30 12:13:00,Debit,55001.02,INR,Card,Electronics,Kolkata,D00476-1,Success,25.0,15.0,Yes
T00026115,A000685,C00476,B022,2026-01-30 12:17:00,Debit,33706.22,INR,Card,Electronics,Kolkata,D00476-1,Success,25.0,15.0,Yes
T00026116,A000685,C00476,B022,2026-01-30 12:19:00,Debit,33000.6,INR,Card,Electronics,Kolkata,D00476-1,Success,25.0,15.0,Yes
T00026117,A000685,C00476,B022,2026-01-30 12:21:00,Debit,21144.82,INR,Card,Electronics,Kolkata,D00476-1,Success,25.0,15.0,Yes
T00026118,A000366,C00255,B011,2025-12-06 15:21:00,Debit,103660.6,INR,Card,Travel,Bengaluru,D00255-1,Success,30.0,18.0,Yes
T00026119,A000366,C00255,B011,2025-12-06 17:21:00,Debit,76614.76,INR,Card,Travel,Hyderabad,D00255-1,Success,30.0,18.0,Yes
T00026120,A000366,C00255,B011,2025-12-06 19:21:00,Debit,112378.14,INR,Card,Travel,Kochi,D00255-1,Success,30.0,18.0,Yes
T00026121,A000360,C00251,B002,2026-01-15 14:15:00,Debit,31945.4,INR,Net Banking,Transfer,Mumbai,D00251-1,Failed,0.0,10.0,No
T00026122,A000360,C00251,B002,2026-01-15 14:18:00,Debit,69614.24,INR,Net Banking,Transfer,Mumbai,D00251-1,Failed,0.0,10.0,No
T00026123,A000360,C00251,B002,2026-01-15 14:21:00,Debit,22192.52,INR,Net Banking,Transfer,Mumbai,D00251-1,Failed,0.0,10.0,No
T00026124,A000360,C00251,B002,2026-01-15 14:24:00,Debit,53295.96,INR,Net Banking,Transfer,Mumbai,D00251-1,Failed,0.0,10.0,Yes
T00026125,A000360,C00251,B002,2026-01-15 14:27:00,Debit,70764.73,INR,Net Banking,Transfer,Mumbai,D00251-1,Failed,0.0,10.0,Yes
T00026126,A000069,C00045,B025,2026-05-06 05:32:00,Debit,41106.59,INR,Card,Travel,Chennai,D00045-1,Success,30.0,18.0,Yes
T00026127,A000069,C00045,B025,2026-05-06 07:32:00,Debit,83848.45,INR,Card,Travel,Hyderabad,D00045-1,Success,30.0,18.0,Yes
T00026128,A000069,C00045,B025,2026-05-06 09:32:00,Debit,64921.45,INR,Card,Travel,Pune,D00045-1,Success,30.0,18.0,Yes
T00026129,A000500,C00350,B024,2026-01-21 07:34:00,Debit,306315.93,INR,Branch,Transfer,Delhi,D00350-1,Success,50.0,25.0,Yes
T00026130,A000262,C00180,B022,2026-03-05 13:08:00,Debit,94041.63,INR,Mobile Banking,Transfer,Mumbai,D00180-2,Success,20.0,12.0,Yes
T00026131,A000262,C00180,B022,2026-03-05 13:20:00,Debit,46269.06,INR,Mobile Banking,Transfer,Mumbai,D00180-3,Success,20.0,12.0,Yes
T00026132,A000262,C00180,B022,2026-03-05 13:32:00,Debit,94834.59,INR,Mobile Banking,Transfer,Mumbai,D00180-4,Success,20.0,12.0,Yes
T00026133,A000262,C00180,B022,2026-03-05 13:44:00,Debit,63787.28,INR,Mobile Banking,Transfer,Mumbai,D00180-5,Success,20.0,12.0,Yes
T00026134,A000036,C00026,B024,2025-11-24 16:27:00,Debit,51420.67,INR,Card,Travel,Kochi,D00026-1,Success,30.0,18.0,Yes
T00026135,A000036,C00026,B024,2025-11-24 18:27:00,Debit,77597.14,INR,Card,Travel,Coimbatore,D00026-1,Success,30.0,18.0,Yes
T00026136,A000036,C00026,B024,2025-11-24 20:27:00,Debit,49553.67,INR,Card,Travel,Mumbai,D00026-1,Success,30.0,18.0,Yes
T00026137,A000183,C00121,B015,2025-06-12 16:50:00,Debit,68780.7,INR,Mobile Banking,Transfer,Chennai,D00121-2,Success,20.0,12.0,Yes
T00026138,A000183,C00121,B015,2025-06-12 17:02:00,Debit,40894.46,INR,Mobile Banking,Transfer,Chennai,D00121-3,Success,20.0,12.0,Yes
T00026139,A000183,C00121,B015,2025-06-12 17:14:00,Debit,76251.26,INR,Mobile Banking,Transfer,Chennai,D00121-4,Success,20.0,12.0,Yes
T00026140,A000183,C00121,B015,2025-06-12 17:26:00,Debit,59624.83,INR,Mobile Banking,Transfer,Chennai,D00121-5,Success,20.0,12.0,Yes
T00026141,A000925,C00645,B003,2025-10-16 03:11:00,Debit,140244.05,INR,Card,Travel,Madurai,D00645-1,Success,30.0,18.0,Yes
T00026142,A000925,C00645,B003,2025-10-16 05:11:00,Debit,139884.95,INR,Card,Travel,Chennai,D00645-1,Success,30.0,18.0,Yes
T00026143,A000925,C00645,B003,2025-10-16 07:11:00,Debit,131690.43,INR,Card,Travel,Mumbai,D00645-1,Success,30.0,18.0,Yes
T00026144,A000860,C00596,B008,2025-08-11 00:37:00,Debit,67268.13,INR,Mobile Banking,Transfer,Kolkata,D00596-2,Success,20.0,12.0,Yes
T00026145,A000860,C00596,B008,2025-08-11 00:49:00,Debit,87367.42,INR,Mobile Banking,Transfer,Kolkata,D00596-3,Success,20.0,12.0,Yes
T00026146,A000860,C00596,B008,2025-08-11 01:01:00,Debit,96008.24,INR,Mobile Banking,Transfer,Kolkata,D00596-4,Success,20.0,12.0,Yes
T00026147,A000860,C00596,B008,2025-08-11 01:13:00,Debit,88117.61,INR,Mobile Banking,Transfer,Kolkata,D00596-5,Success,20.0,12.0,Yes
T00026148,A001138,C00793,B005,2026-05-22 20:37:00,Debit,50217.77,INR,Card,Electronics,Mumbai,D00793-1,Success,25.0,15.0,Yes
T00026149,A001138,C00793,B005,2026-05-22 20:39:00,Debit,20211.92,INR,Card,Electronics,Mumbai,D00793-1,Success,25.0,15.0,Yes
T00026150,A001138,C00793,B005,2026-05-22 20:41:00,Debit,40244.24,INR,Card,Electronics,Mumbai,D00793-1,Success,25.0,15.0,Yes
T00026151,A001138,C00793,B005,2026-05-22 20:43:00,Debit,26966.52,INR,Card,Electronics,Mumbai,D00793-1,Success,25.0,15.0,Yes
T00026152,A001138,C00793,B005,2026-05-22 20:45:00,Debit,31456.32,INR,Card,Electronics,Mumbai,D00793-1,Success,25.0,15.0,Yes
T00026153,A001138,C00793,B005,2026-05-22 20:47:00,Debit,31585.52,INR,Card,Electronics,Mumbai,D00793-1,Success,25.0,15.0,Yes
T00026154,A000021,C00015,B003,2025-07-23 01:41:00,Debit,35560.98,INR,Card,Electronics,Delhi,D00015-1,Success,25.0,15.0,Yes
T00026155,A000021,C00015,B003,2025-07-23 01:43:00,Debit,63146.77,INR,Card,Electronics,Delhi,D00015-1,Success,25.0,15.0,Yes
T00026156,A000021,C00015,B003,2025-07-23 01:45:00,Debit,35504.87,INR,Card,Electronics,Delhi,D00015-1,Success,25.0,15.0,Yes
T00026157,A000021,C00015,B003,2025-07-23 01:47:00,Debit,37089.92,INR,Card,Electronics,Delhi,D00015-1,Success,25.0,15.0,Yes
T00026158,A000021,C00015,B003,2025-07-23 01:49:00,Debit,39745.81,INR,Card,Electronics,Delhi,D00015-1,Success,25.0,15.0,Yes
T00026159,A000021,C00015,B003,2025-07-23 01:51:00,Debit,43892.84,INR,Card,Electronics,Delhi,D00015-1,Success,25.0,15.0,Yes
T00026160,A000272,C00189,B005,2025-09-04 04:36:00,Debit,861300.8,INR,Branch,Transfer,Delhi,D00189-1,Success,50.0,25.0,Yes
T00026161,A000291,C00201,B010,2025-10-03 10:35:00,Debit,141566.85,INR,Card,Travel,Bengaluru,D00201-1,Success,30.0,18.0,Yes
T00026162,A000291,C00201,B010,2025-10-03 12:35:00,Debit,60222.55,INR,Card,Travel,Chennai,D00201-1,Success,30.0,18.0,Yes
T00026163,A000291,C00201,B010,2025-10-03 14:35:00,Debit,84868.14,INR,Card,Travel,Delhi,D00201-1,Success,30.0,18.0,Yes
T00026164,A001382,C00961,B023,2025-12-18 00:00:00,Debit,65072.91,INR,Mobile Banking,Transfer,Pune,D00961-2,Success,20.0,12.0,Yes
T00026165,A001382,C00961,B023,2025-12-18 00:12:00,Debit,68162.44,INR,Mobile Banking,Transfer,Pune,D00961-3,Success,20.0,12.0,Yes
T00026166,A001382,C00961,B023,2025-12-18 00:24:00,Debit,88892.04,INR,Mobile Banking,Transfer,Pune,D00961-4,Success,20.0,12.0,Yes
T00026167,A001382,C00961,B023,2025-12-18 00:36:00,Debit,84369.28,INR,Mobile Banking,Transfer,Pune,D00961-5,Success,20.0,12.0,Yes
T00026168,A001226,C00854,B012,2026-04-08 06:25:00,Debit,95567.37,INR,Card,Travel,Mumbai,D00854-1,Success,30.0,18.0,Yes
T00026169,A001226,C00854,B012,2026-04-08 08:25:00,Debit,137628.98,INR,Card,Travel,Kochi,D00854-1,Success,30.0,18.0,Yes
T00026170,A001226,C00854,B012,2026-04-08 10:25:00,Debit,87751.22,INR,Card,Travel,Coimbatore,D00854-1,Success,30.0,18.0,Yes
