account_id,customer_id,account_type,branch_id,open_date,current_balance,currency,account_status,last_activity_date,account_tier,monthly_service_cost
A000001,C00001,Savings,B005,2024-01-19,23366.27,INR,Active,2026-01-04,Gold,110.17
A000002,C00002,Savings,B017,2020-10-10,78803.42,INR,Dormant,2025-08-04,Silver,43.44
A000003,C00002,Savings,B017,2023-04-23,37698.18,INR,Dormant,2024-09-20,Platinum,96.32
A000004,C00003,Salary,B022,2026-03-22,114694.73,INR,Active,2026-04-30,Platinum,158.47
A000005,C00003,Savings,B022,2020-11-23,57462.08,INR,Active,2026-06-10,Gold,117.38
A000006,C00004,Savings,B017,2021-03-17,118173.87,INR,Dormant,2024-12-31,Silver,138.62
A000007,C00004,Savings,B017,2020-01-02,410319.75,INR,Dormant,2025-02-12,Classic,175.27
A000008,C00005,Savings,B001,2023-12-13,319384.04,INR,Dormant,2024-09-07,Silver,56.53
A000009,C00006,Savings,B025,2025-10-31,93764.1,INR,Active,2026-03-16,Classic,164.98
A000010,C00006,Savings,B025,2022-05-25,13455.98,INR,Dormant,2024-03-03,Classic,105.91
A000011,C00007,Savings,B025,2026-02-09,47146.11,INR,Active,2026-02-27,Silver,35.98
A000012,C00007,Current,B025,2025-09-16,23910.43,INR,Active,2026-05-23,Platinum,144.38
A000013,C00008,Salary,B011,2025-11-21,68324.76,INR,Active,2026-07-12,Gold,101.17
A000014,C00009,Salary,B018,2022-05-12,46924.48,INR,Dormant,2024-09-27,Gold,120.15
A000015,C00010,Current,B002,2026-03-06,87806.64,INR,Active,2026-07-08,Platinum,127.68
A000016,C00011,Salary,B009,2022-11-03,168823.47,INR,Active,2025-10-15,Silver,54.11
A000017,C00012,Savings,B013,2024-12-12,35312.24,INR,Active,2026-04-09,Silver,71.8
A000018,C00013,Savings,B007,2020-12-04,128547.28,INR,Active,2026-05-22,Platinum,124.56
A000019,C00014,Salary,B006,2023-12-16,60843.6,INR,Dormant,2024-08-22,Silver,69.0
A000020,C00014,Current,B006,2023-12-16,134311.6,INR,Dormant,2025-04-05,Platinum,28.85
A000021,C00015,Current,B003,2024-12-11,14560.3,INR,Active,2026-03-23,Gold,23.79
A000022,C00016,Savings,B003,2026-06-07,643735.22,INR,Active,2026-08-17,Platinum,157.02
A000023,C00017,Savings,B023,2024-02-04,173933.87,USD,Active,2026-02-13,Classic,145.0
A000024,C00018,Salary,B020,2024-06-17,113925.91,INR,Dormant,2025-02-27,Gold,64.17
A000025,C00019,Salary,B002,2021-02-07,160318.59,INR,Dormant,2025-04-28,Platinum,151.89
A000026,C00020,Current,B005,2025-10-01,102667.65,INR,Active,2026-01-11,Gold,109.07
A000027,C00020,Salary,B005,2025-10-01,140261.4,INR,Active,2025-12-11,Gold,173.15
A000028,C00021,Salary,B012,2021-05-29,40861.08,INR,Dormant,2024-07-07,Gold,60.86
A000029,C00022,Savings,B022,2022-08-14,60119.1,INR,Active,2025-10-19,Classic,166.08
A000030,C00022,Savings,B022,2022-08-14,16836.81,INR,Dormant,2025-08-02,Platinum,65.22
A000031,C00023,Savings,B008,2020-07-21,95135.81,INR,Dormant,2025-08-01,Classic,111.83
A000032,C00024,Current,B018,2025-08-15,190171.26,INR,Active,2025-09-21,Platinum,162.3
A000033,C00025,Savings,B014,2022-09-15,107664.96,INR,Dormant,2024-03-15,Platinum,162.3
A000034,C00025,Savings,B014,2022-04-18,59380.53,INR,Dormant,2024-01-07,Gold,105.18
A000035,C00025,Current,B014,2021-07-08,203146.2,INR,Active,2026-02-27,Silver,52.98
A000036,C00026,Savings,B024,2025-10-01,241062.55,USD,Active,2025-10-21,Gold,159.29
A000037,C00027,Current,B017,2021-05-15,74522.01,INR,Dormant,2024-11-06,Classic,34.86
A000038,C00027,Savings,B017,2025-06-26,87922.64,INR,Active,2026-07-01,Platinum,138.5
A000039,C00027,Savings,B017,2022-07-21,61548.23,INR,Dormant,2025-03-01,Platinum,22.58
A000040,C00028,Savings,B013,2021-05-17,59972.96,INR,Dormant,2024-12-29,Gold,56.7
A000041,C00029,Current,B017,2023-05-16,247186.07,INR,Active,2026-06-15,Gold,27.26
A000042,C00029,Salary,B017,2020-12-27,12255.27,INR,Dormant,2023-11-24,Classic,115.39
A000043,C00030,Current,B005,2022-04-15,220856.17,INR,Dormant,2025-01-15,Silver,138.71
A000044,C00031,Savings,B013,2023-07-18,84487.85,INR,Active,2026-03-16,Gold,119.51
A000045,C00031,Savings,B013,2023-07-18,50261.76,INR,Dormant,2024-11-10,Silver,36.02
A000046,C00032,Savings,B004,2023-09-16,6923.93,INR,Dormant,2024-03-08,Platinum,41.5
A000047,C00033,Current,B014,2023-08-30,129736.17,INR,Dormant,2025-05-02,Classic,96.45
A000048,C00034,Salary,B008,2025-01-11,50889.98,INR,Dormant,2025-05-19,Platinum,65.17
A000049,C00034,Current,B008,2025-01-11,149499.45,INR,Dormant,2025-08-30,Platinum,126.94
A000050,C00035,Savings,B003,2021-12-28,53014.08,INR,Active,2026-02-17,Classic,139.67
A000051,C00036,Current,B001,2025-10-19,180826.41,INR,Active,2026-01-20,Classic,111.53
A000052,C00036,Savings,B001,2025-10-19,284063.33,INR,Active,2026-01-23,Platinum,178.83
A000053,C00037,Savings,B008,2024-10-06,147225.44,INR,Dormant,2025-02-03,Silver,60.85
A000054,C00038,Savings,B020,2025-02-26,131754.62,INR,Active,2026-06-08,Classic,145.11
A000055,C00038,Savings,B020,2019-06-07,35868.33,INR,Dormant,2025-07-10,Gold,40.21
A000056,C00039,Savings,B007,2025-03-16,86872.98,INR,Dormant,2025-06-08,Classic,51.79
A000057,C00040,Savings,B012,2020-09-13,105399.7,INR,Dormant,2025-07-30,Silver,130.99
A000058,C00040,Salary,B012,2020-11-14,198405.96,INR,Dormant,2025-01-18,Silver,154.92
A000059,C00041,Savings,B004,2025-11-02,199235.09,USD,Active,2026-06-07,Platinum,67.44
A000060,C00041,Salary,B004,2025-07-05,79767.22,INR,Active,2026-03-05,Classic,31.98
A000061,C00042,Current,B010,2021-05-05,101031.18,INR,Active,2026-08-03,Silver,43.01
A000062,C00042,Salary,B010,2021-09-20,128273.58,INR,Dormant,2025-02-04,Gold,31.29
A000063,C00043,Savings,B025,2025-10-26,216783.9,INR,Active,2025-12-28,Silver,90.94
A000064,C00043,Current,B025,2025-10-26,138664.04,INR,Active,2025-10-31,Platinum,57.15
A000065,C00043,Savings,B025,2025-10-26,182434.64,INR,Active,2026-07-30,Gold,160.04
A000066,C00044,Savings,B004,2023-07-01,72951.88,INR,Dormant,2024-04-25,Platinum,141.35
A000067,C00044,Savings,B004,2023-07-01,132251.05,INR,Dormant,2024-03-31,Platinum,153.87
A000068,C00044,Salary,B004,2023-09-24,202952.73,INR,Dormant,2024-02-28,Gold,164.76
A000069,C00045,Savings,B025,2024-01-14,35473.04,INR,Dormant,2025-01-13,Gold,36.63
A000070,C00045,Salary,B025,2024-06-21,113162.6,INR,Active,2026-01-16,Platinum,26.74
A000071,C00046,Salary,B015,2026-06-01,98460.79,INR,Active,2026-06-13,Gold,112.82
A000072,C00047,Current,B020,2023-06-01,24685.76,INR,Active,2026-01-05,Classic,170.43
A000073,C00047,Salary,B020,2026-01-16,358479.28,INR,Active,2026-07-25,Silver,23.86
A000074,C00048,Savings,B016,2025-09-29,1155664.42,INR,Active,2025-10-13,Gold,76.38
A000075,C00048,Salary,B016,2025-09-29,174720.17,INR,Active,2026-05-15,Gold,142.98
A000076,C00048,Savings,B016,2025-09-29,226724.34,INR,Active,2026-07-06,Silver,155.16
A000077,C00049,Savings,B018,2025-11-29,1048712.6,INR,Active,2026-08-31,Gold,36.21
A000078,C00049,Current,B018,2026-03-04,44896.87,INR,Active,2026-06-15,Platinum,52.34
A000079,C00050,Savings,B004,2022-10-12,64070.35,INR,Active,2026-04-05,Classic,37.84
A000080,C00050,Current,B004,2024-09-04,38405.73,INR,Active,2026-08-22,Classic,51.78
A000081,C00051,Current,B006,2023-07-16,187808.96,INR,Active,2026-05-22,Platinum,36.58
A000082,C00052,Salary,B001,2022-04-18,76698.33,INR,Active,2025-09-20,Gold,24.22
A000083,C00052,Savings,B001,2021-06-15,49390.63,INR,Dormant,2024-09-08,Gold,58.99
A000084,C00052,Savings,B001,2025-11-12,228797.96,INR,Active,2026-07-17,Silver,85.97
A000085,C00053,Current,B002,2026-01-13,360100.02,EUR,Active,2026-06-09,Gold,89.01
A000086,C00053,Savings,B002,2025-09-12,91623.37,INR,Active,2026-02-22,Gold,157.59
A000087,C00054,Savings,B015,2025-01-13,87098.72,INR,Active,2026-08-28,Silver,135.22
A000088,C00054,Current,B015,2026-03-26,172851.77,INR,Active,2026-08-14,Classic,93.64
A000089,C00054,Savings,B015,2025-08-17,19224.79,INR,Active,2026-03-28,Gold,96.26
A000090,C00055,Savings,B008,2022-12-22,50861.66,INR,Dormant,2024-03-07,Classic,134.18
A000091,C00055,Savings,B008,2020-06-30,71141.94,INR,Dormant,2025-02-09,Gold,57.21
A000092,C00056,Savings,B015,2025-11-19,251733.12,USD,Active,2026-01-31,Classic,133.94
A000093,C00056,Savings,B015,2025-11-19,128767.78,INR,Active,2025-12-25,Silver,59.81
A000094,C00057,Current,B003,2021-01-04,141199.6,INR,Active,2026-05-05,Classic,35.07
A000095,C00058,Current,B020,2023-05-06,125685.41,INR,Active,2026-04-04,Classic,69.79
A000096,C00059,Savings,B025,2021-10-29,50840.18,INR,Dormant,2025-05-26,Classic,74.36
A000097,C00060,Savings,B016,2025-02-13,25435.69,INR,Dormant,2025-04-16,Classic,20.75
A000098,C00060,Savings,B016,2025-02-13,109517.18,INR,Active,2026-03-03,Gold,35.51
A000099,C00061,Savings,B013,2025-06-06,31554.15,INR,Active,2026-03-26,Silver,101.17
A000100,C00061,Salary,B013,2025-06-06,2163186.3,INR,Dormant,2025-06-21,Classic,149.15
A000101,C00062,Savings,B012,2023-10-25,116811.99,INR,Active,2025-11-30,Silver,179.57
A000102,C00063,Salary,B001,2026-05-21,31616.75,INR,Active,2026-07-30,Platinum,50.13
A000103,C00063,Savings,B001,2023-01-07,94049.55,INR,Dormant,2024-03-01,Platinum,141.11
A000104,C00064,Savings,B010,2026-01-14,161103.83,INR,Active,2026-05-08,Platinum,89.62
A000105,C00064,Savings,B010,2026-01-14,18092.77,INR,Active,2026-05-19,Gold,99.62
A000106,C00065,Savings,B005,2026-05-15,171155.52,INR,Active,2026-07-21,Silver,122.55
A000107,C00065,Current,B005,2026-05-15,27890.29,INR,Active,2026-05-18,Classic,151.8
A000108,C00066,Savings,B019,2024-09-13,89095.0,INR,Active,2026-03-03,Silver,35.78
A000109,C00066,Salary,B019,2024-08-01,175939.69,INR,Active,2026-07-31,Classic,27.24
A000110,C00067,Salary,B023,2020-04-21,652405.62,INR,Active,2026-08-04,Gold,177.5
A000111,C00068,Salary,B005,2025-04-24,22850.1,INR,Active,2026-08-06,Platinum,128.86
A000112,C00068,Current,B005,2026-01-08,148524.26,INR,Active,2026-03-28,Platinum,151.77
A000113,C00068,Savings,B005,2025-04-24,119981.52,INR,Active,2026-06-16,Silver,126.07
A000114,C00069,Current,B021,2022-06-17,82977.58,INR,Dormant,2024-06-11,Gold,172.85
A000115,C00070,Current,B010,2025-09-04,6733.38,INR,Active,2026-06-05,Classic,83.18
A000116,C00070,Salary,B010,2025-09-04,102487.5,INR,Active,2025-10-18,Classic,95.03
A000117,C00071,Savings,B008,2023-05-09,121366.1,INR,Dormant,2024-07-07,Gold,90.1
A000118,C00072,Current,B015,2020-08-09,149452.36,INR,Active,2025-11-09,Gold,27.0
A000119,C00073,Savings,B016,2022-04-25,43860.68,INR,Active,2026-08-01,Platinum,44.5
A000120,C00074,Savings,B025,2025-09-10,18344.9,INR,Active,2026-07-28,Platinum,31.1
A000121,C00075,Savings,B022,2025-03-30,145447.08,INR,Active,2025-09-10,Silver,135.85
A000122,C00076,Savings,B011,2021-04-23,53337.47,INR,Active,2025-12-01,Classic,157.12
A000123,C00077,Savings,B010,2025-02-12,120160.26,INR,Dormant,2025-05-28,Platinum,165.64
A000124,C00077,Savings,B010,2024-07-02,59717.75,INR,Active,2026-03-21,Gold,55.81
A000125,C00078,Current,B018,2023-05-11,67457.37,INR,Dormant,2024-09-20,Silver,26.81
A000126,C00079,Salary,B012,2025-02-28,111798.02,INR,Active,2026-04-15,Platinum,93.69
A000127,C00080,Salary,B023,2024-03-13,117909.57,INR,Dormant,2025-03-20,Silver,54.71
A000128,C00081,Savings,B024,2026-05-24,54926.93,INR,Active,2026-08-11,Platinum,79.97
A000129,C00082,Savings,B023,2024-04-10,36037.48,USD,Dormant,2024-07-30,Platinum,28.14
A000130,C00083,Savings,B004,2020-10-03,88171.08,INR,Active,2025-11-06,Silver,81.76
A000131,C00084,Savings,B011,2025-04-26,39290.32,INR,Active,2026-05-24,Platinum,70.64
A000132,C00084,Savings,B011,2020-08-12,176034.57,INR,Active,2026-02-19,Classic,145.91
A000133,C00085,Savings,B012,2019-08-05,46656.6,INR,Dormant,2024-12-05,Classic,78.07
A000134,C00086,Current,B016,2024-01-04,38205.85,INR,Dormant,2025-05-04,Silver,164.13
A000135,C00086,Savings,B016,2023-08-28,108173.73,INR,Dormant,2024-05-01,Platinum,131.98
A000136,C00087,Salary,B021,2023-02-20,28520.11,INR,Dormant,2024-04-26,Silver,160.84
A000137,C00088,Savings,B020,2021-01-31,101560.1,INR,Dormant,2025-08-23,Platinum,171.46
A000138,C00089,Salary,B024,2024-03-08,164378.4,INR,Dormant,2024-05-16,Classic,178.86
A000139,C00090,Current,B009,2026-02-10,15234.21,INR,Active,2026-05-03,Gold,116.45
A000140,C00090,Salary,B009,2025-06-17,269024.54,INR,Active,2026-05-01,Gold,50.72
A000141,C00091,Savings,B018,2019-06-17,16653.84,INR,Dormant,2025-05-16,Gold,91.83
A000142,C00092,Savings,B012,2026-05-13,128073.73,INR,Active,2026-07-10,Classic,137.54
A000143,C00093,Savings,B008,2024-06-09,134526.95,INR,Dormant,2025-07-03,Gold,148.5
A000144,C00094,Salary,B005,2023-07-26,101337.02,INR,Active,2025-12-25,Platinum,167.0
A000145,C00094,Savings,B005,2022-07-29,153081.58,INR,Active,2026-06-01,Gold,30.39
A000146,C00095,Savings,B024,2021-06-30,157346.44,INR,Dormant,2021-07-27,Classic,45.0
A000147,C00096,Salary,B020,2024-03-02,147174.14,INR,Active,2025-12-08,Silver,51.92
A000148,C00096,Current,B020,2023-06-13,163189.66,INR,Dormant,2024-07-09,Classic,81.9
A000149,C00097,Savings,B010,2025-06-25,39891.89,INR,Active,2026-06-22,Classic,90.8
A000150,C00097,Savings,B010,2025-06-25,256421.96,INR,Active,2025-09-23,Silver,131.99
A000151,C00098,Savings,B001,2021-02-05,150199.99,INR,Active,2026-05-18,Gold,54.92
A000152,C00098,Savings,B001,2022-11-13,131739.75,INR,Active,2026-01-23,Classic,30.05
A000153,C00099,Current,B013,2025-12-13,134592.59,INR,Active,2026-07-21,Gold,131.69
A000154,C00100,Salary,B003,2025-05-20,52408.89,INR,Active,2025-10-01,Gold,99.95
A000155,C00101,Savings,B003,2021-02-18,25287.51,INR,Dormant,2024-08-21,Platinum,71.9
A000156,C00101,Salary,B003,2023-07-10,79087.77,INR,Dormant,2025-04-19,Platinum,87.14
A000157,C00102,Savings,B009,2022-07-21,123996.48,INR,Dormant,2025-01-25,Silver,44.17
A000158,C00103,Savings,B021,2024-05-01,52076.81,INR,Dormant,2025-06-05,Silver,68.56
A000159,C00103,Salary,B021,2025-02-28,78181.87,INR,Active,2025-12-09,Silver,97.97
A000160,C00103,Current,B021,2024-05-01,209320.15,INR,Dormant,2024-10-13,Platinum,148.58
A000161,C00104,Savings,B012,2022-06-15,172608.75,INR,Active,2025-10-08,Classic,115.86
A000162,C00105,Savings,B015,2023-03-10,19589.63,INR,Active,2026-04-06,Classic,91.53
A000163,C00106,Savings,B023,2022-08-29,215001.02,INR,Active,2025-12-05,Platinum,145.89
A000164,C00107,Savings,B014,2022-09-18,33096.47,INR,Active,2025-12-16,Silver,133.3
A000165,C00108,Salary,B020,2025-05-13,225557.75,INR,Active,2026-01-18,Platinum,140.03
A000166,C00109,Savings,B023,2024-09-03,40996.14,INR,Active,2025-12-20,Gold,133.91
A000167,C00109,Savings,B023,2024-09-03,119338.54,INR,Active,2026-01-01,Platinum,109.9
A000168,C00110,Salary,B006,2024-06-08,121128.57,INR,Dormant,2025-04-25,Classic,67.3
A000169,C00110,Savings,B006,2021-06-19,14288.78,INR,Dormant,2025-06-20,Classic,67.71
A000170,C00111,Savings,B020,2019-06-21,68658.55,INR,Active,2025-10-29,Silver,91.47
A000171,C00112,Savings,B020,2023-12-25,337073.21,INR,Active,2026-02-15,Platinum,65.56
A000172,C00113,Savings,B025,2021-02-28,98057.03,INR,Dormant,2022-12-28,Platinum,108.02
A000173,C00114,Current,B023,2023-06-09,36063.6,INR,Dormant,2024-07-01,Classic,135.64
A000174,C00114,Current,B023,2024-07-27,11296.91,INR,Dormant,2024-09-30,Gold,175.57
A000175,C00115,Savings,B008,2022-03-12,23468.75,INR,Dormant,2025-05-19,Silver,107.7
A000176,C00116,Savings,B010,2020-10-13,192722.89,INR,Dormant,2024-04-28,Classic,28.4
A000177,C00117,Savings,B008,2021-03-26,49472.84,INR,Dormant,2024-02-13,Gold,71.67
A000178,C00117,Current,B008,2023-06-10,159544.41,INR,Dormant,2024-01-20,Silver,114.35
A000179,C00118,Current,B019,2023-10-12,106074.92,INR,Dormant,2024-12-23,Silver,83.55
A000180,C00119,Savings,B012,2026-01-14,113239.63,INR,Active,2026-07-23,Platinum,45.58
A000181,C00120,Current,B012,2022-10-02,53297.42,INR,Dormant,2024-07-19,Classic,91.29
A000182,C00121,Current,B015,2025-09-05,648513.32,INR,Active,2025-12-18,Silver,141.56
A000183,C00121,Current,B015,2025-09-05,1187109.43,INR,Active,2026-08-24,Gold,94.2
A000184,C00121,Current,B015,2025-09-05,185228.82,INR,Active,2026-06-22,Platinum,135.2
A000185,C00122,Savings,B016,2024-02-03,190991.45,INR,Dormant,2025-06-20,Silver,32.43
A000186,C00123,Savings,B013,2022-12-07,49281.19,INR,Dormant,2022-12-18,Silver,35.56
A000187,C00124,Current,B006,2024-10-03,123692.02,INR,Dormant,2025-01-17,Classic,68.33
A000188,C00125,Salary,B012,2022-12-24,317241.68,INR,Dormant,2024-05-03,Platinum,47.93
A000189,C00126,Current,B022,2026-05-30,134651.87,INR,Active,2026-08-12,Platinum,30.13
A000190,C00127,Savings,B002,2024-05-12,20979.39,INR,Active,2026-04-06,Silver,175.67
A000191,C00127,Savings,B002,2024-05-12,305983.03,INR,Dormant,2024-10-02,Gold,23.91
A000192,C00128,Salary,B008,2021-08-19,8371.07,INR,Active,2025-12-07,Silver,134.49
A000193,C00129,Savings,B007,2023-01-02,284513.99,INR,Active,2025-09-04,Gold,136.19
A000194,C00129,Savings,B007,2023-01-02,58125.21,INR,Active,2026-01-22,Gold,142.77
A000195,C00130,Current,B022,2024-07-18,55757.81,INR,Active,2026-06-09,Silver,73.25
A000196,C00131,Savings,B021,2025-11-08,235339.2,INR,Active,2026-01-31,Silver,115.81
A000197,C00132,Salary,B005,2024-03-09,16404.75,INR,Active,2026-07-28,Platinum,160.92
A000198,C00133,Savings,B005,2024-10-29,33335.75,INR,Dormant,2025-02-12,Silver,129.44
A000199,C00133,Salary,B005,2024-06-26,213520.53,INR,Dormant,2024-10-23,Platinum,55.05
A000200,C00133,Savings,B005,2023-07-30,12996.58,INR,Active,2025-12-05,Silver,134.59
A000201,C00134,Salary,B023,2021-08-14,40321.76,INR,Dormant,2025-05-22,Classic,172.25
A000202,C00134,Savings,B023,2021-08-14,118452.78,INR,Dormant,2024-02-01,Classic,87.51
A000203,C00135,Savings,B021,2025-09-13,55270.21,INR,Active,2026-02-13,Platinum,121.64
A000204,C00136,Current,B025,2020-05-13,232317.49,INR,Dormant,2025-05-26,Classic,87.63
A000205,C00137,Salary,B002,2025-09-21,138284.63,INR,Active,2025-10-04,Classic,33.27
A000206,C00138,Current,B017,2022-02-26,42050.26,INR,Dormant,2025-04-10,Gold,69.57
A000207,C00138,Salary,B017,2024-01-23,139238.67,INR,Dormant,2024-08-31,Platinum,31.06
A000208,C00139,Savings,B011,2025-05-03,106121.72,INR,Active,2025-11-17,Classic,131.71
A000209,C00140,Salary,B017,2022-05-30,49627.52,INR,Active,2026-05-24,Silver,174.97
A000210,C00141,Savings,B010,2023-04-12,285609.95,INR,Dormant,2024-01-06,Platinum,27.02
A000211,C00142,Savings,B003,2025-07-18,36769.03,INR,Active,2026-03-27,Classic,36.25
A000212,C00143,Current,B007,2025-10-14,16791.39,INR,Active,2026-07-29,Platinum,23.29
A000213,C00144,Current,B005,2026-02-13,23559.77,INR,Active,2026-07-02,Platinum,30.71
A000214,C00145,Salary,B019,2025-12-12,10440.74,INR,Active,2026-08-12,Silver,39.36
A000215,C00146,Savings,B016,2024-09-10,101557.11,INR,Active,2025-12-10,Silver,113.14
A000216,C00147,Savings,B022,2021-04-09,170221.58,INR,Dormant,2024-05-30,Classic,38.04
A000217,C00148,Current,B016,2024-11-09,30746.71,INR,Active,2025-09-15,Classic,47.59
A000218,C00148,Savings,B016,2026-01-12,638429.61,INR,Active,2026-05-30,Classic,96.43
A000219,C00149,Savings,B015,2020-11-05,57186.43,INR,Dormant,2024-09-09,Gold,85.02
A000220,C00149,Current,B015,2019-12-11,67949.29,INR,Active,2026-06-10,Gold,82.52
A000221,C99999,Current,B015,2021-07-09,42234.71,INR,Active,2026-02-05,Platinum,123.37
A000222,C00150,Savings,B025,2025-09-19,17063.97,INR,Active,2026-06-12,Classic,86.77
A000223,C00150,Savings,B025,2021-05-04,58775.44,INR,Active,2026-03-02,Gold,68.56
A000224,C00151,Savings,B018,2025-08-03,87761.21,INR,Active,2026-03-31,Silver,95.09
A000225,C00152,Savings,B007,2022-11-03,114866.8,INR,Dormant,2025-06-29,Gold,159.96
A000226,C00153,Savings,B008,2023-12-16,38386.16,INR,Active,2026-07-17,Gold,62.23
A000227,C00154,Current,B016,2025-11-16,448679.75,INR,Active,2026-01-26,Gold,134.02
A000228,C00155,Savings,B006,2024-03-10,52853.76,INR,Active,2025-10-26,Gold,49.29
A000229,C00156,Savings,B010,2021-10-04,34186.57,INR,Dormant,2025-02-05,Silver,60.76
A000230,C00156,Savings,B010,2021-10-04,326584.42,EUR,Dormant,2025-01-20,Gold,101.78
A000231,C00157,Savings,B023,2023-10-18,116138.28,INR,Active,2025-10-05,Classic,42.36
A000232,C00158,Salary,B004,2025-07-04,193800.65,INR,Dormant,2025-07-25,Gold,40.39
A000233,C00159,Current,B009,2023-09-30,52199.26,INR,Dormant,2025-05-02,Gold,168.46
A000234,C00160,Savings,B010,2025-03-01,54910.21,INR,Active,2026-01-19,Silver,34.59
A000235,C00161,Salary,B025,2023-04-13,35058.57,INR,Active,2026-04-08,Silver,166.82
A000236,C00161,Savings,B025,2023-04-13,38222.1,INR,Dormant,2024-09-01,Platinum,54.14
A000237,C00162,Savings,B004,2024-04-29,150612.0,INR,Dormant,2025-07-26,Platinum,146.33
A000238,C00163,Savings,B016,2024-08-06,371435.18,INR,Active,2026-01-07,Classic,116.15
A000239,C00164,Savings,B024,2023-07-13,60090.51,INR,Dormant,2024-07-31,Silver,80.71
A000240,C00164,Salary,B024,2021-06-16,19902.75,INR,Active,2025-12-03,Classic,82.22
A000241,C00165,Savings,B003,2024-07-03,49286.86,INR,Active,2025-09-22,Gold,96.56
A000242,C00166,Salary,B015,2026-03-26,208127.64,INR,Active,2026-08-05,Platinum,78.33
A000243,C00167,Savings,B001,2020-10-12,95922.68,INR,Dormant,2024-04-04,Gold,92.5
A000244,C00167,Savings,B001,2023-11-21,34141.99,INR,Dormant,2024-10-12,Classic,57.09
A000245,C00168,Savings,B024,2026-05-05,351066.16,INR,Active,2026-08-13,Silver,22.75
A000246,C00169,Current,B008,2019-11-12,13675.2,INR,Dormant,2024-03-09,Platinum,108.55
A000247,C00169,Savings,B008,2021-01-02,59213.51,INR,Dormant,2024-06-05,Classic,100.15
A000248,C00169,Salary,B008,2023-06-02,60150.93,INR,Dormant,2024-05-18,Gold,111.82
A000249,C00170,Savings,B011,2025-07-17,34897.41,INR,Active,2026-07-15,Classic,30.73
A000250,C00171,Savings,B018,2024-03-02,140618.9,INR,Dormant,2025-08-25,Platinum,162.21
A000251,C00172,Current,B008,2024-10-29,192707.33,INR,Active,2025-10-26,Gold,103.76
A000252,C00173,Savings,B009,2024-08-08,24196.36,INR,Dormant,2024-12-15,Gold,38.49
A000253,C00174,Savings,B007,2022-05-11,62600.83,INR,Dormant,2025-02-01,Silver,123.85
A000254,C00174,Savings,B007,2021-09-28,214774.45,INR,Dormant,2023-01-06,Platinum,79.45
A000255,C00175,Savings,B013,2020-04-17,58673.98,INR,Dormant,2024-09-08,Platinum,161.93
A000256,C00176,Savings,B015,2023-07-30,93216.37,EUR,Dormant,2024-12-29,Platinum,30.84
A000257,C00176,Savings,B015,2023-07-30,221132.35,INR,Active,2026-08-02,Silver,120.91
A000258,C00177,Savings,B005,2022-09-30,57553.63,INR,Active,2026-03-28,Classic,161.37
A000259,C00178,Savings,B024,2024-10-06,117986.28,INR,Dormant,2024-11-12,Silver,169.27
A000260,C00178,Savings,B024,2026-05-29,58604.5,INR,Active,2026-08-28,Silver,141.94
A000261,C00179,Current,B022,2022-02-03,28789.09,INR,Dormant,2025-02-07,Silver,88.31
A000262,C00180,Salary,B022,2025-02-25,530042.67,INR,Dormant,2025-02-25,Silver,167.97
A000263,C00181,Savings,B023,2024-02-26,33198.16,INR,Active,2026-06-06,Gold,121.04
A000264,C00182,Savings,B003,2025-08-12,427928.72,INR,Active,2026-05-05,Silver,56.19
A000265,C00183,Savings,B003,2022-09-06,84406.78,INR,Active,2026-08-20,Gold,148.27
A000266,C00184,Salary,B019,2025-03-23,79076.7,INR,Active,2025-11-06,Gold,86.02
A000267,C00185,Savings,B002,2025-05-19,294232.79,INR,Dormant,2025-06-29,Classic,89.7
A000268,C00186,Savings,B022,2024-04-22,61639.87,INR,Dormant,2024-05-23,Platinum,168.45
A000269,C00186,Savings,B022,2022-05-13,46626.47,INR,Dormant,2025-02-19,Gold,45.47
A000270,C00187,Savings,B025,2024-10-14,97432.27,INR,Dormant,2025-01-25,Silver,178.69
A000271,C00188,Savings,B014,2022-03-18,41079.98,INR,Dormant,2024-10-25,Gold,126.57
A000272,C00189,Savings,B005,2025-02-09,83102.9,INR,Active,2026-01-13,Classic,153.09
A000273,C00190,Savings,B014,2025-10-18,89423.27,INR,Active,2026-02-28,Gold,25.13
A000274,C00191,Current,B024,2024-04-20,259791.85,INR,Active,2026-07-28,Platinum,86.88
A000275,C00191,Salary,B024,2022-06-20,50403.62,INR,Active,2025-11-13,Classic,29.4
A000276,C00192,Savings,B006,2024-01-13,182747.3,INR,Dormant,2024-05-21,Platinum,85.58
A000277,C00192,Salary,B006,2025-03-11,33031.8,INR,Active,2026-01-14,Silver,82.53
A000278,C00193,Savings,B015,2021-10-29,83989.0,INR,Dormant,2025-02-02,Gold,91.94
A000279,C00194,Current,B020,2025-04-20,440178.38,INR,Active,2026-03-23,Classic,159.07
A000280,C00194,Savings,B020,2025-04-20,223799.84,INR,Active,2025-11-18,Silver,58.4
A000281,C00195,Salary,B019,2023-07-05,59086.94,INR,Active,2026-01-08,Gold,20.44
A000282,C00196,Salary,B025,2025-08-24,40448.81,INR,Active,2025-12-05,Gold,104.94
A000283,C00197,Salary,B010,2025-11-13,9193.25,INR,Active,2026-02-21,Platinum,174.26
A000284,C00197,Current,B010,2025-02-07,76569.78,INR,Active,2026-08-12,Classic,95.92
A000285,C00198,Salary,B014,2025-10-29,43321.47,INR,Active,2026-08-17,Platinum,62.35
A000286,C00198,Salary,B014,2025-10-04,169002.57,INR,Active,2026-01-29,Classic,104.92
A000287,C00199,Salary,B020,2025-04-04,4663.75,INR,Active,2025-12-04,Gold,105.64
A000288,C00200,Salary,B023,2024-07-05,470933.53,INR,Active,2025-11-30,Classic,99.46
A000289,C00200,Current,B023,2024-12-27,35924.64,EUR,Active,2026-07-15,Gold,48.36
A000290,C00201,Savings,B010,2023-10-26,36729.08,INR,Dormant,2024-03-22,Gold,47.04
A000291,C00201,Savings,B010,2021-11-19,53344.52,INR,Dormant,2025-03-01,Gold,69.52
A000292,C00202,Savings,B015,2019-10-08,869686.47,INR,Dormant,2024-03-19,Silver,38.14
A000293,C00203,Savings,B024,2024-12-29,78194.87,INR,Active,2026-04-19,Gold,146.24
A000294,C00204,Savings,B021,2021-02-14,35235.32,INR,Dormant,2025-07-12,Silver,96.59
A000295,C00205,Current,B023,2026-06-09,46568.69,INR,Active,2026-07-22,Platinum,53.98
A000296,C00205,Savings,B023,2026-06-09,545844.28,INR,Active,2026-08-09,Silver,153.52
A000297,C00205,Salary,B023,2026-06-09,181445.63,INR,Active,2026-08-19,Silver,164.0
A000298,C00206,Savings,B017,2025-05-27,131520.86,INR,Dormant,2025-05-29,Gold,157.92
A000299,C00207,Salary,B023,2025-09-01,95764.99,INR,Active,2026-05-25,Platinum,108.57
A000300,C00208,Salary,B014,2022-05-11,329971.66,INR,Active,2025-10-01,Platinum,66.95
A000301,C00209,Savings,B011,2022-05-14,36703.75,INR,Active,2025-11-11,Silver,64.91
A000302,C00209,Salary,B011,2020-02-06,84049.69,INR,Dormant,2025-06-27,Classic,177.0
A000303,C00210,Current,B016,2025-09-05,279226.85,INR,Active,2026-05-31,Classic,175.94
A000304,C00211,Savings,B010,2024-01-12,99066.29,INR,Dormant,2024-07-17,Gold,154.63
A000305,C00211,Savings,B010,2025-01-26,103677.91,INR,Dormant,2025-04-17,Gold,165.01
A000306,C00212,Savings,B025,2023-07-12,6039.43,INR,Active,2026-02-09,Gold,63.05
A000307,C00212,Savings,B025,2019-10-09,100711.36,INR,Dormant,2024-04-06,Platinum,149.52
A000308,C00213,Savings,B019,2026-04-10,209203.5,INR,Active,2026-08-31,Silver,123.76
A000309,C00214,Salary,B018,2026-01-27,130656.78,USD,Active,2026-08-22,Silver,178.34
A000310,C00215,Savings,B014,2026-05-31,814023.85,INR,Active,2026-08-12,Silver,29.5
A000311,C00216,Current,B005,2023-06-28,54271.52,INR,Active,2026-04-24,Gold,63.1
A000312,C00217,Salary,B012,2025-10-16,141069.46,USD,Active,2026-02-23,Platinum,114.52
A000313,C00218,Current,B018,2025-06-19,307249.36,USD,Active,2025-09-21,Silver,41.19
A000314,C00218,Savings,B018,2021-10-20,122345.61,INR,Dormant,2022-03-16,Classic,111.93
A000315,C00219,Current,B011,2023-06-11,47174.05,INR,Dormant,2025-02-27,Classic,159.01
A000316,C00219,Savings,B011,2023-08-11,148178.92,INR,Dormant,2025-01-22,Silver,53.09
A000317,C00220,Salary,B010,2025-04-16,56532.12,INR,Active,2025-12-22,Platinum,45.38
A000318,C00221,Salary,B024,2024-02-23,24313.86,INR,Dormant,2025-08-12,Gold,48.33
A000319,C00221,Salary,B024,2024-04-22,21665.85,INR,Active,2026-07-05,Silver,91.89
A000320,C00222,Savings,B001,2024-05-07,80050.36,INR,Dormant,2025-06-10,Silver,123.24
A000321,C00222,Savings,B001,2025-03-09,36977.68,INR,Active,2026-08-12,Gold,130.39
A000322,C00223,Current,B004,2022-06-24,48418.92,USD,Active,2026-02-03,Silver,120.4
A000323,C00224,Savings,B024,2025-01-16,188661.69,INR,Active,2025-12-17,Platinum,50.95
A000324,C00224,Savings,B024,2025-01-16,300487.83,INR,Active,2026-03-27,Gold,35.37
A000325,C00224,Savings,B024,2025-01-16,220760.21,INR,Active,2025-09-23,Gold,98.9
A000326,C00225,Savings,B011,2022-10-25,29542.68,INR,Dormant,2024-04-15,Platinum,85.98
A000327,C00226,Savings,B017,2025-02-24,46187.33,INR,Active,2026-05-21,Classic,61.03
A000328,C00226,Salary,B017,2024-10-21,787702.72,INR,Dormant,2025-02-21,Classic,74.53
A000329,C00226,Savings,B017,2024-10-21,249882.88,INR,Dormant,2025-01-24,Silver,27.07
A000330,C00227,Savings,B012,2026-05-16,37165.39,INR,Active,2026-08-20,Classic,100.59
A000331,C00227,Savings,B012,2025-06-15,95411.23,INR,Active,2025-11-04,Classic,126.77
A000332,C00228,Salary,B025,2023-08-15,43946.02,INR,Dormant,2024-02-14,Platinum,29.8
A000333,C00229,Current,B022,2025-04-15,155952.39,INR,Dormant,2025-06-14,Gold,153.56
A000334,C00230,Current,B010,2020-10-13,73211.8,INR,Dormant,2025-04-30,Classic,44.6
A000335,C00231,Savings,B009,2026-01-31,305893.53,INR,Active,2026-04-09,Gold,161.82
A000336,C00232,Salary,B019,2025-12-27,1024173.68,INR,Active,2026-06-14,Platinum,64.67
A000337,C00233,Savings,B019,2019-03-24,53677.09,INR,Dormant,2024-07-19,Classic,147.46
A000338,C00234,Savings,B002,2024-12-25,50732.93,INR,Dormant,2025-04-19,Silver,28.45
A000339,C00235,Salary,B002,2025-07-20,353008.55,INR,Active,2025-11-20,Classic,58.64
A000340,C00236,Savings,B012,2025-01-10,60895.4,INR,Dormant,2025-04-15,Platinum,98.48
A000341,C00237,Savings,B005,2021-06-22,92273.41,INR,Active,2025-12-16,Classic,138.04
A000342,C00237,Savings,B005,2020-11-05,674026.01,INR,Active,2025-11-28,Classic,158.06
A000343,C00238,Savings,B024,2026-04-12,35101.13,USD,Active,2026-05-02,Classic,90.24
A000344,C00238,Salary,B024,2026-04-12,33566.98,INR,Active,2026-07-16,Classic,147.15
A000345,C00239,Savings,B017,2022-04-11,93206.27,INR,Dormant,2024-09-24,Platinum,65.95
A000346,C00240,Salary,B022,2022-11-17,32648.92,INR,Dormant,2024-06-28,Platinum,95.02
A000347,C00241,Savings,B003,2020-08-14,49392.46,INR,Dormant,2024-04-30,Gold,34.19
A000348,C00242,Savings,B025,2022-01-07,28239.99,INR,Dormant,2025-02-18,Silver,178.51
A000349,C00242,Savings,B025,2022-01-07,22327.17,INR,Dormant,2025-01-09,Classic,120.0
A000350,C00243,Savings,B007,2023-08-08,110428.12,INR,Active,2025-09-08,Classic,143.58
A000351,C00244,Salary,B001,2024-11-23,34575.23,INR,Dormant,2025-05-31,Classic,61.86
A000352,C00244,Current,B001,2026-03-21,99225.24,INR,Active,2026-05-05,Silver,102.51
A000353,C00245,Salary,B013,2024-12-04,21983.86,INR,Dormant,2025-02-07,Platinum,119.05
A000354,C00246,Savings,B003,2025-05-29,165728.56,INR,Active,2026-04-24,Silver,160.71
A000355,C00247,Savings,B013,2024-12-04,19477.17,INR,Active,2026-02-18,Classic,151.53
A000356,C00247,Savings,B013,2026-01-31,62623.0,INR,Active,2026-05-10,Silver,84.52
A000357,C00248,Current,B018,2022-10-24,27066.68,INR,Dormant,2025-07-10,Gold,158.09
A000358,C00249,Salary,B023,2024-12-12,35103.44,INR,Active,2026-05-13,Silver,152.87
A000359,C00250,Current,B002,2021-02-24,239682.1,INR,Dormant,2025-04-21,Gold,129.89
A000360,C00251,Salary,B002,2026-04-07,209737.73,INR,Active,2026-05-29,Gold,51.09
A000361,C00252,Current,B019,2022-01-09,73489.24,INR,Dormant,2025-02-08,Classic,107.1
A000362,C00253,Savings,B003,2025-08-27,112459.66,INR,Active,2025-10-12,Platinum,123.04
A000363,C00254,Savings,B011,2023-07-24,125247.22,INR,Dormant,2023-10-10,Gold,178.63
A000364,C00254,Savings,B011,2024-08-12,188173.57,INR,Active,2025-10-02,Silver,53.39
A000365,C00254,Savings,B011,2019-12-28,145612.86,INR,Dormant,2025-08-23,Classic,59.1
A000366,C00255,Savings,B011,2024-07-30,335171.68,USD,Dormant,2025-04-26,Platinum,166.67
A000367,C00256,Current,B006,2024-08-09,8368.06,INR,Dormant,2025-08-20,Classic,149.36
A000368,C00256,Salary,B006,2026-03-03,38436.44,INR,Active,2026-07-28,Platinum,104.78
A000369,C00257,Savings,B005,2023-07-26,40204.84,INR,Active,2026-02-13,Silver,31.76
A000370,C00258,Savings,B001,2023-09-10,202501.07,INR,Dormant,2024-03-19,Platinum,170.51
A000371,C00259,Savings,B014,2019-11-13,2254.25,INR,Active,2026-03-07,Classic,38.64
A000372,C00260,Salary,B015,2019-10-29,239036.53,INR,Dormant,2020-11-27,Classic,150.91
A000373,C00261,Savings,B018,2024-02-10,135630.64,INR,Dormant,2024-04-24,Silver,60.64
A000374,C00261,Savings,B018,2019-08-02,99056.32,INR,Active,2026-04-17,Platinum,87.92
A000375,C00262,Salary,B011,2025-12-19,32974.09,INR,Active,2026-04-05,Platinum,144.84
A000376,C00263,Savings,B005,2025-03-03,30768.19,INR,Active,2026-08-26,Classic,28.54
A000377,C00264,Savings,B010,2019-04-19,548294.22,INR,Active,2025-09-12,Classic,148.53
A000378,C00264,Savings,B010,2021-01-14,8080.33,INR,Dormant,2023-07-30,Platinum,142.66
A000379,C00265,Savings,B002,2026-05-14,413330.88,INR,Active,2026-06-20,Platinum,34.34
A000380,C00266,Savings,B018,2023-02-08,238392.96,INR,Dormant,2025-08-16,Classic,67.11
A000381,C00267,Salary,B003,2025-05-21,9753.89,INR,Active,2026-04-02,Platinum,84.67
A000382,C00267,Savings,B003,2021-05-09,16403.81,INR,Dormant,2025-02-21,Platinum,175.57
A000383,C00268,Savings,B007,2021-06-03,111522.21,INR,Dormant,2024-11-12,Gold,124.03
A000384,C00269,Savings,B024,2026-05-16,1249708.13,EUR,Active,2026-07-26,Classic,163.56
A000385,C00269,Salary,B024,2021-08-02,103913.58,INR,Dormant,2024-05-25,Silver,85.0
A000386,C00270,Savings,B023,2020-08-23,18008.26,INR,Dormant,2025-03-20,Gold,85.11
A000387,C00270,Savings,B023,2021-06-06,152935.66,INR,Dormant,2024-01-16,Silver,142.64
A000388,C00271,Savings,B010,2022-10-11,50195.68,INR,Active,2026-08-03,Silver,58.5
A000389,C00271,Salary,B010,2022-06-26,106486.69,INR,Active,2026-05-20,Silver,96.55
A000390,C00272,Savings,B020,2024-10-05,266903.87,EUR,Active,2025-12-23,Classic,153.39
A000391,C00273,Savings,B023,2023-07-07,191197.22,USD,Dormant,2024-03-24,Classic,27.67
A000392,C00273,Savings,B023,2024-12-01,49748.01,INR,Dormant,2025-01-27,Gold,28.69
A000393,C00274,Savings,B007,2026-01-22,24366.28,INR,Active,2026-06-04,Platinum,120.32
A000394,C00275,Savings,B019,2026-02-24,65946.69,INR,Active,2026-05-06,Classic,134.29
A000395,C00276,Savings,B017,2023-07-10,176092.82,INR,Active,2026-02-20,Classic,139.34
A000396,C00277,Current,B012,2024-04-26,32962.86,INR,Dormant,2025-05-24,Silver,172.67
A000397,C00278,Current,B021,2020-12-02,92378.98,INR,Dormant,2024-07-26,Silver,128.49
A000398,C00279,Savings,B008,2023-04-05,39499.91,USD,Dormant,2024-04-25,Gold,41.18
A000399,C00280,Savings,B017,2025-08-05,37022.38,INR,Active,2026-02-13,Gold,69.14
A000400,C00281,Current,B016,2020-11-21,58756.55,INR,Active,2026-06-04,Platinum,64.06
A000401,C00282,Savings,B005,2025-08-20,52746.6,INR,Active,2026-08-04,Classic,168.43
A000402,C00282,Salary,B005,2025-08-20,111436.68,INR,Active,2026-07-27,Silver,122.25
A000403,C00282,Salary,B005,2025-08-20,158888.06,INR,Active,2026-05-21,Platinum,47.46
A000404,C00283,Current,B011,2024-07-05,54754.94,INR,Active,2026-07-23,Silver,159.96
A000405,C00284,Salary,B024,2024-10-11,358085.59,INR,Dormant,2025-04-10,Platinum,173.56
A000406,C00285,Salary,B009,2025-08-07,164155.16,INR,Active,2026-05-12,Classic,92.57
A000407,C00286,Savings,B017,2024-07-26,100045.55,INR,Dormant,2025-03-24,Classic,78.41
A000408,C00286,Savings,B017,2025-01-23,173431.4,INR,Dormant,2025-06-19,Gold,127.82
A000409,C00287,Savings,B009,2026-05-25,24311.46,EUR,Active,2026-07-10,Classic,129.88
A000410,C00288,Savings,B013,2023-05-10,101775.32,INR,Dormant,2025-06-19,Platinum,140.79
A000411,C00289,Savings,B024,2025-01-10,134944.66,INR,Active,2025-10-11,Classic,172.49
A000412,C00289,Savings,B024,2025-01-10,56500.94,INR,Active,2025-12-14,Gold,101.18
A000413,C00289,Savings,B024,2025-01-10,29678.44,INR,Active,2025-11-11,Classic,123.56
A000414,C00290,Savings,B020,2025-02-13,154839.13,INR,Active,2026-07-17,Silver,57.64
A000415,C00291,Savings,B021,2025-12-22,951594.16,INR,Active,2026-02-10,Platinum,63.98
A000416,C00292,Salary,B002,2019-09-18,424266.79,INR,Active,2026-01-06,Platinum,106.72
A000417,C00292,Salary,B002,2025-06-11,88061.58,INR,Active,2026-01-20,Silver,71.22
A000418,C00293,Savings,B010,2019-06-06,44128.08,INR,Active,2026-03-20,Silver,129.17
A000419,C00294,Savings,B020,2026-01-23,709855.28,INR,Active,2026-01-30,Platinum,80.95
A000420,C00294,Current,B020,2026-01-23,9484.24,INR,Active,2026-06-17,Gold,60.19
A000421,C00295,Savings,B002,2025-08-28,37972.09,INR,Active,2026-03-17,Gold,49.71
A000422,C00295,Savings,B002,2020-06-29,101615.53,INR,Active,2025-11-30,Silver,158.61
A000423,C00295,Savings,B002,2025-06-03,61223.86,INR,Dormant,2025-07-25,Gold,49.86
A000424,C00296,Current,B025,2024-06-02,61545.42,INR,Dormant,2024-12-01,Platinum,171.37
A000425,C00296,Savings,B025,2021-06-29,183048.84,INR,Dormant,2024-12-17,Classic,109.59
A000426,C00297,Savings,B011,2026-03-30,178624.11,INR,Active,2026-08-02,Gold,22.5
A000427,C00298,Savings,B009,2024-12-21,20733.33,INR,Active,2025-09-14,Classic,168.21
A000428,C00299,Savings,B014,2024-06-06,200333.38,INR,Dormant,2025-02-28,Classic,33.76
A000429,C00300,Savings,B006,2022-11-30,44288.74,INR,Dormant,2024-11-29,Silver,150.81
A000430,C00301,Salary,B011,2025-05-06,36245.82,INR,Dormant,2025-06-24,Gold,172.44
A000431,C00302,Salary,B999,2025-06-11,24743.65,INR,Active,2025-11-03,Classic,131.37
A000432,C00303,Savings,B006,2025-10-14,62234.34,INR,Active,2025-12-20,Gold,84.35
A000433,C00304,Salary,B003,2025-04-02,108627.98,INR,Active,2026-06-14,Platinum,64.73
A000434,C00304,Salary,B003,2020-08-20,240380.94,INR,Dormant,2025-05-19,Gold,106.62
A000435,C00305,Current,B002,2023-01-29,40952.5,INR,Active,2026-03-26,Classic,174.82
A000436,C00306,Savings,B012,2022-09-23,63991.6,INR,Dormant,2024-01-27,Silver,31.64
A000437,C00306,Savings,B012,2026-03-17,63971.85,INR,Active,2026-04-15,Platinum,108.89
A000438,C00307,Savings,B004,2022-05-27,91066.59,INR,Dormant,2024-10-18,Platinum,43.05
A000439,C00308,Current,B016,2021-06-28,129558.1,INR,Dormant,2025-03-09,Platinum,43.95
A000440,C00308,Savings,B016,2023-02-09,139040.09,INR,Active,2026-05-16,Silver,171.95
A000441,C00308,Savings,B016,2021-06-13,541664.88,INR,Active,2026-04-04,Silver,50.47
A000442,C00309,Savings,B014,2026-06-29,151684.24,INR,Active,2026-06-29,Classic,161.68
A000443,C00310,Savings,B019,2024-06-28,97592.55,INR,Dormant,2024-12-08,Platinum,84.64
A000444,C00311,Current,B013,2023-08-27,52594.21,INR,Active,2026-03-16,Gold,109.93
A000445,C00311,Savings,B013,2023-08-27,96443.62,INR,Dormant,2025-01-23,Classic,101.75
A000446,C00312,Current,B017,2026-05-24,395128.36,INR,Active,2026-07-11,Platinum,28.5
A000447,C00312,Salary,B017,2026-05-24,115035.83,INR,Active,2026-06-08,Silver,51.73
A000448,C00313,Current,B017,2025-05-01,207856.74,INR,Active,2026-04-01,Silver,172.85
A000449,C00313,Current,B017,2022-09-01,29880.11,INR,Active,2025-11-04,Silver,57.83
A000450,C00314,Current,B010,2023-12-27,198750.56,INR,Active,2026-03-19,Gold,62.68
A000451,C00315,Current,B006,2026-05-31,6872.58,INR,Active,2026-08-02,Classic,111.37
A000452,C00316,Savings,B017,2024-08-02,273573.68,INR,Active,2026-04-19,Classic,49.89
A000453,C00317,Savings,B024,2019-08-16,310202.11,INR,Dormant,2024-12-05,Platinum,135.0
A000454,C00318,Current,B010,2022-08-31,275691.5,INR,Dormant,2024-05-21,Silver,24.49
A000455,C00319,Salary,B009,2024-07-20,93898.26,INR,Dormant,2025-07-28,Gold,141.76
A000456,C00319,Savings,B009,2024-07-20,258102.41,INR,Active,2026-01-02,Gold,126.78
A000457,C00320,Savings,B019,2024-12-31,68928.44,INR,Active,2026-02-07,Gold,37.52
A000458,C00321,Salary,B003,2022-07-11,461950.0,INR,Dormant,2024-08-03,Silver,122.87
A000459,C00322,Salary,B020,2025-07-31,65098.78,INR,Active,2026-08-18,Platinum,64.35
A000460,C00323,Savings,B017,2023-10-08,450513.62,EUR,Active,2025-09-18,Classic,53.67
A000461,C00323,Current,B017,2023-10-08,41957.34,INR,Active,2025-09-15,Classic,158.68
A000462,C00324,Salary,B022,2023-08-07,42265.49,INR,Dormant,2025-04-22,Classic,38.55
A000463,C00324,Savings,B022,2020-05-13,29842.94,INR,Dormant,2024-05-12,Platinum,169.18
A000464,C00324,Savings,B022,2025-12-26,105588.67,INR,Active,2026-07-05,Classic,125.65
A000465,C00325,Salary,B024,2022-05-19,46156.56,INR,Active,2026-03-06,Platinum,120.06
A000466,C00326,Savings,B009,2020-07-21,55849.05,INR,Dormant,2025-08-13,Silver,132.1
A000467,C00327,Salary,B003,2024-12-07,101808.8,INR,Dormant,2025-02-12,Platinum,151.76
A000468,C00328,Savings,B013,2024-02-02,102292.76,INR,Dormant,2024-06-02,Silver,53.92
A000469,C00328,Savings,B013,2022-11-28,42781.47,INR,Active,2026-06-28,Classic,87.59
A000470,C00329,Savings,B022,2021-08-03,12952.45,INR,Dormant,2025-07-24,Classic,89.0
A000471,C00330,Savings,B010,2021-07-23,29104.33,INR,Dormant,2024-05-13,Gold,71.11
A000472,C00330,Salary,B010,2020-10-11,1126960.33,INR,Active,2026-04-27,Classic,39.95
A000473,C00331,Salary,B022,2023-07-20,196786.02,INR,Dormant,2025-05-23,Gold,119.67
A000474,C00332,Current,B012,2022-11-26,5750.58,INR,Dormant,2025-01-15,Gold,93.88
A000475,C00333,Savings,B019,2025-10-11,242824.53,INR,Active,2025-12-10,Classic,148.98
A000476,C00334,Savings,B012,2021-07-30,82257.41,INR,Dormant,2024-04-12,Classic,102.7
A000477,C00334,Salary,B012,2023-02-09,284860.23,INR,Dormant,2025-04-03,Gold,132.69
A000478,C00335,Savings,B005,2021-02-23,37879.23,INR,Dormant,2025-02-22,Classic,175.0
A000479,C00336,Savings,B018,2024-12-13,35965.4,INR,Active,2025-09-21,Silver,23.97
A000480,C00336,Savings,B018,2021-01-14,91605.18,INR,Dormant,2024-12-23,Platinum,115.39
A000481,C00337,Savings,B017,2025-04-17,284781.12,INR,Dormant,2025-04-19,Platinum,167.52
A000482,C00338,Salary,B015,2023-11-25,64950.95,INR,Active,2026-04-22,Silver,131.92
A000483,C00338,Savings,B015,2019-07-29,63619.4,INR,Dormant,2024-02-28,Gold,120.29
A000484,C00339,Savings,B022,2020-04-22,81161.8,INR,Dormant,2024-02-21,Classic,23.14
A000485,C00340,Current,B021,2025-02-05,121799.94,INR,Dormant,2025-05-07,Gold,111.87
A000486,C00340,Savings,B021,2023-11-06,86404.69,INR,Dormant,2024-11-20,Platinum,168.68
A000487,C00341,Current,B017,2024-07-11,21172.77,INR,Active,2026-04-26,Classic,150.19
A000488,C00342,Savings,B003,2022-04-13,67886.68,INR,Dormant,2024-04-14,Gold,172.41
A000489,C00343,Savings,B024,2021-10-13,188941.99,INR,Dormant,2024-08-26,Gold,113.26
A000490,C00344,Salary,B021,2024-01-02,30983.0,EUR,Dormant,2024-09-28,Silver,24.21
A000491,C00344,Savings,B021,2024-10-12,92445.51,INR,Active,2026-01-26,Classic,154.56
A000492,C00345,Current,B016,2026-01-27,123265.57,INR,Active,2026-08-20,Classic,57.63
A000493,C00345,Current,B016,2025-11-24,352936.98,INR,Active,2026-08-13,Platinum,164.13
A000494,C00346,Savings,B015,2023-12-26,100952.79,USD,Dormant,2024-01-23,Classic,150.45
A000495,C00346,Salary,B015,2025-02-16,57552.4,INR,Active,2026-03-31,Platinum,171.49
A000496,C00347,Savings,B005,2022-09-16,310180.97,INR,Dormant,2025-08-07,Silver,29.87
A000497,C00347,Savings,B005,2025-01-21,33700.59,INR,Dormant,2025-03-09,Silver,154.74
A000498,C00348,Savings,B018,2025-09-05,11612.14,INR,Active,2026-03-30,Silver,101.74
A000499,C00349,Salary,B012,2022-04-11,165109.2,INR,Active,2026-03-21,Platinum,136.19
A000500,C00350,Salary,B024,2025-12-14,32170.09,INR,Active,2026-01-08,Classic,61.38
A000501,C00351,Salary,B021,2023-10-01,114358.62,INR,Dormant,2024-04-25,Silver,73.33
A000502,C00351,Savings,B021,2022-10-12,227814.37,INR,Active,2026-03-08,Platinum,49.08
A000503,C00352,Salary,B018,2024-03-11,213652.43,INR,Active,2026-02-27,Gold,169.69
A000504,C00352,Savings,B018,2024-03-11,29021.85,INR,Dormant,2025-06-17,Gold,36.35
A000505,C00353,Salary,B004,2025-05-24,217844.76,INR,Active,2026-03-16,Silver,20.05
A000506,C00354,Salary,B023,2025-09-04,96520.46,INR,Active,2026-01-18,Classic,160.85
A000507,C00354,Savings,B023,2025-09-04,2029.03,INR,Active,2026-03-25,Platinum,116.31
A000508,C00354,Savings,B023,2025-09-04,113282.0,INR,Active,2026-07-20,Silver,134.36
A000509,C00355,Savings,B012,2023-07-28,32901.18,INR,Dormant,2024-02-04,Gold,144.76
A000510,C00356,Salary,B007,2023-01-15,199245.87,INR,Active,2026-07-17,Classic,88.63
A000511,C00356,Current,B007,2021-03-02,71044.75,INR,Active,2025-12-14,Platinum,163.45
A000512,C00357,Savings,B013,2024-10-13,124302.19,INR,Dormant,2025-02-19,Classic,107.47
A000513,C00357,Salary,B013,2022-06-07,165972.54,INR,Active,2026-06-06,Platinum,63.34
A000514,C00357,Savings,B013,2022-06-07,58995.74,INR,Active,2026-03-17,Platinum,171.55
A000515,C00358,Current,B008,2025-01-14,134938.72,INR,Active,2025-09-25,Gold,168.85
A000516,C00359,Savings,B019,2022-03-25,46800.85,INR,Dormant,2024-12-01,Classic,39.86
A000517,C00360,Current,B021,2022-04-17,24060.7,INR,Dormant,2024-02-29,Classic,56.33
A000518,C00361,Current,B003,2025-03-24,49512.68,INR,Active,2026-05-02,Silver,36.0
A000519,C00362,Savings,B008,2026-04-01,161769.68,INR,Active,2026-04-15,Gold,48.63
A000520,C00363,Savings,B025,2023-03-17,561500.48,INR,Active,2025-11-29,Platinum,89.01
A000521,C00364,Savings,B009,2023-11-21,8047.98,INR,Dormant,2024-09-25,Platinum,74.39
A000522,C00365,Savings,B015,2022-06-17,9510.79,INR,Active,2026-02-25,Classic,88.02
A000523,C00365,Savings,B015,2023-02-22,179072.48,INR,Dormant,2024-09-21,Gold,28.67
A000524,C00366,Savings,B006,2025-10-27,237868.99,INR,Active,2026-04-22,Silver,38.95
A000525,C00367,Savings,B012,2024-01-26,76290.97,INR,Dormant,2025-04-08,Silver,142.21
A000526,C00368,Savings,B014,2024-03-24,126629.55,INR,Dormant,2024-06-12,Gold,105.35
A000527,C00369,Savings,B016,2021-07-17,77673.89,INR,Dormant,2024-01-07,Platinum,178.66
A000528,C00370,Salary,B018,2022-01-15,332266.27,INR,Dormant,2025-08-14,Classic,168.96
A000529,C00371,Savings,B018,2025-04-12,90616.15,INR,Active,2026-05-22,Platinum,74.74
A000530,C00372,Current,B006,2023-04-30,14939.15,USD,Active,2026-06-06,Silver,78.96
A000531,C00373,Savings,B023,2022-06-22,126347.61,INR,Dormant,2024-05-10,Gold,77.92
A000532,C00374,Salary,B005,2019-07-13,71368.39,INR,Dormant,2024-02-02,Platinum,74.17
A000533,C00374,Savings,B005,2021-03-17,10761.46,INR,Active,2026-05-15,Platinum,129.15
A000534,C00375,Salary,B001,2019-12-14,621719.82,INR,Dormant,2025-04-06,Gold,123.21
A000535,C00375,Current,B001,2020-11-12,105060.79,INR,Dormant,2025-05-16,Platinum,76.58
A000536,C00376,Savings,B015,2021-03-09,19467.14,INR,Active,2025-09-13,Platinum,117.42
A000537,C00377,Savings,B009,2025-02-11,58347.43,INR,Active,2026-07-11,Classic,157.25
A000538,C00377,Salary,B009,2026-02-11,266441.56,INR,Active,2026-08-19,Classic,154.81
A000539,C00378,Savings,B021,2023-11-15,244941.31,INR,Dormant,2024-09-17,Silver,151.11
A000540,C00379,Current,B001,2024-04-30,57265.7,INR,Active,2026-01-07,Gold,58.55
A000541,C00379,Current,B001,2020-08-25,86012.4,INR,Dormant,2025-07-03,Platinum,148.62
A000542,C00380,Savings,B025,2025-07-29,87538.1,INR,Active,2026-04-25,Classic,68.97
A000543,C00381,Savings,B024,2026-01-07,80948.96,INR,Active,2026-08-09,Silver,60.61
A000544,C00381,Savings,B024,2026-01-07,225879.97,INR,Active,2026-08-15,Platinum,133.68
A000545,C00381,Savings,B024,2026-01-07,27004.76,INR,Active,2026-08-26,Platinum,46.04
A000546,C00382,Savings,B021,2021-03-12,84992.61,INR,Dormant,2024-06-03,Silver,177.34
A000547,C00383,Savings,B020,2025-11-09,96241.26,INR,Active,2026-08-31,Classic,150.59
A000548,C00384,Savings,B024,2022-12-01,60156.92,INR,Dormant,2024-05-18,Classic,101.27
A000549,C00385,Current,B005,2026-06-02,80569.12,INR,Active,2026-08-27,Classic,150.85
A000550,C00385,Savings,B005,2026-06-02,30766.65,INR,Active,2026-06-13,Silver,122.58
A000551,C00386,Savings,B008,2022-12-20,49361.41,INR,Active,2026-03-16,Silver,51.2
A000552,C00387,Salary,B018,2026-05-09,223236.68,INR,Active,2026-06-18,Gold,150.78
A000553,C00388,Savings,B019,2025-08-06,75706.22,INR,Active,2026-02-16,Classic,89.75
A000554,C00389,Current,B016,2023-09-25,235376.13,INR,Dormant,2024-10-02,Classic,132.65
A000555,C00389,Salary,B016,2021-07-09,92028.64,INR,Dormant,2024-01-10,Gold,143.59
A000556,C00389,Savings,B016,2024-11-11,96938.56,INR,Dormant,2025-05-27,Silver,67.07
A000557,C00390,Savings,B021,2025-05-13,19215.19,INR,Active,2026-02-26,Silver,106.39
A000558,C00391,Savings,B023,2026-02-15,21158.06,INR,Active,2026-07-09,Platinum,145.05
A000559,C00392,Savings,B017,2025-08-19,31186.52,INR,Active,2026-03-26,Platinum,163.49
A000560,C00393,Current,B020,2020-06-02,172200.67,INR,Dormant,2024-01-23,Silver,80.82
A000561,C00394,Savings,B010,2024-11-16,76854.26,INR,Active,2026-06-24,Classic,93.69
A000562,C00395,Current,B019,2020-07-19,191322.24,INR,Dormant,2025-05-14,Silver,64.85
A000563,C00396,Current,B007,2020-07-18,19778.58,INR,Dormant,2025-03-22,Classic,91.88
A000564,C00397,Salary,B003,2021-12-18,53571.71,INR,Active,2026-01-08,Gold,128.96
A000565,C00397,Savings,B003,2021-05-29,85852.1,INR,Dormant,2024-11-22,Silver,155.13
A000566,C00398,Salary,B018,2025-06-11,113643.53,INR,Dormant,2025-06-20,Gold,85.6
A000567,C00399,Savings,B018,2021-05-15,261868.79,INR,Active,2026-04-27,Silver,167.13
A000568,C00399,Current,B018,2022-02-20,160049.43,INR,Dormant,2024-11-10,Silver,45.75
A000569,C00399,Savings,B018,2024-01-28,444800.29,INR,Dormant,2024-09-30,Gold,21.0
A000570,C00400,Salary,B014,2025-04-22,285910.64,INR,Active,2026-03-16,Classic,176.97
A000571,C00401,Savings,B015,2023-10-17,24880.46,INR,Dormant,2024-03-23,Platinum,28.52
A000572,C00401,Savings,B015,2023-01-28,314183.34,INR,Dormant,2023-04-10,Classic,173.12
A000573,C00402,Current,B009,2026-05-01,388345.4,INR,Active,2026-05-12,Gold,131.86
A000574,C00403,Current,B010,2025-05-13,123563.94,INR,Active,2026-02-04,Platinum,75.14
A000575,C00404,Savings,B019,2025-11-18,48763.12,USD,Active,2026-01-16,Silver,176.38
A000576,C00405,Savings,B014,2025-01-14,659211.67,INR,Dormant,2025-04-08,Gold,27.26
A000577,C00406,Savings,B011,2025-11-06,47385.68,INR,Active,2026-05-31,Gold,54.13
A000578,C00407,Salary,B005,2023-01-14,1111281.45,INR,Dormant,2025-03-24,Silver,87.31
A000579,C00407,Savings,B005,2022-06-04,182150.62,INR,Dormant,2025-07-12,Silver,178.36
A000580,C00408,Salary,B025,2025-01-28,56452.71,INR,Active,2026-06-27,Platinum,167.38
A000581,C00408,Salary,B025,2026-01-27,70483.76,INR,Active,2026-04-13,Gold,28.49
A000582,C00408,Salary,B025,2022-02-07,74510.18,INR,Dormant,2024-02-14,Platinum,45.51
A000583,C00409,Current,B025,2020-12-26,236148.82,INR,Dormant,2022-11-08,Gold,136.9
A000584,C00410,Current,B006,2021-08-14,86808.15,INR,Dormant,2024-04-12,Classic,42.77
A000585,C00410,Salary,B006,2023-12-29,125458.13,INR,Active,2025-11-29,Platinum,134.73
A000586,C00411,Savings,B004,2022-01-02,643087.11,INR,Active,2025-12-16,Gold,145.59
A000587,C00412,Savings,B007,2021-09-21,40030.81,INR,Dormant,2024-01-11,Classic,71.12
A000588,C00412,Savings,B007,2021-09-21,130914.94,INR,Active,2026-07-17,Gold,25.12
A000589,C00413,Salary,B022,2025-11-02,395196.41,INR,Active,2025-12-23,Platinum,115.19
A000590,C00414,Savings,B003,2025-08-13,67115.44,INR,Active,2026-07-24,Classic,27.7
A000591,C00415,Savings,B016,2025-12-22,264544.61,INR,Active,2026-02-15,Gold,30.31
A000592,C00415,Savings,B016,2026-01-11,302303.65,INR,Active,2026-06-17,Silver,173.58
A000593,C00415,Savings,B016,2021-09-24,97269.67,INR,Active,2026-07-20,Classic,25.32
A000594,C00416,Savings,B006,2026-05-08,128152.31,INR,Active,2026-05-09,Classic,31.79
A000595,C00417,Savings,B018,2021-12-12,85456.34,INR,Dormant,2024-02-15,Silver,125.95
A000596,C00418,Savings,B022,2025-07-07,303064.28,INR,Active,2026-06-29,Classic,82.82
A000597,C00419,Current,B018,2024-07-07,22753.4,INR,Dormant,2025-06-14,Classic,98.92
A000598,C00420,Savings,B011,2020-06-16,43084.36,INR,Active,2026-07-09,Classic,120.44
A000599,C00420,Current,B011,2025-06-03,156896.03,INR,Active,2026-05-28,Gold,156.96
A000600,C00420,Savings,B011,2019-10-10,25367.33,USD,Dormant,2024-07-02,Platinum,101.67
A000601,C00421,Savings,B021,2026-05-13,59428.25,INR,Active,2026-05-24,Classic,65.05
A000602,C00422,Salary,B008,2024-11-13,383480.34,INR,Active,2025-10-21,Silver,34.04
A000603,C00422,Current,B008,2025-08-28,49821.92,INR,Active,2026-04-01,Silver,87.05
A000604,C00423,Savings,B013,2020-01-24,75946.57,INR,Active,2026-06-24,Gold,93.91
A000605,C00423,Savings,B013,2020-01-24,29143.04,INR,Active,2025-12-12,Classic,48.95
A000606,C00424,Salary,B025,2020-04-10,135554.13,INR,Active,2025-10-24,Classic,103.56
A000607,C00425,Current,B024,2024-10-26,67237.1,INR,Active,2026-05-28,Classic,136.85
A000608,C00425,Salary,B024,2025-05-19,144296.56,INR,Active,2026-06-06,Classic,140.07
A000609,C00426,Salary,B015,2024-05-14,946305.99,INR,Active,2025-11-12,Platinum,117.39
A000610,C00426,Savings,B015,2025-07-11,60346.52,INR,Active,2026-03-13,Silver,46.9
A000611,C00427,Savings,B025,2021-06-01,-125000.0,INR,Dormant,2024-06-30,Silver,41.64
A000612,C00427,Salary,B025,2021-06-01,228289.42,INR,Dormant,2024-09-15,Classic,30.57
A000613,C00428,Salary,B024,2025-06-22,284588.31,INR,Active,2026-04-26,Classic,40.41
A000614,C00428,Current,B024,2019-07-27,130702.47,INR,Dormant,2024-10-10,Platinum,99.68
A000615,C00428,Salary,B024,2020-06-04,17890.67,INR,Active,2025-12-13,Silver,100.53
A000616,C00429,Salary,B007,2025-12-28,211477.87,INR,Active,2026-03-02,Platinum,93.11
A000617,C00430,Salary,B023,2023-11-16,113411.12,INR,Active,2025-09-17,Classic,95.15
A000618,C00431,Current,B002,2025-12-26,211347.49,INR,Active,2026-05-24,Classic,62.19
A000619,C00432,Current,B020,2022-02-04,68321.57,INR,Dormant,2024-03-09,Silver,170.22
A000620,C00432,Savings,B020,2019-02-27,99285.98,INR,Dormant,2023-09-16,Platinum,93.68
A000621,C00433,Salary,B009,2024-02-20,87971.81,INR,Dormant,2024-10-16,Gold,112.99
A000622,C00433,Salary,B009,2024-02-20,71132.23,USD,Dormant,2024-12-23,Gold,116.75
A000623,C00434,Savings,B011,2023-09-04,57756.44,INR,Dormant,2025-05-15,Silver,81.65
A000624,C00435,Salary,B006,2024-04-21,12012.96,INR,Dormant,2025-02-17,Gold,170.53
A000625,C00436,Savings,B023,2020-09-11,443172.6,USD,Dormant,2024-04-13,Platinum,171.86
A000626,C00437,Current,B023,2026-02-13,121288.51,INR,Active,2026-08-21,Gold,165.19
A000627,C00438,Current,B016,2025-05-27,28617.88,INR,Active,2026-05-11,Silver,135.23
A000628,C00438,Salary,B016,2024-04-23,36425.84,INR,Dormant,2025-08-07,Silver,55.99
A000629,C00439,Savings,B024,2019-05-23,42456.12,INR,Active,2026-04-08,Classic,79.82
A000630,C00440,Savings,B010,2024-03-27,436574.37,INR,Active,2026-06-02,Gold,147.37
A000631,C00440,Savings,B010,2022-01-03,563092.96,INR,Active,2026-01-09,Gold,174.73
A000632,C00441,Savings,B007,2022-01-14,491296.06,INR,Dormant,2025-02-06,Classic,88.95
A000633,C00442,Savings,B011,2024-01-09,24018.76,INR,Dormant,2024-12-25,Gold,101.29
A000634,C00442,Salary,B011,2024-01-09,59475.62,INR,Active,2026-02-25,Platinum,49.08
A000635,C00443,Savings,B022,2024-06-23,38129.29,EUR,Dormant,2025-04-01,Gold,49.05
A000636,C00443,Savings,B022,2024-06-23,102836.42,INR,Dormant,2024-08-15,Platinum,150.65
A000637,C00444,Savings,B020,2024-05-27,14652.85,INR,Dormant,2024-12-31,Platinum,56.16
A000638,C00445,Current,B010,2023-01-26,122311.97,INR,Dormant,2024-01-31,Gold,167.16
A000639,C00445,Savings,B010,2023-01-26,93245.46,INR,Dormant,2024-03-22,Gold,70.93
A000640,C00445,Savings,B010,2026-05-18,139858.11,INR,Active,2026-06-22,Platinum,61.56
A000641,C00446,Current,B017,2024-08-02,227077.2,INR,Dormant,2024-09-20,Gold,160.05
A000642,C00446,Salary,B017,2023-05-31,70229.12,INR,Active,2026-07-15,Gold,85.08
A000643,C00447,Savings,B002,2026-02-15,110480.83,INR,Active,2026-03-02,Gold,150.45
A000644,C00448,Salary,B025,2023-11-03,44471.52,INR,Dormant,2024-01-26,Classic,25.82
A000645,C00448,Salary,B025,2024-06-04,33747.38,INR,Active,2026-05-03,Silver,39.19
A000646,C00449,Savings,B022,2025-06-07,743721.93,INR,Active,2026-05-27,Platinum,104.65
A000647,C00450,Savings,B009,2021-07-28,21563.3,INR,Dormant,2022-04-03,Silver,102.9
A000648,C00450,Savings,B009,2021-07-28,120825.54,INR,Active,2025-09-07,Silver,75.04
A000649,C00451,Salary,B016,2022-12-13,120293.38,INR,Active,2026-04-27,Silver,44.12
A000650,C00451,Current,B016,2023-12-19,27936.93,INR,Dormant,2024-08-20,Classic,65.97
A000651,C00452,Current,B023,2025-09-27,46235.14,INR,Active,2026-03-27,Gold,175.52
A000652,C00452,Savings,B023,2025-09-27,99995.82,INR,Active,2025-10-22,Platinum,117.14
A000653,C00453,Savings,B015,2025-11-01,172382.67,INR,Active,2026-01-21,Classic,98.62
A000654,C00453,Savings,B015,2025-11-01,112172.33,INR,Active,2026-05-01,Platinum,126.6
A000655,C00454,Savings,B023,2021-12-09,213057.57,INR,Dormant,2025-06-30,Gold,40.96
A000656,C00454,Savings,B023,2021-06-06,40835.57,INR,Active,2025-12-08,Classic,121.56
A000657,C00455,Savings,B010,2020-09-22,262205.03,INR,Dormant,2024-12-20,Silver,48.58
A000658,C00455,Salary,B010,2023-07-17,359320.95,EUR,Dormant,2024-02-28,Silver,79.45
A000659,C00456,Savings,B013,2026-02-15,70940.9,INR,Active,2026-08-18,Classic,105.05
A000660,C00457,Current,B014,2024-07-07,35279.98,INR,Dormant,2025-04-15,Gold,143.55
A000661,C00458,Savings,B020,2024-08-22,16363.24,INR,Dormant,2025-03-07,Gold,126.24
A000662,C00458,Savings,B020,2024-08-22,41282.7,INR,Active,2026-06-25,Classic,78.93
A000663,C00459,Current,B011,2022-04-02,253061.95,INR,Dormant,2024-03-20,Classic,111.13
A000664,C00460,Savings,B005,2025-05-30,112926.03,INR,Active,2026-03-29,Silver,29.63
A000665,C00460,Salary,B005,2025-05-30,74392.05,INR,Dormant,2025-06-08,Platinum,35.38
A000666,C00461,Savings,B010,2025-08-15,496572.36,INR,Active,2025-09-21,Platinum,164.95
A000667,C00461,Current,B010,2025-08-15,104757.63,INR,Active,2026-05-14,Platinum,54.5
A000668,C00462,Savings,B002,2024-06-04,71381.06,INR,Dormant,2025-04-08,Platinum,173.46
A000669,C00463,Salary,B011,2025-01-04,71060.16,INR,Active,2026-05-05,Silver,170.51
A000670,C00463,Current,B011,2025-01-04,59193.95,USD,Dormant,2025-07-30,Gold,49.07
A000671,C00464,Savings,B014,2022-01-15,212652.64,INR,Dormant,2022-03-04,Gold,110.09
A000672,C00465,Salary,B015,2024-05-19,19395.99,INR,Dormant,2024-05-26,Platinum,68.99
A000673,C00466,Salary,B020,2024-07-26,72231.22,INR,Active,2025-09-09,Classic,87.17
A000674,C00467,Salary,B019,2023-10-14,45590.31,INR,Active,2025-12-08,Silver,76.48
A000675,C00468,Savings,B022,2026-04-26,75919.08,INR,Active,2026-08-02,Gold,41.98
A000676,C00468,Current,B022,2026-04-26,16279.03,INR,Active,2026-07-17,Classic,48.68
A000677,C00469,Savings,B017,2023-02-03,41402.24,EUR,Dormant,2025-04-18,Gold,118.25
A000678,C00470,Current,B009,2025-04-11,53361.45,INR,Active,2026-06-15,Platinum,125.19
A000679,C00470,Savings,B009,2024-04-27,156070.66,INR,Active,2026-06-07,Classic,146.67
A000680,C00471,Savings,B017,2025-05-21,150739.41,INR,Active,2026-03-25,Gold,64.13
A000681,C00472,Savings,B024,2024-08-20,97455.63,INR,Active,2025-10-13,Silver,43.38
A000682,C00473,Savings,B005,2023-09-17,46278.7,EUR,Dormant,2024-05-11,Gold,35.96
A000683,C00474,Salary,B024,2025-05-27,123159.76,INR,Active,2026-01-10,Classic,96.63
A000684,C00475,Salary,B018,2026-06-09,24144.93,INR,Active,2026-07-03,Gold,95.62
A000685,C00476,Salary,B022,2023-12-12,28684.72,INR,Dormant,2024-02-08,Gold,81.04
A000686,C00477,Current,B013,2024-07-20,63825.75,INR,Dormant,2024-08-03,Platinum,73.33
A000687,C00478,Savings,B015,2025-09-08,23821.65,INR,Active,2026-03-27,Platinum,174.21
A000688,C00479,Savings,B021,2024-09-21,238501.32,INR,Active,2026-05-01,Gold,50.26
A000689,C00480,Savings,B021,2021-06-25,93137.2,INR,Dormant,2024-07-09,Silver,50.48
A000690,C00480,Savings,B021,2020-07-09,32389.01,INR,Dormant,2024-02-04,Platinum,53.27
A000691,C00481,Savings,B002,2024-01-21,87133.75,INR,Active,2026-01-21,Platinum,145.03
A000692,C00482,Savings,B025,2025-03-11,413181.08,INR,Active,2026-01-26,Classic,44.48
A000693,C00483,Savings,B005,2024-06-18,30816.22,EUR,Active,2025-09-09,Gold,53.25
A000694,C00483,Savings,B005,2023-08-01,187136.77,INR,Dormant,2024-08-21,Silver,150.41
A000695,C00484,Savings,B024,2023-05-20,420027.47,INR,Dormant,2024-12-12,Silver,51.84
A000696,C00485,Salary,B010,2025-12-29,50092.02,INR,Active,2026-07-20,Platinum,111.78
A000697,C00486,Savings,B013,2019-02-10,38380.51,INR,Dormant,2021-04-28,Classic,127.25
A000698,C00487,Savings,B007,2019-02-13,26185.55,INR,Dormant,2025-03-24,Gold,59.86
A000699,C00488,Savings,B001,2026-03-13,49603.06,INR,Active,2026-06-15,Silver,137.55
A000700,C00488,Savings,B001,2023-01-15,47568.82,INR,Active,2026-04-15,Silver,27.47
A000701,C00489,Savings,B005,2025-07-09,141630.28,INR,Active,2026-08-27,Silver,125.91
A000702,C00490,Savings,B010,2023-03-10,257352.64,INR,Dormant,2024-02-29,Platinum,136.74
A000703,C00491,Salary,B008,2024-11-26,53679.81,INR,Active,2026-04-17,Silver,168.11
A000704,C00491,Savings,B008,2024-11-26,266376.07,INR,Active,2026-06-03,Platinum,120.63
A000705,C00491,Savings,B008,2024-11-26,200645.63,INR,Dormant,2025-05-29,Gold,81.64
A000706,C00492,Savings,B025,2021-11-09,79501.64,INR,Active,2026-07-25,Classic,147.11
A000707,C00492,Savings,B025,2020-05-23,25474.49,INR,Dormant,2024-03-29,Silver,131.5
A000708,C00493,Savings,B008,2025-11-20,1222391.65,INR,Active,2025-12-15,Platinum,156.81
A000709,C00493,Salary,B008,2024-06-08,110278.34,INR,Dormant,2025-04-02,Gold,131.11
A000710,C00493,Savings,B008,2022-12-02,208257.04,INR,Active,2026-01-22,Silver,164.85
A000711,C00494,Current,B025,2025-10-11,95902.14,INR,Active,2026-01-31,Gold,43.94
A000712,C00494,Savings,B025,2025-10-11,225542.1,INR,Active,2026-04-21,Platinum,156.0
A000713,C00494,Savings,B025,2025-10-11,513126.73,INR,Active,2025-10-11,Gold,67.11
A000714,C00495,Salary,B023,2020-01-08,90691.17,INR,Dormant,2024-11-08,Gold,21.88
A000715,C00496,Salary,B020,2019-02-12,325342.9,INR,Active,2026-05-30,Classic,117.93
A000716,C00497,Savings,B002,2025-07-07,21030.44,INR,Active,2026-03-18,Platinum,121.55
A000717,C00497,Savings,B002,2025-09-14,69502.82,INR,Active,2026-02-23,Platinum,95.87
A000718,C00498,Savings,B003,2023-01-09,24928.66,INR,Dormant,2025-08-03,Classic,42.68
A000719,C00498,Current,B003,2019-04-24,134445.05,INR,Active,2025-10-31,Classic,31.41
A000720,C00499,Salary,B004,2023-08-09,23419.91,INR,Dormant,2025-04-05,Platinum,57.21
A000721,C00499,Savings,B004,2020-09-23,641456.79,INR,Active,2025-10-23,Silver,26.84
A000722,C00499,Savings,B004,2022-10-05,91136.69,INR,Active,2025-11-10,Classic,51.13
A000723,C00500,Savings,B015,2025-01-13,185034.95,INR,Dormant,2025-05-29,Classic,151.03
A000724,C00500,Savings,B015,2024-11-01,203872.03,INR,Dormant,2025-02-05,Classic,133.8
A000725,C00501,Salary,B002,2025-02-03,31445.5,INR,Active,2026-04-06,Classic,82.31
A000726,C00502,Current,B020,2025-02-26,351537.11,INR,Dormant,2025-04-10,Platinum,59.13
A000727,C00502,Savings,B020,2025-02-26,567513.94,INR,Active,2026-03-30,Platinum,135.88
A000728,C00502,Savings,B020,2026-05-21,39151.41,INR,Active,2026-06-13,Silver,48.65
A000729,C00503,Savings,B008,2026-04-04,32775.85,INR,Active,2026-04-15,Classic,65.02
A000730,C00504,Savings,B014,2025-05-16,261606.16,INR,Active,2026-06-15,Platinum,114.1
A000731,C00505,Current,B005,2025-06-14,97015.86,INR,Active,2026-06-02,Silver,37.74
A000732,C00506,Savings,B023,2023-11-05,420414.06,INR,Dormant,2025-03-08,Classic,20.86
A000733,C00507,Current,B025,2025-01-17,20875.21,INR,Active,2025-12-27,Classic,72.26
A000734,C00507,Savings,B025,2022-10-11,17740.38,INR,Active,2026-06-26,Silver,167.98
A000735,C00507,Salary,B025,2025-11-27,159643.86,INR,Active,2026-02-22,Classic,92.18
A000736,C00508,Savings,B002,2024-02-17,48161.09,INR,Active,2026-04-01,Silver,161.12
A000737,C00509,Salary,B005,2021-04-14,45400.99,INR,Dormant,2024-08-07,Classic,161.32
A000738,C00510,Salary,B011,2023-07-07,25650.49,INR,Dormant,2024-06-30,Classic,20.13
A000739,C00510,Savings,B011,2020-09-27,131844.34,INR,Active,2025-11-10,Silver,75.89
A000740,C00510,Savings,B011,2025-09-23,91355.2,INR,Active,2025-10-25,Classic,84.97
A000741,C00511,Savings,B016,2020-01-25,120839.62,INR,Dormant,2024-04-20,Classic,121.57
A000742,C00511,Salary,B016,2024-11-10,173571.12,INR,Dormant,2025-02-20,Silver,94.73
A000743,C00512,Savings,B010,2024-03-01,45587.15,INR,Dormant,2025-07-29,Silver,106.56
A000744,C00513,Current,B014,2021-04-15,31783.86,INR,Active,2026-01-22,Platinum,105.42
A000745,C00514,Current,B014,2022-12-20,27613.57,INR,Dormant,2025-08-11,Silver,74.95
A000746,C00514,Savings,B014,2022-01-22,229201.77,INR,Active,2025-11-18,Silver,112.69
A000747,C00515,Savings,B006,2026-01-13,17131.05,INR,Active,2026-05-14,Gold,30.07
A000748,C00516,Current,B023,2024-06-07,106522.33,INR,Dormant,2024-06-29,Platinum,60.79
A000749,C00517,Current,B006,2025-05-27,19268.7,INR,Active,2025-10-19,Gold,38.01
A000750,C00518,Savings,B013,2024-02-21,54368.44,INR,Dormant,2025-08-05,Classic,179.56
A000751,C00519,Current,B025,2021-04-02,151186.91,INR,Dormant,2024-09-28,Classic,72.27
A000752,C00520,Salary,B001,2021-06-15,57962.36,INR,Dormant,2024-06-16,Classic,154.38
A000753,C00521,Savings,B007,2021-10-31,387152.49,INR,Dormant,2025-01-02,Classic,72.78
A000754,C00522,Salary,B012,2025-06-24,184493.54,INR,Active,2025-10-23,Classic,108.53
A000755,C00523,Salary,B014,2026-03-01,318203.45,INR,Active,2026-04-08,Classic,27.56
A000756,C00524,Current,B014,2023-05-18,178494.2,INR,Active,2026-02-17,Gold,81.98
A000757,C00525,Savings,B019,2025-05-04,223203.46,INR,Dormant,2025-08-10,Classic,100.42
A000758,C00526,Current,B022,2025-05-02,78329.42,INR,Active,2026-04-01,Classic,25.0
A000759,C00527,Savings,B014,2024-05-05,17826.14,INR,Active,2026-04-09,Platinum,63.88
A000760,C00527,Savings,B014,2024-05-05,11076.93,INR,Active,2025-11-28,Classic,80.45
A000761,C00528,Savings,B012,2022-08-18,314177.05,INR,Active,2026-07-21,Platinum,142.9
A000762,C00528,Savings,B012,2021-01-10,58840.12,INR,Dormant,2024-05-07,Gold,90.33
A000763,C00529,Savings,B006,2025-01-16,15673.38,INR,Active,2026-02-18,Silver,116.13
A000764,C00530,Savings,B012,2024-07-03,263202.46,INR,Active,2026-01-01,Silver,36.26
A000765,C00531,Salary,B007,2025-09-06,38830.05,INR,Active,2025-10-04,Classic,168.69
A000766,C00531,Salary,B007,2021-08-28,83653.49,INR,Active,2026-08-03,Silver,118.8
A000767,C00532,Current,B015,2022-08-08,16298.28,INR,Dormant,2025-07-21,Gold,42.39
A000768,C00533,Savings,B007,2020-04-18,66412.3,INR,Dormant,2025-05-29,Gold,166.6
A000769,C00533,Savings,B007,2026-02-21,47337.24,INR,Active,2026-03-05,Platinum,69.16
A000770,C00534,Salary,B004,2026-02-28,63832.29,INR,Active,2026-04-23,Gold,37.94
A000771,C00535,Savings,B005,2022-12-30,288773.35,INR,Dormant,2025-08-17,Gold,155.58
A000772,C00535,Current,B005,2019-05-31,86600.59,INR,Dormant,2024-12-07,Silver,87.41
A000773,C00536,Savings,B019,2021-04-03,93095.51,INR,Dormant,2024-09-02,Classic,102.08
A000774,C00536,Savings,B019,2020-12-18,79599.35,INR,Active,2026-04-11,Platinum,49.43
A000775,C00537,Savings,B023,2023-08-28,33473.14,INR,Dormant,2025-03-31,Gold,136.63
A000776,C00537,Savings,B023,2024-09-27,96222.39,INR,Dormant,2024-11-17,Platinum,50.08
A000777,C00538,Savings,B025,2019-12-25,110608.62,INR,Active,2026-01-22,Gold,55.92
A000778,C00539,Savings,B011,2025-10-12,43570.44,INR,Active,2026-08-02,Gold,175.47
A000779,C00539,Savings,B011,2025-11-01,157142.3,INR,Active,2026-08-28,Classic,27.72
A000780,C00540,Savings,B007,2022-10-19,130467.79,INR,Dormant,2025-05-03,Platinum,126.17
A000781,C00541,Savings,B004,2026-04-18,41538.54,INR,Active,2026-07-02,Gold,119.08
A000782,C00542,Salary,B004,2025-11-24,109457.75,INR,Active,2026-07-16,Gold,151.82
A000783,C00542,Salary,B004,2022-09-07,49471.99,INR,Active,2025-10-12,Classic,154.81
A000784,C00542,Savings,B004,2022-07-14,145093.56,INR,Dormant,2024-03-14,Classic,151.2
A000785,C00543,Savings,B020,2026-03-03,304108.62,INR,Active,2026-08-05,Classic,168.2
A000786,C00544,Savings,B001,2021-12-11,33291.53,INR,Active,2026-08-05,Platinum,99.41
A000787,C00544,Salary,B001,2024-11-12,37100.27,INR,Active,2025-12-17,Classic,53.59
A000788,C00545,Current,B020,2025-01-05,119830.53,EUR,Dormant,2025-05-01,Classic,64.02
A000789,C00546,Savings,B011,2024-01-31,636310.79,INR,Active,2026-02-24,Silver,153.34
A000790,C00546,Savings,B011,2025-06-21,65481.65,INR,Dormant,2025-07-15,Platinum,113.63
A000791,C00547,Salary,B002,2020-01-02,44494.98,INR,Active,2025-10-05,Platinum,173.79
A000792,C00548,Salary,B016,2025-07-27,29501.1,INR,Active,2025-11-03,Classic,39.5
A000793,C00549,Current,B012,2025-08-02,457485.78,INR,Active,2025-12-07,Platinum,69.18
A000794,C00550,Savings,B025,2020-05-11,115593.99,INR,Dormant,2024-09-06,Classic,26.83
A000795,C00550,Savings,B025,2020-07-09,76032.93,INR,Dormant,2024-11-02,Platinum,52.9
A000796,C00551,Savings,B010,2025-04-08,33563.94,INR,Dormant,2025-05-18,Silver,53.44
A000797,C00551,Savings,B010,2025-12-09,217330.88,INR,Active,2026-01-08,Platinum,34.46
A000798,C00552,Savings,B017,2024-05-15,35538.7,INR,Dormant,2024-08-11,Gold,146.38
A000799,C00552,Savings,B017,2024-05-15,464334.77,INR,Dormant,2025-03-08,Platinum,97.79
A000800,C00553,Salary,B004,2025-02-09,131519.42,INR,Active,2026-04-16,Silver,67.2
A000801,C00554,Savings,B021,2023-07-29,170821.03,USD,Dormant,2024-09-23,Gold,121.54
A000802,C00555,Savings,B003,2026-05-01,11487.42,INR,Active,2026-08-26,Gold,174.13
A000803,C00556,Current,B021,2025-02-17,29559.51,INR,Dormant,2025-02-18,Classic,62.13
A000804,C00557,Savings,B006,2024-02-21,43132.64,INR,Dormant,2025-08-15,Classic,112.06
A000805,C00558,Savings,B019,2024-07-21,445086.32,INR,Active,2025-09-05,Classic,111.15
A000806,C00559,Savings,B014,2022-11-19,76356.65,INR,Active,2026-08-19,Gold,37.9
A000807,C00560,Salary,B004,2022-09-08,50758.0,INR,Dormant,2025-07-04,Gold,162.12
A000808,C00560,Savings,B004,2023-10-07,95535.58,INR,Active,2026-04-05,Platinum,154.26
A000809,C00561,Salary,B009,2019-10-15,30996.34,INR,Dormant,2024-07-26,Classic,101.16
A000810,C00561,Savings,B009,2024-04-08,51806.44,INR,Dormant,2025-07-05,Silver,84.75
A000811,C00562,Savings,B003,2021-10-25,49973.26,INR,Dormant,2024-04-06,Platinum,175.09
A000812,C00562,Savings,B003,2021-05-05,52339.25,INR,Dormant,2025-02-09,Gold,30.85
A000813,C00563,Salary,B009,2023-11-22,77016.87,inr,Active,2026-07-04,Gold,30.61
A000814,C00563,Savings,B009,2024-07-19,125420.38,INR,Active,2026-06-25,Gold,79.4
A000815,C00564,Salary,B008,2026-05-06,19722.24,INR,Active,2026-05-15,Classic,172.76
A000816,C00564,Salary,B008,2026-05-06,95573.37,INR,Active,2026-08-10,Gold,158.49
A000817,C00565,Savings,B011,2020-12-27,547551.88,INR,Dormant,2023-10-08,Silver,87.07
A000818,C00566,Salary,B020,2025-03-28,59633.66,INR,Dormant,2025-05-03,Silver,28.04
A000819,C00567,Savings,B018,2024-01-12,21776.55,INR,Active,2025-12-23,Platinum,135.43
A000820,C00568,Savings,B015,2023-08-04,17668.72,INR,Dormant,2025-07-10,Classic,29.59
A000821,C00569,Savings,B023,2025-04-25,34416.33,INR,Dormant,2025-05-24,Classic,124.7
A000822,C00570,Savings,B015,2021-08-31,132438.35,INR,Dormant,2025-07-07,Classic,124.81
A000823,C00571,Savings,B004,2019-04-13,529309.26,INR,Active,2026-04-03,Platinum,37.75
A000824,C00572,Salary,B010,2021-09-03,76007.11,INR,Dormant,2025-04-30,Silver,152.01
A000825,C00573,Savings,B007,2023-03-10,26674.17,INR,Dormant,2024-07-07,Silver,54.35
A000826,C00573,Current,B007,2023-03-10,179801.4,INR,Dormant,2024-05-25,Silver,80.13
A000827,C00574,Current,B014,2023-11-24,56548.99,INR,Active,2025-10-18,Platinum,32.62
A000828,C00575,Salary,B014,2025-04-01,128908.87,INR,Dormant,2025-04-25,Gold,113.5
A000829,C00576,Savings,B012,2020-10-14,129645.77,INR,Dormant,2024-04-18,Classic,47.32
A000830,C00577,Salary,B014,2025-12-11,33021.89,INR,Active,2026-07-10,Platinum,40.3
A000831,C00578,Salary,B022,2024-10-19,55004.81,INR,Active,2026-03-15,Silver,90.13
A000832,C00579,Salary,B002,2025-05-01,81506.15,INR,Dormant,2025-06-26,Classic,89.95
A000833,C00579,Savings,B002,2024-04-10,23034.3,INR,Active,2025-11-15,Silver,153.38
A000834,C00580,Salary,B004,2022-02-15,69869.5,USD,Dormant,2025-07-07,Silver,38.76
A000835,C00580,Savings,B004,2024-12-01,74077.25,INR,Active,2026-01-25,Silver,30.55
A000836,C00581,Current,B017,2024-07-06,44814.52,INR,Active,2026-06-08,Classic,107.77
A000837,C00582,Salary,B014,2023-07-10,90683.61,INR,Dormant,2025-04-09,Classic,39.41
A000838,C00583,Salary,B010,2020-04-14,225709.35,INR,Dormant,2025-08-16,Silver,151.26
A000839,C00584,Savings,B003,2024-02-14,108606.93,INR,Active,2026-03-14,Classic,82.11
A000840,C00585,Current,B011,2022-05-14,341334.78,INR,Dormant,2025-07-10,Gold,82.16
A000841,C00586,Savings,B015,2025-09-10,92243.59,INR,Active,2026-07-08,Classic,162.45
A000842,C00587,Savings,B009,2023-12-31,88811.43,INR,Dormant,2024-03-25,Gold,131.09
A000843,C00587,Savings,B009,2022-06-22,157274.22,INR,Active,2026-02-16,Gold,148.79
A000844,C00588,Savings,B024,2022-11-06,44484.9,INR,Dormant,2024-11-27,Platinum,170.95
A000845,C00588,Current,B024,2022-11-06,1098973.47,INR,Dormant,2024-10-17,Silver,134.58
A000846,C00589,Savings,B016,2022-05-09,124527.58,INR,Active,2026-06-21,Silver,102.13
A000847,C00590,Salary,B022,2023-03-14,70055.43,INR,Dormant,2024-06-01,Classic,99.5
A000848,C00591,Salary,B005,2024-03-30,70961.18,INR,Dormant,2024-11-17,Gold,179.32
A000849,C00591,Savings,B005,2022-04-21,476339.67,INR,Dormant,2024-03-30,Classic,129.86
A000850,C00592,Current,B014,2026-01-30,1186396.51,INR,Active,2026-04-23,Classic,29.73
A000851,C00592,Current,B014,2023-09-23,71993.4,INR,Dormant,2024-02-26,Silver,103.58
A000852,C00592,Savings,B014,2023-09-23,141729.58,EUR,Dormant,2024-04-01,Silver,110.85
A000853,C00593,Current,B002,2022-05-29,72096.26,USD,Dormant,2024-12-25,Gold,69.93
A000854,C00593,Current,B002,2022-06-05,28601.05,EUR,Active,2025-11-01,Gold,81.25
A000855,C00593,Salary,B002,2022-05-29,41677.93,INR,Active,2025-09-28,Silver,174.25
A000856,C00594,Salary,B024,2021-11-28,36437.29,INR,Dormant,2024-08-28,Silver,152.17
A000857,C00595,Savings,B024,2025-05-18,634446.93,INR,Dormant,2025-05-19,Gold,169.1
A000858,C00595,Salary,B024,2025-05-18,123450.81,EUR,Active,2026-07-30,Platinum,101.7
A000859,C00596,Salary,B008,2025-04-15,32790.63,INR,Active,2025-12-13,Platinum,175.99
A000860,C00596,Savings,B008,2025-04-15,81599.54,INR,Active,2025-09-17,Silver,70.11
A000861,C00597,Savings,B015,2025-11-17,222657.24,INR,Active,2026-04-23,Silver,33.9
A000862,C00598,Savings,B016,2022-08-30,57931.18,INR,Active,2025-09-11,Silver,22.75
A000863,C00598,Savings,B016,2022-08-30,880770.64,INR,Active,2026-03-31,Platinum,143.86
A000864,C00599,Savings,B017,2020-08-24,248593.95,INR,Dormant,2025-04-19,Gold,128.35
A000865,C00600,Savings,B015,2024-08-21,90891.66,INR,Dormant,2025-02-20,Classic,178.89
A000866,C00600,Savings,B015,2021-11-21,44340.89,INR,Dormant,2024-12-21,Gold,51.37
A000867,C00601,Savings,B022,2026-01-08,172335.44,INR,Active,2026-03-12,Gold,117.81
A000868,C00601,Salary,B022,2026-01-08,176491.89,INR,Active,2026-01-09,Platinum,28.46
A000869,C00602,Savings,B003,2026-05-27,122020.24,INR,Active,2026-06-09,Classic,32.83
A000870,C00603,Savings,B007,2020-08-19,14322.12,INR,Dormant,2024-08-02,Classic,114.35
A000871,C00603,Savings,B007,2026-04-25,185491.77,EUR,Active,2026-08-09,Gold,129.4
A000872,C00604,Current,B018,2019-07-28,12012.01,INR,Active,2026-01-09,Platinum,151.44
A000873,C00605,Savings,B015,2019-02-08,34675.17,INR,Active,2025-10-05,Silver,132.99
A000874,C00606,Salary,B007,2025-04-05,67582.77,INR,Active,2026-07-03,Platinum,37.91
A000875,C00607,Savings,B004,2025-03-13,1045605.25,INR,Active,2026-08-19,Platinum,60.21
A000876,C00608,Savings,B025,2026-01-08,59450.88,INR,Active,2026-05-12,Platinum,109.55
A000877,C00609,Salary,B017,2023-02-23,125565.86,INR,Active,2026-03-28,Classic,22.36
A000878,C00610,Current,B005,2025-03-12,211786.4,INR,Active,2025-09-26,Platinum,116.39
A000879,C00610,Salary,B005,2025-03-12,24689.41,INR,Active,2026-03-07,Platinum,129.16
A000880,C00611,Savings,B011,2026-05-01,27964.48,INR,Active,2026-06-01,Silver,82.14
A000881,C00612,Salary,B020,2025-01-01,254000.17,INR,Dormant,2025-07-22,Silver,65.13
A000882,C00613,Current,B005,2026-04-20,102561.65,INR,Active,2026-06-15,Classic,55.26
A000883,C00614,Salary,B025,2023-10-08,40053.37,INR,Active,2025-09-07,Platinum,131.73
A000884,C00615,Salary,B004,2025-04-20,113947.08,INR,Active,2026-03-27,Classic,34.96
A000885,C00616,Salary,B012,2022-02-05,77694.04,INR,Active,2026-07-22,Platinum,156.88
A000886,C00617,Savings,B015,2025-03-10,61450.49,INR,Active,2026-02-18,Gold,142.41
A000887,C00618,Savings,B022,2023-01-23,458334.28,INR,Dormant,2024-09-22,Platinum,45.72
A000888,C00619,Savings,B006,2022-09-04,62325.8,INR,Active,2026-03-16,Platinum,42.62
A000889,C00619,Savings,B006,2023-12-14,18855.38,INR,Dormant,2024-07-09,Platinum,148.88
A000890,C00620,Savings,B024,2026-03-11,75647.11,INR,Active,2026-05-08,Platinum,70.89
A000891,C00620,Salary,B024,2024-12-11,219301.92,INR,Dormant,2024-12-27,Gold,100.52
A000892,C00621,Savings,B005,2021-01-11,39823.76,INR,Dormant,2024-03-08,Platinum,177.0
A000893,C00622,Savings,B011,2024-10-15,72865.39,INR,Dormant,2025-08-18,Platinum,124.43
A000894,C00622,Savings,B011,2023-01-27,39719.45,INR,Dormant,2024-05-27,Platinum,96.14
A000895,C00623,Savings,B024,2020-05-28,67010.17,INR,Dormant,2024-08-11,Classic,85.03
A000896,C00623,Current,B024,2019-09-03,383316.72,INR,Active,2026-03-27,Silver,48.22
A000897,C00624,Salary,B001,2025-12-06,104714.82,INR,Active,2026-04-17,Platinum,138.75
A000898,C00624,Salary,B001,2025-12-06,72152.67,INR,Active,2026-07-24,Silver,129.09
A000899,C00625,Savings,B017,2024-05-24,115303.2,INR,Active,2026-06-17,Gold,60.75
A000900,C00625,Savings,B017,2024-05-24,89738.54,INR,Active,2026-01-14,Silver,157.65
A000901,C00626,Savings,B019,2025-11-30,141388.94,INR,Active,2026-03-02,Platinum,37.06
A000902,C00626,Savings,B019,2025-11-30,131795.09,INR,Active,2026-02-18,Gold,153.94
A000903,C00627,Savings,B013,2021-07-23,26055.4,INR,Dormant,2025-01-18,Silver,113.52
A000904,C00628,Savings,B006,2021-08-25,531857.6,INR,Active,2026-02-03,Classic,179.5
A000905,C00628,Salary,B006,2021-08-25,84284.75,INR,Active,2025-11-25,Classic,158.94
A000906,C00629,Salary,B016,2020-08-26,352867.45,INR,Active,2026-08-01,Classic,162.11
A000907,C00630,Salary,B001,2022-04-07,64727.68,INR,Dormant,2025-08-20,Platinum,45.59
A000908,C00630,Savings,B001,2023-12-22,28585.55,INR,Dormant,2025-03-19,Gold,61.62
A000909,C00631,Savings,B012,2025-11-14,31372.48,INR,Active,2026-08-22,Silver,40.36
A000910,C00632,Salary,B001,2024-07-13,29141.47,INR,Dormant,2025-01-13,Classic,67.75
A000911,C00632,Salary,B001,2023-10-25,69200.27,INR,Dormant,2024-03-01,Gold,151.85
A000912,C00633,Savings,B019,2026-03-24,62273.34,INR,Active,2026-06-09,Gold,23.74
A000913,C00634,Savings,B022,2025-02-14,128216.51,USD,Active,2026-05-05,Silver,115.2
A000914,C00634,Savings,B022,2021-07-27,188486.66,INR,Active,2026-07-14,Classic,64.72
A000915,C00635,Salary,B005,2025-10-04,43729.02,USD,Active,2026-01-27,Silver,53.01
A000916,C00636,Savings,B025,2023-06-26,41829.71,INR,Dormant,2024-07-13,Classic,56.17
A000917,C00637,Savings,B012,2025-03-20,45683.78,INR,Active,2026-01-05,Silver,160.02
A000918,C00638,Savings,B012,2025-12-14,50071.41,USD,Active,2026-07-20,Gold,140.43
A000919,C00639,Salary,B013,2025-02-28,172921.47,INR,Active,2026-05-28,Silver,172.22
A000920,C00640,Savings,B006,2024-07-26,81108.22,INR,Active,2025-09-10,Silver,30.49
A000921,C00641,Savings,B001,2025-08-09,35382.81,INR,Active,2026-07-03,Classic,113.75
A000922,C00642,Savings,B016,2023-03-27,39477.18,INR,Dormant,2024-04-12,Gold,95.75
A000923,C00643,Salary,B024,2026-01-22,52887.53,INR,Active,2026-05-04,Classic,162.46
A000924,C00644,Savings,B001,2022-11-05,8778.98,INR,Dormant,2024-07-04,Gold,70.46
A000925,C00645,Savings,B003,2020-11-11,61367.6,INR,Active,2025-12-23,Classic,70.85
A000926,C00646,Current,B003,2025-10-11,99446.79,INR,Active,2025-12-01,Classic,102.79
A000927,C00647,Salary,B008,2024-03-03,9237.93,INR,Active,2025-12-16,Gold,157.6
A000928,C00648,Savings,B001,2025-07-30,137230.93,INR,Active,2025-11-27,Gold,132.07
A000929,C00649,Savings,B005,2024-06-05,82467.95,INR,Active,2026-06-28,Platinum,152.72
A000930,C00650,Savings,B021,2023-10-03,120354.17,INR,Active,2026-02-14,Gold,159.62
A000931,C00651,Savings,B002,2024-03-28,44990.36,INR,Active,2026-03-31,Gold,121.85
A000932,C00651,Salary,B002,2023-01-11,11249.3,INR,Active,2026-01-22,Gold,131.92
A000933,C00651,Current,B002,2024-05-11,9783.08,INR,Dormant,2024-09-26,Platinum,40.05
A000934,C00652,Savings,B015,2025-10-04,472368.78,INR,Active,2026-01-22,Gold,32.82
A000935,C00653,Savings,B021,2020-10-13,29813.08,INR,Dormant,2024-06-25,Gold,136.69
A000936,C00654,Current,B006,2022-06-28,56146.44,INR,Active,2026-02-14,Gold,160.93
A000937,C00654,Current,B006,2022-06-28,165476.89,INR,Active,2026-05-21,Gold,111.16
A000938,C00655,Savings,B025,2024-07-26,71671.54,INR,Active,2026-04-07,Classic,41.5
A000939,C00656,Savings,B009,2022-11-04,294690.64,INR,Active,2026-04-27,Classic,96.35
A000940,C00657,Savings,B022,2022-03-06,100788.65,INR,Dormant,2022-08-25,Silver,41.52
A000941,C00658,Savings,B020,2021-07-26,82884.08,INR,Active,2026-08-30,Platinum,37.74
A000942,C00659,Savings,B005,2021-02-21,241208.48,INR,Dormant,2025-04-30,Gold,21.65
A000943,C00659,Savings,B005,2021-07-23,55234.61,INR,Dormant,2025-04-19,Silver,157.18
A000944,C00660,Savings,B017,2026-06-04,13348.63,INR,Active,2026-07-26,Gold,65.3
A000945,C00660,Savings,B017,2026-06-04,39042.37,INR,Active,2026-07-12,Gold,64.16
A000946,C00661,Savings,B019,2025-02-26,52011.97,INR,Active,2026-06-11,Platinum,172.16
A000947,C00661,Salary,B019,2025-02-26,43589.71,INR,Active,2026-05-04,Classic,151.01
A000948,C00662,Salary,B012,2024-04-22,18475.47,INR,Dormant,2025-03-23,Classic,153.74
A000949,C00662,Savings,B012,2025-11-26,13276.59,INR,Active,2026-03-02,Silver,65.92
A000950,C00663,Savings,B014,2021-12-30,39031.59,INR,Dormant,2024-03-20,Gold,147.38
A000951,C00664,Savings,B012,2021-11-12,63696.24,INR,Dormant,2025-04-04,Silver,86.88
A000952,C00665,Savings,B024,2024-03-30,57781.34,INR,Dormant,2024-09-23,Classic,176.68
A000953,C00666,Savings,B013,2024-08-13,24515.4,INR,Dormant,2025-07-24,Classic,82.53
A000954,C00667,Savings,B019,2025-08-13,101707.43,INR,Active,2026-06-17,Gold,127.51
A000955,C00668,Savings,B007,2026-04-06,151156.06,INR,Active,2026-07-20,Gold,64.13
A000956,C00669,Savings,B014,2023-03-17,66890.21,INR,Dormant,2024-03-25,Platinum,61.03
A000957,C00670,Savings,B020,2025-01-23,182767.69,INR,Active,2025-09-19,Classic,103.11
A000958,C00671,Current,B021,2025-05-28,26987.44,INR,Dormant,2025-06-14,Classic,21.77
A000959,C00671,Savings,B021,2023-01-24,413839.22,INR,Dormant,2024-02-11,Gold,176.21
A000960,C00672,Current,B013,2023-10-21,27622.34,INR,Dormant,2024-02-04,Silver,53.8
A000961,C00673,Current,B005,2021-05-14,66961.28,INR,Dormant,2024-01-23,Silver,49.29
A000962,C00674,Savings,B016,2025-06-15,253034.29,INR,Active,2026-04-05,Platinum,101.29
A000963,C00675,Savings,B020,2024-08-19,79795.42,INR,Dormant,2025-07-22,Gold,128.76
A000964,C00676,Savings,B010,2025-12-24,402705.83,INR,Active,2026-08-03,Gold,111.36
A000965,C00677,Savings,B019,2025-11-01,54583.89,INR,Active,2025-12-01,Platinum,129.25
A000966,C00678,Savings,B016,2021-04-23,180564.12,INR,Dormant,2024-07-10,Classic,95.93
A000967,C00679,Current,B001,2023-03-09,362219.35,INR,Active,2026-02-24,Platinum,132.39
A000968,C00679,Salary,B001,2023-03-09,75769.51,INR,Active,2026-03-02,Classic,105.42
A000969,C00679,Salary,B001,2023-03-09,67560.7,INR,Active,2025-09-17,Silver,175.6
A000970,C00680,Salary,B011,2022-08-31,185264.65,INR,Dormant,2024-11-05,Gold,144.01
A000971,C00681,Savings,B024,2023-12-30,27333.82,INR,Dormant,2025-01-24,Silver,20.32
A000972,C00682,Current,B021,2020-10-27,14290.08,INR,Dormant,2024-10-05,Silver,145.25
A000973,C00683,Salary,B001,2019-11-05,24097.29,INR,Dormant,2025-04-22,Classic,81.82
A000974,C00683,Savings,B001,2026-03-10,202807.48,INR,Active,2026-05-18,Classic,36.47
A000975,C00684,Savings,B017,2025-07-07,1326786.18,INR,Active,2026-07-12,Classic,72.57
A000976,C00684,Savings,B017,2024-01-13,12628.41,INR,Dormant,2024-09-12,Gold,26.81
A000977,C00685,Savings,B001,2024-10-02,114330.07,USD,Active,2026-07-08,Classic,92.68
A000978,C00685,Savings,B001,2024-12-05,71190.14,INR,Dormant,2025-05-23,Gold,153.27
A000979,C00686,Savings,B007,2019-05-04,73142.76,INR,Active,2025-11-07,Gold,172.23
A000980,C00686,Savings,B007,2026-04-03,108846.92,INR,Active,2026-07-31,Classic,87.68
A000981,C00687,Savings,B022,2025-09-22,178597.21,INR,Active,2026-04-07,Platinum,41.19
A000982,C00688,Savings,B017,2022-04-16,69190.86,INR,Dormant,2024-09-02,Platinum,51.14
A000983,C00689,Savings,B008,2026-06-29,40696.0,INR,Active,2026-07-26,Silver,122.71
A000984,C00689,Savings,B008,2026-06-29,40883.81,INR,Active,2026-08-30,Silver,85.25
A000985,C00690,Savings,B020,2026-02-18,77320.85,INR,Active,2026-04-16,Gold,111.18
A000986,C00691,Salary,B010,2025-04-08,135168.19,INR,Dormant,2025-08-13,Gold,58.77
A000987,C00692,Salary,B017,2022-06-16,11281.91,INR,Dormant,2024-02-13,Classic,131.99
A000988,C00693,Salary,B008,2022-02-14,86730.16,INR,Dormant,2023-06-26,Platinum,179.69
A000989,C00693,Savings,B008,2023-02-22,69436.8,INR,Dormant,2024-10-10,Silver,56.93
A000990,C00694,Savings,B015,2024-06-19,331797.29,INR,Active,2026-02-27,Silver,79.65
A000991,C00695,Salary,B014,2026-03-30,27383.14,INR,Active,2026-05-03,Platinum,110.19
A000992,C00696,Savings,B006,2026-02-24,103879.57,INR,Active,2026-03-14,Gold,80.31
A000993,C00697,Salary,B005,2025-09-26,323671.02,INR,Active,2026-08-28,Silver,54.45
A000994,C00697,Current,B005,2024-05-09,75205.32,INR,Dormant,2025-06-22,Gold,166.62
A000995,C00697,Savings,B005,2022-05-18,88951.25,INR,Dormant,2024-05-04,Gold,163.23
A000996,C00698,Savings,B010,2023-06-29,8865.06,INR,Active,2025-09-09,Silver,84.39
A000997,C00698,Savings,B010,2023-06-29,182631.97,INR,Dormant,2024-10-23,Platinum,43.49
A000998,C00699,Current,B016,2025-12-14,288420.58,INR,Active,2026-05-19,Gold,136.97
A000999,C00700,Savings,B022,2025-12-04,84264.57,INR,Active,2025-12-12,Platinum,41.18
A001000,C00701,Savings,B001,2026-03-24,214682.93,INR,Active,2026-06-15,Silver,67.5
A001001,C00702,Current,B006,2026-04-12,59034.16,INR,Active,2026-05-20,Platinum,178.93
A001002,C00703,Salary,B003,2026-02-28,476211.77,INR,Active,2026-08-06,Silver,166.46
A001003,C00704,Salary,B003,2025-02-11,237031.94,INR,Dormant,2025-03-17,Classic,33.63
A001004,C00705,Savings,B006,2023-06-16,7295.81,INR,Dormant,2025-04-04,Gold,176.51
A001005,C00705,Savings,B006,2026-04-23,83480.5,INR,Active,2026-07-06,Silver,174.3
A001006,C00706,Savings,B015,2025-12-09,18812.8,INR,Active,2026-05-19,Silver,31.72
A001007,C00706,Salary,B015,2022-12-03,15955.74,INR,Dormant,2024-03-04,Classic,43.46
A001008,C00707,Current,B001,2025-07-19,215791.04,INR,Active,2026-05-20,Silver,53.59
A001009,C00708,Savings,B016,2021-01-23,69863.69,INR,Active,2026-04-09,Gold,98.94
A001010,C00709,Current,B011,2024-12-29,169058.64,INR,Active,2026-02-27,Classic,130.69
A001011,C00710,Savings,B012,2025-10-27,320615.22,USD,Active,2025-12-02,Gold,34.37
A001012,C00711,Salary,B020,2020-11-12,59403.37,INR,Active,2026-06-03,Gold,25.93
A001013,C00711,Salary,B020,2025-04-05,47283.2,INR,Active,2026-04-02,Classic,71.35
A001014,C00712,Savings,B019,2025-12-11,125062.57,INR,Active,2026-06-29,Platinum,27.5
A001015,C00712,Savings,B019,2024-04-20,344191.99,INR,Dormant,2024-04-25,Gold,71.03
A001016,C00713,Savings,B016,2019-04-19,105187.42,INR,Active,2026-02-18,Platinum,143.03
A001017,C00714,Current,B008,2021-02-22,405517.95,INR,Dormant,2024-09-01,Gold,120.53
A001018,C00714,Current,B008,2021-02-22,92250.72,INR,Active,2025-11-06,Gold,34.49
A001019,C00715,Savings,B025,2024-06-17,53458.85,INR,Active,2026-06-13,Silver,116.78
A001020,C00715,Savings,B025,2024-06-17,86120.92,INR,Dormant,2024-07-08,Platinum,97.98
A001021,C00716,Salary,B008,2025-04-06,132436.45,INR,Active,2026-08-13,Gold,158.5
A001022,C00717,Savings,B011,2020-08-17,30294.99,INR,Active,2026-04-10,Gold,109.74
A001023,C00718,Salary,B005,2025-08-14,115349.67,INR,Active,2025-11-17,Classic,67.24
A001024,C00719,Current,B005,2023-02-10,117751.63,INR,Dormant,2023-09-29,Platinum,172.32
A001025,C00720,Savings,B016,2024-05-21,221067.17,INR,Active,2026-06-03,Silver,32.79
A001026,C00721,Savings,B016,2020-01-04,58984.27,INR,Active,2026-04-22,Platinum,148.63
A001027,C00721,Salary,B016,2020-06-25,19837.78,INR,Active,2026-06-12,Classic,78.13
A001028,C00722,Savings,B013,2023-04-24,57441.9,INR,Dormant,2024-03-16,Platinum,20.95
A001029,C00722,Salary,B013,2024-10-18,31051.58,INR,Dormant,2025-05-14,Silver,89.44
A001030,C00722,Savings,B013,2022-05-23,116066.93,INR,Dormant,2024-05-12,Classic,21.75
A001031,C00723,Savings,B006,2025-05-05,67036.78,INR,Dormant,2025-05-28,Silver,130.17
A001032,C00724,Savings,B024,2023-02-28,105650.46,INR,Dormant,2025-08-05,Silver,175.07
A001033,C00724,Savings,B024,2025-12-27,90252.12,INR,Active,2026-06-28,Platinum,75.81
A001034,C00725,Savings,B004,2022-04-24,101762.06,INR,Active,2025-11-08,Gold,130.96
A001035,C00725,Salary,B004,2021-07-11,110987.11,INR,Dormant,2025-06-10,Platinum,75.66
A001036,C00726,Savings,B020,2025-09-18,63331.93,INR,Active,2026-03-06,Gold,43.91
A001037,C00727,Savings,B003,2022-07-13,37029.83,INR,Active,2025-12-17,Gold,106.68
A001038,C00728,Savings,B016,2024-01-13,70617.07,INR,Active,2026-06-15,Classic,78.56
A001039,C00729,Savings,B003,2023-06-25,15731.74,USD,Dormant,2024-09-18,Platinum,99.53
A001040,C00730,Savings,B002,2022-11-21,54026.05,INR,Dormant,2025-06-23,Gold,69.21
A001041,C00731,Savings,B017,2023-03-18,65815.35,INR,Dormant,2024-09-27,Platinum,113.36
A001042,C00732,Savings,B020,2025-06-03,11293.56,INR,Active,2026-06-14,Platinum,89.56
A001043,C00733,Savings,B020,2023-07-16,6714.4,INR,Dormant,2025-08-17,Silver,160.98
A001044,C00733,Current,B020,2024-07-20,100668.44,USD,Dormant,2025-04-16,Gold,129.87
A001045,C00734,Savings,B015,2022-06-27,32530.94,INR,Active,2026-02-02,Classic,110.19
A001046,C00735,Current,B007,2025-03-29,193644.46,INR,Active,2026-08-11,Silver,53.65
A001047,C00736,Savings,B004,2023-12-17,95846.9,INR,Dormant,2024-02-10,Silver,150.48
A001048,C00736,Salary,B004,2024-02-28,103586.97,INR,Dormant,2025-03-19,Platinum,166.95
A001049,C00736,Current,B004,2023-12-17,519366.45,INR,Dormant,2024-08-17,Silver,129.76
A001050,C00737,Savings,B004,2019-01-01,9099.57,INR,Dormant,2024-03-07,Gold,66.93
A001051,C00738,Savings,B017,2026-05-26,124067.39,INR,Active,2026-06-04,Classic,147.95
A001052,C00739,Salary,B020,2024-03-09,123474.6,INR,Dormant,2025-02-08,Platinum,71.78
A001053,C00740,Current,B019,2022-04-01,156839.83,INR,Dormant,2024-07-25,Silver,54.15
A001054,C00741,Salary,B014,2023-11-07,42731.46,INR,Active,2025-10-02,Platinum,54.94
A001055,C00742,Savings,B014,2024-09-04,313362.33,INR,Active,2026-08-21,Platinum,24.52
A001056,C00742,Salary,B014,2019-01-15,24707.94,INR,Dormant,2024-07-31,Gold,47.11
A001057,C00742,Savings,B014,2022-05-31,269037.32,INR,Dormant,2024-05-18,Classic,41.16
A001058,C00743,Savings,B008,2026-04-08,70280.26,INR,Active,2026-07-28,Platinum,92.55
A001059,C00744,Savings,B016,2022-09-28,28908.09,EUR,Active,2026-05-12,Platinum,161.29
A001060,C00745,Salary,B007,2020-12-20,31714.96,INR,Dormant,2024-10-16,Silver,36.72
A001061,C00745,Salary,B007,2025-08-01,360603.27,INR,Active,2026-07-24,Gold,154.74
A001062,C00746,Savings,B012,2025-09-18,62726.4,INR,Active,2026-06-04,Gold,150.22
A001063,C00747,Savings,B014,2021-04-30,196395.23,INR,Dormant,2024-05-26,Silver,139.25
A001064,C00748,Savings,B009,2024-01-07,23114.88,INR,Dormant,2024-04-19,Classic,125.69
A001065,C00748,Salary,B009,2024-01-07,222372.67,INR,Active,2025-09-28,Classic,49.19
A001066,C00748,Savings,B009,2024-01-07,140279.63,INR,Dormant,2024-05-26,Silver,152.27
A001067,C00749,Savings,B004,2023-06-17,86159.85,INR,Active,2026-01-02,Silver,165.44
A001068,C00749,Savings,B004,2024-01-19,111477.58,INR,Dormant,2025-07-10,Gold,30.78
A001069,C00749,Savings,B004,2023-04-24,13223.23,INR,Dormant,2025-05-11,Gold,84.13
A001070,C00750,Salary,B022,2025-09-21,39979.3,INR,Active,2026-06-22,Platinum,129.87
A001071,C00751,Savings,B017,2023-05-04,999952.16,INR,Dormant,2024-07-16,Platinum,44.67
A001072,C00751,Savings,B017,2021-11-10,67486.84,INR,Dormant,2024-02-21,Classic,86.99
A001073,C00752,Savings,B008,2024-01-16,270043.63,INR,Active,2025-12-16,Platinum,71.6
A001074,C00753,Savings,B023,2024-07-14,248520.82,INR,Dormant,2025-07-09,Classic,21.1
A001075,C00753,Savings,B023,2024-01-03,201110.54,INR,Dormant,2024-12-13,Classic,86.36
A001076,C00754,Savings,B005,2020-09-22,196546.1,INR,Dormant,2024-06-28,Platinum,169.27
A001077,C00755,Salary,B021,2025-11-07,150580.24,EUR,Active,2026-02-18,Classic,102.01
A001078,C00756,Savings,B012,2024-04-08,12092.76,INR,Dormant,2024-05-20,Classic,161.1
A001079,C00757,Salary,B020,2021-02-21,110367.99,INR,Active,2026-07-27,Gold,137.01
A001080,C00758,Current,B012,2026-04-25,56456.14,INR,Active,2026-05-02,Classic,113.42
A001081,C00759,Savings,B007,2025-10-23,297455.68,INR,Active,2026-06-23,Platinum,41.59
A001082,C00760,Salary,B014,2025-03-24,46483.75,INR,Active,2025-12-24,Gold,70.84
A001083,C00761,Savings,B014,2023-06-01,42109.84,EUR,Active,2026-02-08,Gold,99.72
A001084,C00762,Savings,B003,2023-10-05,125482.6,INR,Dormant,2024-09-13,Silver,125.26
A001085,C00762,Savings,B003,2023-10-05,27506.74,INR,Active,2026-01-04,Classic,148.23
A001086,C00763,Savings,B001,2025-10-24,93067.04,INR,Active,2026-08-27,Platinum,50.59
A001087,C00763,Savings,B001,2025-10-24,145164.55,INR,Active,2026-02-17,Platinum,78.01
A001088,C00763,Savings,B001,2025-10-24,268668.5,INR,Active,2026-03-31,Silver,154.26
A001089,C00764,Current,B018,2023-06-12,70922.94,INR,Active,2025-12-14,Silver,175.37
A001090,C00765,Current,B018,2023-01-16,391115.63,INR,Active,2026-01-09,Platinum,154.18
A001091,C00766,Savings,B010,2024-11-09,20355.61,INR,Active,2026-02-06,Silver,125.15
A001092,C00767,Current,B004,2024-07-17,137010.36,INR,Dormant,2024-10-19,Platinum,106.54
A001093,C00767,Savings,B004,2024-07-17,300642.29,INR,Dormant,2025-08-11,Classic,169.37
A001094,C00768,Savings,B025,2025-01-23,78315.85,INR,Dormant,2025-06-19,Classic,176.91
A001095,C00768,Salary,B025,2025-01-23,96826.56,INR,Active,2026-05-20,Platinum,70.62
A001096,C00768,Savings,B025,2025-01-29,136138.65,EUR,Dormant,2025-05-22,Gold,132.52
A001097,C00769,Salary,B007,2023-09-20,29039.62,EUR,Dormant,2025-05-23,Classic,154.88
A001098,C00770,Savings,B003,2019-09-29,39154.06,INR,Dormant,2024-12-27,Gold,79.14
A001099,C00770,Salary,B003,2026-01-12,43263.73,INR,Active,2026-04-21,Platinum,52.86
A001100,C00771,Savings,B004,2019-03-11,32973.48,INR,Active,2025-12-02,Classic,48.87
A001101,C00772,Salary,B003,2025-12-07,119417.12,INR,Active,2025-12-21,Classic,44.75
A001102,C00772,Savings,B003,2025-12-07,426679.19,INR,Active,2026-08-31,Classic,101.72
A001103,C00772,Savings,B003,2025-12-07,20675.81,INR,Active,2026-08-14,Classic,159.69
A001104,C00773,Current,B001,2021-06-17,101694.67,INR,Dormant,2025-05-07,Silver,55.82
A001105,C00774,Savings,B012,2023-11-24,44563.92,INR,Active,2025-11-08,Gold,93.64
A001106,C00774,Current,B012,2024-10-25,37400.78,INR,Dormant,2025-06-12,Platinum,90.76
A001107,C00775,Salary,B012,2026-05-19,30568.03,INR,Active,2026-06-15,Gold,90.4
A001108,C00775,Salary,B012,2023-01-04,95009.46,INR,Dormant,2024-05-10,Silver,102.65
A001109,C00776,Savings,B022,2025-06-26,53523.09,INR,Active,2025-12-02,Classic,69.82
A001110,C00776,Savings,B022,2025-06-26,202948.57,INR,Dormant,2025-07-22,Silver,176.44
A001111,C00777,Salary,B001,2021-03-23,73729.01,INR,Dormant,2025-02-14,Classic,138.98
A001112,C00777,Current,B001,2023-11-29,131660.16,INR,Active,2026-06-18,Silver,57.14
A001113,C00778,Salary,B024,2026-01-14,51424.78,INR,Active,2026-03-23,Platinum,111.92
A001114,C00778,Savings,B024,2022-10-17,167083.49,INR,Active,2026-04-19,Classic,30.62
A001115,C00778,Savings,B024,2022-10-17,32457.53,INR,Active,2025-09-19,Classic,76.81
A001116,C00779,Savings,B020,2022-08-23,201066.14,INR,Active,2025-09-07,Platinum,173.88
A001117,C00779,Salary,B020,2022-08-23,198159.63,INR,Dormant,2024-03-23,Gold,122.81
A001118,C00779,Salary,B020,2022-08-23,131397.1,INR,Dormant,2024-08-20,Gold,106.01
A001119,C00780,Salary,B013,2020-07-31,41837.54,INR,Active,2026-08-27,Platinum,133.44
A001120,C00781,Current,B004,2022-11-15,60320.03,INR,Active,2026-01-30,Platinum,62.84
A001121,C00782,Salary,B024,2020-04-15,136491.47,INR,Dormant,2020-04-21,Gold,162.6
A001122,C00782,Savings,B024,2022-05-13,75630.97,INR,Active,2026-05-07,Gold,150.77
A001123,C00782,Savings,B024,2024-06-17,135244.07,INR,Active,2025-09-20,Silver,105.76
A001124,C00783,Current,B006,2024-08-29,122313.02,INR,Dormant,2025-03-23,Silver,38.65
A001125,C00784,Savings,B005,2026-05-04,356612.0,USD,Active,2026-07-01,Classic,42.33
A001126,C00784,Savings,B005,2026-05-04,49589.66,USD,Active,2026-08-29,Classic,41.51
A001127,C00785,Savings,B001,2021-06-20,92242.99,EUR,Dormant,2024-10-02,Platinum,175.51
A001128,C00785,Savings,B001,2023-09-21,133979.71,INR,Dormant,2025-05-14,Classic,72.38
A001129,C00786,Savings,B009,2023-07-12,28922.67,INR,Dormant,2024-05-03,Gold,89.48
A001130,C00786,Savings,B009,2023-03-24,57503.11,INR,Dormant,2024-10-06,Silver,30.64
A001131,C00787,Current,B015,2026-03-18,537105.73,INR,Active,2026-06-23,Silver,122.3
A001132,C00788,Savings,B020,2022-01-25,102789.57,INR,Active,2026-04-11,Gold,20.4
A001133,C00789,Salary,B007,2022-11-07,164987.2,INR,Dormant,2024-03-06,Gold,160.0
A001134,C00790,Savings,B001,2024-12-24,47630.83,INR,Active,2026-06-25,Gold,64.16
A001135,C00791,Current,B024,2023-03-12,100919.77,INR,Active,2025-12-04,Classic,61.71
A001136,C00791,Salary,B024,2024-02-19,106458.75,INR,Dormant,2025-08-10,Classic,66.32
A001137,C00792,Savings,B003,2023-12-11,65218.22,INR,Dormant,2025-05-22,Gold,100.33
A001138,C00793,Current,B005,2025-01-04,34727.15,INR,Active,2026-05-10,Classic,170.13
A001139,C00794,Savings,B016,2024-12-30,80561.44,INR,Active,2026-02-25,Classic,27.25
A001140,C00795,Current,B009,2023-03-03,49922.66,INR,Dormant,2025-03-09,Classic,42.85
A001141,C00795,Savings,B009,2025-06-26,155705.91,INR,Active,2026-05-28,Silver,21.96
A001142,C00796,Savings,B022,2024-12-13,71270.84,INR,Dormant,2025-06-20,Gold,165.59
A001143,C00797,Savings,B002,2025-08-27,56889.3,INR,Active,2025-11-21,Silver,24.37
A001144,C00798,Savings,B008,2022-07-14,218413.11,INR,Dormant,2024-03-18,Platinum,87.91
A001145,C00799,Salary,B013,2024-10-28,196562.02,INR,Dormant,2025-03-21,Gold,57.14
A001146,C00800,Savings,B009,2020-12-22,36838.76,INR,Dormant,2024-02-18,Silver,55.78
A001147,C00800,Savings,B009,2021-07-22,35273.16,USD,Active,2025-10-19,Silver,45.33
A001148,C00800,Current,B009,2021-11-07,68809.28,INR,Dormant,2024-12-09,Gold,49.71
A001149,C00801,Salary,B014,2022-05-05,156139.46,INR,Active,2025-09-16,Platinum,88.7
A001150,C00802,Current,B013,2025-07-17,14993.67,INR,Active,2026-01-15,Platinum,120.02
A001151,C00803,Savings,B007,2025-06-04,122746.12,INR,Active,2026-03-12,Silver,76.99
A001152,C00803,Salary,B007,2020-01-13,35145.15,INR,Dormant,2024-12-08,Classic,62.8
A001153,C00804,Savings,B001,2022-05-13,313758.66,INR,Dormant,2025-01-13,Platinum,86.64
A001154,C00804,Savings,B001,2024-04-20,37859.86,INR,Active,2026-06-30,Gold,45.48
A001155,C00805,Salary,B001,2022-01-14,72056.16,INR,Active,2026-08-03,Silver,109.79
A001156,C00805,Current,B001,2023-07-29,397463.67,INR,Dormant,2024-05-10,Silver,44.66
A001157,C00806,Salary,B021,2023-05-10,80756.02,INR,Dormant,2025-05-20,Platinum,172.14
A001158,C00807,Savings,B022,2021-07-08,244986.85,INR,Dormant,2024-11-27,Platinum,59.42
A001159,C00807,Savings,B022,2023-08-19,135199.18,INR,Active,2026-03-14,Silver,118.55
A001160,C00808,Current,B014,2026-05-16,67863.62,INR,Active,2026-05-25,Classic,36.24
A001161,C00808,Salary,B014,2024-10-11,79466.06,INR,Active,2026-08-13,Silver,95.84
A001162,C00809,Savings,B020,2024-03-14,94699.51,INR,Active,2026-05-16,Classic,108.95
A001163,C00810,Current,B014,2025-06-08,333059.32,INR,Active,2025-09-22,Gold,145.28
A001164,C00811,Savings,B013,2026-03-16,855743.3,EUR,Active,2026-05-26,Silver,82.18
A001165,C00812,Savings,B022,2023-07-19,46911.91,INR,Dormant,2024-07-29,Gold,21.82
A001166,C00812,Savings,B022,2025-06-03,87484.6,EUR,Active,2025-10-15,Classic,49.04
A001167,C00813,Salary,B024,2023-10-27,123877.09,INR,Dormant,2025-08-03,Platinum,129.11
A001168,C00814,Savings,B019,2021-06-22,27997.41,INR,Active,2025-09-06,Classic,38.17
A001169,C00815,Savings,B017,2025-09-30,146128.3,INR,Active,2026-02-16,Gold,54.47
A001170,C00815,Salary,B017,2023-09-14,12836.72,INR,Active,2026-05-03,Gold,34.18
A001171,C00816,Savings,B023,2024-12-06,135191.9,INR,Active,2026-04-25,Classic,143.47
A001172,C00817,Savings,B021,2020-10-23,21636.88,INR,Active,2026-07-04,Platinum,168.13
A001173,C00818,Savings,B006,2020-12-09,430519.17,INR,Active,2026-02-04,Silver,39.52
A001174,C00819,Savings,B006,2024-08-17,52308.73,INR,Dormant,2025-07-20,Gold,51.6
A001175,C00819,Savings,B006,2024-05-12,273419.98,INR,Active,2025-12-12,Platinum,35.82
A001176,C00820,Savings,B017,2024-07-22,10158.73,INR,Dormant,2024-11-17,Gold,168.2
A001177,C00820,Salary,B017,2020-07-08,458246.99,INR,Dormant,2024-11-06,Classic,66.29
A001178,C00821,Salary,B001,2024-02-25,216783.83,INR,Active,2026-07-15,Gold,98.54
A001179,C00822,Savings,B015,2025-10-14,10207.82,INR,Active,2025-11-19,Platinum,68.27
A001180,C00823,Current,B004,2023-04-02,111945.64,INR,Dormant,2024-05-05,Classic,32.18
A001181,C00823,Savings,B004,2022-10-06,53989.54,USD,Dormant,2024-08-11,Silver,82.17
A001182,C00823,Savings,B004,2022-05-29,36567.71,INR,Active,2026-04-13,Platinum,138.33
A001183,C00824,Savings,B020,2026-02-05,22419.49,INR,Active,2026-05-09,Platinum,113.4
A001184,C00824,Current,B020,2025-11-18,128748.46,INR,Active,2026-04-08,Platinum,116.72
A001185,C00825,Salary,B010,2025-09-14,143316.29,INR,Active,2026-01-05,Platinum,53.31
A001186,C00826,Savings,B012,2025-05-14,61592.51,INR,Active,2026-07-24,Platinum,84.67
A001187,C00827,Savings,B018,2023-02-12,289437.2,INR,Dormant,2024-01-27,Classic,67.05
A001188,C00827,Salary,B018,2022-01-29,121607.27,INR,Dormant,2024-04-23,Silver,61.71
A001189,C00828,Savings,B003,2025-07-12,210756.95,INR,Dormant,2025-07-14,Gold,178.12
A001190,C00828,Salary,B003,2025-07-12,41062.27,INR,Active,2026-03-17,Silver,50.75
A001191,C00829,Savings,B014,2026-05-25,41354.05,INR,Active,2026-06-14,Silver,108.97
A001192,C00829,Savings,B014,2025-01-04,320061.07,INR,Active,2025-10-15,Gold,25.11
A001193,C00830,Savings,B001,2025-03-20,166515.49,INR,Active,2025-12-19,Classic,132.72
A001194,C00831,Savings,B024,2022-08-28,152423.83,USD,Active,2026-04-25,Platinum,168.42
A001195,C00831,Savings,B024,2026-03-19,670367.88,INR,Active,2026-08-01,Platinum,66.28
A001196,C00831,Current,B024,2023-01-12,88712.43,INR,Dormant,2025-05-16,Classic,156.24
A001197,C00832,Savings,B015,2025-12-22,55916.25,INR,Active,2026-03-05,Silver,145.86
A001198,C00833,Salary,B006,2026-05-10,37479.37,INR,Active,2026-06-12,Gold,137.24
A001199,C00834,Savings,B013,2024-11-14,39254.51,INR,Dormant,2025-02-09,Platinum,177.01
A001200,C00834,Savings,B013,2024-11-14,100268.35,INR,Dormant,2025-07-04,Silver,151.83
A001201,C00835,Salary,B022,2023-12-27,57306.91,INR,Dormant,2024-09-13,Gold,108.41
A001202,C00835,Salary,B022,2024-07-12,20238.82,INR,Dormant,2025-07-28,Gold,49.85
A001203,C00836,Savings,B023,2023-09-13,95820.93,INR,Active,2025-09-09,Silver,103.17
A001204,C00836,Salary,B023,2023-10-24,161093.46,INR,Dormant,2024-01-16,Silver,57.36
A001205,C00837,Savings,B007,2022-04-27,29949.09,INR,Dormant,2024-03-25,Platinum,126.22
A001206,C00837,Savings,B007,2025-08-04,26144.71,INR,Active,2026-05-13,Gold,51.11
A001207,C00838,Current,B004,2023-08-29,66861.19,INR,Active,2025-10-17,Platinum,157.55
A001208,C00838,Savings,B004,2023-08-29,10244.41,INR,Dormant,2025-06-28,Silver,54.01
A001209,C00839,Salary,B022,2022-01-26,57847.85,INR,Dormant,2024-03-22,Classic,72.42
A001210,C00840,Savings,B004,2025-07-23,25660.13,INR,Dormant,2025-08-06,Platinum,22.39
A001211,C00841,Savings,B004,2022-02-23,20206.78,INR,Dormant,2024-09-01,Gold,128.11
A001212,C00842,Savings,B014,2023-10-26,1822133.22,INR,Active,2026-05-18,Platinum,56.22
A001213,C00843,Salary,B004,2023-12-20,106040.61,INR,Active,2025-09-11,Platinum,67.28
A001214,C00844,Savings,B023,2021-03-25,60077.73,INR,Dormant,2024-01-28,Classic,77.47
A001215,C00845,Savings,B011,2023-07-22,31453.91,INR,Dormant,2025-01-26,Silver,39.38
A001216,C00846,Savings,B003,2020-12-16,273849.1,INR,Dormant,2024-11-05,Classic,86.88
A001217,C00847,Savings,B019,2025-06-19,116024.76,INR,Active,2025-10-19,Platinum,116.67
A001218,C00847,Savings,B019,2019-09-11,23235.37,INR,Dormant,2019-12-08,Classic,80.29
A001219,C00848,Savings,B018,2022-02-24,88324.27,USD,Active,2025-12-17,Gold,20.39
A001220,C00849,Salary,B017,2025-09-09,21752.71,INR,Active,2026-01-03,Silver,33.26
A001221,C00850,Current,B012,2024-03-21,28594.33,INR,Active,2026-05-30,Gold,154.06
A001222,C00851,Salary,B014,2024-08-10,147048.12,INR,Active,2026-05-01,Classic,167.2
A001223,C00852,Salary,B010,2023-10-19,55913.03,INR,Dormant,2025-03-06,Platinum,30.7
A001224,C00852,Savings,B010,2025-06-15,142462.72,INR,Active,2025-09-04,Platinum,107.59
A001225,C00853,Savings,B016,2026-01-03,38853.32,INR,Active,2026-01-18,Platinum,96.55
A001226,C00854,Salary,B012,2022-10-29,79534.33,INR,Dormant,2025-01-30,Silver,44.19
A001227,C00855,Savings,B003,2022-12-28,235403.01,INR,Dormant,2025-08-22,Gold,123.54
A001228,C00855,Savings,B003,2021-06-22,106532.26,INR,Active,2026-07-22,Silver,92.57
A001229,C00856,Salary,B021,2025-08-11,172060.41,INR,Active,2026-08-31,Silver,132.49
A001230,C00857,Savings,B005,2024-06-26,365800.91,INR,Dormant,2025-06-13,Silver,40.29
A001231,C00858,Salary,B004,2022-11-25,135234.48,INR,Dormant,2024-04-15,Gold,111.22
A001232,C00859,Savings,B001,2023-03-05,30999.89,INR,Active,2026-07-30,Platinum,91.22
A001233,C00859,Salary,B001,2023-03-05,39960.72,INR,Active,2026-06-11,Silver,173.96
A001234,C00860,Savings,B005,2023-02-05,282837.81,INR,Active,2025-11-19,Platinum,61.63
A001235,C00860,Savings,B005,2022-04-17,134252.72,INR,Dormant,2025-08-25,Classic,69.09
A001236,C00861,Savings,B009,2023-08-20,100954.23,INR,Dormant,2025-08-15,Gold,157.4
A001237,C00861,Savings,B009,2019-08-11,26653.72,INR,Active,2026-06-06,Platinum,48.69
A001238,C00862,Current,B019,2026-04-21,102208.42,INR,Active,2026-08-11,Gold,158.64
A001239,C00862,Savings,B019,2026-04-21,6329.07,INR,Active,2026-05-19,Classic,49.77
A001240,C00862,Salary,B019,2026-04-21,795833.23,INR,Active,2026-08-25,Classic,65.9
A001241,C00863,Savings,B010,2025-05-12,95097.09,INR,Active,2026-01-04,Classic,52.58
A001242,C00864,Savings,B016,2020-01-19,38425.46,INR,Dormant,2024-10-26,Silver,130.95
A001243,C00864,Salary,B016,2022-01-09,77979.11,INR,Dormant,2024-03-27,Platinum,51.54
A001244,C00865,Current,B015,2025-08-22,47628.67,EUR,Active,2026-03-28,Silver,24.33
A001245,C00865,Salary,B015,2025-08-22,130183.94,INR,Active,2026-08-25,Silver,82.03
A001246,C00866,Salary,B018,2025-11-05,10947.23,INR,Active,2026-02-17,Platinum,128.11
A001247,C00867,Salary,B015,2024-09-17,195230.86,INR,Dormant,2025-03-06,Classic,131.57
A001248,C00868,Salary,B022,2026-03-06,101226.66,EUR,Active,2026-08-26,Platinum,64.79
A001249,C00869,Savings,B007,2023-08-24,15775.36,INR,Dormant,2024-05-29,Silver,79.87
A001250,C00869,Salary,B007,2023-08-24,52902.6,INR,Dormant,2024-03-20,Classic,106.54
A001251,C00870,Salary,B009,2024-09-18,54170.23,INR,Active,2026-05-01,Gold,58.72
A001252,C00871,Savings,B017,2025-05-22,172446.81,INR,Dormant,2025-05-25,Classic,63.91
A001253,C00872,Savings,B008,2026-03-20,65097.32,INR,Active,2026-06-09,Classic,36.5
A001254,C00872,Savings,B008,2026-03-20,55819.58,INR,Active,2026-06-25,Platinum,107.83
A001255,C00873,Salary,B001,2025-10-27,28235.97,INR,Active,2025-11-15,Classic,84.77
A001256,C00874,Current,B008,2026-03-30,82396.74,INR,Active,2026-05-21,Gold,102.55
A001257,C00875,Salary,B011,2024-10-20,106186.25,INR,Active,2025-12-26,Platinum,77.0
A001258,C00876,Savings,B003,2021-03-26,81496.95,INR,Dormant,2024-06-12,Classic,73.25
A001259,C00876,Salary,B003,2021-04-29,49831.27,INR,Dormant,2025-01-18,Platinum,72.34
A001260,C00877,Savings,B011,2024-01-24,166060.68,INR,Dormant,2025-01-31,Silver,82.06
A001261,C00877,Current,B011,2024-01-24,142557.65,INR,Dormant,2025-05-17,Gold,106.31
A001262,C00878,Savings,B017,2025-02-22,180215.61,INR,Active,2026-07-03,Platinum,48.6
A001263,C00879,Savings,B025,2025-04-13,54107.62,INR,Active,2026-06-02,Classic,46.34
A001264,C00879,Savings,B025,2024-10-22,55088.16,INR,Active,2025-11-05,Silver,172.02
A001265,C00880,Savings,B018,2020-04-19,85214.42,INR,Dormant,2024-05-03,Platinum,124.4
A001266,C00880,Salary,B018,2021-03-23,22043.88,INR,Dormant,2024-01-02,Classic,27.69
A001267,C00881,Salary,B001,2020-07-30,53697.41,INR,Dormant,2024-07-17,Classic,75.81
A001268,C00882,Salary,B025,2024-01-06,1445071.91,INR,Dormant,2025-04-30,Platinum,169.55
A001269,C00882,Current,B025,2025-07-14,79294.94,INR,Active,2026-06-02,Platinum,75.98
A001270,C00883,Salary,B011,2023-07-24,157357.38,INR,Dormant,2025-04-08,Silver,66.01
A001271,C00884,Savings,B019,2024-01-06,184304.6,INR,Dormant,2024-06-09,Platinum,129.14
A001272,C00885,Salary,B021,2025-12-31,337171.73,INR,Active,2026-02-20,Silver,177.45
A001273,C00886,Savings,B023,2023-07-21,141437.85,INR,Active,2025-12-10,Gold,98.85
A001274,C00886,Current,B023,2023-07-21,26831.45,INR,Dormant,2024-03-25,Classic,83.51
A001275,C00887,Savings,B002,2019-03-04,32463.94,INR,Dormant,2024-02-01,Silver,127.11
A001276,C00887,Salary,B002,2022-10-09,164639.44,INR,Active,2025-09-04,Gold,101.22
A001277,C00888,Savings,B024,2021-06-03,45656.45,INR,Active,2025-09-06,Gold,81.5
A001278,C00888,Salary,B024,2024-08-31,64900.47,INR,Active,2025-10-28,Silver,23.67
A001279,C00889,Salary,B013,2024-08-06,135755.98,INR,Active,2026-07-16,Silver,69.66
A001280,C00890,Savings,B013,2025-08-22,472697.47,INR,Active,2025-11-15,Silver,23.33
A001281,C00891,Savings,B025,2022-05-30,176558.09,INR,Active,2025-11-13,Gold,64.77
A001282,C00892,Savings,B013,2024-03-16,210313.52,EUR,Dormant,2025-04-30,Gold,163.78
A001283,C00892,Salary,B013,2024-03-16,152951.07,INR,Dormant,2025-04-10,Classic,114.29
A001284,C00893,Current,B008,2026-05-13,102785.55,INR,Active,2026-05-21,Gold,156.58
A001285,C00894,Savings,B009,2024-11-27,319610.64,INR,Dormant,2025-07-21,Classic,119.46
A001286,C00895,Salary,B015,2021-06-22,71673.8,INR,Active,2025-10-10,Silver,105.41
A001287,C00896,Savings,B003,2021-07-10,143544.14,INR,Dormant,2024-05-23,Gold,144.77
A001288,C00896,Salary,B003,2021-11-16,23056.64,INR,Active,2026-02-26,Classic,178.96
A001289,C00897,Savings,B002,2025-05-05,9025.71,INR,Active,2026-04-18,Platinum,99.55
A001290,C00897,Savings,B002,2025-05-05,100317.56,INR,Active,2026-03-17,Platinum,117.02
A001291,C00898,Savings,B020,2022-12-29,56789.33,INR,Dormant,2025-01-12,Platinum,96.59
A001292,C00899,Savings,B014,2025-08-21,167788.71,INR,Active,2026-05-25,Platinum,107.16
A001293,C00899,Salary,B014,2025-08-21,10961.82,INR,Active,2025-09-02,Silver,93.58
A001294,C00900,Current,B019,2021-01-23,48104.11,INR,Dormant,2025-03-11,Silver,91.61
A001295,C00901,Salary,B002,2024-07-14,512928.29,INR,Dormant,2025-01-03,Classic,94.21
A001296,C00902,Savings,B024,2024-01-17,32897.82,INR,Dormant,2025-08-18,Platinum,44.37
A001297,C00903,Current,B011,2024-07-24,94279.5,INR,Dormant,2025-08-17,Classic,70.73
A001298,C00904,Salary,B003,2023-09-03,58531.54,INR,Dormant,2024-05-07,Classic,172.54
A001299,C00904,Savings,B003,2023-09-03,258076.15,INR,Active,2026-06-07,Classic,154.64
A001300,C00904,Savings,B003,2023-10-22,108108.56,INR,Dormant,2024-10-25,Silver,103.66
A001301,C00905,Salary,B022,2024-07-05,250766.72,INR,Dormant,2025-06-27,Classic,39.76
A001302,C00906,Savings,B006,2026-02-08,18620.45,INR,Active,2026-02-11,Classic,98.95
A001303,C00906,Savings,B006,2020-03-22,104142.69,INR,Dormant,2025-02-15,Silver,156.16
A001304,C00907,Savings,B014,2020-05-02,14835.25,INR,Active,2025-10-11,Platinum,122.23
A001305,C00908,Savings,B008,2024-03-31,42963.68,INR,Active,2026-06-13,Platinum,78.16
A001306,C00909,Salary,B021,2026-02-14,6526.25,INR,Active,2026-04-28,Gold,68.81
A001307,C00910,Salary,B015,2025-04-13,218216.76,INR,Active,2026-07-18,Platinum,106.84
A001308,C00910,Savings,B015,2025-04-13,43276.09,INR,Active,2025-10-15,Classic,64.91
A001309,C00910,Current,B015,2025-04-13,200254.65,INR,Active,2026-08-25,Silver,126.6
A001310,C00911,Savings,B019,2023-11-22,48743.64,INR,Dormant,2025-07-29,Silver,156.75
A001311,C00911,Salary,B019,2023-11-22,274708.87,INR,Dormant,2025-03-20,Classic,157.71
A001312,C00912,Savings,B007,2026-03-14,108829.28,INR,Active,2026-07-12,Platinum,143.43
A001313,C00912,Current,B007,2026-03-14,180784.53,INR,Active,2026-08-29,Platinum,179.49
A001314,C00913,Salary,B006,2020-07-05,176700.86,INR,Dormant,2024-07-26,Classic,115.34
A001315,C00913,Savings,B006,2023-07-01,45370.27,EUR,Dormant,2025-04-19,Silver,110.74
A001316,C00914,Savings,B001,2024-06-30,105081.17,INR,Dormant,2024-11-22,Gold,126.71
A001317,C00914,Salary,B001,2019-11-23,20992.2,INR,Dormant,2024-09-04,Gold,37.59
A001318,C00915,Savings,B014,2026-02-18,50388.21,INR,Active,2026-02-19,Classic,69.86
A001319,C00916,Salary,B003,2020-12-13,23731.22,INR,Active,2026-07-19,Silver,151.9
A001320,C00917,Current,B011,2023-09-08,35418.97,INR,Dormant,2023-12-19,Classic,63.96
A001321,C00917,Salary,B011,2023-09-08,77561.27,INR,Dormant,2025-01-01,Platinum,164.98
A001322,C00918,Savings,B021,2025-05-31,47235.96,INR,Active,2026-02-23,Gold,75.77
A001323,C00918,Savings,B021,2025-05-31,75182.44,INR,Active,2025-10-10,Classic,113.54
A001324,C00919,Savings,B024,2022-05-31,30715.91,INR,Dormant,2024-12-18,Classic,167.81
A001325,C00920,Savings,B006,2025-12-18,70951.36,INR,Active,2026-02-11,Platinum,35.27
A001326,C00921,Salary,B013,2025-01-24,52917.56,INR,Active,2026-05-26,Silver,141.77
A001327,C00921,Savings,B013,2025-01-24,28610.6,INR,Dormant,2025-07-20,Platinum,82.76
A001328,C00922,Current,B006,2019-08-31,10193.34,INR,Dormant,2025-03-10,Gold,171.97
A001329,C00923,Savings,B010,2019-08-31,313686.46,INR,Dormant,2024-11-14,Silver,166.83
A001330,C00924,Current,B013,2023-09-12,95823.16,USD,Dormant,2025-03-27,Gold,100.33
A001331,C00925,Savings,B020,2022-04-10,18009.62,INR,Active,2025-10-27,Gold,78.6
A001332,C00925,Salary,B020,2020-08-15,130300.03,INR,Dormant,2025-07-20,Platinum,77.89
A001333,C00926,Savings,B025,2021-12-15,31272.11,INR,Active,2025-09-12,Gold,120.59
A001334,C00927,Savings,B008,2026-01-19,46148.67,INR,Active,2026-07-03,Silver,166.46
A001335,C00928,Savings,B010,2026-04-29,82362.8,INR,Active,2026-08-16,Gold,22.53
A001336,C00929,Current,B009,2026-04-22,35681.17,INR,Active,2026-05-24,Classic,165.55
A001337,C00930,Savings,B019,2026-04-03,17230.25,INR,Active,2026-07-21,Platinum,56.57
A001338,C00931,Savings,B004,2025-08-28,31080.62,INR,Active,2026-06-05,Gold,90.82
A001339,C00932,Savings,B018,2025-11-18,176432.87,INR,Active,2026-01-15,Platinum,97.97
A001340,C00932,Savings,B018,2025-11-18,862002.78,INR,Active,2026-05-14,Classic,79.71
A001341,C00933,Savings,B016,2022-07-25,28569.19,INR,Dormant,2023-07-23,Platinum,108.79
A001342,C00934,Savings,B020,2022-07-10,12955.16,INR,Active,2025-10-15,Platinum,141.8
A001343,C00935,Current,B023,2021-01-03,136357.72,INR,Dormant,2025-05-21,Platinum,128.71
A001344,C00936,Savings,B024,2026-04-18,250569.57,INR,Active,2026-06-18,Classic,162.19
A001345,C00937,Current,B002,2024-01-03,34280.45,INR,Dormant,2024-11-19,Classic,107.28
A001346,C00937,Savings,B002,2019-04-11,117670.64,INR,Dormant,2024-04-10,Silver,25.04
A001347,C00938,Savings,B024,2021-04-20,68132.52,INR,Active,2026-06-21,Platinum,55.56
A001348,C00939,Savings,B020,2025-05-04,81015.25,INR,Active,2026-04-15,Classic,94.54
A001349,C00939,Savings,B020,2022-06-08,82313.38,INR,Active,2025-10-25,Silver,32.93
A001350,C00940,Savings,B023,2023-11-18,74562.45,INR,Dormant,2025-04-30,Gold,159.42
A001351,C00940,Savings,B023,2026-05-03,98214.81,INR,Active,2026-07-27,Silver,93.4
A001352,C00941,Savings,B004,2025-10-13,268724.59,INR,Active,2026-08-08,Gold,77.89
A001353,C00942,Savings,B021,2024-04-19,54851.26,INR,Dormant,2024-09-11,Silver,92.56
A001354,C00942,Savings,B021,2021-11-13,121577.54,INR,Dormant,2025-03-25,Platinum,140.01
A001355,C00942,Salary,B021,2021-11-13,177266.38,INR,Dormant,2025-08-21,Silver,170.39
A001356,C00943,Savings,B022,2025-03-12,296447.82,INR,Dormant,2025-06-20,Classic,46.54
A001357,C00944,Current,B011,2022-04-18,29675.84,INR,Active,2025-11-14,Platinum,48.15
A001358,C00945,Current,B016,2019-11-07,72478.61,INR,Dormant,2024-10-30,Classic,79.93
A001359,C00946,Savings,B008,2025-09-27,45550.52,INR,Active,2026-04-18,Platinum,114.9
A001360,C00947,Salary,B006,2021-06-05,158576.75,INR,Dormant,2025-01-21,Silver,97.83
A001361,C00947,Current,B006,2026-03-09,68319.05,INR,Active,2026-05-06,Gold,112.26
A001362,C00948,Salary,B021,2025-08-29,118528.15,INR,Active,2025-10-26,Platinum,72.77
A001363,C00949,Savings,B001,2026-05-21,92945.3,INR,Active,2026-05-27,Gold,96.77
A001364,C00950,Savings,B020,2025-01-06,70971.8,INR,Dormant,2025-05-02,Gold,128.34
A001365,C00951,Current,B025,2025-04-06,80449.65,INR,Active,2025-12-20,Classic,70.52
A001366,C00952,Savings,B004,2024-07-01,97227.71,INR,Dormant,2024-11-05,Platinum,76.95
A001367,C00952,Current,B004,2025-03-14,33870.72,INR,Dormant,2025-06-26,Gold,85.02
A001368,C00952,Savings,B004,2023-07-29,29561.84,USD,Dormant,2024-07-23,Gold,91.78
A001369,C00953,Salary,B006,2025-12-15,69517.72,INR,Active,2026-02-05,Platinum,166.22
A001370,C00954,Savings,B015,2021-05-15,237336.27,INR,Dormant,2025-06-22,Classic,82.71
A001371,C00955,Savings,B023,2024-05-16,23783.76,INR,Dormant,2024-09-09,Classic,82.24
A001372,C00955,Salary,B023,2024-05-16,168504.72,INR,Dormant,2025-07-21,Gold,62.84
A001373,C00955,Savings,B023,2024-05-16,181460.75,INR,Dormant,2025-03-29,Gold,139.96
A001374,C00956,Salary,B001,2024-08-24,610169.37,INR,Dormant,2025-04-11,Classic,44.5
A001375,C00957,Salary,B019,2021-06-11,34655.64,USD,Active,2025-09-10,Gold,36.93
A001376,C00957,Salary,B019,2019-10-13,156011.32,INR,Active,2026-05-03,Classic,120.7
A001377,C00958,Salary,B016,2021-11-06,72054.0,INR,Active,2026-05-02,Silver,133.07
A001378,C00958,Savings,B016,2019-06-02,55867.79,INR,Dormant,2024-05-04,Gold,35.63
A001379,C00959,Salary,B023,2021-10-27,56525.81,INR,Dormant,2024-11-21,Silver,21.39
A001380,C00960,Savings,B004,2023-06-27,137891.26,INR,Dormant,2025-06-17,Platinum,41.7
A001381,C00960,Savings,B004,2019-05-12,354209.75,INR,Dormant,2025-07-29,Platinum,97.35
A001382,C00961,Savings,B023,2026-04-19,63973.84,INR,Active,2026-05-12,Silver,54.53
A001383,C00961,Current,B023,2021-08-13,12780.85,INR,Active,2026-08-14,Classic,133.02
A001384,C00962,Savings,B015,2020-12-04,194007.81,INR,Active,2025-10-23,Silver,149.72
A001385,C00963,Current,B024,2021-10-03,72139.7,INR,Dormant,2024-07-08,Classic,123.81
A001386,C00964,Savings,B019,2022-04-29,204223.1,INR,Active,2026-02-18,Classic,45.17
A001387,C00965,Salary,B002,2023-02-15,48524.84,INR,Dormant,2024-01-08,Classic,38.88
A001388,C00966,Savings,B010,2019-12-06,31232.73,INR,Dormant,2024-12-10,Classic,69.43
A001389,C00966,Savings,B010,2025-12-18,305627.21,INR,Active,2026-01-20,Silver,68.01
A001390,C00967,Savings,B006,2026-02-07,425925.19,INR,Active,2026-07-16,Silver,70.93
A001391,C00968,Savings,B013,2025-06-25,238967.9,INR,Active,2026-04-24,Platinum,89.25
A001392,C00969,Salary,B019,2026-04-21,254899.28,INR,Active,2026-06-04,Platinum,34.92
A001393,C00969,Savings,B019,2026-04-21,102763.92,INR,Active,2026-06-09,Silver,145.35
A001394,C00970,Savings,B021,2026-01-28,48141.34,INR,Active,2026-03-07,Silver,63.23
A001395,C00971,Salary,B010,2024-10-20,241630.41,INR,Active,2026-04-24,Classic,170.25
A001396,C00972,Savings,B012,2025-11-12,190557.3,INR,Active,2026-03-22,Gold,149.91
A001397,C00972,Savings,B012,2021-10-17,50268.99,INR,Active,2026-01-14,Gold,74.96
A001398,C00973,Savings,B021,2023-06-15,244328.47,INR,Dormant,2025-08-14,Gold,117.4
A001399,C00974,Salary,B017,2026-01-30,40064.67,INR,Active,2026-02-01,Platinum,65.34
A001400,C00974,Savings,B017,2025-09-27,255252.88,INR,Active,2025-11-15,Gold,93.27
A001401,C00975,Savings,B003,2025-07-26,788238.48,INR,Dormant,2025-08-14,Silver,108.08
A001402,C00975,Salary,B003,2025-07-26,116709.93,INR,Active,2025-12-13,Platinum,88.75
A001403,C00976,Current,B010,2023-03-19,99543.7,INR,Dormant,2025-03-05,Platinum,165.31
A001404,C00977,Salary,B018,2021-05-30,325830.33,INR,Active,2026-03-28,Platinum,152.68
A001405,C00978,Current,B018,2019-01-01,98603.47,INR,Active,2025-10-30,Classic,81.5
A001406,C00979,Savings,B015,2021-11-15,143978.26,INR,Dormant,2024-07-28,Gold,22.98
A001407,C00979,Salary,B015,2022-02-13,24421.71,INR,Dormant,2024-11-27,Silver,97.52
A001408,C00980,Savings,B013,2021-12-18,95145.9,INR,Active,2026-07-11,Silver,163.92
A001409,C00981,Savings,B014,2019-05-17,323549.22,INR,Active,2026-05-14,Platinum,88.45
A001410,C00981,Savings,B014,2023-03-22,95403.69,INR,Active,2026-06-14,Silver,102.77
A001411,C00982,Savings,B016,2024-06-06,122465.33,INR,Active,2025-12-30,Silver,23.03
A001412,C00983,Savings,B007,2022-07-26,66402.06,INR,Active,2026-05-20,Classic,174.69
A001413,C00983,Current,B007,2022-07-26,139202.46,INR,Dormant,2024-01-02,Platinum,93.55
A001414,C00984,Current,B023,2019-07-19,60096.43,INR,Active,2026-07-01,Platinum,54.5
A001415,C00985,Savings,B018,2026-01-19,36534.61,INR,Active,2026-06-20,Silver,57.22
A001416,C00986,Current,B013,2025-07-19,36323.88,INR,Active,2025-10-27,Platinum,134.25
A001417,C00987,Savings,B011,2026-06-03,219288.06,INR,Active,2026-06-18,Platinum,93.85
A001418,C00987,Savings,B011,2026-06-03,2896.82,INR,Active,2026-06-20,Gold,131.46
A001419,C00988,Salary,B013,2025-03-20,38204.83,INR,Active,2026-08-02,Gold,118.12
A001420,C00989,Current,B025,2022-03-14,42673.02,INR,Active,2026-05-09,Platinum,139.98
A001421,C00989,Salary,B025,2019-10-14,78745.74,INR,Active,2026-02-10,Gold,24.0
A001422,C00990,Savings,B004,2025-01-25,14267.21,INR,Active,2026-04-01,Gold,34.12
A001423,C00990,Savings,B004,2025-01-25,22584.99,INR,Dormant,2025-08-25,Classic,122.94
A001424,C00991,Salary,B006,2023-01-15,45004.73,INR,Active,2026-03-26,Gold,135.58
A001425,C00992,Savings,B014,2022-09-28,59853.26,INR,Active,2025-11-01,Silver,158.39
A001426,C00993,Savings,B011,2019-05-11,57055.0,INR,Active,2025-10-08,Classic,31.22
A001427,C00994,Salary,B006,2025-07-23,429180.46,INR,Active,2026-08-12,Platinum,153.37
A001428,C00994,Salary,B006,2020-03-01,322434.85,INR,Dormant,2025-07-14,Platinum,146.01
A001429,C00995,Savings,B022,2022-07-01,26963.36,INR,Active,2026-01-17,Platinum,101.78
A001430,C00996,Savings,B001,2024-03-05,51973.0,INR,Active,2026-03-25,Platinum,107.61
A001431,C00996,Savings,B001,2025-11-20,355867.9,INR,Active,2025-11-28,Gold,176.47
A001432,C00997,Savings,B021,2026-03-14,260625.26,INR,Active,2026-08-19,Silver,111.88
A001433,C00998,Savings,B017,2026-01-14,81455.44,INR,Active,2026-08-20,Silver,166.34
A001434,C00999,Savings,B012,2019-11-24,92801.19,INR,Dormant,2024-08-09,Gold,92.17
A001435,C01000,Savings,B016,2025-12-14,62610.87,INR,Active,2026-04-22,Gold,92.83
A000081,C00051,Current,B006,2023-07-16,187808.96,INR,Active,2026-05-22,Platinum,36.58
