payment_id,loan_id,customer_id,due_date,payment_date,payment_amount,days_late,payment_status
LP0000001,L00001,C00636,2022-09-28,2022-09-30,18624.03,2,Paid
LP0000002,L00001,C00636,2022-10-28,2022-11-02,18469.86,5,Paid
LP0000003,L00001,C00636,2022-11-28,2022-12-01,18282.83,3,Paid
LP0000004,L00001,C00636,2022-12-28,2022-12-30,17902.05,2,Paid
LP0000005,L00001,C00636,2023-01-28,2023-02-01,18531.58,4,Paid
LP0000006,L00001,C00636,2023-02-28,2023-03-08,18709.88,8,Late
LP0000007,L00001,C00636,2023-03-28,2023-04-01,18490.62,4,Paid
LP0000008,L00001,C00636,2023-04-28,2023-05-03,18506.11,5,Paid
LP0000009,L00001,C00636,2023-05-28,2023-05-30,18274.28,2,Paid
LP0000010,L00001,C00636,2023-06-28,2023-07-07,18009.19,9,Late
LP0000011,L00001,C00636,2023-07-28,2023-07-31,18092.48,3,Paid
LP0000012,L00001,C00636,2023-08-28,2023-09-01,18667.56,4,Paid
LP0000013,L00002,C00481,2022-02-28,2022-03-05,28101.02,5,Paid
LP0000014,L00002,C00481,2022-03-28,2022-04-07,27993.75,10,Late
LP0000015,L00002,C00481,2022-04-28,2022-04-29,28680.12,1,Paid
LP0000016,L00002,C00481,2022-05-28,2022-06-03,27994.55,6,Late
LP0000017,L00002,C00481,2022-06-28,2022-07-06,28464.42,8,Late
LP0000018,L00002,C00481,2022-07-28,2022-07-31,27432.46,3,Paid
LP0000019,L00002,C00481,2022-08-28,2022-09-06,28450.7,9,Late
LP0000020,L00002,C00481,2022-09-28,,0,94,Missed
LP0000021,L00002,C00481,2022-10-28,2022-12-23,19713.69,56,Partial
LP0000022,L00002,C00481,2022-11-28,,0,75,Missed
LP0000023,L00002,C00481,2022-12-28,2023-02-26,16156.36,60,Partial
LP0000024,L00002,C00481,2023-01-28,2023-02-20,16803.96,23,Partial
LP0000025,L00003,C00107,2025-03-28,2025-03-30,31790.23,2,Paid
LP0000026,L00003,C00107,2025-04-28,2025-04-28,31089.06,0,Paid
LP0000027,L00003,C00107,2025-05-28,2025-05-30,32063.4,2,Paid
LP0000028,L00003,C00107,2025-06-28,2025-07-06,31921.85,8,Late
LP0000029,L00003,C00107,2025-07-28,2025-08-03,30683.42,6,Late
LP0000030,L00003,C00107,2025-08-28,2025-08-30,30979.67,2,Paid
LP0000031,L00003,C00107,2025-09-28,2025-10-01,31458.53,3,Paid
LP0000032,L00003,C00107,2025-10-28,2025-11-06,30887.84,9,Late
LP0000033,L00003,C00107,2025-11-28,2025-12-03,31123.15,5,Paid
LP0000034,L00003,C00107,2025-12-28,2026-01-02,31224.2,5,Paid
LP0000035,L00003,C00107,2026-01-28,2026-01-29,31149.27,1,Paid
LP0000036,L00003,C00107,2026-02-28,2026-02-28,31492.78,0,Paid
LP0000037,L00003,C00107,2026-03-28,2026-04-05,30581.41,8,Late
LP0000038,L00003,C00107,2026-04-28,2026-05-01,30791.09,3,Paid
LP0000039,L00003,C00107,2026-05-28,2026-05-28,31175.6,0,Paid
LP0000040,L00003,C00107,2026-06-28,2026-07-03,30714.48,5,Paid
LP0000041,L00003,C00107,2026-07-28,2026-08-01,31777.86,4,Paid
LP0000042,L00003,C00107,2026-08-28,2026-09-07,31401.67,10,Late
LP0000043,L00004,C00681,2023-11-28,2023-12-06,25717.83,8,Late
LP0000044,L00004,C00681,2023-12-28,2024-01-06,25741.44,9,Late
LP0000045,L00004,C00681,2024-01-28,2024-02-05,25093.39,8,Late
LP0000046,L00004,C00681,2024-02-28,2024-03-01,24924.26,2,Paid
LP0000047,L00004,C00681,2024-03-28,2024-04-06,25490.91,9,Late
LP0000048,L00004,C00681,2024-04-28,2024-05-04,25845.41,6,Late
LP0000049,L00004,C00681,2024-05-28,2024-05-30,25471.48,2,Paid
LP0000050,L00004,C00681,2024-06-28,2024-07-07,25539.76,9,Late
LP0000051,L00004,C00681,2024-07-28,2024-07-30,26367.01,2,Paid
LP0000052,L00004,C00681,2024-08-28,2024-09-03,25961.1,6,Late
LP0000053,L00004,C00681,2024-09-28,2024-09-30,25270.53,2,Paid
LP0000054,L00004,C00681,2024-10-28,2024-11-05,25264.31,8,Late
LP0000055,L00004,C00681,2024-11-28,2024-11-30,25624.82,2,Paid
LP0000056,L00004,C00681,2024-12-28,2024-12-31,26296.01,3,Paid
LP0000057,L00004,C00681,2025-01-28,2025-01-29,25720.95,1,Paid
LP0000058,L00004,C00681,2025-02-28,2025-03-09,26039.95,9,Late
LP0000059,L00004,C00681,2025-03-28,2025-04-02,26387.62,5,Paid
LP0000060,L00004,C00681,2025-04-28,2025-05-08,26425.93,10,Late
LP0000061,L00004,C00681,2025-05-28,2025-06-05,26165.73,8,Late
LP0000062,L00004,C00681,2025-06-28,2025-06-28,25148.86,0,Paid
LP0000063,L00004,C00681,2025-07-28,2025-07-30,26277.9,2,Paid
LP0000064,L00004,C00681,2025-08-28,2025-08-28,25036.32,0,Paid
LP0000065,L00004,C00681,2025-09-28,2025-10-05,25666.59,7,Late
LP0000066,L00004,C00681,2025-10-28,2025-11-07,26399.8,10,Late
LP0000067,L00005,C00865,2022-12-28,2023-01-03,71884.7,6,Late
LP0000068,L00005,C00865,2023-01-28,2023-02-01,72912.07,4,Paid
LP0000069,L00005,C00865,2023-02-28,2023-02-28,71900.47,0,Paid
LP0000070,L00005,C00865,2023-03-28,2023-04-03,74225.17,6,Late
LP0000071,L00005,C00865,2023-04-28,2023-05-07,72574.22,9,Late
LP0000072,L00005,C00865,2023-05-28,2023-06-04,72296.09,7,Late
LP0000073,L00005,C00865,2023-06-28,2023-07-03,74253.42,5,Paid
LP0000074,L00005,C00865,2023-07-28,2023-08-01,71732.68,4,Paid
LP0000075,L00005,C00865,2023-08-28,2023-09-07,72554.86,10,Late
LP0000076,L00005,C00865,2023-09-28,2023-10-01,74052.01,3,Paid
LP0000077,L00005,C00865,2023-10-28,2023-10-28,74588.83,0,Paid
LP0000078,L00005,C00865,2023-11-28,2023-11-30,75501.01,2,Paid
LP0000079,L00006,C00771,2024-10-28,2024-10-29,51047.05,1,Paid
LP0000080,L00006,C00771,2024-11-28,2024-12-04,51080.08,6,Late
LP0000081,L00006,C00771,2024-12-28,2025-01-03,51465.64,6,Late
LP0000082,L00006,C00771,2025-01-28,2025-02-06,50476.81,9,Late
LP0000083,L00006,C00771,2025-02-28,2025-03-06,49830.61,6,Late
LP0000084,L00006,C00771,2025-03-28,2025-04-04,51445.72,7,Late
LP0000085,L00006,C00771,2025-04-28,2025-05-02,49976.8,4,Paid
LP0000086,L00006,C00771,2025-05-28,2025-06-07,50469.6,10,Late
LP0000087,L00006,C00771,2025-06-28,2025-06-28,50702.95,0,Paid
LP0000088,L00006,C00771,2025-07-28,2025-07-29,48801.61,1,Paid
LP0000089,L00006,C00771,2025-08-28,2025-08-28,49449.86,0,Paid
LP0000090,L00006,C00771,2025-09-28,2025-10-06,49255.17,8,Late
LP0000091,L00006,C00771,2025-10-28,2025-11-01,49304.54,4,Paid
LP0000092,L00006,C00771,2025-11-28,2025-12-05,51104.73,7,Late
LP0000093,L00006,C00771,2025-12-28,2025-12-30,49747.26,2,Paid
LP0000094,L00006,C00771,2026-01-28,2026-01-29,50492.62,1,Paid
LP0000095,L00006,C00771,2026-02-28,2026-03-07,49971.04,7,Late
LP0000096,L00006,C00771,2026-03-28,2026-04-04,50923.49,7,Late
LP0000097,L00006,C00771,2026-04-28,2026-05-03,50498.44,5,Paid
LP0000098,L00006,C00771,2026-05-28,2026-05-31,51165.7,3,Paid
LP0000099,L00006,C00771,2026-06-28,2026-07-02,48990.84,4,Paid
LP0000100,L00006,C00771,2026-07-28,2026-08-02,49198.94,5,Paid
LP0000101,L00006,C00771,2026-08-28,2026-08-31,51390.07,3,Paid
LP0000102,L00007,C00662,2025-07-28,2025-07-30,14421.31,2,Paid
LP0000103,L00007,C00662,2025-08-28,2025-08-30,14621.38,2,Paid
LP0000104,L00007,C00662,2025-09-28,2025-10-05,14724.73,7,Late
LP0000105,L00007,C00662,2025-10-28,2025-10-30,14706.23,2,Paid
LP0000106,L00007,C00662,2025-11-28,2025-12-02,14623.18,4,Paid
LP0000107,L00007,C00662,2025-12-28,2026-01-07,14602.8,10,Late
LP0000108,L00007,C00662,2026-01-28,2026-01-30,15183.21,2,Paid
LP0000109,L00007,C00662,2026-02-28,2026-03-10,15014.59,10,Late
LP0000110,L00007,C00662,2026-03-28,2026-04-05,15078.94,8,Late
LP0000111,L00007,C00662,2026-04-28,2026-04-30,14385.3,2,Paid
LP0000112,L00007,C00662,2026-05-28,2026-06-01,14768.47,4,Paid
LP0000113,L00007,C00662,2026-06-28,2026-07-04,15183.35,6,Late
LP0000114,L00007,C00662,2026-07-28,2026-07-31,14931.82,3,Paid
LP0000115,L00007,C00662,2026-08-28,2026-08-31,14772.81,3,Paid
LP0000116,L00008,C00373,2023-11-28,2023-12-07,3317.86,9,Late
LP0000117,L00008,C00373,2023-12-28,2024-01-05,3251.89,8,Late
LP0000118,L00008,C00373,2024-01-28,2024-02-05,3326.86,8,Late
LP0000119,L00008,C00373,2024-02-28,2024-03-01,3314.79,2,Paid
LP0000120,L00008,C00373,2024-03-28,2024-03-28,3304.4,0,Paid
LP0000121,L00008,C00373,2024-04-28,2024-05-08,3212.09,10,Late
LP0000122,L00008,C00373,2024-05-28,2024-06-02,3332.14,5,Paid
LP0000123,L00008,C00373,2024-06-28,2024-07-08,3291.48,10,Late
LP0000124,L00008,C00373,2024-07-28,2024-08-06,3307.08,9,Late
LP0000125,L00008,C00373,2024-08-28,2024-08-31,3228.33,3,Paid
LP0000126,L00008,C00373,2024-09-28,2024-10-06,3310.93,8,Late
LP0000127,L00008,C00373,2024-10-28,2024-11-01,3243.67,4,Paid
LP0000128,L00008,C00373,2024-11-28,2024-12-05,3167.31,7,Late
LP0000129,L00008,C00373,2024-12-28,2025-01-03,3268.88,6,Late
LP0000130,L00008,C00373,2025-01-28,2025-01-31,3289.63,3,Paid
LP0000131,L00008,C00373,2025-02-28,2025-03-02,3259.12,2,Paid
LP0000132,L00008,C00373,2025-03-28,2025-03-31,3181.92,3,Paid
LP0000133,L00008,C00373,2025-04-28,2025-05-08,3167.03,10,Late
LP0000134,L00008,C00373,2025-05-28,2025-06-02,3217.0,5,Paid
LP0000135,L00008,C00373,2025-06-28,2025-06-29,3322.76,1,Paid
LP0000136,L00008,C00373,2025-07-28,2025-08-07,3293.84,10,Late
LP0000137,L00008,C00373,2025-08-28,2025-09-04,3271.97,7,Late
LP0000138,L00008,C00373,2025-09-28,2025-10-02,3236.72,4,Paid
LP0000139,L00008,C00373,2025-10-28,2025-11-04,3282.28,7,Late
LP0000140,L00009,C00371,2023-01-28,2023-02-05,29483.12,8,Late
LP0000141,L00009,C00371,2023-02-28,2023-03-01,29229.66,1,Paid
LP0000142,L00009,C00371,2023-03-28,2023-04-06,29224.34,9,Late
LP0000143,L00009,C00371,2023-04-28,2023-05-04,28696.15,6,Late
LP0000144,L00009,C00371,2023-05-28,2023-06-03,29626.38,6,Late
LP0000145,L00009,C00371,2023-06-28,2023-06-29,29848.52,1,Paid
LP0000146,L00009,C00371,2023-07-28,2023-08-06,28889.4,9,Late
LP0000147,L00009,C00371,2023-08-28,2023-09-01,29685.89,4,Paid
LP0000148,L00009,C00371,2023-09-28,2023-10-03,30032.51,5,Paid
LP0000149,L00009,C00371,2023-10-28,2023-11-06,28555.7,9,Late
LP0000150,L00009,C00371,2023-11-28,2023-11-29,28520.14,1,Paid
LP0000151,L00009,C00371,2023-12-28,2024-01-05,28906.47,8,Late
LP0000152,L00009,C00371,2024-01-28,2024-02-04,28622.0,7,Late
LP0000153,L00009,C00371,2024-02-28,2024-03-09,28901.0,10,Late
LP0000154,L00009,C00371,2024-03-28,2024-04-07,28409.59,10,Late
LP0000155,L00009,C00371,2024-04-28,2024-05-07,28810.95,9,Late
LP0000156,L00009,C00371,2024-05-28,2024-05-31,29185.02,3,Paid
LP0000157,L00009,C00371,2024-06-28,2024-07-07,29059.23,9,Late
LP0000158,L00009,C00371,2024-07-28,2024-08-03,29500.94,6,Late
LP0000159,L00009,C00371,2024-08-28,2024-09-05,29922.38,8,Late
LP0000160,L00009,C00371,2024-09-28,2024-10-07,28983.12,9,Late
LP0000161,L00009,C00371,2024-10-28,2024-11-02,28830.7,5,Paid
LP0000162,L00009,C00371,2024-11-28,2024-12-07,29972.1,9,Late
LP0000163,L00009,C00371,2024-12-28,2025-01-04,29508.44,7,Late
LP0000164,L00010,C00937,2024-09-28,2024-10-07,7804.3,9,Late
LP0000165,L00010,C00937,2024-10-28,2024-11-04,8029.06,7,Late
LP0000166,L00010,C00937,2024-11-28,2024-12-08,7836.86,10,Late
LP0000167,L00010,C00937,2024-12-28,2024-12-30,7772.82,2,Paid
LP0000168,L00010,C00937,2025-01-28,2025-02-05,8107.88,8,Late
LP0000169,L00010,C00937,2025-02-28,2025-03-01,7774.22,1,Paid
LP0000170,L00010,C00937,2025-03-28,2025-03-28,7809.83,0,Paid
LP0000171,L00010,C00937,2025-04-28,2025-05-02,7848.48,4,Paid
LP0000172,L00010,C00937,2025-05-28,2025-06-03,8083.73,6,Late
LP0000173,L00010,C00937,2025-06-28,2025-07-07,7790.77,9,Late
LP0000174,L00010,C00937,2025-07-28,2025-07-30,7916.59,2,Paid
LP0000175,L00010,C00937,2025-08-28,2025-09-02,7997.6,5,Paid
LP0000176,L00010,C00937,2025-09-28,2025-10-07,7926.41,9,Late
LP0000177,L00010,C00937,2025-10-28,2025-11-01,8179.4,4,Paid
LP0000178,L00010,C00937,2025-11-28,2025-11-28,8034.39,0,Paid
LP0000179,L00010,C00937,2025-12-28,2026-01-03,7976.89,6,Late
LP0000180,L00010,C00937,2026-01-28,2026-02-07,8097.88,10,Late
LP0000181,L00010,C00937,2026-02-28,2026-03-10,8238.87,10,Late
LP0000182,L00010,C00937,2026-03-28,2026-03-28,8081.8,0,Paid
LP0000183,L00010,C00937,2026-04-28,2026-04-28,7763.81,0,Paid
LP0000184,L00010,C00937,2026-05-28,2026-06-01,8066.13,4,Paid
LP0000185,L00010,C00937,2026-06-28,2026-07-03,8010.28,5,Paid
LP0000186,L00010,C00937,2026-07-28,2026-08-04,8195.33,7,Late
LP0000187,L00010,C00937,2026-08-28,2026-09-01,7838.27,4,Paid
LP0000188,L00011,C00699,2025-04-28,2025-04-30,21245.35,2,Paid
LP0000189,L00011,C00699,2025-05-28,2025-06-07,21776.2,10,Late
LP0000190,L00011,C00699,2025-06-28,2025-07-02,21746.55,4,Paid
LP0000191,L00011,C00699,2025-07-28,2025-08-06,21851.22,9,Late
LP0000192,L00011,C00699,2025-08-28,2025-09-03,21074.12,6,Late
LP0000193,L00011,C00699,2025-09-28,2025-10-08,20792.05,10,Late
LP0000194,L00011,C00699,2025-10-28,2025-11-01,21669.41,4,Paid
LP0000195,L00011,C00699,2025-11-28,2025-12-01,21717.09,3,Paid
LP0000196,L00011,C00699,2025-12-28,2026-01-02,20774.77,5,Paid
LP0000197,L00011,C00699,2026-01-28,2026-03-05,12284.22,36,Partial
LP0000198,L00011,C00699,2026-02-28,,0,57,Missed
LP0000199,L00011,C00699,2026-03-28,,0,60,Missed
LP0000200,L00011,C00699,2026-04-28,,0,85,Missed
LP0000201,L00011,C00699,2026-05-28,,0,87,Missed
LP0000202,L00011,C00699,2026-06-28,2026-07-29,15357.05,31,Partial
LP0000203,L00011,C00699,2026-07-28,,0,72,Missed
LP0000204,L00011,C00699,2026-08-28,2026-09-25,14064.0,28,Partial
LP0000205,L00012,C00455,2023-11-28,2023-12-08,17225.35,10,Late
LP0000206,L00012,C00455,2023-12-28,2024-01-01,17903.55,4,Paid
LP0000207,L00012,C00455,2024-01-28,2024-02-06,17615.77,9,Late
LP0000208,L00012,C00455,2024-02-28,2024-02-29,17423.91,1,Paid
LP0000209,L00012,C00455,2024-03-28,2024-04-04,18119.56,7,Late
LP0000210,L00012,C00455,2024-04-28,2024-04-29,17819.41,1,Paid
LP0000211,L00012,C00455,2024-05-28,2024-06-07,17817.5,10,Late
LP0000212,L00012,C00455,2024-06-28,2024-07-06,17183.18,8,Late
LP0000213,L00012,C00455,2024-07-28,2024-08-03,17242.05,6,Late
LP0000214,L00012,C00455,2024-08-28,2024-09-07,18203.18,10,Late
LP0000215,L00012,C00455,2024-09-28,2024-10-07,17188.89,9,Late
LP0000216,L00012,C00455,2024-10-28,2024-11-01,18208.66,4,Paid
LP0000217,L00012,C00455,2024-11-28,2024-12-04,18092.96,6,Late
LP0000218,L00012,C00455,2024-12-28,2025-01-03,17792.57,6,Late
LP0000219,L00012,C00455,2025-01-28,2025-02-04,18034.75,7,Late
LP0000220,L00012,C00455,2025-02-28,2025-03-04,17654.99,4,Paid
LP0000221,L00012,C00455,2025-03-28,2025-03-29,17638.96,1,Paid
LP0000222,L00012,C00455,2025-04-28,2025-04-30,17459.0,2,Paid
LP0000223,L00012,C00455,2025-05-28,2025-05-31,17542.2,3,Paid
LP0000224,L00012,C00455,2025-06-28,2025-07-04,17682.45,6,Late
LP0000225,L00012,C00455,2025-07-28,2025-07-31,17981.82,3,Paid
LP0000226,L00012,C00455,2025-08-28,2025-08-28,17382.82,0,Paid
LP0000227,L00012,C00455,2025-09-28,2025-10-03,17954.8,5,Paid
LP0000228,L00012,C00455,2025-10-28,2025-11-03,18138.41,6,Late
LP0000229,L00013,C00633,2024-02-28,2024-03-08,39652.53,9,Late
LP0000230,L00013,C00633,2024-03-28,2024-03-30,40879.78,2,Paid
LP0000231,L00013,C00633,2024-04-28,2024-05-03,40036.88,5,Paid
LP0000232,L00013,C00633,2024-05-28,2024-06-03,39935.22,6,Late
LP0000233,L00013,C00633,2024-06-28,2024-07-03,40509.87,5,Paid
LP0000234,L00013,C00633,2024-07-28,2024-08-04,41085.99,7,Late
LP0000235,L00013,C00633,2024-08-28,2024-08-29,40550.2,1,Paid
LP0000236,L00013,C00633,2024-09-28,2024-10-08,39958.24,10,Late
LP0000237,L00013,C00633,2024-10-28,2024-11-05,40412.23,8,Late
LP0000238,L00013,C00633,2024-11-28,2024-12-08,40188.81,10,Late
LP0000239,L00013,C00633,2024-12-28,2025-01-04,40778.02,7,Late
LP0000240,L00013,C00633,2025-01-28,2025-02-01,41032.53,4,Paid
LP0000241,L00013,C00633,2025-02-28,2025-03-06,40557.51,6,Late
LP0000242,L00013,C00633,2025-03-28,2025-03-29,39201.06,1,Paid
LP0000243,L00013,C00633,2025-04-28,2025-05-04,38972.7,6,Late
LP0000244,L00013,C00633,2025-05-28,2025-06-06,40434.04,9,Late
LP0000245,L00013,C00633,2025-06-28,2025-07-07,39251.88,9,Late
LP0000246,L00013,C00633,2025-07-28,2025-08-03,40368.13,6,Late
LP0000247,L00013,C00633,2025-08-28,2025-08-31,39018.61,3,Paid
LP0000248,L00013,C00633,2025-09-28,2025-10-07,39708.03,9,Late
LP0000249,L00013,C00633,2025-10-28,2025-11-04,39561.5,7,Late
LP0000250,L00013,C00633,2025-11-28,2025-12-02,39374.29,4,Paid
LP0000251,L00013,C00633,2025-12-28,2026-01-06,40841.2,9,Late
LP0000252,L00013,C00633,2026-01-28,2026-01-28,40159.28,0,Paid
LP0000253,L00014,C00201,2025-03-28,2025-03-29,4707.04,1,Paid
LP0000254,L00014,C00201,2025-04-28,2025-05-03,4640.82,5,Paid
LP0000255,L00014,C00201,2025-05-28,2025-06-03,4591.63,6,Late
LP0000256,L00014,C00201,2025-06-28,2025-06-28,4547.9,0,Paid
LP0000257,L00014,C00201,2025-07-28,2025-08-03,4586.91,6,Late
LP0000258,L00014,C00201,2025-08-28,2025-08-30,4729.87,2,Paid
LP0000259,L00014,C00201,2025-09-28,2025-09-29,4752.72,1,Paid
LP0000260,L00014,C00201,2025-10-28,2025-10-28,4631.14,0,Paid
LP0000261,L00014,C00201,2025-11-28,2025-11-29,4639.59,1,Paid
LP0000262,L00014,C00201,2025-12-28,2025-12-28,4655.42,0,Paid
LP0000263,L00014,C00201,2026-01-28,2026-02-04,4774.47,7,Late
LP0000264,L00014,C00201,2026-02-28,2026-03-10,4546.16,10,Late
LP0000265,L00014,C00201,2026-03-28,2026-04-01,4765.82,4,Paid
LP0000266,L00014,C00201,2026-04-28,2026-05-06,4560.91,8,Late
LP0000267,L00014,C00201,2026-05-28,2026-05-31,4738.25,3,Paid
LP0000268,L00014,C00201,2026-06-28,2026-07-03,4745.05,5,Paid
LP0000269,L00014,C00201,2026-07-28,2026-07-31,4775.45,3,Paid
LP0000270,L00014,C00201,2026-08-28,2026-09-04,4740.42,7,Late
LP0000271,L00015,C00161,2026-04-28,2026-05-08,4652.89,10,Late
LP0000272,L00015,C00161,2026-05-28,2026-06-06,4593.23,9,Late
LP0000273,L00015,C00161,2026-06-28,2026-06-30,4611.82,2,Paid
LP0000274,L00015,C00161,2026-07-28,2026-08-07,4723.75,10,Late
LP0000275,L00015,C00161,2026-08-28,2026-09-06,4565.88,9,Late
LP0000276,L00016,C00787,2022-04-28,2022-05-06,9818.62,8,Late
LP0000277,L00016,C00787,2022-05-28,2022-06-04,9863.83,7,Late
LP0000278,L00016,C00787,2022-06-28,2022-06-28,9784.27,0,Paid
LP0000279,L00016,C00787,2022-07-28,2022-08-01,9892.3,4,Paid
LP0000280,L00016,C00787,2022-08-28,2022-09-06,10009.34,9,Late
LP0000281,L00016,C00787,2022-09-28,2022-09-28,9867.02,0,Paid
LP0000282,L00016,C00787,2022-10-28,2022-10-30,9996.99,2,Paid
LP0000283,L00016,C00787,2022-11-28,2022-12-07,9813.65,9,Late
LP0000284,L00016,C00787,2022-12-28,2023-01-06,10137.55,9,Late
LP0000285,L00016,C00787,2023-01-28,2023-02-02,9759.25,5,Paid
LP0000286,L00016,C00787,2023-02-28,2023-03-08,9694.41,8,Late
LP0000287,L00016,C00787,2023-03-28,2023-04-04,9591.46,7,Late
LP0000288,L00016,C00787,2023-04-28,2023-05-08,9661.33,10,Late
LP0000289,L00016,C00787,2023-05-28,2023-05-31,9714.45,3,Paid
LP0000290,L00016,C00787,2023-06-28,2023-06-29,9711.64,1,Paid
LP0000291,L00016,C00787,2023-07-28,2023-07-30,9817.75,2,Paid
LP0000292,L00016,C00787,2023-08-28,2023-09-06,9701.49,9,Late
LP0000293,L00016,C00787,2023-09-28,2023-10-02,9835.3,4,Paid
LP0000294,L00016,C00787,2023-10-28,2023-10-30,9624.0,2,Paid
LP0000295,L00016,C00787,2023-11-28,2023-12-04,10035.21,6,Late
LP0000296,L00016,C00787,2023-12-28,2024-01-05,9756.1,8,Late
LP0000297,L00016,C00787,2024-01-28,2024-02-02,9882.16,5,Paid
LP0000298,L00016,C00787,2024-02-28,2024-02-29,9996.87,1,Paid
LP0000299,L00016,C00787,2024-03-28,2024-04-06,10173.35,9,Late
LP0000300,L00017,C00898,2025-04-28,2025-05-06,11532.74,8,Late
LP0000301,L00017,C00898,2025-05-28,2025-06-07,11799.6,10,Late
LP0000302,L00017,C00898,2025-06-28,2025-06-29,11853.14,1,Paid
LP0000303,L00017,C00898,2025-07-28,2025-08-02,11905.12,5,Paid
LP0000304,L00017,C00898,2025-08-28,2025-08-29,11678.03,1,Paid
LP0000305,L00017,C00898,2025-09-28,2025-10-08,12039.31,10,Late
LP0000306,L00017,C00898,2025-10-28,2025-11-02,11581.93,5,Paid
LP0000307,L00017,C00898,2025-11-28,2025-12-07,11455.96,9,Late
LP0000308,L00017,C00898,2025-12-28,2025-12-31,11832.29,3,Paid
LP0000309,L00017,C00898,2026-01-28,2026-03-04,9888.69,35,Partial
LP0000310,L00017,C00898,2026-02-28,2026-04-11,5999.59,42,Partial
LP0000311,L00017,C00898,2026-03-28,,0,115,Missed
LP0000312,L00017,C00898,2026-04-28,2026-06-27,9047.29,60,Partial
LP0000313,L00017,C00898,2026-05-28,2026-06-27,7151.55,30,Partial
LP0000314,L00017,C00898,2026-06-28,2026-08-10,9025.24,43,Partial
LP0000315,L00017,C00898,2026-07-28,2026-08-24,6456.0,27,Partial
LP0000316,L00017,C00898,2026-08-28,2026-10-08,9349.59,41,Partial
LP0000317,L00018,C00501,2022-12-28,2023-01-01,8336.91,4,Paid
LP0000318,L00018,C00501,2023-01-28,2023-01-30,8299.92,2,Paid
LP0000319,L00018,C00501,2023-02-28,2023-03-10,8249.48,10,Late
LP0000320,L00018,C00501,2023-03-28,2023-04-04,8227.59,7,Late
LP0000321,L00018,C00501,2023-04-28,2023-05-02,8432.77,4,Paid
LP0000322,L00018,C00501,2023-05-28,2023-06-02,8111.31,5,Paid
LP0000323,L00018,C00501,2023-06-28,2023-07-08,8169.92,10,Late
LP0000324,L00018,C00501,2023-07-28,2023-08-05,8217.23,8,Late
LP0000325,L00018,C00501,2023-08-28,2023-08-28,8556.65,0,Paid
LP0000326,L00018,C00501,2023-09-28,2023-09-29,8594.41,1,Paid
LP0000327,L00018,C00501,2023-10-28,2023-11-02,8457.85,5,Paid
LP0000328,L00018,C00501,2023-11-28,2023-11-28,8357.9,0,Paid
LP0000329,L00018,C00501,2023-12-28,2023-12-28,8562.32,0,Paid
LP0000330,L00018,C00501,2024-01-28,2024-02-04,8252.63,7,Late
LP0000331,L00018,C00501,2024-02-28,2024-03-03,8504.34,4,Paid
LP0000332,L00018,C00501,2024-03-28,2024-04-02,8469.96,5,Paid
LP0000333,L00018,C00501,2024-04-28,2024-05-08,8263.81,10,Late
LP0000334,L00018,C00501,2024-05-28,2024-05-29,8420.07,1,Paid
LP0000335,L00018,C00501,2024-06-28,2024-07-03,8359.62,5,Paid
LP0000336,L00018,C00501,2024-07-28,2024-07-29,8095.12,1,Paid
LP0000337,L00018,C00501,2024-08-28,2024-09-07,8372.78,10,Late
LP0000338,L00018,C00501,2024-09-28,2024-10-08,8506.78,10,Late
LP0000339,L00018,C00501,2024-10-28,2024-11-04,8392.04,7,Late
LP0000340,L00018,C00501,2024-11-28,2024-12-02,8221.36,4,Paid
LP0000341,L00019,C00479,2024-11-28,2024-12-04,57367.8,6,Late
LP0000342,L00019,C00479,2024-12-28,2024-12-31,58664.3,3,Paid
LP0000343,L00019,C00479,2025-01-28,2025-02-05,60459.0,8,Late
LP0000344,L00019,C00479,2025-02-28,2025-03-06,57772.06,6,Late
LP0000345,L00019,C00479,2025-03-28,2025-04-03,59862.32,6,Late
LP0000346,L00019,C00479,2025-04-28,2025-05-02,58459.93,4,Paid
LP0000347,L00019,C00479,2025-05-28,2025-06-02,57942.88,5,Paid
LP0000348,L00019,C00479,2025-06-28,2025-07-01,57913.69,3,Paid
LP0000349,L00019,C00479,2025-07-28,2025-08-04,58650.7,7,Late
LP0000350,L00019,C00479,2025-08-28,2025-09-06,58529.72,9,Late
LP0000351,L00019,C00479,2025-09-28,2025-10-01,57788.91,3,Paid
LP0000352,L00019,C00479,2025-10-28,2025-11-04,59125.55,7,Late
LP0000353,L00019,C00479,2025-11-28,2025-11-30,57639.13,2,Paid
LP0000354,L00019,C00479,2025-12-28,2026-01-03,60335.75,6,Late
LP0000355,L00019,C00479,2026-01-28,2026-01-30,58860.15,2,Paid
LP0000356,L00019,C00479,2026-02-28,2026-03-09,60353.38,9,Late
LP0000357,L00019,C00479,2026-03-28,2026-04-02,57089.33,5,Paid
LP0000358,L00019,C00479,2026-04-28,2026-05-01,58799.85,3,Paid
LP0000359,L00019,C00479,2026-05-28,2026-05-31,59027.58,3,Paid
LP0000360,L00019,C00479,2026-06-28,2026-07-08,58848.63,10,Late
LP0000361,L00019,C00479,2026-07-28,2026-08-01,60572.58,4,Paid
LP0000362,L00019,C00479,2026-08-28,2026-08-28,58228.54,0,Paid
LP0000363,L00020,C00008,2026-02-28,2026-03-02,46091.31,2,Paid
LP0000364,L00020,C00008,2026-03-28,2026-04-01,45789.45,4,Paid
LP0000365,L00020,C00008,2026-04-28,2026-05-08,45775.95,10,Late
LP0000366,L00020,C00008,2026-05-28,2026-06-04,46134.5,7,Late
LP0000367,L00020,C00008,2026-06-28,2026-07-04,45839.69,6,Late
LP0000368,L00020,C00008,2026-07-28,2026-08-04,48211.57,7,Late
LP0000369,L00020,C00008,2026-08-28,2026-09-07,47360.56,10,Late
LP0000370,L00021,C00122,2024-06-28,2024-06-30,6487.42,2,Paid
LP0000371,L00021,C00122,2024-07-28,2024-08-01,6394.62,4,Paid
LP0000372,L00021,C00122,2024-08-28,2024-09-06,6445.48,9,Late
LP0000373,L00021,C00122,2024-09-28,2024-10-01,6635.0,3,Paid
LP0000374,L00021,C00122,2024-10-28,2024-11-03,6403.23,6,Late
LP0000375,L00021,C00122,2024-11-28,2024-12-07,6463.21,9,Late
LP0000376,L00021,C00122,2024-12-28,2025-01-02,6481.78,5,Paid
LP0000377,L00021,C00122,2025-01-28,2025-02-06,6472.51,9,Late
LP0000378,L00021,C00122,2025-02-28,2025-03-07,6547.87,7,Late
LP0000379,L00021,C00122,2025-03-28,2025-04-04,6635.19,7,Late
LP0000380,L00021,C00122,2025-04-28,2025-05-01,6407.57,3,Paid
LP0000381,L00021,C00122,2025-05-28,2025-06-02,6336.4,5,Paid
LP0000382,L00021,C00122,2025-06-28,2025-07-05,6506.91,7,Late
LP0000383,L00021,C00122,2025-07-28,2025-08-05,6392.55,8,Late
LP0000384,L00021,C00122,2025-08-28,2025-09-04,6569.11,7,Late
LP0000385,L00021,C00122,2025-09-28,2025-10-06,6546.37,8,Late
LP0000386,L00021,C00122,2025-10-28,2025-11-07,6520.23,10,Late
LP0000387,L00021,C00122,2025-11-28,2025-12-08,6594.59,10,Late
LP0000388,L00021,C00122,2025-12-28,2026-01-04,6302.14,7,Late
LP0000389,L00021,C00122,2026-01-28,2026-01-29,6566.61,1,Paid
LP0000390,L00021,C00122,2026-02-28,2026-03-09,6464.21,9,Late
LP0000391,L00021,C00122,2026-03-28,2026-04-01,6359.22,4,Paid
LP0000392,L00021,C00122,2026-04-28,2026-05-07,6618.05,9,Late
LP0000393,L00021,C00122,2026-05-28,2026-05-29,6612.68,1,Paid
LP0000394,L00022,C00119,2025-08-28,2025-08-31,15153.62,3,Paid
LP0000395,L00022,C00119,2025-09-28,2025-10-03,14562.86,5,Paid
LP0000396,L00022,C00119,2025-10-28,2025-11-04,14625.11,7,Late
LP0000397,L00022,C00119,2025-11-28,2025-12-05,14832.14,7,Late
LP0000398,L00022,C00119,2025-12-28,2025-12-31,14792.24,3,Paid
LP0000399,L00022,C00119,2026-01-28,2026-01-30,14472.24,2,Paid
LP0000400,L00022,C00119,2026-02-28,2026-03-03,14853.71,3,Paid
LP0000401,L00022,C00119,2026-03-28,2026-04-16,10164.15,19,Partial
LP0000402,L00022,C00119,2026-04-28,,0,100,Missed
LP0000403,L00022,C00119,2026-05-28,2026-07-05,10905.64,38,Partial
LP0000404,L00022,C00119,2026-06-28,2026-07-27,12388.4,29,Partial
LP0000405,L00022,C00119,2026-07-28,2026-08-14,13466.0,17,Partial
LP0000406,L00022,C00119,2026-08-28,2026-10-02,14239.3,35,Partial
LP0000407,L00023,C00698,2024-06-28,2024-07-07,83051.47,9,Late
LP0000408,L00023,C00698,2024-07-28,2024-08-01,84788.5,4,Paid
LP0000409,L00023,C00698,2024-08-28,2024-08-29,85237.51,1,Paid
LP0000410,L00023,C00698,2024-09-28,2024-10-04,84641.71,6,Late
LP0000411,L00023,C00698,2024-10-28,2024-11-02,84448.17,5,Paid
LP0000412,L00023,C00698,2024-11-28,2024-12-03,86732.36,5,Paid
LP0000413,L00023,C00698,2024-12-28,2024-12-29,85922.81,1,Paid
LP0000414,L00023,C00698,2025-01-28,2025-02-01,84543.31,4,Paid
LP0000415,L00023,C00698,2025-02-28,2025-03-02,84479.32,2,Paid
LP0000416,L00023,C00698,2025-03-28,2025-03-30,87401.6,2,Paid
LP0000417,L00023,C00698,2025-04-28,2025-05-05,83517.84,7,Late
LP0000418,L00023,C00698,2025-05-28,2025-05-30,83955.69,2,Paid
LP0000419,L00023,C00698,2025-06-28,2025-07-01,84256.08,3,Paid
LP0000420,L00023,C00698,2025-07-28,2025-07-28,86965.51,0,Paid
LP0000421,L00023,C00698,2025-08-28,2025-09-03,84714.34,6,Late
LP0000422,L00023,C00698,2025-09-28,2025-10-01,84897.22,3,Paid
LP0000423,L00023,C00698,2025-10-28,2025-10-31,87489.14,3,Paid
LP0000424,L00023,C00698,2025-11-28,2025-12-03,86132.66,5,Paid
LP0000425,L00023,C00698,2025-12-28,2026-01-04,84599.02,7,Late
LP0000426,L00023,C00698,2026-01-28,2026-02-06,86430.46,9,Late
LP0000427,L00023,C00698,2026-02-28,2026-02-28,85915.98,0,Paid
LP0000428,L00023,C00698,2026-03-28,2026-03-30,85574.35,2,Paid
LP0000429,L00023,C00698,2026-04-28,2026-04-29,86039.64,1,Paid
LP0000430,L00023,C00698,2026-05-28,2026-05-28,85685.12,0,Paid
LP0000431,L00024,C00344,2025-06-28,2025-07-06,58514.01,8,Late
LP0000432,L00024,C00344,2025-07-28,2025-08-07,57939.32,10,Late
LP0000433,L00024,C00344,2025-08-28,2025-09-04,58568.29,7,Late
LP0000434,L00024,C00344,2025-09-28,2025-10-06,57310.75,8,Late
LP0000435,L00024,C00344,2025-10-28,2025-11-04,60254.57,7,Late
LP0000436,L00024,C00344,2025-11-28,2025-12-05,59789.8,7,Late
LP0000437,L00024,C00344,2025-12-28,2026-01-03,57666.47,6,Late
LP0000438,L00024,C00344,2026-01-28,2026-02-06,60070.96,9,Late
LP0000439,L00024,C00344,2026-02-28,,0,112,Missed
LP0000440,L00024,C00344,2026-03-28,2026-05-06,54678.29,39,Partial
LP0000441,L00024,C00344,2026-04-28,,0,93,Missed
LP0000442,L00024,C00344,2026-05-28,2026-07-02,43873.76,35,Partial
LP0000443,L00024,C00344,2026-06-28,2026-07-16,52433.47,18,Partial
LP0000444,L00024,C00344,2026-07-28,2026-09-04,37399.25,38,Partial
LP0000445,L00024,C00344,2026-08-28,,0,120,Missed
LP0000446,L00025,C00316,2025-06-28,2025-06-30,5005.13,2,Paid
LP0000447,L00025,C00316,2025-07-28,2025-07-30,5107.98,2,Paid
LP0000448,L00025,C00316,2025-08-28,2025-08-28,5030.7,0,Paid
LP0000449,L00025,C00316,2025-09-28,2025-09-28,5103.18,0,Paid
LP0000450,L00025,C00316,2025-10-28,2025-11-06,4894.9,9,Late
LP0000451,L00025,C00316,2025-11-28,2025-11-30,5031.74,2,Paid
LP0000452,L00025,C00316,2025-12-28,2025-12-30,4946.67,2,Paid
LP0000453,L00025,C00316,2026-01-28,2026-01-30,4959.77,2,Paid
LP0000454,L00025,C00316,2026-02-28,2026-03-02,4929.02,2,Paid
LP0000455,L00025,C00316,2026-03-28,2026-04-03,4896.77,6,Late
LP0000456,L00025,C00316,2026-04-28,2026-05-03,5011.26,5,Paid
LP0000457,L00025,C00316,2026-05-28,2026-06-07,4849.25,10,Late
LP0000458,L00025,C00316,2026-06-28,2026-07-03,4952.82,5,Paid
LP0000459,L00025,C00316,2026-07-28,2026-07-29,4846.05,1,Paid
LP0000460,L00025,C00316,2026-08-28,2026-09-04,4921.22,7,Late
LP0000461,L00026,C00695,2024-06-28,2024-07-07,27352.95,9,Late
LP0000462,L00026,C00695,2024-07-28,2024-08-04,26720.49,7,Late
LP0000463,L00026,C00695,2024-08-28,2024-09-07,26967.78,10,Late
LP0000464,L00026,C00695,2024-09-28,2024-09-29,27623.79,1,Paid
LP0000465,L00026,C00695,2024-10-28,2024-11-06,27738.07,9,Late
LP0000466,L00026,C00695,2024-11-28,2024-12-06,27204.4,8,Late
LP0000467,L00026,C00695,2024-12-28,2024-12-28,28058.26,0,Paid
LP0000468,L00026,C00695,2025-01-28,2025-02-07,27270.6,10,Late
LP0000469,L00026,C00695,2025-02-28,2025-02-28,27260.83,0,Paid
LP0000470,L00026,C00695,2025-03-28,2025-04-02,27702.55,5,Paid
LP0000471,L00026,C00695,2025-04-28,2025-05-06,27770.61,8,Late
LP0000472,L00026,C00695,2025-05-28,2025-06-02,26771.55,5,Paid
LP0000473,L00026,C00695,2025-06-28,2025-07-04,27005.41,6,Late
LP0000474,L00026,C00695,2025-07-28,2025-08-07,27232.0,10,Late
LP0000475,L00026,C00695,2025-08-28,2025-09-03,27304.57,6,Late
LP0000476,L00026,C00695,2025-09-28,2025-10-07,27998.27,9,Late
LP0000477,L00026,C00695,2025-10-28,2025-10-28,27710.09,0,Paid
LP0000478,L00026,C00695,2025-11-28,2025-11-28,27022.54,0,Paid
LP0000479,L00026,C00695,2025-12-28,2025-12-31,27845.29,3,Paid
LP0000480,L00026,C00695,2026-01-28,2026-02-03,27442.72,6,Late
LP0000481,L00026,C00695,2026-02-28,2026-03-07,26748.44,7,Late
LP0000482,L00026,C00695,2026-03-28,2026-03-30,27326.09,2,Paid
LP0000483,L00026,C00695,2026-04-28,2026-05-03,27086.23,5,Paid
LP0000484,L00026,C00695,2026-05-28,2026-05-31,27355.64,3,Paid
LP0000485,L00027,C00634,2026-04-28,2026-04-28,3747.28,0,Paid
LP0000486,L00027,C00634,2026-05-28,2026-05-30,3671.33,2,Paid
LP0000487,L00027,C00634,2026-06-28,2026-07-06,3771.3,8,Late
LP0000488,L00027,C00634,2026-07-28,2026-07-31,3663.9,3,Paid
LP0000489,L00027,C00634,2026-08-28,2026-09-05,3734.7,8,Late
LP0000490,L00028,C00099,2024-05-28,2024-05-29,18085.83,1,Paid
LP0000491,L00028,C00099,2024-06-28,2024-07-07,17955.99,9,Late
LP0000492,L00028,C00099,2024-07-28,2024-07-29,18013.19,1,Paid
LP0000493,L00028,C00099,2024-08-28,2024-08-29,18295.38,1,Paid
LP0000494,L00028,C00099,2024-09-28,2024-09-28,18725.5,0,Paid
LP0000495,L00028,C00099,2024-10-28,2024-11-03,18525.14,6,Late
LP0000496,L00028,C00099,2024-11-28,2024-12-07,17807.27,9,Late
LP0000497,L00028,C00099,2024-12-28,2025-01-05,18177.26,8,Late
LP0000498,L00028,C00099,2025-01-28,2025-01-31,17805.07,3,Paid
LP0000499,L00028,C00099,2025-02-28,2025-03-08,18055.08,8,Late
LP0000500,L00028,C00099,2025-03-28,2025-04-05,17992.85,8,Late
LP0000501,L00028,C00099,2025-04-28,2025-05-04,18623.91,6,Late
LP0000502,L00028,C00099,2025-05-28,2025-06-05,18789.33,8,Late
LP0000503,L00028,C00099,2025-06-28,,0,55,Missed
LP0000504,L00028,C00099,2025-07-28,,0,73,Missed
LP0000505,L00028,C00099,2025-08-28,,0,81,Missed
LP0000506,L00028,C00099,2025-09-28,2025-11-04,18278.42,37,Partial
LP0000507,L00028,C00099,2025-10-28,,0,61,Missed
LP0000508,L00028,C00099,2025-11-28,,0,30,Missed
LP0000509,L00028,C00099,2025-12-28,2026-02-23,16094.3,57,Partial
LP0000510,L00028,C00099,2026-01-28,2026-03-06,15194.2,37,Partial
LP0000511,L00028,C00099,2026-02-28,,0,52,Missed
LP0000512,L00028,C00099,2026-03-28,2026-05-16,16514.3,49,Partial
LP0000513,L00028,C00099,2026-04-28,2026-05-17,13758.57,19,Partial
LP0000514,L00029,C00854,2023-05-28,2023-05-28,97144.93,0,Paid
LP0000515,L00029,C00854,2023-06-28,2023-07-03,98173.02,5,Paid
LP0000516,L00029,C00854,2023-07-28,2023-08-05,96100.13,8,Late
LP0000517,L00029,C00854,2023-08-28,2023-08-31,95493.13,3,Paid
LP0000518,L00029,C00854,2023-09-28,2023-10-06,95200.15,8,Late
LP0000519,L00029,C00854,2023-10-28,2023-11-02,98047.29,5,Paid
LP0000520,L00029,C00854,2023-11-28,2023-12-08,94373.11,10,Late
LP0000521,L00029,C00854,2023-12-28,2024-01-05,93634.47,8,Late
LP0000522,L00029,C00854,2024-01-28,2024-02-01,98955.48,4,Paid
LP0000523,L00029,C00854,2024-02-28,2024-02-28,98098.1,0,Paid
LP0000524,L00029,C00854,2024-03-28,2024-03-29,95650.67,1,Paid
LP0000525,L00029,C00854,2024-04-28,2024-05-05,97763.6,7,Late
LP0000526,L00029,C00854,2024-05-28,2024-06-01,96865.38,4,Paid
LP0000527,L00029,C00854,2024-06-28,,0,31,Missed
LP0000528,L00029,C00854,2024-07-28,2024-09-24,68837.98,58,Partial
LP0000529,L00029,C00854,2024-08-28,,0,111,Missed
LP0000530,L00029,C00854,2024-09-28,2024-10-18,94919.21,20,Partial
LP0000531,L00029,C00854,2024-10-28,2024-11-29,49004.11,32,Partial
LP0000532,L00029,C00854,2024-11-28,2024-12-15,65375.73,17,Partial
LP0000533,L00029,C00854,2024-12-28,2025-02-16,63235.35,50,Partial
LP0000534,L00029,C00854,2025-01-28,,0,112,Missed
LP0000535,L00029,C00854,2025-02-28,2025-04-14,54473.9,45,Partial
LP0000536,L00029,C00854,2025-03-28,,0,103,Missed
LP0000537,L00029,C00854,2025-04-28,2025-06-06,92877.67,39,Partial
LP0000538,L00030,C00478,2023-04-28,2023-05-02,12687.12,4,Paid
LP0000539,L00030,C00478,2023-05-28,2023-06-01,12699.85,4,Paid
LP0000540,L00030,C00478,2023-06-28,2023-07-03,12558.62,5,Paid
LP0000541,L00030,C00478,2023-07-28,2023-08-02,12787.05,5,Paid
LP0000542,L00030,C00478,2023-08-28,2023-09-07,12851.56,10,Late
LP0000543,L00030,C00478,2023-09-28,2023-09-28,12924.11,0,Paid
LP0000544,L00030,C00478,2023-10-28,2023-10-31,12824.42,3,Paid
LP0000545,L00030,C00478,2023-11-28,2023-12-04,12387.73,6,Late
LP0000546,L00030,C00478,2023-12-28,2023-12-31,12533.17,3,Paid
LP0000547,L00030,C00478,2024-01-28,2024-02-04,12333.99,7,Late
LP0000548,L00030,C00478,2024-02-28,2024-03-01,12458.25,2,Paid
LP0000549,L00030,C00478,2024-03-28,2024-04-02,12811.34,5,Paid
LP0000550,L00030,C00478,2024-04-28,2024-04-29,12594.49,1,Paid
LP0000551,L00030,C00478,2024-05-28,2024-06-05,12779.82,8,Late
LP0000552,L00030,C00478,2024-06-28,2024-07-01,12492.35,3,Paid
LP0000553,L00030,C00478,2024-07-28,2024-08-01,12886.95,4,Paid
LP0000554,L00030,C00478,2024-08-28,2024-09-07,12367.17,10,Late
LP0000555,L00030,C00478,2024-09-28,2024-10-02,12717.31,4,Paid
LP0000556,L00030,C00478,2024-10-28,2024-11-06,12705.04,9,Late
LP0000557,L00030,C00478,2024-11-28,2024-12-04,12531.6,6,Late
LP0000558,L00030,C00478,2024-12-28,2024-12-31,12735.69,3,Paid
LP0000559,L00030,C00478,2025-01-28,2025-01-28,12810.73,0,Paid
LP0000560,L00030,C00478,2025-02-28,2025-02-28,12424.56,0,Paid
LP0000561,L00030,C00478,2025-03-28,2025-03-31,12675.56,3,Paid
LP0000562,L00031,C00693,2025-12-28,2026-01-05,5141.81,8,Late
LP0000563,L00031,C00693,2026-01-28,2026-02-05,5411.72,8,Late
LP0000564,L00031,C00693,2026-02-28,2026-03-08,5389.88,8,Late
LP0000565,L00031,C00693,2026-03-28,2026-04-03,5293.55,6,Late
LP0000566,L00031,C00693,2026-04-28,2026-04-30,5403.58,2,Paid
LP0000567,L00031,C00693,2026-05-28,2026-05-29,5231.85,1,Paid
LP0000568,L00031,C00693,2026-06-28,2026-07-08,5318.82,10,Late
LP0000569,L00031,C00693,2026-07-28,2026-07-29,5370.73,1,Paid
LP0000570,L00031,C00693,2026-08-28,2026-08-28,5315.41,0,Paid
LP0000571,L00032,C00512,2025-11-28,2025-12-06,17947.5,8,Late
LP0000572,L00032,C00512,2025-12-28,2025-12-31,17033.23,3,Paid
LP0000573,L00032,C00512,2026-01-28,2026-01-28,17955.04,0,Paid
LP0000574,L00032,C00512,2026-02-28,2026-03-08,17972.03,8,Late
LP0000575,L00032,C00512,2026-03-28,2026-04-03,17973.11,6,Late
LP0000576,L00032,C00512,2026-04-28,2026-05-06,17911.64,8,Late
LP0000577,L00032,C00512,2026-05-28,2026-05-29,17189.89,1,Paid
LP0000578,L00032,C00512,2026-06-28,2026-06-28,17197.17,0,Paid
LP0000579,L00032,C00512,2026-07-28,2026-08-07,17528.34,10,Late
LP0000580,L00032,C00512,2026-08-28,2026-09-03,17588.3,6,Late
LP0000581,L00033,C00211,2025-02-28,2025-03-10,27687.58,10,Late
LP0000582,L00033,C00211,2025-03-28,2025-03-29,27999.56,1,Paid
LP0000583,L00033,C00211,2025-04-28,2025-04-29,28026.98,1,Paid
LP0000584,L00033,C00211,2025-05-28,2025-06-02,27823.88,5,Paid
LP0000585,L00033,C00211,2025-06-28,2025-07-04,28033.81,6,Late
LP0000586,L00033,C00211,2025-07-28,2025-07-30,28007.79,2,Paid
LP0000587,L00033,C00211,2025-08-28,2025-08-31,27570.83,3,Paid
LP0000588,L00033,C00211,2025-09-28,2025-10-03,27752.62,5,Paid
LP0000589,L00033,C00211,2025-10-28,2025-10-29,27597.13,1,Paid
LP0000590,L00033,C00211,2025-11-28,2025-12-04,28386.86,6,Late
LP0000591,L00033,C00211,2025-12-28,,0,50,Missed
LP0000592,L00033,C00211,2026-01-28,,0,93,Missed
LP0000593,L00033,C00211,2026-02-28,2026-04-01,18476.67,32,Partial
LP0000594,L00033,C00211,2026-03-28,,0,37,Missed
LP0000595,L00033,C00211,2026-04-28,2026-06-10,21250.57,43,Partial
LP0000596,L00033,C00211,2026-05-28,2026-06-26,17382.26,29,Partial
LP0000597,L00033,C00211,2026-06-28,2026-07-19,25038.76,21,Partial
LP0000598,L00033,C00211,2026-07-28,,0,65,Missed
LP0000599,L00033,C00211,2026-08-28,,0,40,Missed
LP0000600,L00034,C00641,2025-08-28,2025-09-01,8199.27,4,Paid
LP0000601,L00034,C00641,2025-09-28,2025-10-02,8012.87,4,Paid
LP0000602,L00034,C00641,2025-10-28,2025-11-03,7957.49,6,Late
LP0000603,L00034,C00641,2025-11-28,2025-12-02,7923.5,4,Paid
LP0000604,L00034,C00641,2025-12-28,2025-12-29,7975.34,1,Paid
LP0000605,L00034,C00641,2026-01-28,2026-02-03,7922.9,6,Late
LP0000606,L00034,C00641,2026-02-28,2026-03-05,8125.92,5,Paid
LP0000607,L00034,C00641,2026-03-28,2026-04-05,8153.73,8,Late
LP0000608,L00034,C00641,2026-04-28,2026-04-30,8086.08,2,Paid
LP0000609,L00034,C00641,2026-05-28,2026-06-03,8153.09,6,Late
LP0000610,L00034,C00641,2026-06-28,2026-07-02,8148.2,4,Paid
LP0000611,L00034,C00641,2026-07-28,2026-08-02,7920.83,5,Paid
LP0000612,L00034,C00641,2026-08-28,2026-09-07,8121.57,10,Late
LP0000613,L00035,C00828,2024-08-28,2024-09-06,19840.31,9,Late
LP0000614,L00035,C00828,2024-09-28,2024-09-29,19883.65,1,Paid
LP0000615,L00035,C00828,2024-10-28,2024-11-04,19559.1,7,Late
LP0000616,L00035,C00828,2024-11-28,2024-12-02,19602.64,4,Paid
LP0000617,L00035,C00828,2024-12-28,2025-01-04,19875.78,7,Late
LP0000618,L00035,C00828,2025-01-28,2025-01-30,18931.33,2,Paid
LP0000619,L00035,C00828,2025-02-28,2025-03-03,19854.84,3,Paid
LP0000620,L00035,C00828,2025-03-28,2025-03-31,19426.4,3,Paid
LP0000621,L00035,C00828,2025-04-28,2025-05-07,19365.51,9,Late
LP0000622,L00035,C00828,2025-05-28,2025-06-02,19767.54,5,Paid
LP0000623,L00035,C00828,2025-06-28,2025-07-02,19958.19,4,Paid
LP0000624,L00035,C00828,2025-07-28,2025-08-04,19690.56,7,Late
LP0000625,L00035,C00828,2025-08-28,2025-08-28,19731.4,0,Paid
LP0000626,L00035,C00828,2025-09-28,2025-10-05,19235.86,7,Late
LP0000627,L00035,C00828,2025-10-28,2025-11-07,19048.45,10,Late
LP0000628,L00035,C00828,2025-11-28,2025-12-04,19212.72,6,Late
LP0000629,L00035,C00828,2025-12-28,2026-01-01,18910.84,4,Paid
LP0000630,L00035,C00828,2026-01-28,2026-01-30,19415.98,2,Paid
LP0000631,L00035,C00828,2026-02-28,2026-03-01,19129.46,1,Paid
LP0000632,L00035,C00828,2026-03-28,2026-03-31,19237.14,3,Paid
LP0000633,L00035,C00828,2026-04-28,2026-05-03,19319.95,5,Paid
LP0000634,L00035,C00828,2026-05-28,2026-06-03,19007.8,6,Late
LP0000635,L00035,C00828,2026-06-28,2026-07-01,19074.54,3,Paid
LP0000636,L00035,C00828,2026-07-28,2026-08-03,19748.75,6,Late
LP0000637,L00036,C00188,2022-12-28,2022-12-29,25278.77,1,Paid
LP0000638,L00036,C00188,2023-01-28,2023-02-01,26407.33,4,Paid
LP0000639,L00036,C00188,2023-02-28,2023-03-05,25490.04,5,Paid
LP0000640,L00036,C00188,2023-03-28,2023-03-28,25846.6,0,Paid
LP0000641,L00036,C00188,2023-04-28,2023-05-03,25379.65,5,Paid
LP0000642,L00036,C00188,2023-05-28,2023-05-30,26302.16,2,Paid
LP0000643,L00036,C00188,2023-06-28,2023-07-08,25516.83,10,Late
LP0000644,L00036,C00188,2023-07-28,2023-07-30,26295.28,2,Paid
LP0000645,L00036,C00188,2023-08-28,2023-09-02,24968.17,5,Paid
LP0000646,L00036,C00188,2023-09-28,2023-10-04,26351.38,6,Late
LP0000647,L00036,C00188,2023-10-28,2023-11-05,25943.82,8,Late
LP0000648,L00036,C00188,2023-11-28,2023-12-06,26354.66,8,Late
LP0000649,L00036,C00188,2023-12-28,2024-01-07,26311.55,10,Late
LP0000650,L00036,C00188,2024-01-28,2024-03-13,18507.49,45,Partial
LP0000651,L00036,C00188,2024-02-28,,0,54,Missed
LP0000652,L00036,C00188,2024-03-28,,0,118,Missed
LP0000653,L00036,C00188,2024-04-28,,0,109,Missed
LP0000654,L00036,C00188,2024-05-28,2024-06-27,24910.31,30,Partial
LP0000655,L00036,C00188,2024-06-28,,0,50,Missed
LP0000656,L00036,C00188,2024-07-28,,0,49,Missed
LP0000657,L00036,C00188,2024-08-28,,0,87,Missed
LP0000658,L00036,C00188,2024-09-28,,0,85,Missed
LP0000659,L00036,C00188,2024-10-28,,0,94,Missed
LP0000660,L00036,C00188,2024-11-28,2024-12-31,20334.72,33,Partial
LP0000661,L00037,C00748,2022-07-28,2022-08-03,44618.12,6,Late
LP0000662,L00037,C00748,2022-08-28,2022-09-04,44892.54,7,Late
LP0000663,L00037,C00748,2022-09-28,2022-10-05,45192.77,7,Late
LP0000664,L00037,C00748,2022-10-28,2022-11-06,45014.96,9,Late
LP0000665,L00037,C00748,2022-11-28,2022-12-07,43955.96,9,Late
LP0000666,L00037,C00748,2022-12-28,2023-01-06,44813.51,9,Late
LP0000667,L00037,C00748,2023-01-28,2023-01-29,43720.17,1,Paid
LP0000668,L00037,C00748,2023-02-28,2023-03-07,44108.35,7,Late
LP0000669,L00037,C00748,2023-03-28,2023-04-04,43601.92,7,Late
LP0000670,L00037,C00748,2023-04-28,2023-05-04,44274.73,6,Late
LP0000671,L00037,C00748,2023-05-28,2023-06-01,45077.25,4,Paid
LP0000672,L00037,C00748,2023-06-28,2023-07-07,45757.37,9,Late
LP0000673,L00037,C00748,2023-07-28,2023-07-28,45612.83,0,Paid
LP0000674,L00037,C00748,2023-08-28,,0,113,Missed
LP0000675,L00037,C00748,2023-09-28,2023-10-26,36642.16,28,Partial
LP0000676,L00037,C00748,2023-10-28,,0,39,Missed
LP0000677,L00037,C00748,2023-11-28,,0,56,Missed
LP0000678,L00037,C00748,2023-12-28,2024-02-02,35544.92,36,Partial
LP0000679,L00037,C00748,2024-01-28,,0,56,Missed
LP0000680,L00037,C00748,2024-02-28,2024-03-26,27191.87,27,Partial
LP0000681,L00037,C00748,2024-03-28,2024-05-24,39965.92,57,Partial
LP0000682,L00037,C00748,2024-04-28,2024-06-07,24605.19,40,Partial
LP0000683,L00037,C00748,2024-05-28,2024-06-27,22511.3,30,Partial
LP0000684,L00037,C00748,2024-06-28,,0,37,Missed
LP0000685,L00038,C00857,2025-09-28,2025-09-29,3439.4,1,Paid
LP0000686,L00038,C00857,2025-10-28,2025-10-31,3364.6,3,Paid
LP0000687,L00038,C00857,2025-11-28,2025-12-07,3393.61,9,Late
LP0000688,L00038,C00857,2025-12-28,2026-01-02,3456.31,5,Paid
LP0000689,L00038,C00857,2026-01-28,2026-01-29,3285.79,1,Paid
LP0000690,L00038,C00857,2026-02-28,2026-03-04,3419.94,4,Paid
LP0000691,L00038,C00857,2026-03-28,2026-04-07,3444.0,10,Late
LP0000692,L00038,C00857,2026-04-28,2026-05-07,3361.23,9,Late
LP0000693,L00038,C00857,2026-05-28,2026-05-29,3336.08,1,Paid
LP0000694,L00038,C00857,2026-06-28,2026-07-01,3316.02,3,Paid
LP0000695,L00038,C00857,2026-07-28,2026-07-29,3437.17,1,Paid
LP0000696,L00038,C00857,2026-08-28,2026-09-06,3425.71,9,Late
LP0000697,L00039,C00871,2023-10-28,2023-10-28,7221.8,0,Paid
LP0000698,L00039,C00871,2023-11-28,2023-12-04,6938.15,6,Late
LP0000699,L00039,C00871,2023-12-28,2024-01-03,7295.68,6,Late
LP0000700,L00039,C00871,2024-01-28,2024-01-31,7239.8,3,Paid
LP0000701,L00039,C00871,2024-02-28,2024-03-04,6958.43,5,Paid
LP0000702,L00039,C00871,2024-03-28,2024-04-03,6949.11,6,Late
LP0000703,L00039,C00871,2024-04-28,2024-04-30,7108.87,2,Paid
LP0000704,L00039,C00871,2024-05-28,2024-06-07,7007.74,10,Late
LP0000705,L00039,C00871,2024-06-28,2024-06-30,7066.21,2,Paid
LP0000706,L00039,C00871,2024-07-28,2024-08-04,7169.67,7,Late
LP0000707,L00039,C00871,2024-08-28,2024-09-06,6989.4,9,Late
LP0000708,L00039,C00871,2024-09-28,2024-10-03,6977.8,5,Paid
LP0000709,L00039,C00871,2024-10-28,2024-11-05,7358.76,8,Late
LP0000710,L00039,C00871,2024-11-28,2024-11-30,7305.46,2,Paid
LP0000711,L00039,C00871,2024-12-28,2025-01-03,7345.27,6,Late
LP0000712,L00039,C00871,2025-01-28,2025-01-29,7337.16,1,Paid
LP0000713,L00039,C00871,2025-02-28,2025-03-03,7077.54,3,Paid
LP0000714,L00039,C00871,2025-03-28,2025-04-03,6986.64,6,Late
LP0000715,L00039,C00871,2025-04-28,2025-04-28,7159.88,0,Paid
LP0000716,L00039,C00871,2025-05-28,2025-05-28,6966.06,0,Paid
LP0000717,L00039,C00871,2025-06-28,2025-07-05,7294.96,7,Late
LP0000718,L00039,C00871,2025-07-28,2025-08-06,7145.75,9,Late
LP0000719,L00039,C00871,2025-08-28,2025-09-07,6940.45,10,Late
LP0000720,L00039,C00871,2025-09-28,2025-09-30,7236.96,2,Paid
LP0000721,L00040,C00424,2025-02-28,2025-03-08,8964.34,8,Late
LP0000722,L00040,C00424,2025-03-28,2025-04-06,9480.48,9,Late
LP0000723,L00040,C00424,2025-04-28,2025-05-05,9283.72,7,Late
LP0000724,L00040,C00424,2025-05-28,2025-05-30,9407.82,2,Paid
LP0000725,L00040,C00424,2025-06-28,2025-07-04,9222.09,6,Late
LP0000726,L00040,C00424,2025-07-28,2025-08-03,9444.0,6,Late
LP0000727,L00040,C00424,2025-08-28,2025-08-28,9470.43,0,Paid
LP0000728,L00040,C00424,2025-09-28,2025-10-01,9160.1,3,Paid
LP0000729,L00040,C00424,2025-10-28,2025-10-29,9350.12,1,Paid
LP0000730,L00040,C00424,2025-11-28,2025-12-06,9442.46,8,Late
LP0000731,L00040,C00424,2025-12-28,2026-01-07,9444.05,10,Late
LP0000732,L00040,C00424,2026-01-28,2026-01-29,9089.5,1,Paid
LP0000733,L00040,C00424,2026-02-28,2026-03-07,9455.62,7,Late
LP0000734,L00040,C00424,2026-03-28,2026-04-04,9473.2,7,Late
LP0000735,L00040,C00424,2026-04-28,2026-04-28,9219.04,0,Paid
LP0000736,L00040,C00424,2026-05-28,2026-06-04,8974.54,7,Late
LP0000737,L00040,C00424,2026-06-28,2026-07-02,9345.5,4,Paid
LP0000738,L00040,C00424,2026-07-28,2026-08-06,8938.71,9,Late
LP0000739,L00040,C00424,2026-08-28,2026-09-06,8934.36,9,Late
LP0000740,L00041,C00005,2025-11-28,2025-11-30,7544.49,2,Paid
LP0000741,L00041,C00005,2025-12-28,2025-12-28,7691.31,0,Paid
LP0000742,L00041,C00005,2026-01-28,2026-02-07,7714.55,10,Late
LP0000743,L00041,C00005,2026-02-28,2026-03-06,7903.21,6,Late
LP0000744,L00041,C00005,2026-03-28,2026-04-04,7535.69,7,Late
LP0000745,L00041,C00005,2026-04-28,2026-04-30,7991.2,2,Paid
LP0000746,L00041,C00005,2026-05-28,2026-06-01,7761.74,4,Paid
LP0000747,L00041,C00005,2026-06-28,2026-07-06,7916.83,8,Late
LP0000748,L00041,C00005,2026-07-28,2026-08-07,7741.44,10,Late
LP0000749,L00041,C00005,2026-08-28,2026-09-05,7866.02,8,Late
LP0000750,L00042,C00837,2024-11-28,2024-12-06,2766.85,8,Late
LP0000751,L00042,C00837,2024-12-28,2024-12-29,2703.38,1,Paid
LP0000752,L00042,C00837,2025-01-28,2025-02-04,2702.95,7,Late
LP0000753,L00042,C00837,2025-02-28,2025-03-01,2811.98,1,Paid
LP0000754,L00042,C00837,2025-03-28,2025-03-30,2690.46,2,Paid
LP0000755,L00042,C00837,2025-04-28,2025-05-01,2693.8,3,Paid
LP0000756,L00042,C00837,2025-05-28,2025-06-06,2740.06,9,Late
LP0000757,L00042,C00837,2025-06-28,2025-07-08,2694.08,10,Late
LP0000758,L00042,C00837,2025-07-28,2025-08-02,2707.48,5,Paid
LP0000759,L00042,C00837,2025-08-28,2025-08-29,2714.21,1,Paid
LP0000760,L00042,C00837,2025-09-28,2025-10-08,2806.0,10,Late
LP0000761,L00042,C00837,2025-10-28,2025-10-31,2756.07,3,Paid
LP0000762,L00042,C00837,2025-11-28,2025-12-02,2745.96,4,Paid
LP0000763,L00042,C00837,2025-12-28,2026-01-02,2713.37,5,Paid
LP0000764,L00042,C00837,2026-01-28,2026-02-07,2679.35,10,Late
LP0000765,L00042,C00837,2026-02-28,2026-03-08,2731.53,8,Late
LP0000766,L00042,C00837,2026-03-28,2026-04-01,2724.81,4,Paid
LP0000767,L00042,C00837,2026-04-28,2026-05-02,2740.22,4,Paid
LP0000768,L00042,C00837,2026-05-28,2026-05-28,2674.76,0,Paid
LP0000769,L00042,C00837,2026-06-28,2026-07-08,2802.32,10,Late
LP0000770,L00042,C00837,2026-07-28,2026-08-06,2693.93,9,Late
LP0000771,L00042,C00837,2026-08-28,2026-09-01,2789.52,4,Paid
LP0000772,L00043,C00601,2022-06-28,2022-07-01,2437.84,3,Paid
LP0000773,L00043,C00601,2022-07-28,2022-08-06,2502.01,9,Late
LP0000774,L00043,C00601,2022-08-28,2022-08-31,2449.36,3,Paid
LP0000775,L00043,C00601,2022-09-28,2022-10-03,2431.91,5,Paid
LP0000776,L00043,C00601,2022-10-28,2022-11-07,2474.6,10,Late
LP0000777,L00043,C00601,2022-11-28,2022-12-08,2381.52,10,Late
LP0000778,L99999,C00601,2022-12-28,2023-01-02,2459.09,5,Paid
LP0000779,L00043,C00601,2023-01-28,2023-02-05,2451.54,8,Late
LP0000780,L00043,C00601,2023-02-28,2023-02-28,2381.02,0,Paid
LP0000781,L00043,C00601,2023-03-28,2023-04-04,2489.04,7,Late
LP0000782,L00043,C00601,2023-04-28,2023-04-28,2469.82,0,Paid
LP0000783,L00043,C00601,2023-05-28,2023-05-28,2486.69,0,Paid
LP0000784,L00043,C00601,2023-06-28,2023-06-29,2444.32,1,Paid
LP0000785,L00043,C00601,2023-07-28,2023-07-30,2392.99,2,Paid
LP0000786,L00043,C00601,2023-08-28,2023-08-29,2495.79,1,Paid
LP0000787,L00043,C00601,2023-09-28,2023-10-03,2524.9,5,Paid
LP0000788,L00043,C00601,2023-10-28,2023-11-05,2379.36,8,Late
LP0000789,L00043,C00601,2023-11-28,2023-12-01,2409.84,3,Paid
LP0000790,L00043,C00601,2023-12-28,2023-12-29,2497.65,1,Paid
LP0000791,L00043,C00601,2024-01-28,2024-02-02,2478.1,5,Paid
LP0000792,L00043,C00601,2024-02-28,2024-03-08,2440.89,9,Late
LP0000793,L00043,C00601,2024-03-28,2024-03-28,2396.01,0,Paid
LP0000794,L00043,C00601,2024-04-28,2024-04-29,2424.98,1,Paid
LP0000795,L00043,C00601,2024-05-28,2024-05-28,2392.35,0,Paid
LP0000796,L00044,C00435,2025-06-28,2025-07-07,21407.22,9,Late
LP0000797,L00044,C00435,2025-07-28,2025-07-31,20962.01,3,Paid
LP0000798,L00044,C00435,2025-08-28,2025-08-28,21625.86,0,Paid
LP0000799,L00044,C00435,2025-09-28,2025-10-04,20758.04,6,Late
LP0000800,L00044,C00435,2025-10-28,2025-10-30,21575.33,2,Paid
LP0000801,L00044,C00435,2025-11-28,2025-12-04,20615.92,6,Late
LP0000802,L00044,C00435,2025-12-28,2026-01-06,20809.75,9,Late
LP0000803,L00044,C00435,2026-01-28,2026-02-03,21491.18,6,Late
LP0000804,L00044,C00435,2026-02-28,2026-03-29,14812.68,29,Partial
LP0000805,L00044,C00435,2026-03-28,,0,42,Missed
LP0000806,L00044,C00435,2026-04-28,,0,100,Missed
LP0000807,L00044,C00435,2026-05-28,,0,30,Missed
LP0000808,L00044,C00435,2026-06-28,2026-07-20,17910.45,22,Partial
LP0000809,L00044,C00435,2026-07-28,2026-09-10,13716.46,44,Partial
LP0000810,L00044,C00435,2026-08-28,,0,44,Missed
LP0000811,L00045,C00521,2024-05-28,2024-06-06,3288.06,9,Late
LP0000812,L00045,C00521,2024-06-28,2024-07-07,3228.7,9,Late
LP0000813,L00045,C00521,2024-07-28,2024-08-05,3172.37,8,Late
LP0000814,L00045,C00521,2024-08-28,2024-08-28,3159.1,0,Paid
LP0000815,L00045,C00521,2024-09-28,2024-10-03,3238.68,5,Paid
LP0000816,L00045,C00521,2024-10-28,2024-11-04,3313.86,7,Late
LP0000817,L00045,C00521,2024-11-28,2024-12-01,3282.56,3,Paid
LP0000818,L00045,C00521,2024-12-28,2024-12-30,3314.76,2,Paid
LP0000819,L00045,C00521,2025-01-28,2025-01-31,3229.25,3,Paid
LP0000820,L00045,C00521,2025-02-28,2025-03-05,3174.99,5,Paid
LP0000821,L00045,C00521,2025-03-28,2025-04-03,3204.6,6,Late
LP0000822,L00045,C00521,2025-04-28,2025-04-30,3209.51,2,Paid
LP0000823,L00045,C00521,2025-05-28,2025-05-31,3285.38,3,Paid
LP0000824,L00045,C00521,2025-06-28,2025-06-28,3187.31,0,Paid
LP0000825,L00045,C00521,2025-07-28,2025-07-30,3315.49,2,Paid
LP0000826,L00045,C00521,2025-08-28,2025-09-05,3311.02,8,Late
LP0000827,L00045,C00521,2025-09-28,2025-10-04,3251.55,6,Late
LP0000828,L00045,C00521,2025-10-28,2025-10-29,3168.6,1,Paid
LP0000829,L00045,C00521,2025-11-28,2025-12-04,3221.78,6,Late
LP0000830,L00045,C00521,2025-12-28,2026-01-03,3162.23,6,Late
LP0000831,L00045,C00521,2026-01-28,2026-02-01,3271.51,4,Paid
LP0000832,L00045,C00521,2026-02-28,2026-03-03,3229.55,3,Paid
LP0000833,L00045,C00521,2026-03-28,2026-04-04,3244.0,7,Late
LP0000834,L00045,C00521,2026-04-28,2026-05-02,3173.84,4,Paid
LP0000835,L00046,C00349,2025-07-28,2025-08-01,23674.68,4,Paid
LP0000836,L00046,C00349,2025-08-28,2025-09-02,23520.37,5,Paid
LP0000837,L00046,C00349,2025-09-28,2025-10-05,23331.37,7,Late
LP0000838,L00046,C00349,2025-10-28,2025-10-30,23036.44,2,Paid
LP0000839,L00046,C00349,2025-11-28,2025-12-05,24075.84,7,Late
LP0000840,L00046,C00349,2025-12-28,2026-01-06,24169.46,9,Late
LP0000841,L00046,C00349,2026-01-28,2026-02-04,23836.02,7,Late
LP0000842,L00046,C00349,2026-02-28,2026-03-10,23941.1,10,Late
LP0000843,L00046,C00349,2026-03-28,2026-03-30,23411.44,2,Paid
LP0000844,L00046,C00349,2026-04-28,2026-04-29,23301.37,1,Paid
LP0000845,L00046,C00349,2026-05-28,2026-06-04,24189.13,7,Late
LP0000846,L00046,C00349,2026-06-28,2026-07-06,23737.55,8,Late
LP0000847,L00047,C00417,2025-05-28,2025-06-05,12843.48,8,Late
LP0000848,L00047,C00417,2025-06-28,2025-06-29,12695.03,1,Paid
LP0000849,L00047,C00417,2025-07-28,2025-08-05,13048.14,8,Late
LP0000850,L00047,C00417,2025-08-28,2025-08-29,12753.51,1,Paid
LP0000851,L00047,C00417,2025-09-28,2025-09-29,12630.83,1,Paid
LP0000852,L00047,C00417,2025-10-28,2025-10-29,12459.47,1,Paid
LP0000853,L00047,C00417,2025-11-28,2025-12-02,12512.24,4,Paid
LP0000854,L00047,C00417,2025-12-28,2026-01-01,12476.63,4,Paid
LP0000855,L00047,C00417,2026-01-28,2026-02-01,12925.43,4,Paid
LP0000856,L00047,C00417,2026-02-28,2026-03-08,12626.62,8,Late
LP0000857,L00047,C00417,2026-03-28,2026-04-02,13067.27,5,Paid
LP0000858,L00047,C00417,2026-04-28,2026-05-04,12724.58,6,Late
LP0000859,L00048,C00956,2024-07-28,2024-07-29,78904.2,1,Paid
LP0000860,L00048,C00956,2024-08-28,2024-08-31,76725.64,3,Paid
LP0000861,L00048,C00956,2024-09-28,2024-10-05,78813.65,7,Late
LP0000862,L00048,C00956,2024-10-28,2024-11-01,75103.11,4,Paid
LP0000863,L00048,C00956,2024-11-28,2024-11-28,77828.34,0,Paid
LP0000864,L00048,C00956,2024-12-28,2025-01-03,77434.41,6,Late
LP0000865,L00048,C00956,2025-01-28,2025-02-01,78855.19,4,Paid
LP0000866,L00048,C00956,2025-02-28,2025-03-05,77700.21,5,Paid
LP0000867,L00048,C00956,2025-03-28,2025-04-05,76301.67,8,Late
LP0000868,L00048,C00956,2025-04-28,2025-04-28,75563.4,0,Paid
LP0000869,L00048,C00956,2025-05-28,2025-05-28,78800.15,0,Paid
LP0000870,L00048,C00956,2025-06-28,2025-07-08,79205.22,10,Late
LP0000871,L00048,C00956,2025-07-28,2025-07-29,78986.58,1,Paid
LP0000872,L00048,C00956,2025-08-28,2025-09-03,78754.66,6,Late
LP0000873,L00048,C00956,2025-09-28,2025-09-29,76808.03,1,Paid
LP0000874,L00048,C00956,2025-10-28,2025-11-03,75157.88,6,Late
LP0000875,L00048,C00956,2025-11-28,2025-12-08,78726.51,10,Late
LP0000876,L00048,C00956,2025-12-28,2025-12-29,75154.48,1,Paid
LP0000877,L00048,C00956,2026-01-28,2026-01-30,76763.82,2,Paid
LP0000878,L00048,C00956,2026-02-28,2026-03-08,75700.13,8,Late
LP0000879,L00048,C00956,2026-03-28,2026-03-29,77746.46,1,Paid
LP0000880,L00048,C00956,2026-04-28,2026-05-06,77593.1,8,Late
LP0000881,L00048,C00956,2026-05-28,2026-06-07,75082.05,10,Late
LP0000882,L00048,C00956,2026-06-28,2026-06-30,74813.05,2,Paid
LP0000883,L00049,C00566,2024-06-28,2024-07-01,4867.89,3,Paid
LP0000884,L00049,C00566,2024-07-28,2024-08-04,4760.57,7,Late
LP0000885,L00049,C00566,2024-08-28,2024-09-02,4865.1,5,Paid
LP0000886,L00049,C00566,2024-09-28,2024-10-04,4667.48,6,Late
LP0000887,L00049,C00566,2024-10-28,2024-10-28,4611.82,0,Paid
LP0000888,L00049,C00566,2024-11-28,2024-11-29,4782.89,1,Paid
LP0000889,L00049,C00566,2024-12-28,2025-01-07,4857.96,10,Late
LP0000890,L00049,C00566,2025-01-28,2025-02-02,4676.36,5,Paid
LP0000891,L00049,C00566,2025-02-28,2025-03-02,4815.7,2,Paid
LP0000892,L00049,C00566,2025-03-28,2025-03-28,4795.37,0,Paid
LP0000893,L00049,C00566,2025-04-28,2025-05-05,4750.86,7,Late
LP0000894,L00049,C00566,2025-05-28,2025-05-30,4835.77,2,Paid
LP0000895,L00049,C00566,2025-06-28,2025-06-29,4628.68,1,Paid
LP0000896,L00049,C00566,2025-07-28,2025-08-01,4652.21,4,Paid
LP0000897,L00049,C00566,2025-08-28,2025-08-30,4679.82,2,Paid
LP0000898,L00049,C00566,2025-09-28,2025-10-08,4794.73,10,Late
LP0000899,L00049,C00566,2025-10-28,2025-10-29,4831.35,1,Paid
LP0000900,L00049,C00566,2025-11-28,2025-12-02,4843.37,4,Paid
LP0000901,L00049,C00566,2025-12-28,2026-01-04,4683.84,7,Late
LP0000902,L00049,C00566,2026-01-28,2026-02-01,4780.96,4,Paid
LP0000903,L00049,C00566,2026-02-28,2026-03-06,4634.79,6,Late
LP0000904,L00049,C00566,2026-03-28,2026-04-05,4635.18,8,Late
LP0000905,L00049,C00566,2026-04-28,2026-05-01,4864.34,3,Paid
LP0000906,L00049,C00566,2026-05-28,2026-05-28,4776.79,0,Paid
LP0000907,L00050,C00705,2023-03-28,2023-04-01,48532.51,4,Paid
LP0000908,L00050,C00705,2023-04-28,2023-04-29,50529.16,1,Paid
LP0000909,L00050,C00705,2023-05-28,2023-06-03,50898.44,6,Late
LP0000910,L00050,C00705,2023-06-28,2023-07-02,49348.79,4,Paid
LP0000911,L00050,C00705,2023-07-28,2023-07-31,49700.84,3,Paid
LP0000912,L00050,C00705,2023-08-28,2023-09-06,50565.96,9,Late
LP0000913,L00050,C00705,2023-09-28,2023-09-29,50026.7,1,Paid
LP0000914,L00050,C00705,2023-10-28,2023-11-02,49983.41,5,Paid
LP0000915,L00050,C00705,2023-11-28,2023-12-01,48987.61,3,Paid
LP0000916,L00050,C00705,2023-12-28,2024-01-03,49320.73,6,Late
LP0000917,L00050,C00705,2024-01-28,2024-01-30,48348.82,2,Paid
LP0000918,L00050,C00705,2024-02-28,2024-03-06,49010.09,7,Late
LP0000919,L00050,C00705,2024-03-28,2024-04-01,49123.66,4,Paid
LP0000920,L00050,C00705,2024-04-28,2024-05-01,48449.86,3,Paid
LP0000921,L00050,C00705,2024-05-28,2024-06-03,50396.51,6,Late
LP0000922,L00050,C00705,2024-06-28,2024-07-02,49885.43,4,Paid
LP0000923,L00050,C00705,2024-07-28,2024-08-02,48184.75,5,Paid
LP0000924,L00050,C00705,2024-08-28,2024-08-28,50477.13,0,Paid
LP0000925,L00050,C00705,2024-09-28,2024-10-08,50603.43,10,Late
LP0000926,L00050,C00705,2024-10-28,2024-10-29,48442.65,1,Paid
LP0000927,L00050,C00705,2024-11-28,2024-12-01,49573.61,3,Paid
LP0000928,L00050,C00705,2024-12-28,2025-01-07,48466.77,10,Late
LP0000929,L00050,C00705,2025-01-28,2025-01-31,50068.25,3,Paid
LP0000930,L00050,C00705,2025-02-28,2025-03-04,50064.99,4,Paid
LP0000931,L00051,C00549,2024-07-28,2024-07-31,67797.58,3,Paid
LP0000932,L00051,C00549,2024-08-28,2024-09-07,65291.98,10,Late
LP0000933,L00051,C00549,2024-09-28,2024-10-05,67436.72,7,Late
LP0000934,L00051,C00549,2024-10-28,2024-11-07,65427.71,10,Late
LP0000935,L00051,C00549,2024-11-28,2024-12-05,67405.27,7,Late
LP0000936,L00051,C00549,2024-12-28,2025-01-06,68616.32,9,Late
LP0000937,L00051,C00549,2025-01-28,2025-02-02,67071.68,5,Paid
LP0000938,L00051,C00549,2025-02-28,2025-03-06,65460.0,6,Late
LP0000939,L00051,C00549,2025-03-28,2025-04-05,68475.54,8,Late
LP0000940,L00051,C00549,2025-04-28,2025-05-06,66161.84,8,Late
LP0000941,L00051,C00549,2025-05-28,2025-05-28,66350.99,0,Paid
LP0000942,L00051,C00549,2025-06-28,2025-07-08,66546.4,10,Late
LP0000943,L00051,C00549,2025-07-28,2025-08-01,67821.75,4,Paid
LP0000944,L00051,C00549,2025-08-28,2025-09-04,66480.74,7,Late
LP0000945,L00051,C00549,2025-09-28,2025-10-05,66214.4,7,Late
LP0000946,L00051,C00549,2025-10-28,2025-11-01,68077.65,4,Paid
LP0000947,L00051,C00549,2025-11-28,2025-12-03,69222.16,5,Paid
LP0000948,L00051,C00549,2025-12-28,2026-01-07,68700.83,10,Late
LP0000949,L00051,C00549,2026-01-28,2026-02-04,66247.35,7,Late
LP0000950,L00051,C00549,2026-02-28,2026-03-09,67172.36,9,Late
LP0000951,L00051,C00549,2026-03-28,2026-03-29,67927.19,1,Paid
LP0000952,L00051,C00549,2026-04-28,2026-05-06,68358.66,8,Late
LP0000953,L00051,C00549,2026-05-28,2026-05-30,68618.3,2,Paid
LP0000954,L00051,C00549,2026-06-28,2026-07-03,68620.65,5,Paid
LP0000955,L00052,C00889,2026-03-28,2026-03-29,3513.17,1,Paid
LP0000956,L00052,C00889,2026-04-28,2026-05-05,3540.56,7,Late
LP0000957,L00052,C00889,2026-05-28,2026-06-02,3384.39,5,Paid
LP0000958,L00052,C00889,2026-06-28,2026-06-28,3540.17,0,Paid
LP0000959,L00052,C00889,2026-07-28,2026-08-19,1882.96,22,Partial
LP0000960,L00052,C00889,2026-08-28,,0,80,Missed
LP0000961,L00053,C00657,2025-11-28,2025-12-06,2002.68,8,Late
LP0000962,L00053,C00657,2025-12-28,2026-01-04,1966.35,7,Late
LP0000963,L00053,C00657,2026-01-28,2026-01-28,2022.48,0,Paid
LP0000964,L00053,C00657,2026-02-28,2026-03-05,1954.45,5,Paid
LP0000965,L00053,C00657,2026-03-28,2026-03-28,1973.4,0,Paid
LP0000966,L00053,C00657,2026-04-28,2026-05-08,2046.44,10,Late
LP0000967,L00053,C00657,2026-05-28,2026-05-28,2005.87,0,Paid
LP0000968,L00053,C00657,2026-06-28,2026-07-05,2044.48,7,Late
LP0000969,L00053,C00657,2026-07-28,2026-07-30,1994.29,2,Paid
LP0000970,L00053,C00657,2026-08-28,2026-09-05,1966.14,8,Late
LP0000971,L00054,C00704,2022-12-28,2022-12-30,71979.23,2,Paid
LP0000972,L00054,C00704,2023-01-28,2023-02-05,70497.05,8,Late
LP0000973,L00054,C00704,2023-02-28,2023-03-03,73502.69,3,Paid
LP0000974,L00054,C00704,2023-03-28,2023-04-06,72914.04,9,Late
LP0000975,L00054,C00704,2023-04-28,2023-04-30,71533.41,2,Paid
LP0000976,L00054,C00704,2023-05-28,2023-06-03,74367.36,6,Late
LP0000977,L00054,C00704,2023-06-28,2023-06-29,70674.23,1,Paid
LP0000978,L00054,C00704,2023-07-28,2023-08-02,74027.96,5,Paid
LP0000979,L00054,C00704,2023-08-28,2023-08-28,73813.47,0,Paid
LP0000980,L00054,C00704,2023-09-28,2023-10-08,73886.1,10,Late
LP0000981,L00054,C00704,2023-10-28,2023-11-03,71052.95,6,Late
LP0000982,L00054,C00704,2023-11-28,2023-12-05,72510.59,7,Late
LP0000983,L00055,C00564,2023-01-28,2023-02-06,13461.09,9,Late
LP0000984,L00055,C00564,2023-02-28,2023-03-08,14268.26,8,Late
LP0000985,L00055,C00564,2023-03-28,2023-04-07,13484.36,10,Late
LP0000986,L00055,C00564,2023-04-28,2023-05-06,14103.8,8,Late
LP0000987,L00055,C00564,2023-05-28,2023-05-29,14073.11,1,Paid
LP0000988,L00055,C00564,2023-06-28,2023-06-30,14237.62,2,Paid
LP0000989,L00055,C00564,2023-07-28,2023-07-29,13822.23,1,Paid
LP0000990,L00055,C00564,2023-08-28,2023-09-06,13715.73,9,Late
LP0000991,L00055,C00564,2023-09-28,2023-09-30,14169.59,2,Paid
LP0000992,L00055,C00564,2023-10-28,2023-10-30,14086.72,2,Paid
LP0000993,L00055,C00564,2023-11-28,2023-11-30,13613.83,2,Paid
LP0000994,L00055,C00564,2023-12-28,2023-12-29,13593.64,1,Paid
LP0000995,L00055,C00564,2024-01-28,2024-02-03,13843.59,6,Late
LP0000996,L00055,C00564,2024-02-28,2024-03-01,13727.35,2,Paid
LP0000997,L00055,C00564,2024-03-28,2024-03-31,13871.07,3,Paid
LP0000998,L00055,C00564,2024-04-28,2024-05-03,14223.36,5,Paid
LP0000999,L00055,C00564,2024-05-28,2024-06-03,13542.02,6,Late
LP0001000,L00055,C00564,2024-06-28,2024-06-30,14012.36,2,Paid
LP0001001,L00055,C00564,2024-07-28,2024-07-29,14235.91,1,Paid
LP0001002,L00055,C00564,2024-08-28,2024-09-01,13515.96,4,Paid
LP0001003,L00055,C00564,2024-09-28,2024-10-02,14097.23,4,Paid
LP0001004,L00055,C00564,2024-10-28,2024-11-04,13982.14,7,Late
LP0001005,L00055,C00564,2024-11-28,2024-12-05,13596.34,7,Late
LP0001006,L00055,C00564,2024-12-28,2024-12-31,13701.85,3,Paid
LP0001007,L00056,C00431,2023-08-28,2023-09-04,2898.8,7,Late
LP0001008,L00056,C00431,2023-09-28,2023-10-05,3010.23,7,Late
LP0001009,L00056,C00431,2023-10-28,2023-10-30,3018.24,2,Paid
LP0001010,L00056,C00431,2023-11-28,2023-11-29,2977.23,1,Paid
LP0001011,L00056,C00431,2023-12-28,2024-01-01,2985.4,4,Paid
LP0001012,L00056,C00431,2024-01-28,2024-01-28,2965.38,0,Paid
LP0001013,L00056,C00431,2024-02-28,2024-03-01,2863.83,2,Paid
LP0001014,L00056,C00431,2024-03-28,2024-04-06,2899.85,9,Late
LP0001015,L00056,C00431,2024-04-28,2024-05-05,2903.82,7,Late
LP0001016,L00056,C00431,2024-05-28,2024-06-02,2972.5,5,Paid
LP0001017,L00056,C00431,2024-06-28,2024-07-05,2869.28,7,Late
LP0001018,L00056,C00431,2024-07-28,2024-08-06,2908.52,9,Late
LP0001019,L00056,C00431,2024-08-28,2024-09-02,2866.61,5,Paid
LP0001020,L00056,C00431,2024-09-28,2024-10-08,2915.9,10,Late
LP0001021,L00056,C00431,2024-10-28,2024-11-06,2881.73,9,Late
LP0001022,L00056,C00431,2024-11-28,2024-12-03,2897.69,5,Paid
LP0001023,L00056,C00431,2024-12-28,2025-01-07,3000.3,10,Late
LP0001024,L00056,C00431,2025-01-28,2025-01-28,3010.34,0,Paid
LP0001025,L00056,C00431,2025-02-28,2025-03-09,2922.06,9,Late
LP0001026,L00056,C00431,2025-03-28,2025-04-07,2954.46,10,Late
LP0001027,L00056,C00431,2025-04-28,2025-05-05,2965.13,7,Late
LP0001028,L00056,C00431,2025-05-28,2025-06-06,2897.25,9,Late
LP0001029,L00056,C00431,2025-06-28,2025-07-02,2976.38,4,Paid
LP0001030,L00056,C00431,2025-07-28,2025-07-30,2944.06,2,Paid
LP0001031,L00057,C00773,2025-04-28,2025-05-05,24372.18,7,Late
LP0001032,L00057,C00773,2025-05-28,2025-06-04,23737.82,7,Late
LP0001033,L00057,C00773,2025-06-28,2025-07-06,24571.05,8,Late
LP0001034,L00057,C00773,2025-07-28,2025-07-29,24135.47,1,Paid
LP0001035,L00057,C00773,2025-08-28,2025-09-07,24663.02,10,Late
LP0001036,L00057,C00773,2025-09-28,2025-09-29,23706.83,1,Paid
LP0001037,L00057,C00773,2025-10-28,2025-10-30,23644.86,2,Paid
LP0001038,L00057,C00773,2025-11-28,2025-12-03,23671.92,5,Paid
LP0001039,L00057,C00773,2025-12-28,2026-01-07,24813.27,10,Late
LP0001040,L00057,C00773,2026-01-28,,0,56,Missed
LP0001041,L00057,C00773,2026-02-28,,0,90,Missed
LP0001042,L00057,C00773,2026-03-28,,0,116,Missed
LP0001043,L00057,C00773,2026-04-28,,0,63,Missed
LP0001044,L00057,C00773,2026-05-28,2026-07-15,15505.97,48,Partial
LP0001045,L00057,C00773,2026-06-28,2026-07-23,22755.53,25,Partial
LP0001046,L00057,C00773,2026-07-28,,0,46,Missed
LP0001047,L00057,C00773,2026-08-28,,0,51,Missed
LP0001048,L00058,C00065,2024-03-28,2024-03-28,92927.75,0,Paid
LP0001049,L00058,C00065,2024-04-28,2024-05-01,92738.87,3,Paid
LP0001050,L00058,C00065,2024-05-28,2024-06-02,94754.53,5,Paid
LP0001051,L00058,C00065,2024-06-28,2024-07-05,90157.98,7,Late
LP0001052,L00058,C00065,2024-07-28,2024-08-06,91520.26,9,Late
LP0001053,L00058,C00065,2024-08-28,2024-09-06,94446.05,9,Late
LP0001054,L00058,C00065,2024-09-28,2024-09-29,91209.91,1,Paid
LP0001055,L00058,C00065,2024-10-28,2024-10-28,95296.26,0,Paid
LP0001056,L00058,C00065,2024-11-28,2024-12-03,92950.76,5,Paid
LP0001057,L00058,C00065,2024-12-28,2025-01-04,95156.29,7,Late
LP0001058,L00058,C00065,2025-01-28,2025-01-31,92494.4,3,Paid
LP0001059,L00058,C00065,2025-02-28,2025-03-02,90517.25,2,Paid
LP0001060,L00058,C00065,2025-03-28,2025-03-29,92186.17,1,Paid
LP0001061,L00058,C00065,2025-04-28,2025-05-06,90861.25,8,Late
LP0001062,L00058,C00065,2025-05-28,2025-06-03,93437.76,6,Late
LP0001063,L00058,C00065,2025-06-28,2025-07-06,89865.1,8,Late
LP0001064,L00058,C00065,2025-07-28,2025-08-06,90990.92,9,Late
LP0001065,L00058,C00065,2025-08-28,2025-08-29,91897.93,1,Paid
LP0001066,L00058,C00065,2025-09-28,2025-10-07,91117.3,9,Late
LP0001067,L00058,C00065,2025-10-28,2025-11-04,94509.86,7,Late
LP0001068,L00058,C00065,2025-11-28,2025-12-02,91328.84,4,Paid
LP0001069,L00058,C00065,2025-12-28,2026-01-06,92854.12,9,Late
LP0001070,L00058,C00065,2026-01-28,2026-01-31,92831.05,3,Paid
LP0001071,L00058,C00065,2026-02-28,2026-03-03,92297.36,3,Paid
LP0001072,L00059,C00036,2026-01-28,2026-02-01,45418.91,4,Paid
LP0001073,L00059,C00036,2026-02-28,2026-03-07,45162.81,7,Late
LP0001074,L00059,C00036,2026-03-28,2026-03-31,44251.41,3,Paid
LP0001075,L00059,C00036,2026-04-28,2026-04-29,43402.96,1,Paid
LP0001076,L00059,C00036,2026-05-28,2026-05-31,43990.99,3,Paid
LP0001077,L00059,C00036,2026-06-28,2026-07-08,43474.13,10,Late
LP0001078,L00059,C00036,2026-07-28,2026-08-01,43859.38,4,Paid
LP0001079,L00059,C00036,2026-08-28,2026-09-01,45042.1,4,Paid
LP0001080,L00060,C00775,2026-05-28,2026-06-02,78634.47,5,Paid
LP0001081,L00060,C00775,2026-06-28,2026-07-05,81248.74,7,Late
LP0001082,L00060,C00775,2026-07-28,2026-07-28,77235.67,0,Paid
LP0001083,L00060,C00775,2026-08-28,2026-10-14,52577.67,47,Partial
LP0001084,L00061,C00537,2023-04-28,2023-05-06,26539.56,8,Late
LP0001085,L00061,C00537,2023-05-28,2023-05-31,27821.28,3,Paid
LP0001086,L00061,C00537,2023-06-28,2023-07-06,27505.87,8,Late
LP0001087,L00061,C00537,2023-07-28,2023-08-07,26530.03,10,Late
LP0001088,L00061,C00537,2023-08-28,2023-09-05,26372.25,8,Late
LP0001089,L00061,C00537,2023-09-28,2023-10-06,27648.5,8,Late
LP0001090,L00061,C00537,2023-10-28,2023-11-06,27389.22,9,Late
LP0001091,L00061,C00537,2023-11-28,2023-12-01,27170.29,3,Paid
LP0001092,L00061,C00537,2023-12-28,2024-01-02,26421.96,5,Paid
LP0001093,L00061,C00537,2024-01-28,2024-01-30,27515.02,2,Paid
LP0001094,L00061,C00537,2024-02-28,2024-03-07,26784.1,8,Late
LP0001095,L00061,C00537,2024-03-28,2024-04-04,27290.94,7,Late
LP0001096,L00061,C00537,2024-04-28,2024-05-06,27571.38,8,Late
LP0001097,L00061,C00537,2024-05-28,2024-06-26,23563.47,29,Partial
LP0001098,L00061,C00537,2024-06-28,,0,77,Missed
LP0001099,L00061,C00537,2024-07-28,2024-08-27,14932.28,30,Partial
LP0001100,L00061,C00537,2024-08-28,2024-09-13,19626.91,16,Partial
LP0001101,L00061,C00537,2024-09-28,,0,117,Missed
LP0001102,L00061,C00537,2024-10-28,,0,114,Missed
LP0001103,L00061,C00537,2024-11-28,,0,59,Missed
LP0001104,L00061,C00537,2024-12-28,,0,38,Missed
LP0001105,L00061,C00537,2025-01-28,2025-03-21,27126.9,52,Partial
LP0001106,L00061,C00537,2025-02-28,,0,58,Missed
LP0001107,L00061,C00537,2025-03-28,2025-04-19,20221.67,22,Partial
LP0001108,L00062,C00352,2023-02-28,2023-03-03,62337.86,3,Paid
LP0001109,L00062,C00352,2023-03-28,2023-03-28,62241.95,0,Paid
LP0001110,L00062,C00352,2023-04-28,2023-05-05,63731.48,7,Late
LP0001111,L00062,C00352,2023-05-28,2023-06-04,61399.46,7,Late
LP0001112,L00062,C00352,2023-06-28,2023-07-01,63210.97,3,Paid
LP0001113,L00062,C00352,2023-07-28,2023-08-07,63842.94,10,Late
LP0001114,L00062,C00352,2023-08-28,2023-08-28,62939.65,0,Paid
LP0001115,L00062,C00352,2023-09-28,2023-10-06,63571.83,8,Late
LP0001116,L00062,C00352,2023-10-28,2023-10-28,64769.24,0,Paid
LP0001117,L00062,C00352,2023-11-28,2023-12-02,65106.35,4,Paid
LP0001118,L00062,C00352,2023-12-28,2024-01-02,63331.36,5,Paid
LP0001119,L00062,C00352,2024-01-28,2024-01-28,63177.46,0,Paid
LP0001120,L00062,C00352,2024-02-28,2024-02-29,62852.29,1,Paid
LP0001121,L00062,C00352,2024-03-28,2024-04-01,63070.98,4,Paid
LP0001122,L00062,C00352,2024-04-28,2024-05-02,61849.5,4,Paid
LP0001123,L00062,C00352,2024-05-28,2024-06-03,63488.97,6,Late
LP0001124,L00062,C00352,2024-06-28,2024-07-05,62293.07,7,Late
LP0001125,L00062,C00352,2024-07-28,2024-08-02,64704.41,5,Paid
LP0001126,L00062,C00352,2024-08-28,2024-09-02,61597.6,5,Paid
LP0001127,L00062,C00352,2024-09-28,2024-10-04,64954.74,6,Late
LP0001128,L00062,C00352,2024-10-28,2024-10-30,63552.18,2,Paid
LP0001129,L00062,C00352,2024-11-28,2024-12-07,61458.89,9,Late
LP0001130,L00062,C00352,2024-12-28,2024-12-31,62827.37,3,Paid
LP0001131,L00062,C00352,2025-01-28,2025-02-04,63737.19,7,Late
LP0001132,L00063,C00690,2023-04-28,2023-04-29,17329.76,1,Paid
LP0001133,L00063,C00690,2023-05-28,2023-06-04,18241.36,7,Late
LP0001134,L00063,C00690,2023-06-28,2023-06-28,17852.98,0,Paid
LP0001135,L00063,C00690,2023-07-28,2023-08-04,17775.7,7,Late
LP0001136,L00063,C00690,2023-08-28,2023-09-07,18223.37,10,Late
LP0001137,L00063,C00690,2023-09-28,2023-09-28,18093.0,0,Paid
LP0001138,L00063,C00690,2023-10-28,2023-11-02,17931.59,5,Paid
LP0001139,L00063,C00690,2023-11-28,2023-12-03,17204.05,5,Paid
LP0001140,L00063,C00690,2023-12-28,2024-01-05,17297.14,8,Late
LP0001141,L00063,C00690,2024-01-28,2024-02-06,17993.49,9,Late
LP0001142,L00063,C00690,2024-02-28,2024-03-05,17766.0,6,Late
LP0001143,L00063,C00690,2024-03-28,2024-04-01,17487.46,4,Paid
LP0001144,L00063,C00690,2024-04-28,2024-05-04,17539.53,6,Late
LP0001145,L00063,C00690,2024-05-28,2024-06-04,18254.42,7,Late
LP0001146,L00063,C00690,2024-06-28,2024-07-06,18021.42,8,Late
LP0001147,L00063,C00690,2024-07-28,2024-08-04,17472.42,7,Late
LP0001148,L00063,C00690,2024-08-28,2024-08-30,17227.91,2,Paid
LP0001149,L00063,C00690,2024-09-28,2024-10-03,17468.98,5,Paid
LP0001150,L00063,C00690,2024-10-28,2024-11-07,17576.66,10,Late
LP0001151,L00063,C00690,2024-11-28,2024-11-29,18227.68,1,Paid
LP0001152,L00063,C00690,2024-12-28,2025-01-02,18173.97,5,Paid
LP0001153,L00063,C00690,2025-01-28,2025-02-07,17538.66,10,Late
LP0001154,L00063,C00690,2025-02-28,2025-03-07,18040.32,7,Late
LP0001155,L00063,C00690,2025-03-28,2025-04-01,17202.39,4,Paid
LP0001156,L00064,C00620,2023-07-28,2023-07-30,3756.6,2,Paid
LP0001157,L00064,C00620,2023-08-28,2023-09-03,3895.02,6,Late
LP0001158,L00064,C00620,2023-09-28,2023-10-03,3884.7,5,Paid
LP0001159,L00064,C00620,2023-10-28,2023-11-06,3902.8,9,Late
LP0001160,L00064,C00620,2023-11-28,2023-11-28,3959.6,0,Paid
LP0001161,L00064,C00620,2023-12-28,2023-12-28,3761.94,0,Paid
LP0001162,L00064,C00620,2024-01-28,2024-02-01,3945.55,4,Paid
LP0001163,L00064,C00620,2024-02-28,2024-02-29,3815.61,1,Paid
LP0001164,L00064,C00620,2024-03-28,2024-03-28,3826.24,0,Paid
LP0001165,L00064,C00620,2024-04-28,2024-05-08,3870.2,10,Late
LP0001166,L00064,C00620,2024-05-28,2024-06-03,3891.34,6,Late
LP0001167,L00064,C00620,2024-06-28,2024-06-28,3877.63,0,Paid
LP0001168,L00064,C00620,2024-07-28,2024-08-01,3926.86,4,Paid
LP0001169,L00064,C00620,2024-08-28,2024-10-15,2624.36,48,Partial
LP0001170,L00064,C00620,2024-09-28,,0,36,Missed
LP0001171,L00064,C00620,2024-10-28,,0,67,Missed
LP0001172,L00064,C00620,2024-11-28,,0,82,Missed
LP0001173,L00064,C00620,2024-12-28,2025-02-10,2416.96,44,Partial
LP0001174,L00064,C00620,2025-01-28,2025-03-18,2338.07,49,Partial
LP0001175,L00064,C00620,2025-02-28,,0,76,Missed
LP0001176,L00064,C00620,2025-03-28,,0,100,Missed
LP0001177,L00064,C00620,2025-04-28,2025-06-07,3590.29,40,Partial
LP0001178,L00064,C00620,2025-05-28,,0,86,Missed
LP0001179,L00064,C00620,2025-06-28,,0,54,Missed
LP0001180,L00065,C00486,2023-03-28,2023-04-05,10770.48,8,Late
LP0001181,L00065,C00486,2023-04-28,2023-05-05,11144.59,7,Late
LP0001182,L00065,C00486,2023-05-28,2023-05-29,10803.48,1,Paid
LP0001183,L00065,C00486,2023-06-28,2023-07-06,10818.72,8,Late
LP0001184,L00065,C00486,2023-07-28,2023-08-07,11337.33,10,Late
LP0001185,L00065,C00486,2023-08-28,2023-09-03,10978.75,6,Late
LP0001186,L00065,C00486,2023-09-28,2023-10-08,11181.43,10,Late
LP0001187,L00065,C00486,2023-10-28,2023-10-28,11114.31,0,Paid
LP0001188,L00065,C00486,2023-11-28,2023-11-29,10988.87,1,Paid
LP0001189,L00065,C00486,2023-12-28,2024-01-02,11144.07,5,Paid
LP0001190,L00065,C00486,2024-01-28,2024-02-01,10903.89,4,Paid
LP0001191,L00065,C00486,2024-02-28,2024-03-04,11368.99,5,Paid
LP0001192,L00065,C00486,2024-03-28,2024-04-04,11321.09,7,Late
LP0001193,L00065,C00486,2024-04-28,2024-04-29,11259.86,1,Paid
LP0001194,L00065,C00486,2024-05-28,2024-06-01,10791.5,4,Paid
LP0001195,L00065,C00486,2024-06-28,2024-07-04,11198.64,6,Late
LP0001196,L00065,C00486,2024-07-28,2024-08-04,11375.18,7,Late
LP0001197,L00065,C00486,2024-08-28,2024-09-04,11313.61,7,Late
LP0001198,L00065,C00486,2024-09-28,2024-10-08,11001.6,10,Late
LP0001199,L00065,C00486,2024-10-28,2024-10-31,11288.22,3,Paid
LP0001200,L00065,C00486,2024-11-28,2024-11-29,11160.14,1,Paid
LP0001201,L00065,C00486,2024-12-28,2024-12-31,11260.53,3,Paid
LP0001202,L00065,C00486,2025-01-28,2025-01-30,11209.82,2,Paid
LP0001203,L00065,C00486,2025-02-28,2025-03-01,11132.29,1,Paid
LP0001204,L00066,C00206,2025-05-28,2025-06-03,24111.17,6,Late
LP0001205,L00066,C00206,2025-06-28,2025-06-30,23952.36,2,Paid
LP0001206,L00066,C00206,2025-07-28,2025-08-03,23571.85,6,Late
LP0001207,L00066,C00206,2025-08-28,2025-09-05,23795.51,8,Late
LP0001208,L00066,C00206,2025-09-28,2025-10-02,23830.41,4,Paid
LP0001209,L00066,C00206,2025-10-28,2025-11-06,24035.25,9,Late
LP0001210,L00066,C00206,2025-11-28,2025-12-03,24530.36,5,Paid
LP0001211,L00066,C00206,2025-12-28,2026-01-07,24159.38,10,Late
LP0001212,L00066,C00206,2026-01-28,2026-01-30,23791.62,2,Paid
LP0001213,L00066,C00206,2026-02-28,2026-03-04,23549.18,4,Paid
LP0001214,L00066,C00206,2026-03-28,2026-04-07,24213.23,10,Late
LP0001215,L00066,C00206,2026-04-28,2026-04-30,24164.32,2,Paid
LP0001216,L00066,C00206,2026-05-28,2026-05-29,24683.57,1,Paid
LP0001217,L00066,C00206,2026-06-28,2026-07-01,24679.42,3,Paid
LP0001218,L00066,C00206,2026-07-28,2026-08-07,23611.49,10,Late
LP0001219,L00066,C00206,2026-08-28,2026-09-07,24413.87,10,Late
LP0001220,L00067,C00356,2022-03-28,2022-04-04,19655.95,7,Late
LP0001221,L00067,C00356,2022-04-28,2022-05-07,19522.02,9,Late
LP0001222,L00067,C00356,2022-05-28,2022-05-30,19480.78,2,Paid
LP0001223,L00067,C00356,2022-06-28,2022-07-05,19442.88,7,Late
LP0001224,L00067,C00356,2022-07-28,2022-08-02,19708.36,5,Paid
LP0001225,L00067,C00356,2022-08-28,2022-08-29,19407.72,1,Paid
LP0001226,L00067,C00356,2022-09-28,2022-10-02,19635.16,4,Paid
LP0001227,L00067,C00356,2022-10-28,2022-11-01,19699.48,4,Paid
LP0001228,L00067,C00356,2022-11-28,2022-12-07,19723.67,9,Late
LP0001229,L00067,C00356,2022-12-28,2022-12-28,19604.84,0,Paid
LP0001230,L00067,C00356,2023-01-28,2023-02-06,19342.16,9,Late
LP0001231,L00067,C00356,2023-02-28,2023-03-06,18973.43,6,Late
LP0001232,L00067,C00356,2023-03-28,2023-04-05,18876.08,8,Late
LP0001233,L00067,C00356,2023-04-28,2023-05-04,18852.59,6,Late
LP0001234,L00067,C00356,2023-05-28,2023-06-06,18760.67,9,Late
LP0001235,L00067,C00356,2023-06-28,2023-07-02,19226.99,4,Paid
LP0001236,L00067,C00356,2023-07-28,2023-08-05,19151.1,8,Late
LP0001237,L00067,C00356,2023-08-28,2023-08-28,19323.16,0,Paid
LP0001238,L00067,C00356,2023-09-28,2023-10-05,19447.22,7,Late
LP0001239,L00067,C00356,2023-10-28,2023-11-04,19039.57,7,Late
LP0001240,L00067,C00356,2023-11-28,2023-12-08,19357.14,10,Late
LP0001241,L00067,C00356,2023-12-28,2024-01-04,19063.44,7,Late
LP0001242,L00067,C00356,2024-01-28,2024-02-01,19564.18,4,Paid
LP0001243,L00067,C00356,2024-02-28,2024-03-06,19646.41,7,Late
LP0001244,L00068,C00513,2025-05-28,2025-06-04,30442.26,7,Late
LP0001245,L00068,C00513,2025-06-28,2025-07-03,29926.49,5,Paid
LP0001246,L00068,C00513,2025-07-28,2025-07-30,30113.14,2,Paid
LP0001247,L00068,C00513,2025-08-28,2025-09-06,29655.55,9,Late
LP0001248,L00068,C00513,2025-09-28,2025-10-06,30302.69,8,Late
LP0001249,L00068,C00513,2025-10-28,2025-11-03,29705.1,6,Late
LP0001250,L00068,C00513,2025-11-28,2025-12-06,30516.13,8,Late
LP0001251,L00068,C00513,2025-12-28,2026-01-01,30278.92,4,Paid
LP0001252,L00068,C00513,2026-01-28,2026-02-04,30262.49,7,Late
LP0001253,L00068,C00513,2026-02-28,2026-03-20,25707.23,20,Partial
LP0001254,L00068,C00513,2026-03-28,,0,54,Missed
LP0001255,L00068,C00513,2026-04-28,,0,62,Missed
LP0001256,L00068,C00513,2026-05-28,,0,114,Missed
LP0001257,L00068,C00513,2026-06-28,2026-08-09,16912.93,42,Partial
LP0001258,L00068,C00513,2026-07-28,2026-08-12,29296.93,15,Partial
LP0001259,L00068,C00513,2026-08-28,2026-10-10,21580.7,43,Partial
LP0001260,L00069,C00388,2023-08-28,2023-09-02,56678.62,5,Paid
LP0001261,L00069,C00388,2023-09-28,2023-09-28,56858.68,0,Paid
LP0001262,L00069,C00388,2023-10-28,2023-11-07,56207.73,10,Late
LP0001263,L00069,C00388,2023-11-28,2023-12-01,57427.96,3,Paid
LP0001264,L00069,C00388,2023-12-28,2024-01-06,56939.15,9,Late
LP0001265,L00069,C00388,2024-01-28,2024-02-03,56373.16,6,Late
LP0001266,L00069,C00388,2024-02-28,2024-03-09,55757.26,10,Late
LP0001267,L00069,C00388,2024-03-28,2024-04-01,57389.34,4,Paid
LP0001268,L00069,C00388,2024-04-28,2024-05-05,58001.69,7,Late
LP0001269,L00069,C00388,2024-05-28,2024-05-29,55651.23,1,Paid
LP0001270,L00069,C00388,2024-06-28,2024-07-03,57456.58,5,Paid
LP0001271,L00069,C00388,2024-07-28,2024-08-04,57929.47,7,Late
LP0001272,L00069,C00388,2024-08-28,2024-08-28,55187.69,0,Paid
LP0001273,L00069,C00388,2024-09-28,2024-11-26,49367.42,59,Partial
LP0001274,L00069,C00388,2024-10-28,,0,66,Missed
LP0001275,L00069,C00388,2024-11-28,2025-01-21,29221.54,54,Partial
LP0001276,L00069,C00388,2024-12-28,2025-02-01,37259.94,35,Partial
LP0001277,L00069,C00388,2025-01-28,,0,110,Missed
LP0001278,L00069,C00388,2025-02-28,2025-04-01,55007.28,32,Partial
LP0001279,L00069,C00388,2025-03-28,,0,73,Missed
LP0001280,L00069,C00388,2025-04-28,2025-06-06,46676.77,39,Partial
LP0001281,L00069,C00388,2025-05-28,,0,60,Missed
LP0001282,L00069,C00388,2025-06-28,2025-07-13,55621.79,15,Partial
LP0001283,L00069,C00388,2025-07-28,,0,102,Missed
LP0001284,L00070,C00491,2025-07-28,2025-08-02,10557.82,5,Paid
LP0001285,L00070,C00491,2025-08-28,2025-08-28,10393.65,0,Paid
LP0001286,L00070,C00491,2025-09-28,2025-09-30,10260.8,2,Paid
LP0001287,L00070,C00491,2025-10-28,2025-11-04,10051.3,7,Late
LP0001288,L00070,C00491,2025-11-28,2025-12-08,10406.57,10,Late
LP0001289,L00070,C00491,2025-12-28,2025-12-30,10263.5,2,Paid
LP0001290,L00070,C00491,2026-01-28,2026-02-06,10172.33,9,Late
LP0001291,L00070,C00491,2026-02-28,2026-03-08,10513.85,8,Late
LP0001292,L00070,C00491,2026-03-28,2026-04-04,10007.79,7,Late
LP0001293,L00070,C00491,2026-04-28,2026-05-06,10329.04,8,Late
LP0001294,L00070,C00491,2026-05-28,2026-06-01,10489.65,4,Paid
LP0001295,L00070,C00491,2026-06-28,2026-06-30,10424.21,2,Paid
LP0001296,L00070,C00491,2026-07-28,2026-08-07,10576.63,10,Late
LP0001297,L00070,C00491,2026-08-28,2026-09-03,9984.76,6,Late
LP0001298,L00071,C00883,2025-09-28,2025-10-04,33663.07,6,Late
LP0001299,L00071,C00883,2025-10-28,2025-11-06,32905.15,9,Late
LP0001300,L00071,C00883,2025-11-28,2025-12-08,32210.09,10,Late
LP0001301,L00071,C00883,2025-12-28,2026-01-04,32698.1,7,Late
LP0001302,L00071,C00883,2026-01-28,2026-02-01,32361.36,4,Paid
LP0001303,L00071,C00883,2026-02-28,2026-03-02,33104.31,2,Paid
LP0001304,L00071,C00883,2026-03-28,2026-04-06,33736.52,9,Late
LP0001305,L00071,C00883,2026-04-28,2026-05-02,32228.1,4,Paid
LP0001306,L00071,C00883,2026-05-28,2026-06-02,31931.96,5,Paid
LP0001307,L00071,C00883,2026-06-28,2026-07-05,33028.94,7,Late
LP0001308,L00071,C00883,2026-07-28,2026-08-03,33420.51,6,Late
LP0001309,L00071,C00883,2026-08-28,2026-09-03,32539.96,6,Late
LP0001310,L00072,C00850,2025-01-28,2025-02-04,17062.25,7,Late
LP0001311,L00072,C00850,2025-02-28,2025-03-07,17251.72,7,Late
LP0001312,L00072,C00850,2025-03-28,2025-04-01,16697.54,4,Paid
LP0001313,L00072,C00850,2025-04-28,2025-05-05,16663.34,7,Late
LP0001314,L00072,C00850,2025-05-28,2025-06-01,17132.41,4,Paid
LP0001315,L00072,C00850,2025-06-28,2025-06-29,17155.11,1,Paid
LP0001316,L00072,C00850,2025-07-28,2025-08-03,16752.3,6,Late
LP0001317,L00072,C00850,2025-08-28,2025-09-07,16993.23,10,Late
LP0001318,L00072,C00850,2025-09-28,2025-10-03,16576.85,5,Paid
LP0001319,L00072,C00850,2025-10-28,2025-11-07,17036.65,10,Late
LP0001320,L00072,C00850,2025-11-28,2025-11-30,16905.96,2,Paid
LP0001321,L00072,C00850,2025-12-28,2025-12-30,16907.15,2,Paid
LP0001322,L00072,C00850,2026-01-28,2026-01-29,16952.13,1,Paid
LP0001323,L00072,C00850,2026-02-28,2026-03-01,16911.67,1,Paid
LP0001324,L00072,C00850,2026-03-28,2026-04-06,17042.49,9,Late
LP0001325,L00072,C00850,2026-04-28,2026-04-28,17046.51,0,Paid
LP0001326,L00072,C00850,2026-05-28,2026-06-05,16699.95,8,Late
LP0001327,L00072,C00850,2026-06-28,2026-06-28,17044.35,0,Paid
LP0001328,L00072,C00850,2026-07-28,2026-07-28,16576.26,0,Paid
LP0001329,L00072,C00850,2026-08-28,2026-08-29,16756.02,1,Paid
LP0001330,L00073,C00838,2024-04-28,2024-05-02,69750.45,4,Paid
LP0001331,L00073,C00838,2024-05-28,2024-06-06,66439.98,9,Late
LP0001332,L00073,C00838,2024-06-28,2024-07-01,70251.74,3,Paid
LP0001333,L00073,C00838,2024-07-28,2024-08-04,67594.6,7,Late
LP0001334,L00073,C00838,2024-08-28,2024-08-30,69776.62,2,Paid
LP0001335,L00073,C00838,2024-09-28,2024-10-04,68721.7,6,Late
LP0001336,L00073,C00838,2024-10-28,2024-10-30,69475.69,2,Paid
LP0001337,L00073,C00838,2024-11-28,2024-12-02,68924.07,4,Paid
LP0001338,L00073,C00838,2024-12-28,2024-12-29,68631.32,1,Paid
LP0001339,L00073,C00838,2025-01-28,2025-01-29,69224.5,1,Paid
LP0001340,L00073,C00838,2025-02-28,2025-03-10,68734.01,10,Late
LP0001341,L00073,C00838,2025-03-28,2025-04-02,70090.35,5,Paid
LP0001342,L00073,C00838,2025-04-28,2025-05-07,66848.18,9,Late
LP0001343,L00073,C00838,2025-05-28,2025-06-07,69214.49,10,Late
LP0001344,L00073,C00838,2025-06-28,2025-07-07,69841.68,9,Late
LP0001345,L00073,C00838,2025-07-28,2025-08-03,70063.6,6,Late
LP0001346,L00073,C00838,2025-08-28,2025-08-28,67379.6,0,Paid
LP0001347,L00073,C00838,2025-09-28,2025-09-29,68591.08,1,Paid
LP0001348,L00073,C00838,2025-10-28,2025-11-05,68261.64,8,Late
LP0001349,L00073,C00838,2025-11-28,2025-12-07,70082.36,9,Late
LP0001350,L00073,C00838,2025-12-28,2026-01-01,68148.75,4,Paid
LP0001351,L00073,C00838,2026-01-28,2026-02-02,68786.99,5,Paid
LP0001352,L00073,C00838,2026-02-28,2026-03-01,70376.29,1,Paid
LP0001353,L00073,C00838,2026-03-28,2026-04-07,66960.1,10,Late
LP0001354,L00074,C00851,2026-02-28,2026-03-03,12410.28,3,Paid
LP0001355,L00074,C00851,2026-03-28,2026-04-06,12400.94,9,Late
LP0001356,L00074,C00851,2026-04-28,2026-04-28,12531.79,0,Paid
LP0001357,L00074,C00851,2026-05-28,2026-06-06,12502.05,9,Late
LP0001358,L00074,C00851,2026-06-28,2026-07-29,10019.33,31,Partial
LP0001359,L00074,C00851,2026-07-28,,0,67,Missed
LP0001360,L00074,C00851,2026-08-28,2026-10-12,7350.67,45,Partial
LP0001361,L00075,C00606,2025-04-28,2025-05-03,114620.1,5,Paid
LP0001362,L00075,C00606,2025-05-28,2025-06-07,113714.53,10,Late
LP0001363,L00075,C00606,2025-06-28,2025-07-02,114660.98,4,Paid
LP0001364,L00075,C00606,2025-07-28,2025-08-05,112067.61,8,Late
LP0001365,L00075,C00606,2025-08-28,2025-09-03,110329.05,6,Late
LP0001366,L00075,C00606,2025-09-28,2025-10-05,110322.22,7,Late
LP0001367,L00075,C00606,2025-10-28,2025-11-07,112396.96,10,Late
LP0001368,L00075,C00606,2025-11-28,2025-12-03,109060.79,5,Paid
LP0001369,L00075,C00606,2025-12-28,2025-12-31,108765.07,3,Paid
LP0001370,L00075,C00606,2026-01-28,2026-01-30,114577.51,2,Paid
LP0001371,L00075,C00606,2026-02-28,2026-03-07,114013.67,7,Late
LP0001372,L00075,C00606,2026-03-28,2026-04-07,114030.8,10,Late
LP0001373,L00076,C00301,2024-10-28,2024-11-04,69403.68,7,Late
LP0001374,L00076,C00301,2024-11-28,2024-11-29,68680.62,1,Paid
LP0001375,L00076,C00301,2024-12-28,2025-01-02,67211.27,5,Paid
LP0001376,L00076,C00301,2025-01-28,2025-02-02,68479.44,5,Paid
LP0001377,L00076,C00301,2025-02-28,2025-03-02,68777.99,2,Paid
LP0001378,L00076,C00301,2025-03-28,2025-04-06,69531.65,9,Late
LP0001379,L00076,C00301,2025-04-28,2025-05-02,70591.19,4,Paid
LP0001380,L00076,C00301,2025-05-28,2025-06-07,69645.09,10,Late
LP0001381,L00076,C00301,2025-06-28,2025-07-08,70226.85,10,Late
LP0001382,L00076,C00301,2025-07-28,2025-08-05,68038.28,8,Late
LP0001383,L00076,C00301,2025-08-28,2025-09-04,67613.38,7,Late
LP0001384,L00076,C00301,2025-09-28,2025-10-06,69997.48,8,Late
LP0001385,L00076,C00301,2025-10-28,2025-11-04,69460.6,7,Late
LP0001386,L00076,C00301,2025-11-28,2025-12-01,70060.1,3,Paid
LP0001387,L00076,C00301,2025-12-28,2026-01-07,69200.74,10,Late
LP0001388,L00076,C00301,2026-01-28,2026-02-01,70585.8,4,Paid
LP0001389,L00076,C00301,2026-02-28,2026-03-01,70340.07,1,Paid
LP0001390,L00076,C00301,2026-03-28,2026-04-05,71028.98,8,Late
LP0001391,L00076,C00301,2026-04-28,2026-05-05,67705.24,7,Late
LP0001392,L00076,C00301,2026-05-28,2026-06-04,69008.51,7,Late
LP0001393,L00076,C00301,2026-06-28,2026-07-05,70286.66,7,Late
LP0001394,L00076,C00301,2026-07-28,2026-08-03,70829.18,6,Late
LP0001395,L00076,C00301,2026-08-28,2026-08-29,67233.77,1,Paid
LP0001396,L00077,C00929,2025-11-28,2025-11-28,21831.51,0,Paid
LP0001397,L00077,C00929,2025-12-28,2025-12-30,22033.52,2,Paid
LP0001398,L00077,C00929,2026-01-28,2026-02-06,22507.21,9,Late
LP0001399,L00077,C00929,2026-02-28,2026-03-06,21661.14,6,Late
LP0001400,L00077,C00929,2026-03-28,2026-04-01,21380.97,4,Paid
LP0001401,L00077,C00929,2026-04-28,2026-05-03,21887.98,5,Paid
LP0001402,L00077,C00929,2026-05-28,2026-05-29,22124.1,1,Paid
LP0001403,L00077,C00929,2026-06-28,2026-06-28,21434.06,0,Paid
LP0001404,L00077,C00929,2026-07-28,2026-08-01,21275.63,4,Paid
LP0001405,L00077,C00929,2026-08-28,2026-08-29,22174.89,1,Paid
LP0001406,L00078,C00218,2025-11-28,2025-11-28,7195.71,0,Paid
LP0001407,L00078,C00218,2025-12-28,2025-12-29,7241.84,1,Paid
LP0001408,L00078,C00218,2026-01-28,2026-01-30,7254.12,2,Paid
LP0001409,L00078,C00218,2026-02-28,2026-03-04,7104.47,4,Paid
LP0001410,L00078,C00218,2026-03-28,2026-03-31,7194.07,3,Paid
LP0001411,L00078,C00218,2026-04-28,2026-04-30,7179.33,2,Paid
LP0001412,L00078,C00218,2026-05-28,2026-06-04,7225.54,7,Late
LP0001413,L00078,C00218,2026-06-28,2026-06-29,7122.54,1,Paid
LP0001414,L00078,C00218,2026-07-28,2026-08-03,7092.64,6,Late
LP0001415,L00078,C00218,2026-08-28,2026-09-02,7134.11,5,Paid
LP0001416,L00079,C00714,2024-04-28,2024-04-29,31518.95,1,Paid
LP0001417,L00079,C00714,2024-05-28,2024-06-02,30816.25,5,Paid
LP0001418,L00079,C00714,2024-06-28,2024-06-29,31668.14,1,Paid
LP0001419,L00079,C00714,2024-07-28,2024-07-28,32083.16,0,Paid
LP0001420,L00079,C00714,2024-08-28,2024-09-02,31384.81,5,Paid
LP0001421,L00079,C00714,2024-09-28,2024-10-03,31167.47,5,Paid
LP0001422,L00079,C00714,2024-10-28,2024-10-31,32218.9,3,Paid
LP0001423,L00079,C00714,2024-11-28,2024-11-29,31952.09,1,Paid
LP0001424,L00079,C00714,2024-12-28,2025-01-04,30531.17,7,Late
LP0001425,L00079,C00714,2025-01-28,2025-01-28,31785.15,0,Paid
LP0001426,L00079,C00714,2025-02-28,2025-03-01,32280.45,1,Paid
LP0001427,L00079,C00714,2025-03-28,2025-04-04,30940.84,7,Late
LP0001428,L00079,C00714,2025-04-28,2025-05-01,30596.54,3,Paid
LP0001429,L00079,C00714,2025-05-28,2025-06-04,31099.34,7,Late
LP0001430,L00079,C00714,2025-06-28,2025-06-28,31931.95,0,Paid
LP0001431,L00079,C00714,2025-07-28,2025-07-31,30435.71,3,Paid
LP0001432,L00079,C00714,2025-08-28,2025-08-29,31750.8,1,Paid
LP0001433,L00079,C00714,2025-09-28,2025-10-05,30823.93,7,Late
LP0001434,L00079,C00714,2025-10-28,2025-10-31,30867.1,3,Paid
LP0001435,L00079,C00714,2025-11-28,2025-12-07,31328.19,9,Late
LP0001436,L00079,C00714,2025-12-28,2026-01-07,31662.96,10,Late
LP0001437,L00079,C00714,2026-01-28,2026-01-29,32006.38,1,Paid
LP0001438,L00079,C00714,2026-02-28,2026-02-28,30606.76,0,Paid
LP0001439,L00079,C00714,2026-03-28,2026-04-01,31487.41,4,Paid
LP0001440,L00080,C00200,2025-02-28,2025-03-06,20106.06,6,Late
LP0001441,L00080,C00200,2025-03-28,2025-04-05,20672.79,8,Late
LP0001442,L00080,C00200,2025-04-28,2025-04-30,21045.71,2,Paid
LP0001443,L00080,C00200,2025-05-28,2025-05-30,21082.61,2,Paid
LP0001444,L00080,C00200,2025-06-28,2025-07-08,21017.52,10,Late
LP0001445,L00080,C00200,2025-07-28,2025-07-28,21123.91,0,Paid
LP0001446,L00080,C00200,2025-08-28,2025-09-03,20008.58,6,Late
LP0001447,L00080,C00200,2025-09-28,2025-10-06,20382.94,8,Late
LP0001448,L00080,C00200,2025-10-28,2025-11-01,20955.96,4,Paid
LP0001449,L00080,C00200,2025-11-28,2025-12-07,20438.48,9,Late
LP0001450,L00080,C00200,2025-12-28,2026-01-03,19978.6,6,Late
LP0001451,L00080,C00200,2026-01-28,2026-02-07,-12000,10,Late
LP0001452,L00080,C00200,2026-02-28,2026-03-01,21115.32,1,Paid
LP0001453,L00080,C00200,2026-03-28,2026-04-01,20220.7,4,Paid
LP0001454,L00080,C00200,2026-04-28,2026-05-06,20802.48,8,Late
LP0001455,L00080,C00200,2026-05-28,2026-06-01,20934.03,4,Paid
LP0001456,L00080,C00200,2026-06-28,2026-06-29,19992.32,1,Paid
LP0001457,L00080,C00200,2026-07-28,2026-08-05,20789.36,8,Late
LP0001458,L00080,C00200,2026-08-28,2026-08-28,21137.55,0,Paid
LP0001459,L00081,C00876,2026-02-28,2026-02-28,9486.77,0,Paid
LP0001460,L00081,C00876,2026-03-28,2026-04-02,8985.79,5,Paid
LP0001461,L00081,C00876,2026-04-28,2026-05-03,9370.15,5,Paid
LP0001462,L00081,C00876,2026-05-28,2026-05-29,9348.75,1,Paid
LP0001463,L00081,C00876,2026-06-28,2026-07-07,9479.49,9,Late
LP0001464,L00081,C00876,2026-07-28,2026-08-06,9492.39,9,Late
LP0001465,L00081,C00876,2026-08-28,2026-09-07,9181.83,10,Late
LP0001466,L00082,C00421,2022-12-28,2022-12-30,14979.31,2,Paid
LP0001467,L00082,C00421,2023-01-28,2023-02-06,15247.92,9,Late
LP0001468,L00082,C00421,2023-02-28,2023-03-04,15262.52,4,Paid
LP0001469,L00082,C00421,2023-03-28,2023-04-04,15442.47,7,Late
LP0001470,L00082,C00421,2023-04-28,2023-05-07,14938.92,9,Late
LP0001471,L00082,C00421,2023-05-28,2023-05-28,15308.1,0,Paid
LP0001472,L00082,C00421,2023-06-28,2023-07-02,15366.96,4,Paid
LP0001473,L00082,C00421,2023-07-28,2023-08-02,14884.03,5,Paid
LP0001474,L00082,C00421,2023-08-28,2023-09-02,14970.56,5,Paid
LP0001475,L00082,C00421,2023-09-28,2023-09-28,15299.14,0,Paid
LP0001476,L00082,C00421,2023-10-28,2023-10-30,14707.18,2,Paid
LP0001477,L00082,C00421,2023-11-28,2023-12-04,15323.91,6,Late
LP0001478,L00082,C00421,2023-12-28,2023-12-28,14893.72,0,Paid
LP0001479,L00082,C00421,2024-01-28,2024-03-09,12688.12,41,Partial
LP0001480,L00082,C00421,2024-02-28,2024-04-04,13196.72,36,Partial
LP0001481,L00082,C00421,2024-03-28,2024-04-22,13036.63,25,Partial
LP0001482,L00082,C00421,2024-04-28,2024-05-20,8317.82,22,Partial
LP0001483,L00082,C00421,2024-05-28,2024-06-18,13700.99,21,Partial
LP0001484,L00082,C00421,2024-06-28,,0,101,Missed
LP0001485,L00082,C00421,2024-07-28,2024-09-23,11752.95,57,Partial
LP0001486,L00082,C00421,2024-08-28,,0,92,Missed
LP0001487,L00082,C00421,2024-09-28,2024-11-17,10508.1,50,Partial
LP0001488,L00082,C00421,2024-10-28,2024-11-14,9942.81,17,Partial
LP0001489,L00082,C00421,2024-11-28,,0,67,Missed
LP0001490,L00083,C00281,2024-12-28,2024-12-29,23417.28,1,Paid
LP0001491,L00083,C00281,2025-01-28,2025-02-01,23203.65,4,Paid
LP0001492,L00083,C00281,2025-02-28,2025-03-09,23514.15,9,Late
LP0001493,L00083,C00281,2025-03-28,2025-04-01,23229.93,4,Paid
LP0001494,L00083,C00281,2025-04-28,2025-05-04,22856.68,6,Late
LP0001495,L00083,C00281,2025-05-28,2025-06-07,22205.15,10,Late
LP0001496,L00083,C00281,2025-06-28,2025-07-06,22262.5,8,Late
LP0001497,L00083,C00281,2025-07-28,2025-08-02,23342.84,5,Paid
LP0001498,L00083,C00281,2025-08-28,2025-08-29,22629.93,1,Paid
LP0001499,L00083,C00281,2025-09-28,2025-09-29,22491.26,1,Paid
LP0001500,L00083,C00281,2025-10-28,2025-11-07,22881.53,10,Late
LP0001501,L00083,C00281,2025-11-28,2025-12-04,23523.11,6,Late
LP0001502,L00083,C00281,2025-12-28,2025-12-30,22742.84,2,Paid
LP0001503,L00083,C00281,2026-01-28,2026-02-01,23383.61,4,Paid
LP0001504,L00083,C00281,2026-02-28,2026-03-07,22238.37,7,Late
LP0001505,L00083,C00281,2026-03-28,2026-03-30,22528.93,2,Paid
LP0001506,L00083,C00281,2026-04-28,2026-05-04,23174.87,6,Late
LP0001507,L00083,C00281,2026-05-28,2026-06-07,22872.08,10,Late
LP0001508,L00083,C00281,2026-06-28,2026-07-02,22384.99,4,Paid
LP0001509,L00083,C00281,2026-07-28,2026-07-28,22790.28,0,Paid
LP0001510,L00083,C00281,2026-08-28,2026-09-03,23084.11,6,Late
LP0001511,L00084,C00279,2024-10-28,2024-10-29,37541.62,1,Paid
LP0001512,L00084,C00279,2024-11-28,2024-11-28,36648.51,0,Paid
LP0001513,L00084,C00279,2024-12-28,2025-01-05,36724.74,8,Late
LP0001514,L00084,C00279,2025-01-28,2025-02-01,37046.12,4,Paid
LP0001515,L00084,C00279,2025-02-28,2025-03-05,37852.79,5,Paid
LP0001516,L00084,C00279,2025-03-28,2025-03-30,38067.37,2,Paid
LP0001517,L00084,C00279,2025-04-28,2025-05-01,37896.17,3,Paid
LP0001518,L00084,C00279,2025-05-28,2025-06-07,38327.62,10,Late
LP0001519,L00084,C00279,2025-06-28,2025-07-04,37478.27,6,Late
LP0001520,L00084,C00279,2025-07-28,2025-07-29,38093.31,1,Paid
LP0001521,L00084,C00279,2025-08-28,2025-09-02,37117.58,5,Paid
LP0001522,L00084,C00279,2025-09-28,2025-10-05,38319.97,7,Late
LP0001523,L00084,C00279,2025-10-28,2025-11-02,36634.2,5,Paid
LP0001524,L00084,C00279,2025-11-28,2025-12-05,37526.43,7,Late
LP0001525,L00084,C00279,2025-12-28,2025-12-29,38103.81,1,Paid
LP0001526,L00084,C00279,2026-01-28,2026-02-04,37335.27,7,Late
LP0001527,L00084,C00279,2026-02-28,2026-03-01,38154.78,1,Paid
LP0001528,L00084,C00279,2026-03-28,2026-04-05,38539.6,8,Late
LP0001529,L00084,C00279,2026-04-28,2026-04-28,38581.53,0,Paid
LP0001530,L00084,C00279,2026-05-28,2026-06-04,37800.38,7,Late
LP0001531,L00084,C00279,2026-06-28,2026-06-30,37694.82,2,Paid
LP0001532,L00084,C00279,2026-07-28,2026-08-02,37368.56,5,Paid
LP0001533,L00084,C00279,2026-08-28,2026-09-03,36780.89,6,Late
LP0001534,L00085,C00905,2025-09-28,2025-10-08,8626.94,10,Late
LP0001535,L00085,C00905,2025-10-28,2025-11-04,8655.19,7,Late
LP0001536,L00085,C00905,2025-11-28,2025-11-28,8629.84,0,Paid
LP0001537,L00085,C00905,2025-12-28,2026-01-04,8472.72,7,Late
LP0001538,L00085,C00905,2026-01-28,2026-01-29,8718.55,1,Paid
LP0001539,L00085,C00905,2026-02-28,2026-03-02,8819.55,2,Paid
LP0001540,L00085,C00905,2026-03-28,2026-03-30,8692.1,2,Paid
LP0001541,L00085,C00905,2026-04-28,2026-05-01,8560.14,3,Paid
LP0001542,L00085,C00905,2026-05-28,2026-05-29,8539.11,1,Paid
LP0001543,L00085,C00905,2026-06-28,2026-06-28,8898.72,0,Paid
LP0001544,L00085,C00905,2026-07-28,2026-08-06,8818.08,9,Late
LP0001545,L00085,C00905,2026-08-28,2026-08-29,8592.89,1,Paid
LP0001546,L00086,C00509,2026-03-28,2026-04-04,25610.6,7,Late
LP0001547,L00086,C00509,2026-04-28,2026-05-03,25117.06,5,Paid
LP0001548,L00086,C00509,2026-05-28,2026-06-05,24518.47,8,Late
LP0001549,L00086,C00509,2026-06-28,2026-07-04,25613.12,6,Late
LP0001550,L00086,C00509,2026-07-28,2026-09-25,15962.79,59,Partial
LP0001551,L00086,C00509,2026-08-28,2026-09-18,20918.26,21,Partial
LP0001552,L00087,C00053,2023-06-28,2023-06-30,5329.4,2,Paid
LP0001553,L00087,C00053,2023-07-28,2023-07-28,5221.36,0,Paid
LP0001554,L00087,C00053,2023-08-28,2023-09-06,5367.8,9,Late
LP0001555,L00087,C00053,2023-09-28,2023-10-02,5329.75,4,Paid
LP0001556,L00087,C00053,2023-10-28,2023-11-07,5389.89,10,Late
LP0001557,L00087,C00053,2023-11-28,2023-12-04,5299.02,6,Late
LP0001558,L00087,C00053,2023-12-28,2024-01-05,5424.9,8,Late
LP0001559,L00087,C00053,2024-01-28,2024-02-05,5121.42,8,Late
LP0001560,L00087,C00053,2024-02-28,2024-03-01,5324.41,2,Paid
LP0001561,L00087,C00053,2024-03-28,2024-03-30,5220.39,2,Paid
LP0001562,L00087,C00053,2024-04-28,2024-05-04,5364.39,6,Late
LP0001563,L00087,C00053,2024-05-28,2024-05-28,5280.44,0,Paid
LP0001564,L00087,C00053,2024-06-28,2024-07-04,5142.54,6,Late
LP0001565,L00087,C00053,2024-07-28,2024-07-28,5384.02,0,Paid
LP0001566,L00087,C00053,2024-08-28,2024-09-05,5124.28,8,Late
LP0001567,L00087,C00053,2024-09-28,2024-10-03,5267.4,5,Paid
LP0001568,L00087,C00053,2024-10-28,2024-11-07,5124.34,10,Late
LP0001569,L00087,C00053,2024-11-28,2024-11-29,5380.93,1,Paid
LP0001570,L00087,C00053,2024-12-28,2025-01-07,5165.42,10,Late
LP0001571,L00087,C00053,2025-01-28,2025-01-28,5344.66,0,Paid
LP0001572,L00087,C00053,2025-02-28,2025-03-06,5339.3,6,Late
LP0001573,L00087,C00053,2025-03-28,2025-04-04,5131.86,7,Late
LP0001574,L00087,C00053,2025-04-28,2025-05-03,5405.33,5,Paid
LP0001575,L00087,C00053,2025-05-28,2025-06-06,5223.4,9,Late
LP0001576,L00088,C00173,2025-03-28,2025-04-06,4423.73,9,Late
LP0001577,L00088,C00173,2025-04-28,2025-04-29,4501.43,1,Paid
LP0001578,L00088,C00173,2025-05-28,2025-06-03,4599.81,6,Late
LP0001579,L00088,C00173,2025-06-28,2025-07-04,4586.76,6,Late
LP0001580,L00088,C00173,2025-07-28,2025-07-30,4662.14,2,Paid
LP0001581,L00088,C00173,2025-08-28,2025-09-03,4633.16,6,Late
LP0001582,L00088,C00173,2025-09-28,2025-10-03,4542.28,5,Paid
LP0001583,L00088,C00173,2025-10-28,2025-11-03,4646.13,6,Late
LP0001584,L00088,C00173,2025-11-28,2025-12-01,4499.89,3,Paid
LP0001585,L00088,C00173,2025-12-28,2025-12-28,4431.11,0,Paid
LP0001586,L00088,C00173,2026-01-28,2026-02-02,4461.21,5,Paid
LP0001587,L00088,C00173,2026-02-28,2026-03-06,4534.6,6,Late
LP0001588,L00088,C00173,2026-03-28,2026-03-31,4646.8,3,Paid
LP0001589,L00088,C00173,2026-04-28,2026-04-28,4563.25,0,Paid
LP0001590,L00088,C00173,2026-05-28,2026-05-30,4483.71,2,Paid
LP0001591,L00088,C00173,2026-06-28,2026-07-02,4492.78,4,Paid
LP0001592,L00088,C00173,2026-07-28,2026-08-05,4665.29,8,Late
LP0001593,L00088,C00173,2026-08-28,2026-08-28,4500.29,0,Paid
LP0001594,L00089,C00392,2023-03-28,2023-04-01,3572.63,4,Paid
LP0001595,L00089,C00392,2023-04-28,2023-05-05,3692.01,7,Late
LP0001596,L00089,C00392,2023-05-28,2023-06-04,3749.45,7,Late
LP0001597,L00089,C00392,2023-06-28,2023-07-08,3758.88,10,Late
LP0001598,L00089,C00392,2023-07-28,2023-08-04,3769.75,7,Late
LP0001599,L00089,C00392,2023-08-28,2023-09-05,3770.5,8,Late
LP0001600,L00089,C00392,2023-09-28,2023-10-08,3764.77,10,Late
LP0001601,L00089,C00392,2023-10-28,2023-10-29,3735.16,1,Paid
LP0001602,L00089,C00392,2023-11-28,2023-11-28,3709.79,0,Paid
LP0001603,L00089,C00392,2023-12-28,2024-01-03,3654.56,6,Late
LP0001604,L00089,C00392,2024-01-28,2024-02-05,3633.23,8,Late
LP0001605,L00089,C00392,2024-02-28,2024-03-03,3787.62,4,Paid
LP0001606,L00089,C00392,2024-03-28,2024-03-31,3756.57,3,Paid
LP0001607,L00089,C00392,2024-04-28,2024-05-07,3619.67,9,Late
LP0001608,L00089,C00392,2024-05-28,2024-05-28,3735.56,0,Paid
LP0001609,L00089,C00392,2024-06-28,2024-07-02,3663.63,4,Paid
LP0001610,L00089,C00392,2024-07-28,2024-07-31,3723.44,3,Paid
LP0001611,L00089,C00392,2024-08-28,2024-09-02,3753.24,5,Paid
LP0001612,L00089,C00392,2024-09-28,2024-10-04,3568.87,6,Late
LP0001613,L00089,C00392,2024-10-28,2024-11-05,3703.06,8,Late
LP0001614,L00089,C00392,2024-11-28,2024-12-08,3678.18,10,Late
LP0001615,L00089,C00392,2024-12-28,2024-12-28,3653.3,0,Paid
LP0001616,L00089,C00392,2025-01-28,2025-02-06,3758.9,9,Late
LP0001617,L00089,C00392,2025-02-28,2025-03-10,3622.66,10,Late
LP0001618,L00090,C00935,2022-12-28,2023-01-02,56097.72,5,Paid
LP0001619,L00090,C00935,2023-01-28,2023-01-28,54964.47,0,Paid
LP0001620,L00090,C00935,2023-02-28,2023-03-07,56965.59,7,Late
LP0001621,L00090,C00935,2023-03-28,2023-03-28,56136.59,0,Paid
LP0001622,L00090,C00935,2023-04-28,2023-05-03,56511.2,5,Paid
LP0001623,L00090,C00935,2023-05-28,2023-05-31,54206.25,3,Paid
LP0001624,L00090,C00935,2023-06-28,2023-07-05,54062.82,7,Late
LP0001625,L00090,C00935,2023-07-28,2023-08-04,56201.41,7,Late
LP0001626,L00090,C00935,2023-08-28,2023-09-06,54092.37,9,Late
LP0001627,L00090,C00935,2023-09-28,2023-10-05,55434.97,7,Late
LP0001628,L00090,C00935,2023-10-28,2023-11-02,54393.0,5,Paid
LP0001629,L00090,C00935,2023-11-28,2023-12-01,54028.16,3,Paid
LP0001630,L00090,C00935,2023-12-28,2023-12-28,55084.8,0,Paid
LP0001631,L00090,C00935,2024-01-28,2024-02-07,56669.9,10,Late
LP0001632,L00090,C00935,2024-02-28,2024-02-29,57003.83,1,Paid
LP0001633,L00090,C00935,2024-03-28,2024-04-05,57112.7,8,Late
LP0001634,L00090,C00935,2024-04-28,2024-05-03,57072.43,5,Paid
LP0001635,L00090,C00935,2024-05-28,2024-06-02,55011.76,5,Paid
LP0001636,L00090,C00935,2024-06-28,2024-07-01,57030.16,3,Paid
LP0001637,L00090,C00935,2024-07-28,2024-08-05,56602.15,8,Late
LP0001638,L00090,C00935,2024-08-28,2024-09-05,54958.2,8,Late
LP0001639,L00090,C00935,2024-09-28,2024-10-05,55040.75,7,Late
LP0001640,L00090,C00935,2024-10-28,2024-11-03,54547.8,6,Late
LP0001641,L00090,C00935,2024-11-28,2024-11-30,55688.63,2,Paid
LP0001642,L00091,C00154,2022-09-28,2022-09-28,61792.59,0,Paid
LP0001643,L00091,C00154,2022-10-28,2022-11-02,61310.19,5,Paid
LP0001644,L00091,C00154,2022-11-28,2022-11-30,60188.3,2,Paid
LP0001645,L00091,C00154,2022-12-28,2022-12-30,63718.2,2,Paid
LP0001646,L00091,C00154,2023-01-28,2023-02-02,60410.82,5,Paid
LP0001647,L00091,C00154,2023-02-28,2023-03-05,63481.27,5,Paid
LP0001648,L00091,C00154,2023-03-28,2023-03-29,60840.71,1,Paid
LP0001649,L00091,C00154,2023-04-28,2023-04-30,61080.14,2,Paid
LP0001650,L00091,C00154,2023-05-28,2023-05-29,60481.15,1,Paid
LP0001651,L00091,C00154,2023-06-28,2023-07-05,62196.0,7,Late
LP0001652,L00091,C00154,2023-07-28,2023-08-04,62641.01,7,Late
LP0001653,L00091,C00154,2023-08-28,2023-09-02,60189.45,5,Paid
LP0001654,L00091,C00154,2023-09-28,2023-10-03,60593.54,5,Paid
LP0001655,L00091,C00154,2023-10-28,2023-11-06,62915.13,9,Late
LP0001656,L00091,C00154,2023-11-28,2023-11-29,63402.69,1,Paid
LP0001657,L00091,C00154,2023-12-28,2024-01-07,61133.49,10,Late
LP0001658,L00091,C00154,2024-01-28,2024-02-05,60230.58,8,Late
LP0001659,L00091,C00154,2024-02-28,2024-02-29,63196.15,1,Paid
LP0001660,L00091,C00154,2024-03-28,2024-03-29,60612.48,1,Paid
LP0001661,L00091,C00154,2024-04-28,2024-04-28,61971.89,0,Paid
LP0001662,L00091,C00154,2024-05-28,2024-06-07,63580.46,10,Late
LP0001663,L00091,C00154,2024-06-28,2024-07-02,62873.47,4,Paid
LP0001664,L00091,C00154,2024-07-28,2024-08-02,60391.4,5,Paid
LP0001665,L00091,C00154,2024-08-28,2024-09-03,62298.74,6,Late
LP0001666,L00092,C00502,2023-04-28,2023-05-01,8343.66,3,Paid
LP0001667,L00092,C00502,2023-05-28,2023-05-30,8474.32,2,Paid
LP0001668,L00092,C00502,2023-06-28,2023-07-07,8307.57,9,Late
LP0001669,L00092,C00502,2023-07-28,2023-08-03,8519.61,6,Late
LP0001670,L00092,C00502,2023-08-28,2023-09-06,8368.59,9,Late
LP0001671,L00092,C00502,2023-09-28,2023-10-01,8493.73,3,Paid
LP0001672,L00092,C00502,2023-10-28,2023-11-06,8336.93,9,Late
LP0001673,L00092,C00502,2023-11-28,2023-12-07,8710.04,9,Late
LP0001674,L00092,C00502,2023-12-28,2024-01-07,8421.77,10,Late
LP0001675,L00092,C00502,2024-01-28,2024-01-31,8540.48,3,Paid
LP0001676,L00092,C00502,2024-02-28,2024-03-05,8731.99,6,Late
LP0001677,L00092,C00502,2024-03-28,2024-04-02,8443.74,5,Paid
LP0001678,L00092,C00502,2024-04-28,2024-05-04,8646.65,6,Late
LP0001679,L00092,C00502,2024-05-28,2024-06-04,8274.74,7,Late
LP0001680,L00092,C00502,2024-06-28,2024-07-02,8655.94,4,Paid
LP0001681,L00092,C00502,2024-07-28,2024-07-29,8337.2,1,Paid
LP0001682,L00092,C00502,2024-08-28,2024-08-31,8544.05,3,Paid
LP0001683,L00092,C00502,2024-09-28,2024-10-02,8547.06,4,Paid
LP0001684,L00092,C00502,2024-10-28,2024-10-30,8562.1,2,Paid
LP0001685,L00092,C00502,2024-11-28,2024-12-06,8736.93,8,Late
LP0001686,L00092,C00502,2024-12-28,2024-12-29,8522.53,1,Paid
LP0001687,L00092,C00502,2025-01-28,2025-02-03,8431.82,6,Late
LP0001688,L00092,C00502,2025-02-28,2025-03-04,8676.41,4,Paid
LP0001689,L00092,C00502,2025-03-28,2025-04-03,8385.02,6,Late
LP0001690,L00093,C00406,2023-11-28,2023-12-04,4862.44,6,Late
LP0001691,L00093,C00406,2023-12-28,2023-12-31,4784.16,3,Paid
LP0001692,L00093,C00406,2024-01-28,2024-02-01,5024.71,4,Paid
LP0001693,L00093,C00406,2024-02-28,2024-03-04,4963.43,5,Paid
LP0001694,L00093,C00406,2024-03-28,2024-04-06,5046.44,9,Late
LP0001695,L00093,C00406,2024-04-28,2024-05-02,4869.18,4,Paid
LP0001696,L00093,C00406,2024-05-28,2024-06-03,4921.91,6,Late
LP0001697,L00093,C00406,2024-06-28,2024-06-29,4867.81,1,Paid
LP0001698,L00093,C00406,2024-07-28,2024-08-05,4931.25,8,Late
LP0001699,L00093,C00406,2024-08-28,2024-08-29,5029.13,1,Paid
LP0001700,L00093,C00406,2024-09-28,2024-10-04,4965.86,6,Late
LP0001701,L00093,C00406,2024-10-28,2024-11-07,5032.94,10,Late
LP0001702,L00093,C00406,2024-11-28,2024-11-29,4916.66,1,Paid
LP0001703,L00093,C00406,2024-12-28,2025-01-06,4921.51,9,Late
LP0001704,L00093,C00406,2025-01-28,2025-02-04,5017.73,7,Late
LP0001705,L00093,C00406,2025-02-28,2025-03-03,4830.03,3,Paid
LP0001706,L00093,C00406,2025-03-28,2025-04-07,4983.06,10,Late
LP0001707,L00093,C00406,2025-04-28,2025-04-30,4817.85,2,Paid
LP0001708,L00093,C00406,2025-05-28,2025-06-01,4805.25,4,Paid
LP0001709,L00093,C00406,2025-06-28,2025-07-01,4830.28,3,Paid
LP0001710,L00093,C00406,2025-07-28,2025-07-31,4963.0,3,Paid
LP0001711,L00093,C00406,2025-08-28,2025-09-05,4945.29,8,Late
LP0001712,L00093,C00406,2025-09-28,2025-10-01,4789.93,3,Paid
LP0001713,L00093,C00406,2025-10-28,2025-11-06,4873.23,9,Late
LP0001714,L00094,C00860,2024-02-28,2024-03-01,17720.19,2,Paid
LP0001715,L00094,C00860,2024-03-28,2024-04-06,18152.03,9,Late
LP0001716,L00094,C00860,2024-04-28,2024-05-08,17536.62,10,Late
LP0001717,L00094,C00860,2024-05-28,2024-05-28,17649.39,0,Paid
LP0001718,L00094,C00860,2024-06-28,2024-06-28,18207.83,0,Paid
LP0001719,L00094,C00860,2024-07-28,2024-07-31,18204.14,3,Paid
LP0001720,L00094,C00860,2024-08-28,2024-09-05,18356.86,8,Late
LP0001721,L00094,C00860,2024-09-28,2024-10-04,17832.31,6,Late
LP0001722,L00094,C00860,2024-10-28,2024-11-01,17873.74,4,Paid
LP0001723,L00094,C00860,2024-11-28,2024-12-05,18072.55,7,Late
LP0001724,L00094,C00860,2024-12-28,2025-01-03,17417.63,6,Late
LP0001725,L00094,C00860,2025-01-28,2025-01-30,17870.31,2,Paid
LP0001726,L00094,C00860,2025-02-28,2025-03-07,18159.99,7,Late
LP0001727,L00094,C00860,2025-03-28,2025-04-06,17821.27,9,Late
LP0001728,L00094,C00860,2025-04-28,2025-05-04,17589.25,6,Late
LP0001729,L00094,C00860,2025-05-28,2025-06-05,17402.71,8,Late
LP0001730,L00094,C00860,2025-06-28,2025-07-01,18414.96,3,Paid
LP0001731,L00094,C00860,2025-07-28,2025-08-04,17579.57,7,Late
LP0001732,L00094,C00860,2025-08-28,2025-08-28,18277.59,0,Paid
LP0001733,L00094,C00860,2025-09-28,2025-10-06,18420.47,8,Late
LP0001734,L00094,C00860,2025-10-28,2025-10-30,17587.86,2,Paid
LP0001735,L00094,C00860,2025-11-28,2025-11-28,17977.91,0,Paid
LP0001736,L00094,C00860,2025-12-28,2025-12-28,17471.94,0,Paid
LP0001737,L00094,C00860,2026-01-28,2026-02-06,17954.02,9,Late
LP0001738,L00095,C00505,2023-09-28,2023-10-02,56138.08,4,Paid
LP0001739,L00095,C00505,2023-10-28,2023-10-28,56700.99,0,Paid
LP0001740,L00095,C00505,2023-11-28,2023-12-05,55793.08,7,Late
LP0001741,L00095,C00505,2023-12-28,2024-01-05,56908.56,8,Late
LP0001742,L00095,C00505,2024-01-28,2024-02-03,55039.23,6,Late
LP0001743,L00095,C00505,2024-02-28,2024-02-28,56473.28,0,Paid
LP0001744,L00095,C00505,2024-03-28,2024-04-07,56682.18,10,Late
LP0001745,L00095,C00505,2024-04-28,2024-05-08,57371.27,10,Late
LP0001746,L00095,C00505,2024-05-28,2024-06-03,57405.1,6,Late
LP0001747,L00095,C00505,2024-06-28,2024-07-04,56125.43,6,Late
LP0001748,L00095,C00505,2024-07-28,2024-08-07,55158.24,10,Late
LP0001749,L00095,C00505,2024-08-28,2024-09-07,56766.03,10,Late
LP0001750,L00095,C00505,2024-09-28,2024-10-04,56409.14,6,Late
LP0001751,L00095,C00505,2024-10-28,,0,31,Missed
LP0001752,L00095,C00505,2024-11-28,2025-01-14,53410.23,47,Partial
LP0001753,L00095,C00505,2024-12-28,2025-01-22,29910.04,25,Partial
LP0001754,L00095,C00505,2025-01-28,2025-02-22,36894.11,25,Partial
LP0001755,L00095,C00505,2025-02-28,,0,116,Missed
LP0001756,L00095,C00505,2025-03-28,,0,94,Missed
LP0001757,L00095,C00505,2025-04-28,,0,39,Missed
LP0001758,L00095,C00505,2025-05-28,,0,47,Missed
LP0001759,L00095,C00505,2025-06-28,2025-08-21,30966.79,54,Partial
LP0001760,L00095,C00505,2025-07-28,2025-09-09,56073.57,43,Partial
LP0001761,L00095,C00505,2025-08-28,,0,35,Missed
LP0001762,L00096,C00674,2023-05-28,2023-06-05,10375.99,8,Late
LP0001763,L00096,C00674,2023-06-28,2023-07-01,10505.21,3,Paid
LP0001764,L00096,C00674,2023-07-28,2023-07-28,10731.16,0,Paid
LP0001765,L00096,C00674,2023-08-28,2023-09-02,10902.01,5,Paid
LP0001766,L00096,C00674,2023-09-28,2023-10-02,10500.74,4,Paid
LP0001767,L00096,C00674,2023-10-28,2023-11-05,10966.61,8,Late
LP0001768,L00096,C00674,2023-11-28,2023-12-06,10702.84,8,Late
LP0001769,L00096,C00674,2023-12-28,2024-01-01,10909.91,4,Paid
LP0001770,L00096,C00674,2024-01-28,2024-02-05,10493.88,8,Late
LP0001771,L00096,C00674,2024-02-28,2024-03-03,10602.44,4,Paid
LP0001772,L00096,C00674,2024-03-28,2024-04-02,10680.89,5,Paid
LP0001773,L00096,C00674,2024-04-28,2024-05-05,10921.8,7,Late
LP0001774,L00096,C00674,2024-05-28,2024-06-07,10422.8,10,Late
LP0001775,L00096,C00674,2024-06-28,2024-06-28,10453.04,0,Paid
LP0001776,L00096,C00674,2024-07-28,2024-07-31,10381.08,3,Paid
LP0001777,L00096,C00674,2024-08-28,2024-09-05,10775.87,8,Late
LP0001778,L00096,C00674,2024-09-28,2024-10-04,10785.78,6,Late
LP0001779,L00096,C00674,2024-10-28,2024-11-03,10526.46,6,Late
LP0001780,L00096,C00674,2024-11-28,2024-12-03,10925.58,5,Paid
LP0001781,L00096,C00674,2024-12-28,2025-01-06,10901.44,9,Late
LP0001782,L00096,C00674,2025-01-28,2025-02-04,10742.42,7,Late
LP0001783,L00096,C00674,2025-02-28,2025-03-04,10478.47,4,Paid
LP0001784,L00096,C00674,2025-03-28,2025-03-28,10675.79,0,Paid
LP0001785,L00096,C00674,2025-04-28,2025-05-06,10341.67,8,Late
LP0001786,L00097,C00957,2024-07-28,2024-07-31,79988.19,3,Paid
LP0001787,L00097,C00957,2024-08-28,2024-08-30,82286.05,2,Paid
LP0001788,L00097,C00957,2024-09-28,2024-10-08,81581.09,10,Late
LP0001789,L00097,C00957,2024-10-28,2024-10-31,79957.78,3,Paid
LP0001790,L00097,C00957,2024-11-28,2024-11-30,79858.84,2,Paid
LP0001791,L00097,C00957,2024-12-28,2025-01-05,80384.82,8,Late
LP0001792,L00097,C00957,2025-01-28,2025-01-28,79228.36,0,Paid
LP0001793,L00097,C00957,2025-02-28,2025-03-01,79451.31,1,Paid
LP0001794,L00097,C00957,2025-03-28,2025-04-02,80187.92,5,Paid
LP0001795,L00097,C00957,2025-04-28,2025-05-08,78318.78,10,Late
LP0001796,L00097,C00957,2025-05-28,2025-06-07,81379.12,10,Late
LP0001797,L00097,C00957,2025-06-28,2025-07-01,81284.78,3,Paid
LP0001798,L00097,C00957,2025-07-28,2025-08-01,81786.25,4,Paid
LP0001799,L00097,C00957,2025-08-28,2025-10-06,66956.78,39,Partial
LP0001800,L00097,C00957,2025-09-28,,0,106,Missed
LP0001801,L00097,C00957,2025-10-28,,0,62,Missed
LP0001802,L00097,C00957,2025-11-28,,0,44,Missed
LP0001803,L00097,C00957,2025-12-28,2026-01-26,46508.26,29,Partial
LP0001804,L00097,C00957,2026-01-28,,0,108,Missed
LP0001805,L00097,C00957,2026-02-28,,0,47,Missed
LP0001806,L00097,C00957,2026-03-28,2026-05-10,73226.82,43,Partial
LP0001807,L00097,C00957,2026-04-28,,0,81,Missed
LP0001808,L00097,C00957,2026-05-28,2026-07-03,70781.55,36,Partial
LP0001809,L00097,C00957,2026-06-28,,0,82,Missed
LP0001810,L00098,C00822,2024-07-28,2024-08-03,11438.3,6,Late
LP0001811,L00098,C00822,2024-08-28,2024-09-06,11771.89,9,Late
LP0001812,L00098,C00822,2024-09-28,2024-10-05,11699.32,7,Late
LP0001813,L00098,C00822,2024-10-28,2024-11-02,11931.86,5,Paid
LP0001814,L00098,C00822,2024-11-28,2024-12-03,11783.59,5,Paid
LP0001815,L00098,C00822,2024-12-28,2025-01-02,11974.27,5,Paid
LP0001816,L00098,C00822,2025-01-28,2025-02-07,11939.96,10,Late
LP0001817,L00098,C00822,2025-02-28,2025-03-02,11525.39,2,Paid
LP0001818,L00098,C00822,2025-03-28,2025-04-05,11893.81,8,Late
LP0001819,L00098,C00822,2025-04-28,2025-05-04,11659.62,6,Late
LP0001820,L00098,C00822,2025-05-28,2025-06-06,11466.18,9,Late
LP0001821,L00098,C00822,2025-06-28,2025-07-07,11379.32,9,Late
LP0001822,L00098,C00822,2025-07-28,2025-08-04,11454.51,7,Late
LP0001823,L00098,C00822,2025-08-28,2025-09-03,11672.08,6,Late
LP0001824,L00098,C00822,2025-09-28,2025-10-02,11371.49,4,Paid
LP0001825,L00098,C00822,2025-10-28,2025-11-07,11357.32,10,Late
LP0001826,L00098,C00822,2025-11-28,2025-12-03,12034.67,5,Paid
LP0001827,L00098,C00822,2025-12-28,2026-01-01,11413.96,4,Paid
LP0001828,L00098,C00822,2026-01-28,2026-02-05,11455.65,8,Late
LP0001829,L00098,C00822,2026-02-28,2026-03-03,11731.65,3,Paid
LP0001830,L00098,C00822,2026-03-28,2026-04-07,11717.94,10,Late
LP0001831,L00098,C00822,2026-04-28,2026-05-01,12034.65,3,Paid
LP0001832,L00098,C00822,2026-05-28,2026-06-06,11435.52,9,Late
LP0001833,L00098,C00822,2026-06-28,2026-07-01,11926.12,3,Paid
LP0001834,L00099,C00784,2024-02-28,2024-03-09,7988.03,10,Late
LP0001835,L00099,C00784,2024-03-28,2024-04-05,7817.88,8,Late
LP0001836,L00099,C00784,2024-04-28,2024-04-30,7802.71,2,Paid
LP0001837,L00099,C00784,2024-05-28,2024-06-01,7833.43,4,Paid
LP0001838,L00099,C00784,2024-06-28,2024-07-06,7982.84,8,Late
LP0001839,L00099,C00784,2024-07-28,2024-07-30,7899.44,2,Paid
LP0001840,L00099,C00784,2024-08-28,2024-09-03,8097.73,6,Late
LP0001841,L00099,C00784,2024-09-28,2024-09-28,7740.62,0,Paid
LP0001842,L00099,C00784,2024-10-28,2024-11-03,7809.69,6,Late
LP0001843,L00099,C00784,2024-11-28,2024-12-02,7936.47,4,Paid
LP0001844,L00099,C00784,2024-12-28,2024-12-28,7897.81,0,Paid
LP0001845,L00099,C00784,2025-01-28,2025-02-01,7728.4,4,Paid
LP0001846,L00099,C00784,2025-02-28,2025-03-10,8070.87,10,Late
LP0001847,L00099,C00784,2025-03-28,2025-04-01,8026.66,4,Paid
LP0001848,L00099,C00784,2025-04-28,2025-05-07,7709.59,9,Late
LP0001849,L00099,C00784,2025-05-28,2025-05-30,7860.74,2,Paid
LP0001850,L00099,C00784,2025-06-28,2025-07-08,7806.24,10,Late
LP0001851,L00099,C00784,2025-07-28,2025-08-07,7821.9,10,Late
LP0001852,L00099,C00784,2025-08-28,2025-08-28,7978.17,0,Paid
LP0001853,L00099,C00784,2025-09-28,2025-09-30,8021.7,2,Paid
LP0001854,L00099,C00784,2025-10-28,2025-11-03,8040.51,6,Late
LP0001855,L00099,C00784,2025-11-28,2025-12-04,7934.24,6,Late
LP0001856,L00099,C00784,2025-12-28,2025-12-28,7910.05,0,Paid
LP0001857,L00099,C00784,2026-01-28,2026-02-03,7669.23,6,Late
LP0001858,L00100,C00896,2023-04-28,2023-05-07,29108.83,9,Late
LP0001859,L00100,C00896,2023-05-28,2023-06-06,29321.59,9,Late
LP0001860,L00100,C00896,2023-06-28,2023-06-29,27774.74,1,Paid
LP0001861,L00100,C00896,2023-07-28,2023-08-06,27946.52,9,Late
LP0001862,L00100,C00896,2023-08-28,2023-09-03,28374.55,6,Late
LP0001863,L00100,C00896,2023-09-28,2023-10-08,28782.0,10,Late
LP0001864,L00100,C00896,2023-10-28,2023-11-02,28294.32,5,Paid
LP0001865,L00100,C00896,2023-11-28,2023-12-02,29370.39,4,Paid
LP0001866,L00100,C00896,2023-12-28,2023-12-31,27830.36,3,Paid
LP0001867,L00100,C00896,2024-01-28,2024-01-29,28578.83,1,Paid
LP0001868,L00100,C00896,2024-02-28,2024-03-07,29256.7,8,Late
LP0001869,L00100,C00896,2024-03-28,2024-04-03,27987.58,6,Late
LP0001870,L00100,C00896,2024-04-28,2024-05-05,29012.65,7,Late
LP0001871,L00100,C00896,2024-05-28,2024-06-07,28950.31,10,Late
LP0001872,L00100,C00896,2024-06-28,2024-06-28,29328.9,0,Paid
LP0001873,L00100,C00896,2024-07-28,2024-08-02,28074.49,5,Paid
LP0001874,L00100,C00896,2024-08-28,2024-08-30,28347.51,2,Paid
LP0001875,L00100,C00896,2024-09-28,2024-10-08,28708.24,10,Late
LP0001876,L00100,C00896,2024-10-28,2024-11-05,29367.72,8,Late
LP0001877,L00100,C00896,2024-11-28,2024-12-05,28942.82,7,Late
LP0001878,L00100,C00896,2024-12-28,2024-12-31,27860.85,3,Paid
LP0001879,L00100,C00896,2025-01-28,2025-01-31,28034.9,3,Paid
LP0001880,L00100,C00896,2025-02-28,2025-03-06,29467.19,6,Late
LP0001881,L00100,C00896,2025-03-28,2025-04-02,29173.7,5,Paid
LP0001882,L00101,C00360,2022-10-28,2022-11-03,4558.33,6,Late
LP0001883,L00101,C00360,2022-11-28,2022-11-29,4415.7,1,Paid
LP0001884,L00101,C00360,2022-12-28,2023-01-04,4419.31,7,Late
LP0001885,L00101,C00360,2023-01-28,2023-02-05,4588.08,8,Late
LP0001886,L00101,C00360,2023-02-28,2023-03-06,4607.76,6,Late
LP0001887,L00101,C00360,2023-03-28,2023-03-29,4638.67,1,Paid
LP0001888,L00101,C00360,2023-04-28,2023-05-05,4428.59,7,Late
LP0001889,L00101,C00360,2023-05-28,2023-06-07,4651.84,10,Late
LP0001890,L00101,C00360,2023-06-28,2023-06-28,4577.34,0,Paid
LP0001891,L00101,C00360,2023-07-28,2023-08-02,4412.34,5,Paid
LP0001892,L00101,C00360,2023-08-28,2023-08-28,4514.1,0,Paid
LP0001893,L00101,C00360,2023-09-28,2023-09-30,4443.43,2,Paid
LP0001894,L00101,C00360,2023-10-28,2023-11-04,4673.92,7,Late
LP0001895,L00101,C00360,2023-11-28,2023-12-02,4469.99,4,Paid
LP0001896,L00101,C00360,2023-12-28,2024-01-06,4579.25,9,Late
LP0001897,L00101,C00360,2024-01-28,2024-02-07,4515.94,10,Late
LP0001898,L00101,C00360,2024-02-28,2024-03-01,4653.13,2,Paid
LP0001899,L00101,C00360,2024-03-28,2024-04-07,4590.0,10,Late
LP0001900,L00101,C00360,2024-04-28,2024-05-03,4419.79,5,Paid
LP0001901,L00101,C00360,2024-05-28,2024-06-02,4668.26,5,Paid
LP0001902,L00101,C00360,2024-06-28,2024-07-02,4539.14,4,Paid
LP0001903,L00101,C00360,2024-07-28,2024-08-04,4586.21,7,Late
LP0001904,L00101,C00360,2024-08-28,2024-09-01,4424.87,4,Paid
LP0001905,L00101,C00360,2024-09-28,2024-10-04,4407.26,6,Late
LP0001906,L00102,C00609,2022-11-28,2022-12-06,15427.96,8,Late
LP0001907,L00102,C00609,2022-12-28,2023-01-06,15897.32,9,Late
LP0001908,L00102,C00609,2023-01-28,2023-01-31,15747.93,3,Paid
LP0001909,L00102,C00609,2023-02-28,2023-03-08,15580.44,8,Late
LP0001910,L00102,C00609,2023-03-28,2023-04-04,15399.38,7,Late
LP0001911,L00102,C00609,2023-04-28,2023-05-07,15675.42,9,Late
LP0001912,L00102,C00609,2023-05-28,2023-06-05,15539.46,8,Late
LP0001913,L00102,C00609,2023-06-28,2023-07-03,15604.97,5,Paid
LP0001914,L00102,C00609,2023-07-28,2023-07-30,15134.46,2,Paid
LP0001915,L00102,C00609,2023-08-28,2023-08-29,15706.94,1,Paid
LP0001916,L00102,C00609,2023-09-28,2023-10-03,15231.76,5,Paid
LP0001917,L00102,C00609,2023-10-28,2023-11-05,15767.24,8,Late
LP0001918,L00102,C00609,2023-11-28,2023-11-30,15790.51,2,Paid
LP0001919,L00102,C00609,2023-12-28,2023-12-28,15830.73,0,Paid
LP0001920,L00102,C00609,2024-01-28,2024-01-29,15451.62,1,Paid
LP0001921,L00102,C00609,2024-02-28,2024-03-03,15758.64,4,Paid
LP0001922,L00102,C00609,2024-03-28,2024-03-28,15928.17,0,Paid
LP0001923,L00102,C00609,2024-04-28,2024-05-01,15664.1,3,Paid
LP0001924,L00102,C00609,2024-05-28,2024-05-30,15641.64,2,Paid
LP0001925,L00102,C00609,2024-06-28,2024-07-05,15506.29,7,Late
LP0001926,L00102,C00609,2024-07-28,2024-08-01,15354.19,4,Paid
LP0001927,L00102,C00609,2024-08-28,2024-09-01,15291.09,4,Paid
LP0001928,L00102,C00609,2024-09-28,2024-09-30,15632.36,2,Paid
LP0001929,L00102,C00609,2024-10-28,2024-11-01,15400.95,4,Paid
LP0001930,L00103,C00404,2024-05-28,2024-06-04,4726.45,7,Late
LP0001931,L00103,C00404,2024-06-28,2024-07-05,4774.0,7,Late
LP0001932,L00103,C00404,2024-07-28,2024-08-01,4826.37,4,Paid
LP0001933,L00103,C00404,2024-08-28,2024-08-28,4661.22,0,Paid
LP0001934,L00103,C00404,2024-09-28,2024-10-05,4844.75,7,Late
LP0001935,L00103,C00404,2024-10-28,2024-10-30,4651.85,2,Paid
LP0001936,L00103,C00404,2024-11-28,2024-12-08,4794.19,10,Late
LP0001937,L00103,C00404,2024-12-28,2025-01-01,4836.38,4,Paid
LP0001938,L00103,C00404,2025-01-28,2025-02-04,4620.28,7,Late
LP0001939,L00103,C00404,2025-02-28,2025-03-08,4637.48,8,Late
LP0001940,L00103,C00404,2025-03-28,2025-04-01,4606.81,4,Paid
LP0001941,L00103,C00404,2025-04-28,2025-04-28,4693.83,0,Paid
LP0001942,L00103,C00404,2025-05-28,2025-06-07,4831.96,10,Late
LP0001943,L00103,C00404,2025-06-28,2025-07-08,4824.14,10,Late
LP0001944,L00103,C00404,2025-07-28,2025-07-28,4586.83,0,Paid
LP0001945,L00103,C00404,2025-08-28,2025-09-06,4702.95,9,Late
LP0001946,L00103,C00404,2025-09-28,2025-10-02,4660.27,4,Paid
LP0001947,L00103,C00404,2025-10-28,2025-10-30,4751.46,2,Paid
LP0001948,L00103,C00404,2025-11-28,2025-11-30,4741.64,2,Paid
LP0001949,L00103,C00404,2025-12-28,2025-12-31,4596.41,3,Paid
LP0001950,L00103,C00404,2026-01-28,2026-02-07,4651.24,10,Late
LP0001951,L00103,C00404,2026-02-28,2026-03-01,4614.15,1,Paid
LP0001952,L00103,C00404,2026-03-28,2026-03-30,4697.68,2,Paid
LP0001953,L00103,C00404,2026-04-28,2026-05-06,4676.44,8,Late
LP0001954,L00104,C00966,2025-04-28,2025-05-07,2779.86,9,Late
LP0001955,L00104,C00966,2025-05-28,2025-05-28,2863.02,0,Paid
LP0001956,L00104,C00966,2025-06-28,2025-06-30,2748.84,2,Paid
LP0001957,L00104,C00966,2025-07-28,2025-08-06,2713.29,9,Late
LP0001958,L00104,C00966,2025-08-28,2025-09-02,2808.84,5,Paid
LP0001959,L00104,C00966,2025-09-28,2025-10-05,2795.55,7,Late
LP0001960,L00104,C00966,2025-10-28,2025-11-06,2716.16,9,Late
LP0001961,L00104,C00966,2025-11-28,2025-12-06,2825.57,8,Late
LP0001962,L00104,C00966,2025-12-28,2025-12-31,2745.55,3,Paid
LP0001963,L00104,C00966,2026-01-28,2026-02-02,2850.44,5,Paid
LP0001964,L00104,C00966,2026-02-28,2026-03-05,2861.97,5,Paid
LP0001965,L00104,C00966,2026-03-28,2026-04-07,2725.98,10,Late
LP0001966,L00104,C00966,2026-04-28,2026-05-01,2749.28,3,Paid
LP0001967,L00104,C00966,2026-05-28,2026-06-01,2747.34,4,Paid
LP0001968,L00104,C00966,2026-06-28,2026-07-05,2816.94,7,Late
LP0001969,L00104,C00966,2026-07-28,2026-08-05,2830.38,8,Late
LP0001970,L00104,C00966,2026-08-28,2026-09-03,2843.94,6,Late
LP0001971,L00105,C00893,2023-10-28,2023-10-31,215846.24,3,Paid
LP0001972,L00105,C00893,2023-11-28,2023-12-01,222755.93,3,Paid
LP0001973,L00105,C00893,2023-12-28,2024-01-06,223520.89,9,Late
LP0001974,L00105,C00893,2024-01-28,2024-01-31,219190.22,3,Paid
LP0001975,L00105,C00893,2024-02-28,2024-03-06,222077.4,7,Late
LP0001976,L00105,C00893,2024-03-28,2024-04-07,227082.2,10,Late
LP0001977,L00105,C00893,2024-04-28,2024-05-03,223134.2,5,Paid
LP0001978,L00105,C00893,2024-05-28,,0,118,Missed
LP0001979,L00105,C00893,2024-06-28,,0,50,Missed
LP0001980,L00105,C00893,2024-07-28,2024-08-23,198744.36,26,Partial
LP0001981,L00105,C00893,2024-08-28,,0,49,Missed
LP0001982,L00105,C00893,2024-09-28,2024-11-02,167364.12,35,Partial
LP0001983,L00106,C00818,2023-08-28,2023-09-01,25681.25,4,Paid
LP0001984,L00106,C00818,2023-09-28,2023-10-05,26794.37,7,Late
LP0001985,L00106,C00818,2023-10-28,2023-11-05,26183.1,8,Late
LP0001986,L00106,C00818,2023-11-28,2023-12-05,26264.42,7,Late
LP0001987,L00106,C00818,2023-12-28,2024-01-04,25351.86,7,Late
LP0001988,L00106,C00818,2024-01-28,2024-01-28,25849.05,0,Paid
LP0001989,L00106,C00818,2024-02-28,2024-02-28,25964.76,0,Paid
LP0001990,L00106,C00818,2024-03-28,2024-04-06,25850.78,9,Late
LP0001991,L00106,C00818,2024-04-28,2024-05-08,26398.67,10,Late
LP0001992,L00106,C00818,2024-05-28,2024-06-07,25899.47,10,Late
LP0001993,L00106,C00818,2024-06-28,2024-06-30,25872.35,2,Paid
LP0001994,L00106,C00818,2024-07-28,2024-07-31,25560.78,3,Paid
LP0001995,L00106,C00818,2024-08-28,2024-09-03,25551.09,6,Late
LP0001996,L00106,C00818,2024-09-28,2024-10-02,26386.57,4,Paid
LP0001997,L00106,C00818,2024-10-28,2024-10-31,25474.02,3,Paid
LP0001998,L00106,C00818,2024-11-28,2024-12-03,25978.92,5,Paid
LP0001999,L00106,C00818,2024-12-28,2024-12-28,26767.96,0,Paid
LP0002000,L00106,C00818,2025-01-28,2025-02-04,26218.65,7,Late
LP0002001,L00106,C00818,2025-02-28,2025-02-28,25669.93,0,Paid
LP0002002,L00106,C00818,2025-03-28,2025-04-04,25333.48,7,Late
LP0002003,L00106,C00818,2025-04-28,2025-05-06,26242.32,8,Late
LP0002004,L00106,C00818,2025-05-28,2025-06-07,25648.49,10,Late
LP0002005,L00106,C00818,2025-06-28,2025-07-07,26716.11,9,Late
LP0002006,L00106,C00818,2025-07-28,2025-08-04,26043.99,7,Late
LP0002007,L00107,C00271,2022-12-28,2023-01-02,64215.38,5,Paid
LP0002008,L00107,C00271,2023-01-28,2023-02-07,64324.42,10,Late
LP0002009,L00107,C00271,2023-02-28,2023-03-09,66018.92,9,Late
LP0002010,L00107,C00271,2023-03-28,2023-03-31,65103.01,3,Paid
LP0002011,L00107,C00271,2023-04-28,2023-04-29,66762.32,1,Paid
LP0002012,L00107,C00271,2023-05-28,2023-06-01,64997.4,4,Paid
LP0002013,L00107,C00271,2023-06-28,2023-07-02,63997.31,4,Paid
LP0002014,L00107,C00271,2023-07-28,2023-08-07,66745.56,10,Late
LP0002015,L00107,C00271,2023-08-28,2023-09-05,66223.06,8,Late
LP0002016,L00107,C00271,2023-09-28,2023-10-06,67170.19,8,Late
LP0002017,L00107,C00271,2023-10-28,2023-11-04,67400.68,7,Late
LP0002018,L00107,C00271,2023-11-28,2023-12-07,64178.14,9,Late
LP0002019,L00108,C00754,2022-01-28,2022-01-30,6884.22,2,Paid
LP0002020,L00108,C00754,2022-02-28,2022-03-02,7026.59,2,Paid
LP0002021,L00108,C00754,2022-03-28,2022-03-28,6759.9,0,Paid
LP0002022,L00108,C00754,2022-04-28,2022-05-03,6761.59,5,Paid
LP0002023,L00108,C00754,2022-05-28,2022-06-06,7018.75,9,Late
LP0002024,L00108,C00754,2022-06-28,2022-07-03,6787.05,5,Paid
LP0002025,L00108,C00754,2022-07-28,2022-08-01,6903.57,4,Paid
LP0002026,L00108,C00754,2022-08-28,2022-09-05,7063.49,8,Late
LP0002027,L00108,C00754,2022-09-28,2022-10-05,7116.09,7,Late
LP0002028,L00108,C00754,2022-10-28,2022-11-02,6985.2,5,Paid
LP0002029,L00108,C00754,2022-11-28,2022-12-01,6798.32,3,Paid
LP0002030,L00108,C00754,2022-12-28,2022-12-31,6747.46,3,Paid
LP0002031,L00108,C00754,2023-01-28,2023-02-07,6903.42,10,Late
LP0002032,L00108,C00754,2023-02-28,2023-03-03,6747.69,3,Paid
LP0002033,L00108,C00754,2023-03-28,2023-04-07,6806.67,10,Late
LP0002034,L00108,C00754,2023-04-28,2023-05-02,7057.72,4,Paid
LP0002035,L00108,C00754,2023-05-28,2023-06-02,7090.74,5,Paid
LP0002036,L00108,C00754,2023-06-28,2023-06-29,6974.18,1,Paid
LP0002037,L00108,C00754,2023-07-28,2023-08-03,7029.53,6,Late
LP0002038,L00108,C00754,2023-08-28,2023-09-04,6875.78,7,Late
LP0002039,L00108,C00754,2023-09-28,2023-10-08,6739.12,10,Late
LP0002040,L00108,C00754,2023-10-28,2023-10-29,7051.63,1,Paid
LP0002041,L00108,C00754,2023-11-28,2023-11-28,7044.67,0,Paid
LP0002042,L00108,C00754,2023-12-28,2023-12-30,6925.33,2,Paid
LP0002043,L00109,C00343,2025-07-28,2025-08-03,41489.15,6,Late
LP0002044,L00109,C00343,2025-08-28,2025-09-06,42656.23,9,Late
LP0002045,L00109,C00343,2025-09-28,2025-10-03,42950.11,5,Paid
LP0002046,L00109,C00343,2025-10-28,2025-11-05,42402.41,8,Late
LP0002047,L00109,C00343,2025-11-28,2025-12-05,40856.3,7,Late
LP0002048,L00109,C00343,2025-12-28,2025-12-28,41598.31,0,Paid
LP0002049,L00109,C00343,2026-01-28,2026-02-07,41029.65,10,Late
LP0002050,L00109,C00343,2026-02-28,2026-03-05,41286.7,5,Paid
LP0002051,L00109,C00343,2026-03-28,2026-04-07,40848.76,10,Late
LP0002052,L00109,C00343,2026-04-28,2026-05-08,42692.65,10,Late
LP0002053,L00109,C00343,2026-05-28,2026-05-31,40954.9,3,Paid
LP0002054,L00109,C00343,2026-06-28,2026-06-28,41547.61,0,Paid
LP0002055,L00110,C00531,2025-03-28,2025-03-31,5337.31,3,Paid
LP0002056,L00110,C00531,2025-04-28,2025-05-04,5368.34,6,Late
LP0002057,L00110,C00531,2025-05-28,2025-05-31,5113.06,3,Paid
LP0002058,L00110,C00531,2025-06-28,2025-07-06,5206.03,8,Late
LP0002059,L00110,C00531,2025-07-28,2025-08-06,5343.49,9,Late
LP0002060,L00110,C00531,2025-08-28,2025-09-07,5112.17,10,Late
LP0002061,L00110,C00531,2025-09-28,2025-10-05,5149.48,7,Late
LP0002062,L00110,C00531,2025-10-28,2025-11-03,5302.13,6,Late
LP0002063,L00110,C00531,2025-11-28,2025-11-30,5183.36,2,Paid
LP0002064,L00110,C00531,2025-12-28,2026-01-05,5271.33,8,Late
LP0002065,L00110,C00531,2026-01-28,2026-02-04,5158.96,7,Late
LP0002066,L00110,C00531,2026-02-28,2026-03-01,5083.67,1,Paid
LP0002067,L00110,C00531,2026-03-28,2026-04-02,5110.84,5,Paid
LP0002068,L00110,C00531,2026-04-28,2026-05-02,5297.41,4,Paid
LP0002069,L00110,C00531,2026-05-28,2026-05-31,5228.37,3,Paid
LP0002070,L00110,C00531,2026-06-28,2026-06-30,5328.58,2,Paid
LP0002071,L00110,C00531,2026-07-28,2026-07-28,5198.77,0,Paid
LP0002072,L00110,C00531,2026-08-28,2026-09-04,5248.26,7,Late
LP0002073,L00111,C00456,2022-06-28,2022-06-29,34585.09,1,Paid
LP0002074,L00111,C00456,2022-07-28,2022-08-07,34562.65,10,Late
LP0002075,L00111,C00456,2022-08-28,2022-09-07,35211.06,10,Late
LP0002076,L00111,C00456,2022-09-28,2022-09-29,35179.6,1,Paid
LP0002077,L00111,C00456,2022-10-28,2022-11-06,34721.8,9,Late
LP0002078,L00111,C00456,2022-11-28,2022-12-02,34595.78,4,Paid
LP0002079,L00111,C00456,2022-12-28,2023-01-07,35139.66,10,Late
LP0002080,L00111,C00456,2023-01-28,2023-02-07,34740.17,10,Late
LP0002081,L00111,C00456,2023-02-28,2023-03-10,34484.81,10,Late
LP0002082,L00111,C00456,2023-03-28,2023-03-31,35093.85,3,Paid
LP0002083,L00111,C00456,2023-04-28,2023-04-28,35960.71,0,Paid
LP0002084,L00111,C00456,2023-05-28,2023-05-30,35543.14,2,Paid
LP0002085,L00111,C00456,2023-06-28,2023-07-05,35909.07,7,Late
LP0002086,L00111,C00456,2023-07-28,2023-07-29,35704.51,1,Paid
LP0002087,L00111,C00456,2023-08-28,2023-09-04,35725.34,7,Late
LP0002088,L00111,C00456,2023-09-28,2023-10-01,35330.82,3,Paid
LP0002089,L00111,C00456,2023-10-28,2023-11-03,35041.54,6,Late
LP0002090,L00111,C00456,2023-11-28,2023-11-28,35291.56,0,Paid
LP0002091,L00111,C00456,2023-12-28,2023-12-28,34606.11,0,Paid
LP0002092,L00111,C00456,2024-01-28,2024-01-29,35813.45,1,Paid
LP0002093,L00111,C00456,2024-02-28,2024-03-01,34667.15,2,Paid
LP0002094,L00111,C00456,2024-03-28,2024-04-07,35839.02,10,Late
LP0002095,L00111,C00456,2024-04-28,2024-04-28,35901.61,0,Paid
LP0002096,L00111,C00456,2024-05-28,2024-05-29,35304.1,1,Paid
LP0002097,L00112,C00672,2025-07-28,2025-08-03,6116.52,6,Late
LP0002098,L00112,C00672,2025-08-28,2025-08-28,6125.32,0,Paid
LP0002099,L00112,C00672,2025-09-28,2025-10-07,5988.62,9,Late
LP0002100,L00112,C00672,2025-10-28,2025-11-01,6254.8,4,Paid
LP0002101,L00112,C00672,2025-11-28,2025-12-03,6102.28,5,Paid
LP0002102,L00112,C00672,2025-12-28,2025-12-29,6177.72,1,Paid
LP0002103,L00112,C00672,2026-01-28,2026-02-03,6217.82,6,Late
LP0002104,L00112,C00672,2026-02-28,2026-03-10,6088.37,10,Late
LP0002105,L00112,C00672,2026-03-28,2026-03-28,6306.31,0,Paid
LP0002106,L00112,C00672,2026-04-28,2026-05-03,5969.92,5,Paid
LP0002107,L00112,C00672,2026-05-28,2026-06-01,6036.16,4,Paid
LP0002108,L00112,C00672,2026-06-28,2026-06-28,6232.73,0,Paid
LP0002109,L00112,C00672,2026-07-28,2026-07-28,6313.16,0,Paid
LP0002110,L00112,C00672,2026-08-28,2026-09-03,6190.53,6,Late
LP0002111,L00113,C00760,2025-09-28,2025-10-03,4775.17,5,Paid
LP0002112,L00113,C00760,2025-10-28,2025-11-01,4777.42,4,Paid
LP0002113,L00113,C00760,2025-11-28,2025-12-04,4887.38,6,Late
LP0002114,L00113,C00760,2025-12-28,2026-01-03,4749.07,6,Late
LP0002115,L00113,C00760,2026-01-28,2026-02-04,4898.37,7,Late
LP0002116,L00113,C00760,2026-02-28,2026-03-02,4813.77,2,Paid
LP0002117,L00113,C00760,2026-03-28,2026-04-04,4782.67,7,Late
LP0002118,L00113,C00760,2026-04-28,2026-05-02,4668.86,4,Paid
LP0002119,L00113,C00760,2026-05-28,2026-05-28,4741.83,0,Paid
LP0002120,L00113,C00760,2026-06-28,2026-07-04,4794.15,6,Late
LP0002121,L00113,C00760,2026-07-28,2026-08-06,4650.88,9,Late
LP0002122,L00113,C00760,2026-08-28,2026-08-30,4714.17,2,Paid
LP0002123,L00114,C00397,2026-02-28,2026-02-28,12427.51,0,Paid
LP0002124,L00114,C00397,2026-03-28,2026-04-01,12634.34,4,Paid
LP0002125,L00114,C00397,2026-04-28,2026-05-04,12537.73,6,Late
LP0002126,L00114,C00397,2026-05-28,2026-05-30,12061.12,2,Paid
LP0002127,L00114,C00397,2026-06-28,2026-07-05,12445.67,7,Late
LP0002128,L00114,C00397,2026-07-28,2026-08-03,12594.83,6,Late
LP0002129,L00114,C00397,2026-08-28,2026-09-03,12678.47,6,Late
LP0002130,L00115,C00395,2025-02-28,2025-03-05,5217.37,5,Paid
LP0002131,L00115,C00395,2025-03-28,2025-04-04,5217.19,7,Late
LP0002132,L00115,C00395,2025-04-28,2025-04-28,5249.74,0,Paid
LP0002133,L00115,C00395,2025-05-28,2025-06-01,5199.73,4,Paid
LP0002134,L00115,C00395,2025-06-28,2025-07-07,5147.25,9,Late
LP0002135,L00115,C00395,2025-07-28,2025-08-04,5373.07,7,Late
LP0002136,L00115,C00395,2025-08-28,2025-08-29,5349.38,1,Paid
LP0002137,L00115,C00395,2025-09-28,2025-10-04,5194.65,6,Late
LP0002138,L00115,C00395,2025-10-28,2025-10-31,5167.1,3,Paid
LP0002139,L00115,C00395,2025-11-28,2025-12-07,5402.92,9,Late
LP0002140,L00115,C00395,2025-12-28,2026-01-03,5182.71,6,Late
LP0002141,L00115,C00395,2026-01-28,2026-01-28,5299.73,0,Paid
LP0002142,L00115,C00395,2026-02-28,2026-02-28,5284.72,0,Paid
LP0002143,L00115,C00395,2026-03-28,2026-03-29,5273.72,1,Paid
LP0002144,L00115,C00395,2026-04-28,2026-04-28,5217.35,0,Paid
LP0002145,L00115,C00395,2026-05-28,2026-06-04,5165.59,7,Late
LP0002146,L00115,C00395,2026-06-28,2026-07-07,5165.89,9,Late
LP0002147,L00115,C00395,2026-07-28,2026-07-29,5185.31,1,Paid
LP0002148,L00115,C00395,2026-08-28,2026-09-07,5414.62,10,Late
LP0002149,L00116,C00974,2022-05-28,2022-06-07,25427.88,10,Late
LP0002150,L00116,C00974,2022-06-28,2022-07-05,24812.71,7,Late
LP0002151,L00116,C00974,2022-07-28,2022-08-03,25158.79,6,Late
LP0002152,L00116,C00974,2022-08-28,2022-08-29,25038.81,1,Paid
LP0002153,L00116,C00974,2022-09-28,2022-10-02,24766.91,4,Paid
LP0002154,L00116,C00974,2022-10-28,2022-10-28,24998.92,0,Paid
LP0002155,L00116,C00974,2022-11-28,2022-12-07,24729.32,9,Late
LP0002156,L00116,C00974,2022-12-28,2022-12-28,24971.71,0,Paid
LP0002157,L00116,C00974,2023-01-28,2023-02-01,25070.88,4,Paid
LP0002158,L00116,C00974,2023-02-28,2023-03-01,25440.03,1,Paid
LP0002159,L00116,C00974,2023-03-28,2023-03-30,25054.74,2,Paid
LP0002160,L00116,C00974,2023-04-28,2023-05-06,24477.97,8,Late
LP0002161,L00116,C00974,2023-05-28,2023-06-05,25151.02,8,Late
LP0002162,L00116,C00974,2023-06-28,2023-08-12,16320.11,45,Partial
LP0002163,L00116,C00974,2023-07-28,2023-09-13,19160.8,47,Partial
LP0002164,L00116,C00974,2023-08-28,,0,57,Missed
LP0002165,L00116,C00974,2023-09-28,,0,81,Missed
LP0002166,L00116,C00974,2023-10-28,2023-12-09,19145.03,42,Partial
LP0002167,L00116,C00974,2023-11-28,,0,62,Missed
LP0002168,L00116,C00974,2023-12-28,,0,119,Missed
LP0002169,L00116,C00974,2024-01-28,,0,34,Missed
LP0002170,L00116,C00974,2024-02-28,2024-04-03,13255.6,35,Partial
LP0002171,L00116,C00974,2024-03-28,2024-05-04,16593.73,37,Partial
LP0002172,L00116,C00974,2024-04-28,,0,54,Missed
LP0002173,L00117,C00266,2025-08-28,2025-08-31,16543.03,3,Paid
LP0002174,L00117,C00266,2025-09-28,2025-09-30,16885.04,2,Paid
LP0002175,L00117,C00266,2025-10-28,2025-10-29,16224.18,1,Paid
LP0002176,L00117,C00266,2025-11-28,2025-12-03,16540.25,5,Paid
LP0002177,L00117,C00266,2025-12-28,2026-01-05,17125.16,8,Late
LP0002178,L00117,C00266,2026-01-28,2026-02-01,16176.33,4,Paid
LP0002179,L00117,C00266,2026-02-28,2026-03-02,17064.42,2,Paid
LP0002180,L00117,C00266,2026-03-28,2026-03-30,17105.55,2,Paid
LP0002181,L00117,C00266,2026-04-28,2026-05-04,16467.01,6,Late
LP0002182,L00117,C00266,2026-05-28,2026-06-06,16800.82,9,Late
LP0002183,L00117,C00266,2026-06-28,2026-06-29,16798.97,1,Paid
LP0002184,L00117,C00266,2026-07-28,2026-08-04,16238.27,7,Late
LP0002185,L00118,C00839,2022-01-28,2022-02-02,19782.22,5,Paid
LP0002186,L00118,C00839,2022-02-28,2022-03-04,20531.15,4,Paid
LP0002187,L00118,C00839,2022-03-28,2022-03-30,20523.6,2,Paid
LP0002188,L00118,C00839,2022-04-28,2022-05-01,20519.64,3,Paid
LP0002189,L00118,C00839,2022-05-28,2022-06-02,20819.19,5,Paid
LP0002190,L00118,C00839,2022-06-28,2022-07-04,20492.84,6,Late
LP0002191,L00118,C00839,2022-07-28,2022-08-04,20913.18,7,Late
LP0002192,L00118,C00839,2022-08-28,2022-08-29,20685.04,1,Paid
LP0002193,L00118,C00839,2022-09-28,2022-09-29,20789.52,1,Paid
LP0002194,L00118,C00839,2022-10-28,2022-11-06,19790.51,9,Late
LP0002195,L00118,C00839,2022-11-28,2022-11-29,20339.15,1,Paid
LP0002196,L00118,C00839,2022-12-28,2022-12-29,20578.78,1,Paid
LP0002197,L00118,C00839,2023-01-28,2023-02-03,20698.26,6,Late
LP0002198,L00118,C00839,2023-02-28,,0,86,Missed
LP0002199,L00118,C00839,2023-03-28,,0,85,Missed
LP0002200,L00118,C00839,2023-04-28,,0,63,Missed
LP0002201,L00118,C00839,2023-05-28,2023-07-16,17095.84,49,Partial
LP0002202,L00118,C00839,2023-06-28,,0,107,Missed
LP0002203,L00118,C00839,2023-07-28,2023-09-12,19386.64,46,Partial
LP0002204,L00118,C00839,2023-08-28,2023-10-27,11108.17,60,Partial
LP0002205,L00118,C00839,2023-09-28,2023-11-25,16485.08,58,Partial
LP0002206,L00118,C00839,2023-10-28,,0,98,Missed
LP0002207,L00118,C00839,2023-11-28,,0,109,Missed
LP0002208,L00118,C00839,2023-12-28,2024-02-24,14490.33,58,Partial
LP0002209,L00119,C00598,2022-09-28,2022-09-28,32056.32,0,Paid
LP0002210,L00119,C00598,2022-10-28,2022-11-05,30973.21,8,Late
LP0002211,L00119,C00598,2022-11-28,2022-12-02,31422.73,4,Paid
LP0002212,L00119,C00598,2022-12-28,2022-12-29,31652.75,1,Paid
LP0002213,L00119,C00598,2023-01-28,2023-02-07,31648.44,10,Late
LP0002214,L00119,C00598,2023-02-28,2023-03-06,31017.84,6,Late
LP0002215,L00119,C00598,2023-03-28,2023-04-04,32282.81,7,Late
LP0002216,L00119,C00598,2023-04-28,2023-05-08,31124.83,10,Late
LP0002217,L00119,C00598,2023-05-28,2023-06-06,31365.52,9,Late
LP0002218,L00119,C00598,2023-06-28,2023-06-28,31615.23,0,Paid
LP0002219,L00119,C00598,2023-07-28,2023-08-04,30930.37,7,Late
LP0002220,L00119,C00598,2023-08-28,2023-08-28,31487.55,0,Paid
LP0002221,L00119,C00598,2023-09-28,2023-10-06,32253.81,8,Late
LP0002222,L00119,C00598,2023-10-28,2023-11-02,31892.06,5,Paid
LP0002223,L00119,C00598,2023-11-28,2023-12-02,32739.97,4,Paid
LP0002224,L00119,C00598,2023-12-28,2023-12-28,31320.97,0,Paid
LP0002225,L00119,C00598,2024-01-28,2024-02-07,31749.49,10,Late
LP0002226,L00119,C00598,2024-02-28,2024-03-09,31958.89,10,Late
LP0002227,L00119,C00598,2024-03-28,2024-04-02,32173.0,5,Paid
LP0002228,L00119,C00598,2024-04-28,2024-04-30,31378.05,2,Paid
LP0002229,L00119,C00598,2024-05-28,2024-05-28,30898.57,0,Paid
LP0002230,L00119,C00598,2024-06-28,2024-06-28,31211.01,0,Paid
LP0002231,L00119,C00598,2024-07-28,2024-08-02,30957.73,5,Paid
LP0002232,L00119,C00598,2024-08-28,2024-09-05,32484.23,8,Late
LP0002233,L00120,C00649,2022-08-28,2022-08-29,16737.56,1,Paid
LP0002234,L00120,C00649,2022-09-28,2022-10-07,16849.45,9,Late
LP0002235,L00120,C00649,2022-10-28,2022-11-03,16466.31,6,Late
LP0002236,L00120,C00649,2022-11-28,2022-11-30,16978.27,2,Paid
LP0002237,L00120,C00649,2022-12-28,2023-01-06,16592.92,9,Late
LP0002238,L00120,C00649,2023-01-28,2023-02-04,16709.38,7,Late
LP0002239,L00120,C00649,2023-02-28,2023-03-10,17253.75,10,Late
LP0002240,L00120,C00649,2023-03-28,2023-04-06,16559.4,9,Late
LP0002241,L00120,C00649,2023-04-28,2023-05-03,17157.18,5,Paid
LP0002242,L00120,C00649,2023-05-28,2023-05-31,16469.41,3,Paid
LP0002243,L00120,C00649,2023-06-28,2023-07-03,16362.75,5,Paid
LP0002244,L00120,C00649,2023-07-28,2023-08-06,16325.09,9,Late
LP0002245,L00121,C00272,2025-06-28,2025-06-28,68224.72,0,Paid
LP0002246,L00121,C00272,2025-07-28,2025-08-03,68626.96,6,Late
LP0002247,L00121,C00272,2025-08-28,2025-09-01,71555.73,4,Paid
LP0002248,L00121,C00272,2025-09-28,2025-09-30,71769.35,2,Paid
LP0002249,L00121,C00272,2025-10-28,2025-11-04,71501.66,7,Late
LP0002250,L00121,C00272,2025-11-28,2025-12-05,70572.7,7,Late
LP0002251,L00121,C00272,2025-12-28,2026-01-04,67883.99,7,Late
LP0002252,L00121,C00272,2026-01-28,2026-02-02,70070.09,5,Paid
LP0002253,L00121,C00272,2026-02-28,2026-03-10,68346.66,10,Late
LP0002254,L00121,C00272,2026-03-28,2026-04-05,68375.44,8,Late
LP0002255,L00121,C00272,2026-04-28,2026-05-07,70411.01,9,Late
LP0002256,L00121,C00272,2026-05-28,2026-06-02,70756.98,5,Paid
LP0002257,L00121,C00272,2026-06-28,2026-07-02,68485.1,4,Paid
LP0002258,L00121,C00272,2026-07-28,2026-08-01,68725.98,4,Paid
LP0002259,L00121,C00272,2026-08-28,2026-08-30,68036.89,2,Paid
LP0002260,L00122,C00454,2025-11-28,2025-12-06,89733.4,8,Late
LP0002261,L00122,C00454,2025-12-28,2025-12-29,86994.05,1,Paid
LP0002262,L00122,C00454,2026-01-28,2026-02-07,90930.39,10,Late
LP0002263,L00122,C00454,2026-02-28,2026-03-07,88514.6,7,Late
LP0002264,L00122,C00454,2026-03-28,2026-04-01,90508.35,4,Paid
LP0002265,L00122,C00454,2026-04-28,2026-05-08,91506.85,10,Late
LP0002266,L00122,C00454,2026-05-28,,0,99,Missed
LP0002267,L00122,C00454,2026-06-28,2026-07-28,80384.27,30,Partial
LP0002268,L00122,C00454,2026-07-28,2026-09-04,53624.79,38,Partial
LP0002269,L00122,C00454,2026-08-28,2026-10-13,54111.1,46,Partial
LP0002270,L00123,C00763,2023-11-28,2023-12-01,3196.48,3,Paid
LP0002271,L00123,C00763,2023-12-28,2024-01-02,3349.55,5,Paid
LP0002272,L00123,C00763,2024-01-28,2024-02-02,3202.81,5,Paid
LP0002273,L00123,C00763,2024-02-28,2024-03-02,3202.33,3,Paid
LP0002274,L00123,C00763,2024-03-28,2024-03-31,3222.73,3,Paid
LP0002275,L00123,C00763,2024-04-28,2024-04-30,3192.28,2,Paid
LP0002276,L00123,C00763,2024-05-28,2024-05-31,3285.11,3,Paid
LP0002277,L00123,C00763,2024-06-28,2024-07-05,3328.82,7,Late
LP0002278,L00123,C00763,2024-07-28,2024-08-03,3237.4,6,Late
LP0002279,L00123,C00763,2024-08-28,2024-09-03,3205.97,6,Late
LP0002280,L00123,C00763,2024-09-28,2024-09-28,3269.78,0,Paid
LP0002281,L00123,C00763,2024-10-28,2024-10-31,3246.8,3,Paid
LP0002282,L00123,C00763,2024-11-28,2024-11-28,3255.94,0,Paid
LP0002283,L00123,C00763,2024-12-28,2025-01-01,3341.6,4,Paid
LP0002284,L00123,C00763,2025-01-28,2025-02-02,3324.83,5,Paid
LP0002285,L00123,C00763,2025-02-28,2025-03-08,3182.13,8,Late
LP0002286,L00123,C00763,2025-03-28,2025-04-01,3326.92,4,Paid
LP0002287,L00123,C00763,2025-04-28,2025-04-30,3293.78,2,Paid
LP0002288,L00123,C00763,2025-05-28,2025-06-01,3181.61,4,Paid
LP0002289,L00123,C00763,2025-06-28,2025-07-08,3279.64,10,Late
LP0002290,L00123,C00763,2025-07-28,2025-08-05,3247.84,8,Late
LP0002291,L00123,C00763,2025-08-28,2025-09-02,3317.64,5,Paid
LP0002292,L00123,C00763,2025-09-28,2025-10-06,3259.94,8,Late
LP0002293,L00123,C00763,2025-10-28,2025-10-30,3286.6,2,Paid
LP0002294,L00124,C00081,2022-11-28,2022-12-05,9742.72,7,Late
LP0002295,L00124,C00081,2022-12-28,2023-01-03,10256.25,6,Late
LP0002296,L00124,C00081,2023-01-28,2023-01-30,10107.84,2,Paid
LP0002297,L00124,C00081,2023-02-28,2023-03-05,10251.61,5,Paid
LP0002298,L00124,C00081,2023-03-28,2023-04-04,10164.36,7,Late
LP0002299,L00124,C00081,2023-04-28,2023-05-04,9740.42,6,Late
LP0002300,L00124,C00081,2023-05-28,2023-05-28,9949.67,0,Paid
LP0002301,L00124,C00081,2023-06-28,2023-07-06,9808.73,8,Late
LP0002302,L00124,C00081,2023-07-28,2023-08-07,9810.47,10,Late
LP0002303,L00124,C00081,2023-08-28,2023-08-30,10183.48,2,Paid
LP0002304,L00124,C00081,2023-09-28,2023-10-08,9778.47,10,Late
LP0002305,L00124,C00081,2023-10-28,2023-11-03,10326.64,6,Late
LP0002306,L00124,C00081,2023-11-28,2023-12-03,10239.72,5,Paid
LP0002307,L00124,C00081,2023-12-28,2023-12-29,9779.47,1,Paid
LP0002308,L00124,C00081,2024-01-28,2024-01-31,10240.28,3,Paid
LP0002309,L00124,C00081,2024-02-28,2024-03-09,10295.05,10,Late
LP0002310,L00124,C00081,2024-03-28,2024-03-28,10323.38,0,Paid
LP0002311,L00124,C00081,2024-04-28,2024-05-01,10231.51,3,Paid
LP0002312,L00124,C00081,2024-05-28,2024-05-29,10227.83,1,Paid
LP0002313,L00124,C00081,2024-06-28,2024-07-02,10292.69,4,Paid
LP0002314,L00124,C00081,2024-07-28,2024-08-04,10015.63,7,Late
LP0002315,L00124,C00081,2024-08-28,2024-09-02,10184.32,5,Paid
LP0002316,L00124,C00081,2024-09-28,2024-10-06,10035.2,8,Late
LP0002317,L00124,C00081,2024-10-28,2024-11-07,9982.31,10,Late
LP0002318,L00125,C00358,2023-03-28,2023-04-04,13541.33,7,Late
LP0002319,L00125,C00358,2023-04-28,2023-05-05,14289.22,7,Late
LP0002320,L00125,C00358,2023-05-28,2023-06-06,13913.99,9,Late
LP0002321,L00125,C00358,2023-06-28,2023-06-28,13903.9,0,Paid
LP0002322,L00125,C00358,2023-07-28,2023-08-02,13673.29,5,Paid
LP0002323,L00125,C00358,2023-08-28,2023-08-30,13916.07,2,Paid
LP0002324,L00125,C00358,2023-09-28,2023-10-07,13925.34,9,Late
LP0002325,L00125,C00358,2023-10-28,2023-10-29,14131.37,1,Paid
LP0002326,L00125,C00358,2023-11-28,2023-11-30,14011.94,2,Paid
LP0002327,L00125,C00358,2023-12-28,2023-12-31,14286.6,3,Paid
LP0002328,L00125,C00358,2024-01-28,2024-02-06,13791.72,9,Late
LP0002329,L00125,C00358,2024-02-28,2024-03-04,13843.83,5,Paid
LP0002330,L00125,C00358,2024-03-28,2024-04-02,14170.47,5,Paid
LP0002331,L00125,C00358,2024-04-28,2024-05-08,13872.0,10,Late
LP0002332,L00125,C00358,2024-05-28,2024-06-03,13691.33,6,Late
LP0002333,L00125,C00358,2024-06-28,2024-07-02,13743.26,4,Paid
LP0002334,L00125,C00358,2024-07-28,2024-07-30,13988.24,2,Paid
LP0002335,L00125,C00358,2024-08-28,2024-09-03,13595.42,6,Late
LP0002336,L00125,C00358,2024-09-28,2024-09-30,13594.17,2,Paid
LP0002337,L00125,C00358,2024-10-28,2024-11-05,14270.15,8,Late
LP0002338,L00125,C00358,2024-11-28,2024-12-08,13637.76,10,Late
LP0002339,L00125,C00358,2024-12-28,2025-01-01,14109.31,4,Paid
LP0002340,L00125,C00358,2025-01-28,2025-02-01,14030.17,4,Paid
LP0002341,L00125,C00358,2025-02-28,2025-03-02,13956.43,2,Paid
LP0002342,L00126,C00363,2022-01-28,2022-02-07,6811.58,10,Late
LP0002343,L00126,C00363,2022-02-28,2022-03-01,6600.35,1,Paid
LP0002344,L00126,C00363,2022-03-28,2022-03-28,6696.22,0,Paid
LP0002345,L00126,C00363,2022-04-28,2022-05-06,6789.0,8,Late
LP0002346,L00126,C00363,2022-05-28,2022-06-03,6533.71,6,Late
LP0002347,L00126,C00363,2022-06-28,2022-07-04,6745.68,6,Late
LP0002348,L00126,C00363,2022-07-28,2022-08-07,6597.41,10,Late
LP0002349,L00126,C00363,2022-08-28,2022-09-06,6621.83,9,Late
LP0002350,L00126,C00363,2022-09-28,2022-09-29,6530.72,1,Paid
LP0002351,L00126,C00363,2022-10-28,2022-11-03,6781.04,6,Late
LP0002352,L00126,C00363,2022-11-28,2022-12-06,6596.31,8,Late
LP0002353,L00126,C00363,2022-12-28,2022-12-30,6764.24,2,Paid
LP0002354,L00126,C00363,2023-01-28,2023-01-29,6669.44,1,Paid
LP0002355,L00126,C00363,2023-02-28,2023-03-15,5812.64,15,Partial
LP0002356,L00126,C00363,2023-03-28,2023-05-05,4986.77,38,Partial
LP0002357,L00126,C00363,2023-04-28,2023-05-16,3714.06,18,Partial
LP0002358,L00126,C00363,2023-05-28,,0,54,Missed
LP0002359,L00126,C00363,2023-06-28,,0,78,Missed
LP0002360,L00126,C00363,2023-07-28,,0,113,Missed
LP0002361,L00126,C00363,2023-08-28,2023-09-14,4419.94,17,Partial
LP0002362,L00126,C00363,2023-09-28,2023-10-17,5419.23,19,Partial
LP0002363,L00126,C00363,2023-10-28,,0,51,Missed
LP0002364,L00126,C00363,2023-11-28,2024-01-25,5422.42,58,Partial
LP0002365,L00126,C00363,2023-12-28,2024-02-13,6526.73,47,Partial
LP0002366,L00127,C00863,2025-07-28,2025-08-05,85136.06,8,Late
LP0002367,L00127,C00863,2025-08-28,2025-08-28,83091.64,0,Paid
LP0002368,L00127,C00863,2025-09-28,2025-09-29,84879.27,1,Paid
LP0002369,L00127,C00863,2025-10-28,2025-10-28,82768.59,0,Paid
LP0002370,L00127,C00863,2025-11-28,2025-12-02,83442.85,4,Paid
LP0002371,L00127,C00863,2025-12-28,2025-12-30,85027.07,2,Paid
LP0002372,L00127,C00863,2026-01-28,2026-01-31,83981.22,3,Paid
LP0002373,L00127,C00863,2026-02-28,2026-02-28,81693.84,0,Paid
LP0002374,L00127,C00863,2026-03-28,2026-04-03,83022.21,6,Late
LP0002375,L00127,C00863,2026-04-28,2026-05-06,83713.23,8,Late
LP0002376,L00127,C00863,2026-05-28,2026-06-05,83773.91,8,Late
LP0002377,L00127,C00863,2026-06-28,2026-07-02,81776.39,4,Paid
LP0002378,L00128,C00644,2022-11-28,2022-12-02,27797.07,4,Paid
LP0002379,L00128,C00644,2022-12-28,2023-01-04,27669.62,7,Late
LP0002380,L00128,C00644,2023-01-28,2023-01-29,28868.13,1,Paid
LP0002381,L00128,C00644,2023-02-28,2023-03-02,28174.09,2,Paid
LP0002382,L00128,C00644,2023-03-28,2023-04-04,29128.12,7,Late
LP0002383,L00128,C00644,2023-04-28,2023-05-04,27802.16,6,Late
LP0002384,L00128,C00644,2023-05-28,2023-06-05,28767.86,8,Late
LP0002385,L00128,C00644,2023-06-28,2023-07-01,28758.42,3,Paid
LP0002386,L00128,C00644,2023-07-28,2023-07-29,28655.43,1,Paid
LP0002387,L00128,C00644,2023-08-28,2023-08-29,28602.55,1,Paid
LP0002388,L00128,C00644,2023-09-28,2023-10-06,27534.66,8,Late
LP0002389,L00128,C00644,2023-10-28,2023-11-01,27836.99,4,Paid
LP0002390,L00128,C00644,2023-11-28,2023-12-02,28627.13,4,Paid
LP0002391,L00128,C00644,2023-12-28,2023-12-28,28750.55,0,Paid
LP0002392,L00128,C00644,2024-01-28,2024-02-04,28409.12,7,Late
LP0002393,L00128,C00644,2024-02-28,2024-03-06,28000.82,7,Late
LP0002394,L00128,C00644,2024-03-28,2024-04-03,28311.72,6,Late
LP0002395,L00128,C00644,2024-04-28,2024-05-02,27741.32,4,Paid
LP0002396,L00128,C00644,2024-05-28,2024-06-05,27647.89,8,Late
LP0002397,L00128,C00644,2024-06-28,2024-06-28,27553.13,0,Paid
LP0002398,L00128,C00644,2024-07-28,2024-08-05,28881.4,8,Late
LP0002399,L00128,C00644,2024-08-28,2024-09-04,27915.64,7,Late
LP0002400,L00128,C00644,2024-09-28,2024-09-30,28457.31,2,Paid
LP0002401,L00128,C00644,2024-10-28,2024-10-31,27619.48,3,Paid
LP0002402,L00129,C00829,2025-06-28,2025-06-30,79803.2,2,Paid
LP0002403,L00129,C00829,2025-07-28,2025-08-02,78194.17,5,Paid
LP0002404,L00129,C00829,2025-08-28,2025-09-04,76750.32,7,Late
LP0002405,L00129,C00829,2025-09-28,2025-09-28,76321.91,0,Paid
LP0002406,L00129,C00829,2025-10-28,2025-10-30,78505.91,2,Paid
LP0002407,L00129,C00829,2025-11-28,2025-11-29,75929.34,1,Paid
LP0002408,L00129,C00829,2025-12-28,2026-01-04,77768.9,7,Late
LP0002409,L00129,C00829,2026-01-28,2026-02-04,78974.14,7,Late
LP0002410,L00129,C00829,2026-02-28,2026-02-28,76746.83,0,Paid
LP0002411,L00129,C00829,2026-03-28,2026-03-31,79356.64,3,Paid
LP0002412,L00129,C00829,2026-04-28,2026-05-05,79297.73,7,Late
LP0002413,L00129,C00829,2026-05-28,2026-06-05,77846.31,8,Late
LP0002414,L00129,C00829,2026-06-28,2026-06-29,79376.32,1,Paid
LP0002415,L00129,C00829,2026-07-28,2026-08-05,76788.97,8,Late
LP0002416,L00129,C00829,2026-08-28,2026-08-30,75422.72,2,Paid
LP0002417,L00130,C00756,2025-12-28,2025-12-31,67243.74,3,Paid
LP0002418,L00130,C00756,2026-01-28,2026-02-01,67626.0,4,Paid
LP0002419,L00130,C00756,2026-02-28,2026-03-05,67683.9,5,Paid
LP0002420,L00130,C00756,2026-03-28,2026-04-04,67838.3,7,Late
LP0002421,L00130,C00756,2026-04-28,2026-05-04,67514.21,6,Late
LP0002422,L00130,C00756,2026-05-28,2026-06-06,67570.24,9,Late
LP0002423,L00130,C00756,2026-06-28,2026-07-07,68571.99,9,Late
LP0002424,L00130,C00756,2026-07-28,2026-07-29,71022.62,1,Paid
LP0002425,L00130,C00756,2026-08-28,2026-08-28,71186.19,0,Paid
LP0002426,L00131,C00245,2024-07-28,2024-07-29,144629.44,1,Paid
LP0002427,L00131,C00245,2024-08-28,2024-09-07,147928.27,10,Late
LP0002428,L00131,C00245,2024-09-28,2024-10-03,141191.25,5,Paid
LP0002429,L00131,C00245,2024-10-28,2024-11-03,148176.44,6,Late
LP0002430,L00131,C00245,2024-11-28,2024-11-30,141988.63,2,Paid
LP0002431,L00131,C00245,2024-12-28,2025-01-05,146305.34,8,Late
LP0002432,L00131,C00245,2025-01-28,2025-01-29,142503.84,1,Paid
LP0002433,L00131,C00245,2025-02-28,2025-04-20,85293.77,51,Partial
LP0002434,L00131,C00245,2025-03-28,2025-04-17,136836.37,20,Partial
LP0002435,L00131,C00245,2025-04-28,,0,39,Missed
LP0002436,L00131,C00245,2025-05-28,,0,79,Missed
LP0002437,L00131,C00245,2025-06-28,2025-08-07,89613.71,40,Partial
LP0002438,L00132,C00282,2022-03-28,2022-03-28,1982.45,0,Paid
LP0002439,L00132,C00282,2022-04-28,2022-05-05,1890.55,7,Late
LP0002440,L00132,C00282,2022-05-28,2022-06-04,1892.16,7,Late
LP0002441,L00132,C00282,2022-06-28,2022-07-08,1960.12,10,Late
LP0002442,L00132,C00282,2022-07-28,2022-08-02,1879.62,5,Paid
LP0002443,L00132,C00282,2022-08-28,2022-09-06,1984.8,9,Late
LP0002444,L00132,C00282,2022-09-28,2022-09-28,1924.29,0,Paid
LP0002445,L00132,C00282,2022-10-28,2022-10-31,1953.96,3,Paid
LP0002446,L00132,C00282,2022-11-28,2022-12-03,1900.5,5,Paid
LP0002447,L00132,C00282,2022-12-28,2022-12-31,1916.0,3,Paid
LP0002448,L00132,C00282,2023-01-28,2023-01-29,1984.66,1,Paid
LP0002449,L00132,C00282,2023-02-28,2023-03-02,1922.82,2,Paid
LP0002450,L00132,C00282,2023-03-28,2023-04-02,1986.91,5,Paid
LP0002451,L00132,C00282,2023-04-28,2023-04-28,1910.19,0,Paid
LP0002452,L00132,C00282,2023-05-28,2023-06-06,1905.53,9,Late
LP0002453,L00132,C00282,2023-06-28,2023-06-29,1930.25,1,Paid
LP0002454,L00132,C00282,2023-07-28,2023-07-28,1975.82,0,Paid
LP0002455,L00132,C00282,2023-08-28,2023-09-02,1951.14,5,Paid
LP0002456,L00132,C00282,2023-09-28,2023-10-03,1885.64,5,Paid
LP0002457,L00132,C00282,2023-10-28,2023-10-31,1950.21,3,Paid
LP0002458,L00132,C00282,2023-11-28,2023-11-28,1942.58,0,Paid
LP0002459,L00132,C00282,2023-12-28,2024-01-04,1897.52,7,Late
LP0002460,L00132,C00282,2024-01-28,2024-02-06,1970.77,9,Late
LP0002461,L00132,C00282,2024-02-28,2024-03-01,1908.0,2,Paid
LP0002462,L00133,C00879,2022-10-28,2022-10-28,55785.2,0,Paid
LP0002463,L00133,C00879,2022-11-28,2022-11-29,56321.34,1,Paid
LP0002464,L00133,C00879,2022-12-28,2022-12-31,55316.68,3,Paid
LP0002465,L00133,C00879,2023-01-28,2023-02-07,56463.95,10,Late
LP0002466,L00133,C00879,2023-02-28,2023-03-06,55314.89,6,Late
LP0002467,L00133,C00879,2023-03-28,2023-03-31,56072.45,3,Paid
LP0002468,L00133,C00879,2023-04-28,2023-05-01,56849.65,3,Paid
LP0002469,L00133,C00879,2023-05-28,2023-05-31,56399.13,3,Paid
LP0002470,L00133,C00879,2023-06-28,2023-07-06,57387.85,8,Late
LP0002471,L00133,C00879,2023-07-28,2023-08-02,55794.43,5,Paid
LP0002472,L00133,C00879,2023-08-28,2023-08-31,54925.6,3,Paid
LP0002473,L00133,C00879,2023-09-28,2023-09-29,56154.83,1,Paid
LP0002474,L00133,C00879,2023-10-28,2023-11-05,54249.08,8,Late
LP0002475,L00133,C00879,2023-11-28,2023-11-28,54276.67,0,Paid
LP0002476,L00133,C00879,2023-12-28,2024-01-05,55184.21,8,Late
LP0002477,L00133,C00879,2024-01-28,2024-02-03,54658.58,6,Late
LP0002478,L00133,C00879,2024-02-28,2024-03-05,55820.0,6,Late
LP0002479,L00133,C00879,2024-03-28,2024-03-28,54494.05,0,Paid
LP0002480,L00133,C00879,2024-04-28,2024-05-02,55626.89,4,Paid
LP0002481,L00133,C00879,2024-05-28,2024-05-31,56357.07,3,Paid
LP0002482,L00133,C00879,2024-06-28,2024-07-02,55495.52,4,Paid
LP0002483,L00133,C00879,2024-07-28,2024-07-28,57418.52,0,Paid
LP0002484,L00133,C00879,2024-08-28,2024-08-28,54938.55,0,Paid
LP0002485,L00133,C00879,2024-09-28,2024-10-02,56759.77,4,Paid
LP0002486,L00134,C00259,2025-04-28,2025-05-03,35039.77,5,Paid
LP0002487,L00134,C00259,2025-05-28,2025-06-02,34306.68,5,Paid
LP0002488,L00134,C00259,2025-06-28,2025-07-08,34749.83,10,Late
LP0002489,L00134,C00259,2025-07-28,2025-08-01,34054.98,4,Paid
LP0002490,L00134,C00259,2025-08-28,2025-09-01,34578.14,4,Paid
LP0002491,L00134,C00259,2025-09-28,2025-09-28,33456.73,0,Paid
LP0002492,L00134,C00259,2025-10-28,2025-10-29,34824.87,1,Paid
LP0002493,L00134,C00259,2025-11-28,2025-12-07,33299.52,9,Late
LP0002494,L00134,C00259,2025-12-28,2025-12-31,33603.81,3,Paid
LP0002495,L00134,C00259,2026-01-28,2026-01-29,34027.81,1,Paid
LP0002496,L00134,C00259,2026-02-28,2026-03-05,33472.11,5,Paid
LP0002497,L00134,C00259,2026-03-28,2026-04-05,34382.13,8,Late
LP0002498,L00134,C00259,2026-04-28,2026-05-07,33270.12,9,Late
LP0002499,L00134,C00259,2026-05-28,2026-05-28,34990.04,0,Paid
LP0002500,L00134,C00259,2026-06-28,2026-06-29,35007.67,1,Paid
LP0002501,L00134,C00259,2026-07-28,2026-08-02,33322.32,5,Paid
LP0002502,L00134,C00259,2026-08-28,2026-09-02,33502.61,5,Paid
LP0002503,L00135,C00328,2023-03-28,2023-04-06,17436.74,9,Late
LP0002504,L00135,C00328,2023-04-28,2023-05-04,17324.28,6,Late
LP0002505,L00135,C00328,2023-05-28,2023-06-04,16975.79,7,Late
LP0002506,L00135,C00328,2023-06-28,2023-07-03,17311.69,5,Paid
LP0002507,L00135,C00328,2023-07-28,2023-08-01,16902.42,4,Paid
LP0002508,L00135,C00328,2023-08-28,2023-09-03,17153.65,6,Late
LP0002509,L00135,C00328,2023-09-28,2023-10-08,16641.38,10,Late
LP0002510,L00135,C00328,2023-10-28,2023-11-07,17418.87,10,Late
LP0002511,L00135,C00328,2023-11-28,2023-12-08,17458.09,10,Late
LP0002512,L00135,C00328,2023-12-28,2023-12-31,17241.25,3,Paid
LP0002513,L00135,C00328,2024-01-28,2024-02-07,16933.07,10,Late
LP0002514,L00135,C00328,2024-02-28,2024-03-05,17041.87,6,Late
LP0002515,L00135,C00328,2024-03-28,2024-04-07,17062.44,10,Late
LP0002516,L00135,C00328,2024-04-28,2024-05-08,17002.19,10,Late
LP0002517,L00135,C00328,2024-05-28,2024-05-30,16503.44,2,Paid
LP0002518,L00135,C00328,2024-06-28,2024-06-28,16755.36,0,Paid
LP0002519,L00135,C00328,2024-07-28,2024-08-05,17491.92,8,Late
LP0002520,L00135,C00328,2024-08-28,2024-08-29,17400.81,1,Paid
LP0002521,L00135,C00328,2024-09-28,2024-10-01,16884.27,3,Paid
LP0002522,L00135,C00328,2024-10-28,2024-11-07,16839.29,10,Late
LP0002523,L00135,C00328,2024-11-28,2024-12-02,16990.81,4,Paid
LP0002524,L00135,C00328,2024-12-28,2025-01-01,16583.25,4,Paid
LP0002525,L00135,C00328,2025-01-28,2025-02-01,17294.12,4,Paid
LP0002526,L00135,C00328,2025-02-28,2025-03-07,16610.39,7,Late
LP0002527,L00136,C00664,2023-01-28,2023-02-06,46683.73,9,Late
LP0002528,L00136,C00664,2023-02-28,2023-03-04,45050.04,4,Paid
LP0002529,L00136,C00664,2023-03-28,2023-03-29,46487.25,1,Paid
LP0002530,L00136,C00664,2023-04-28,2023-05-03,45714.31,5,Paid
LP0002531,L00136,C00664,2023-05-28,2023-06-02,44171.65,5,Paid
LP0002532,L00136,C00664,2023-06-28,2023-07-06,46752.88,8,Late
LP0002533,L00136,C00664,2023-07-28,2023-07-28,44526.03,0,Paid
LP0002534,L00136,C00664,2023-08-28,2023-09-06,46580.34,9,Late
LP0002535,L00136,C00664,2023-09-28,2023-10-04,46092.18,6,Late
LP0002536,L00136,C00664,2023-10-28,2023-11-02,44962.4,5,Paid
LP0002537,L00136,C00664,2023-11-28,2023-12-01,46788.21,3,Paid
LP0002538,L00136,C00664,2023-12-28,2024-01-03,46617.3,6,Late
LP0002539,L00136,C00664,2024-01-28,2024-02-01,44498.96,4,Paid
LP0002540,L00136,C00664,2024-02-28,2024-03-06,46007.64,7,Late
LP0002541,L00136,C00664,2024-03-28,2024-04-06,44823.72,9,Late
LP0002542,L00136,C00664,2024-04-28,2024-05-04,45847.3,6,Late
LP0002543,L00136,C00664,2024-05-28,2024-05-28,46733.76,0,Paid
LP0002544,L00136,C00664,2024-06-28,2024-07-07,44197.53,9,Late
LP0002545,L00136,C00664,2024-07-28,2024-08-05,46696.84,8,Late
LP0002546,L00136,C00664,2024-08-28,2024-09-01,45012.6,4,Paid
LP0002547,L00136,C00664,2024-09-28,2024-10-08,45553.39,10,Late
LP0002548,L00136,C00664,2024-10-28,2024-11-01,46067.25,4,Paid
LP0002549,L00136,C00664,2024-11-28,2024-12-08,44940.88,10,Late
LP0002550,L00136,C00664,2024-12-28,2024-12-28,44541.64,0,Paid
LP0002551,L00137,C00037,2022-03-28,2022-03-31,42529.46,3,Paid
LP0002552,L00137,C00037,2022-04-28,2022-05-05,42214.71,7,Late
LP0002553,L00137,C00037,2022-05-28,2022-06-04,41608.63,7,Late
LP0002554,L00137,C00037,2022-06-28,2022-07-04,41489.4,6,Late
LP0002555,L00137,C00037,2022-07-28,2022-07-30,42387.56,2,Paid
LP0002556,L00137,C00037,2022-08-28,2022-09-02,42284.97,5,Paid
LP0002557,L00137,C00037,2022-09-28,2022-10-01,43151.06,3,Paid
LP0002558,L00137,C00037,2022-10-28,2022-10-29,41939.32,1,Paid
LP0002559,L00137,C00037,2022-11-28,2022-11-29,42610.92,1,Paid
LP0002560,L00137,C00037,2022-12-28,2022-12-30,44005.52,2,Paid
LP0002561,L00137,C00037,2023-01-28,2023-02-05,41528.92,8,Late
LP0002562,L00137,C00037,2023-02-28,2023-03-09,42345.05,9,Late
LP0002563,L00137,C00037,2023-03-28,2023-03-29,42717.8,1,Paid
LP0002564,L00137,C00037,2023-04-28,2023-05-28,23425.48,30,Partial
LP0002565,L00137,C00037,2023-05-28,2023-07-17,28870.0,50,Partial
LP0002566,L00137,C00037,2023-06-28,2023-08-10,33201.89,43,Partial
LP0002567,L00137,C00037,2023-07-28,2023-09-20,25884.51,54,Partial
LP0002568,L00137,C00037,2023-08-28,2023-09-13,40683.23,16,Partial
LP0002569,L00137,C00037,2023-09-28,,0,104,Missed
LP0002570,L00137,C00037,2023-10-28,2023-12-09,42217.46,42,Partial
LP0002571,L00137,C00037,2023-11-28,,0,37,Missed
LP0002572,L00137,C00037,2023-12-28,,0,65,Missed
LP0002573,L00137,C00037,2024-01-28,2024-03-07,42738.25,39,Partial
LP0002574,L00137,C00037,2024-02-28,2024-04-07,38819.61,39,Partial
LP0002575,L00138,C00735,2025-06-28,2025-06-30,48204.56,2,Paid
LP0002576,L00138,C00735,2025-07-28,2025-07-28,48859.61,0,Paid
LP0002577,L00138,C00735,2025-08-28,2025-09-02,47407.09,5,Paid
LP0002578,L00138,C00735,2025-09-28,2025-10-08,47464.91,10,Late
LP0002579,L00138,C00735,2025-10-28,2025-11-01,47961.8,4,Paid
LP0002580,L00138,C00735,2025-11-28,2025-12-07,48933.44,9,Late
LP0002581,L00138,C00735,2025-12-28,2025-12-30,48278.45,2,Paid
LP0002582,L00138,C00735,2026-01-28,2026-01-28,49810.84,0,Paid
LP0002583,L00138,C00735,2026-02-28,2026-03-09,49821.11,9,Late
LP0002584,L00138,C00735,2026-03-28,2026-04-05,48499.77,8,Late
LP0002585,L00138,C00735,2026-04-28,2026-04-28,47659.21,0,Paid
LP0002586,L00138,C00735,2026-05-28,2026-06-02,49074.55,5,Paid
LP0002587,L00138,C00735,2026-06-28,2026-06-29,47970.77,1,Paid
LP0002588,L00138,C00735,2026-07-28,2026-08-05,49213.47,8,Late
LP0002589,L00138,C00735,2026-08-28,2026-08-30,48179.54,2,Paid
LP0002590,L00139,C00654,2022-06-28,2022-07-03,25570.74,5,Paid
LP0002591,L00139,C00654,2022-07-28,2022-07-31,25640.83,3,Paid
LP0002592,L00139,C00654,2022-08-28,2022-09-07,26712.37,10,Late
LP0002593,L00139,C00654,2022-09-28,2022-10-06,26543.35,8,Late
LP0002594,L00139,C00654,2022-10-28,2022-11-02,26655.7,5,Paid
LP0002595,L00139,C00654,2022-11-28,2022-11-29,26191.31,1,Paid
LP0002596,L00139,C00654,2022-12-28,2022-12-29,26699.94,1,Paid
LP0002597,L00139,C00654,2023-01-28,2023-02-06,26591.05,9,Late
LP0002598,L00139,C00654,2023-02-28,2023-03-08,25405.11,8,Late
LP0002599,L00139,C00654,2023-03-28,2023-04-02,25640.86,5,Paid
LP0002600,L00139,C00654,2023-04-28,2023-05-01,26618.75,3,Paid
LP0002601,L00139,C00654,2023-05-28,2023-05-28,26682.85,0,Paid
LP0002602,L00139,C00654,2023-06-28,2023-07-03,25655.11,5,Paid
LP0002603,L00139,C00654,2023-07-28,2023-08-03,26116.46,6,Late
LP0002604,L00139,C00654,2023-08-28,2023-08-28,26500.57,0,Paid
LP0002605,L00139,C00654,2023-09-28,2023-10-06,25702.49,8,Late
LP0002606,L00139,C00654,2023-10-28,2023-10-28,25705.65,0,Paid
LP0002607,L00139,C00654,2023-11-28,2023-12-06,25803.68,8,Late
LP0002608,L00139,C00654,2023-12-28,2023-12-29,26506.33,1,Paid
LP0002609,L00139,C00654,2024-01-28,2024-02-07,26094.15,10,Late
LP0002610,L00139,C00654,2024-02-28,2024-03-05,26278.73,6,Late
LP0002611,L00139,C00654,2024-03-28,2024-03-29,26261.8,1,Paid
LP0002612,L00139,C00654,2024-04-28,2024-05-08,25542.61,10,Late
LP0002613,L00139,C00654,2024-05-28,2024-05-28,25864.63,0,Paid
LP0002614,L00140,C00133,2022-01-28,2022-02-04,14428.5,7,Late
LP0002615,L00140,C00133,2022-02-28,2022-03-09,14070.53,9,Late
LP0002616,L00140,C00133,2022-03-28,2022-04-06,13982.34,9,Late
LP0002617,L00140,C00133,2022-04-28,2022-05-05,13930.92,7,Late
LP0002618,L00140,C00133,2022-05-28,2022-06-01,13977.56,4,Paid
LP0002619,L00140,C00133,2022-06-28,2022-07-02,13703.47,4,Paid
LP0002620,L00140,C00133,2022-07-28,2022-08-03,14183.01,6,Late
LP0002621,L00140,C00133,2022-08-28,2022-08-29,14435.67,1,Paid
LP0002622,L00140,C00133,2022-09-28,2022-10-01,14114.23,3,Paid
LP0002623,L00140,C00133,2022-10-28,2022-11-03,14081.22,6,Late
LP0002624,L00140,C00133,2022-11-28,2022-12-06,14227.38,8,Late
LP0002625,L00140,C00133,2022-12-28,2022-12-31,13781.29,3,Paid
LP0002626,L00140,C00133,2023-01-28,2023-02-07,13951.39,10,Late
LP0002627,L00140,C00133,2023-02-28,2023-03-05,14032.41,5,Paid
LP0002628,L00140,C00133,2023-03-28,2023-04-03,14197.56,6,Late
LP0002629,L00140,C00133,2023-04-28,2023-05-07,14456.89,9,Late
LP0002630,L00140,C00133,2023-05-28,2023-06-06,13821.11,9,Late
LP0002631,L00140,C00133,2023-06-28,2023-07-04,13835.12,6,Late
LP0002632,L00140,C00133,2023-07-28,2023-08-03,13874.5,6,Late
LP0002633,L00140,C00133,2023-08-28,2023-09-04,13867.61,7,Late
LP0002634,L00140,C00133,2023-09-28,2023-10-02,14484.88,4,Paid
LP0002635,L00140,C00133,2023-10-28,2023-11-04,14322.62,7,Late
LP0002636,L00140,C00133,2023-11-28,2023-12-01,14255.2,3,Paid
LP0002637,L00140,C00133,2023-12-28,2024-01-07,14203.92,10,Late
LP0002638,L00141,C00260,2025-06-28,2025-07-07,16804.94,9,Late
LP0002639,L00141,C00260,2025-07-28,2025-07-28,16465.21,0,Paid
LP0002640,L00141,C00260,2025-08-28,2025-09-03,16902.79,6,Late
LP0002641,L00141,C00260,2025-09-28,2025-10-08,16943.69,10,Late
LP0002642,L00141,C00260,2025-10-28,2025-10-29,17061.65,1,Paid
LP0002643,L00141,C00260,2025-11-28,2025-12-02,16202.08,4,Paid
LP0002644,L00141,C00260,2025-12-28,2025-12-31,16446.97,3,Paid
LP0002645,L00141,C00260,2026-01-28,2026-01-28,17030.57,0,Paid
LP0002646,L00141,C00260,2026-02-28,2026-03-24,15439.86,24,Partial
LP0002647,L00141,C00260,2026-03-28,2026-05-26,12012.61,59,Partial
LP0002648,L00141,C00260,2026-04-28,,0,111,Missed
LP0002649,L00141,C00260,2026-05-28,,0,75,Missed
LP0002650,L00141,C00260,2026-06-28,,0,43,Missed
LP0002651,L00141,C00260,2026-07-28,2026-08-29,9651.49,32,Partial
LP0002652,L00141,C00260,2026-08-28,2026-09-27,11877.86,30,Partial
LP0002653,L00142,C00025,2026-04-28,2026-05-05,107177.42,7,Late
LP0002654,L00142,C00025,2026-05-28,2026-06-07,106946.76,10,Late
LP0002655,L00142,C00025,2026-06-28,2026-07-01,109029.93,3,Paid
LP0002656,L00142,C00025,2026-07-28,,0,39,Missed
LP0002657,L00142,C00025,2026-08-28,2026-09-16,64891.45,19,Partial
LP0002658,L00143,C00794,2025-02-28,2025-03-03,23833.89,3,Paid
LP0002659,L00143,C00794,2025-03-28,2025-04-07,24031.78,10,Late
LP0002660,L00143,C00794,2025-04-28,2025-04-29,24498.39,1,Paid
LP0002661,L00143,C00794,2025-05-28,2025-06-05,23542.93,8,Late
LP0002662,L00143,C00794,2025-06-28,2025-06-29,23431.04,1,Paid
LP0002663,L00143,C00794,2025-07-28,2025-08-01,24002.51,4,Paid
LP0002664,L00143,C00794,2025-08-28,2025-08-30,23373.0,2,Paid
LP0002665,L00143,C00794,2025-09-28,2025-10-01,23705.25,3,Paid
LP0002666,L00143,C00794,2025-10-28,2025-11-05,24031.68,8,Late
LP0002667,L00143,C00794,2025-11-28,2025-12-01,24394.74,3,Paid
LP0002668,L00143,C00794,2025-12-28,2026-01-01,23511.39,4,Paid
LP0002669,L00143,C00794,2026-01-28,2026-02-02,24681.64,5,Paid
LP0002670,L00143,C00794,2026-02-28,2026-03-06,24593.7,6,Late
LP0002671,L00143,C00794,2026-03-28,2026-04-04,24639.74,7,Late
LP0002672,L00143,C00794,2026-04-28,2026-05-01,23429.36,3,Paid
LP0002673,L00143,C00794,2026-05-28,2026-05-29,24460.35,1,Paid
LP0002674,L00143,C00794,2026-06-28,2026-07-06,24107.2,8,Late
LP0002675,L00143,C00794,2026-07-28,2026-08-06,23590.9,9,Late
LP0002676,L00143,C00794,2026-08-28,2026-09-03,23670.69,6,Late
LP0002677,L00144,C00374,2023-01-28,2023-02-07,40843.35,10,Late
LP0002678,L00144,C00374,2023-02-28,2023-02-28,40406.42,0,Paid
LP0002679,L00144,C00374,2023-03-28,2023-04-07,40351.4,10,Late
LP0002680,L00144,C00374,2023-04-28,2023-05-07,39736.92,9,Late
LP0002681,L00144,C00374,2023-05-28,2023-06-05,39557.55,8,Late
LP0002682,L00144,C00374,2023-06-28,2023-06-29,39808.68,1,Paid
LP0002683,L00144,C00374,2023-07-28,2023-08-07,39972.35,10,Late
LP0002684,L00144,C00374,2023-08-28,2023-09-05,40866.68,8,Late
LP0002685,L00144,C00374,2023-09-28,2023-09-29,40065.9,1,Paid
LP0002686,L00144,C00374,2023-10-28,2023-11-03,39111.29,6,Late
LP0002687,L00144,C00374,2023-11-28,2023-12-06,41428.04,8,Late
LP0002688,L00144,C00374,2023-12-28,2024-01-07,41003.05,10,Late
LP0002689,L00144,C00374,2024-01-28,2024-02-01,41256.58,4,Paid
LP0002690,L00144,C00374,2024-02-28,2024-03-07,40740.92,8,Late
LP0002691,L00144,C00374,2024-03-28,2024-03-28,40903.56,0,Paid
LP0002692,L00144,C00374,2024-04-28,2024-05-08,39401.64,10,Late
LP0002693,L00144,C00374,2024-05-28,2024-06-01,41379.74,4,Paid
LP0002694,L00144,C00374,2024-06-28,2024-06-30,40431.34,2,Paid
LP0002695,L00144,C00374,2024-07-28,2024-07-30,40132.71,2,Paid
LP0002696,L00144,C00374,2024-08-28,2024-09-04,39583.86,7,Late
LP0002697,L00144,C00374,2024-09-28,2024-10-04,39169.83,6,Late
LP0002698,L00144,C00374,2024-10-28,2024-11-05,40193.83,8,Late
LP0002699,L00144,C00374,2024-11-28,2024-12-04,41105.31,6,Late
LP0002700,L00144,C00374,2024-12-28,2024-12-29,39720.9,1,Paid
LP0002701,L00145,C00248,2025-09-28,2025-10-01,36497.32,3,Paid
LP0002702,L00145,C00248,2025-10-28,2025-11-05,35189.18,8,Late
LP0002703,L00145,C00248,2025-11-28,2025-12-05,36976.59,7,Late
LP0002704,L00145,C00248,2025-12-28,2025-12-30,36280.64,2,Paid
LP0002705,L00145,C00248,2026-01-28,2026-01-31,36130.43,3,Paid
LP0002706,L00145,C00248,2026-02-28,2026-02-28,35665.84,0,Paid
LP0002707,L00145,C00248,2026-03-28,2026-03-28,36411.55,0,Paid
LP0002708,L00145,C00248,2026-04-28,2026-05-27,29630.75,29,Partial
LP0002709,L00145,C00248,2026-05-28,2026-07-07,29853.47,40,Partial
LP0002710,L00145,C00248,2026-06-28,2026-07-24,22645.83,26,Partial
LP0002711,L00145,C00248,2026-07-28,,0,118,Missed
LP0002712,L00145,C00248,2026-08-28,2026-09-26,19771.29,29,Partial
LP0002713,L00146,C00868,2022-08-28,2022-09-04,4493.35,7,Late
LP0002714,L00146,C00868,2022-09-28,2022-09-30,4489.79,2,Paid
LP0002715,L00146,C00868,2022-10-28,2022-11-05,4347.53,8,Late
LP0002716,L00146,C00868,2022-11-28,2022-11-29,4417.14,1,Paid
LP0002717,L00146,C00868,2022-12-28,2022-12-31,4496.07,3,Paid
LP0002718,L00146,C00868,2023-01-28,2023-01-30,4417.48,2,Paid
LP0002719,L00146,C00868,2023-02-28,2023-03-08,4462.87,8,Late
LP0002720,L00146,C00868,2023-03-28,2023-03-28,4569.12,0,Paid
LP0002721,L00146,C00868,2023-04-28,2023-04-29,4373.4,1,Paid
LP0002722,L00146,C00868,2023-05-28,2023-06-04,4336.89,7,Late
LP0002723,L00146,C00868,2023-06-28,2023-06-28,4494.07,0,Paid
LP0002724,L00146,C00868,2023-07-28,2023-07-31,4454.52,3,Paid
LP0002725,L00146,C00868,2023-08-28,2023-08-29,4564.13,1,Paid
LP0002726,L00146,C00868,2023-09-28,2023-10-05,4522.81,7,Late
LP0002727,L00146,C00868,2023-10-28,2023-11-04,4427.8,7,Late
LP0002728,L00146,C00868,2023-11-28,2023-11-30,4456.45,2,Paid
LP0002729,L00146,C00868,2023-12-28,2024-01-01,4479.69,4,Paid
LP0002730,L00146,C00868,2024-01-28,2024-01-28,4446.08,0,Paid
LP0002731,L00146,C00868,2024-02-28,2024-03-05,4563.99,6,Late
LP0002732,L00146,C00868,2024-03-28,2024-04-07,4386.97,10,Late
LP0002733,L00146,C00868,2024-04-28,2024-05-06,4338.89,8,Late
LP0002734,L00146,C00868,2024-05-28,2024-06-02,4505.6,5,Paid
LP0002735,L00146,C00868,2024-06-28,2024-07-01,4476.96,3,Paid
LP0002736,L00146,C00868,2024-07-28,2024-08-03,4448.4,6,Late
LP0002737,L00147,C00508,2023-05-28,2023-05-29,11134.77,1,Paid
LP0002738,L00147,C00508,2023-06-28,2023-07-06,11472.47,8,Late
LP0002739,L00147,C00508,2023-07-28,2023-08-04,11431.84,7,Late
LP0002740,L00147,C00508,2023-08-28,2023-08-31,11426.5,3,Paid
LP0002741,L00147,C00508,2023-09-28,2023-10-06,11240.6,8,Late
LP0002742,L00147,C00508,2023-10-28,2023-11-07,11403.05,10,Late
LP0002743,L00147,C00508,2023-11-28,2023-11-28,11545.99,0,Paid
LP0002744,L00147,C00508,2023-12-28,2023-12-30,11674.4,2,Paid
LP0002745,L00147,C00508,2024-01-28,2024-01-30,11552.84,2,Paid
LP0002746,L00147,C00508,2024-02-28,2024-03-09,11667.22,10,Late
LP0002747,L00147,C00508,2024-03-28,2024-03-29,11203.1,1,Paid
LP0002748,L00147,C00508,2024-04-28,2024-05-07,11253.85,9,Late
LP0002749,L00148,C00174,2024-09-28,2024-10-07,3965.92,9,Late
LP0002750,L00148,C00174,2024-10-28,2024-11-03,4031.69,6,Late
LP0002751,L00148,C00174,2024-11-28,2024-11-30,3948.18,2,Paid
LP0002752,L00148,C00174,2024-12-28,2024-12-30,3900.0,2,Paid
LP0002753,L00148,C00174,2025-01-28,2025-01-30,4041.86,2,Paid
LP0002754,L00148,C00174,2025-02-28,2025-03-08,3989.41,8,Late
LP0002755,L00148,C00174,2025-03-28,2025-04-07,3910.29,10,Late
LP0002756,L00148,C00174,2025-04-28,2025-05-04,4082.15,6,Late
LP0002757,L00148,C00174,2025-05-28,2025-06-07,4089.77,10,Late
LP0002758,L00148,C00174,2025-06-28,2025-06-30,3945.35,2,Paid
LP0002759,L00148,C00174,2025-07-28,2025-07-28,4086.43,0,Paid
LP0002760,L00148,C00174,2025-08-28,2025-09-03,4009.61,6,Late
LP0002761,L00148,C00174,2025-09-28,2025-09-28,3905.24,0,Paid
LP0002762,L00148,C00174,2025-10-28,2025-11-06,3956.95,9,Late
LP0002763,L00148,C00174,2025-11-28,2025-12-05,3898.72,7,Late
LP0002764,L00148,C00174,2025-12-28,2025-12-29,3956.35,1,Paid
LP0002765,L00148,C00174,2026-01-28,2026-01-29,4093.93,1,Paid
LP0002766,L00148,C00174,2026-02-28,2026-03-08,4103.22,8,Late
LP0002767,L00148,C00174,2026-03-28,2026-03-28,3951.15,0,Paid
LP0002768,L00148,C00174,2026-04-28,2026-05-05,3915.03,7,Late
LP0002769,L00148,C00174,2026-05-28,2026-05-30,3898.66,2,Paid
LP0002770,L00148,C00174,2026-06-28,2026-07-06,3938.21,8,Late
LP0002771,L00148,C00174,2026-07-28,2026-08-03,3920.55,6,Late
LP0002772,L00148,C00174,2026-08-28,2026-09-05,3997.13,8,Late
LP0002773,L00149,C00615,2023-03-28,2023-04-05,17803.63,8,Late
LP0002774,L00149,C00615,2023-04-28,2023-04-30,17678.81,2,Paid
LP0002775,L00149,C00615,2023-05-28,2023-06-04,18035.47,7,Late
LP0002776,L00149,C00615,2023-06-28,2023-07-06,17907.24,8,Late
LP0002777,L00149,C00615,2023-07-28,2023-07-29,17965.43,1,Paid
LP0002778,L00149,C00615,2023-08-28,2023-08-31,18314.39,3,Paid
LP0002779,L00149,C00615,2023-09-28,2023-09-30,18308.76,2,Paid
LP0002780,L00149,C00615,2023-10-28,2023-11-04,18493.42,7,Late
LP0002781,L00149,C00615,2023-11-28,2023-11-28,18207.02,0,Paid
LP0002782,L00149,C00615,2023-12-28,2023-12-31,18107.43,3,Paid
LP0002783,L00149,C00615,2024-01-28,2024-02-07,18188.77,10,Late
LP0002784,L00149,C00615,2024-02-28,2024-03-09,17519.3,10,Late
LP0002785,L00149,C00615,2024-03-28,2024-03-31,17887.72,3,Paid
LP0002786,L00149,C00615,2024-04-28,2024-05-07,18375.73,9,Late
LP0002787,L00149,C00615,2024-05-28,2024-05-28,17908.23,0,Paid
LP0002788,L00149,C00615,2024-06-28,2024-07-05,17762.68,7,Late
LP0002789,L00149,C00615,2024-07-28,2024-08-03,18088.49,6,Late
LP0002790,L00149,C00615,2024-08-28,2024-09-01,18143.26,4,Paid
LP0002791,L00149,C00615,2024-09-28,2024-10-04,17884.51,6,Late
LP0002792,L00149,C00615,2024-10-28,2024-10-31,18176.76,3,Paid
LP0002793,L00149,C00615,2024-11-28,2024-12-05,18247.86,7,Late
LP0002794,L00149,C00615,2024-12-28,2025-01-02,17897.27,5,Paid
LP0002795,L00149,C00615,2025-01-28,2025-01-29,18425.78,1,Paid
LP0002796,L00149,C00615,2025-02-28,2025-03-08,17741.72,8,Late
LP0002797,L00150,C00663,2025-06-28,2025-07-01,36325.89,3,Paid
LP0002798,L00150,C00663,2025-07-28,2025-08-04,36631.75,7,Late
LP0002799,L00150,C00663,2025-08-28,2025-09-04,37528.46,7,Late
LP0002800,L00150,C00663,2025-09-28,2025-10-03,36810.41,5,Paid
LP0002801,L00150,C00663,2025-10-28,2025-11-06,36180.49,9,Late
LP0002802,L00150,C00663,2025-11-28,2025-12-03,36683.32,5,Paid
LP0002803,L00150,C00663,2025-12-28,2026-01-03,35734.12,6,Late
LP0002804,L00150,C00663,2026-01-28,2026-02-07,37615.65,10,Late
LP0002805,L00150,C00663,2026-02-28,2026-03-08,37578.61,8,Late
LP0002806,L00150,C00663,2026-03-28,2026-03-31,36539.67,3,Paid
LP0002807,L00150,C00663,2026-04-28,2026-05-02,36763.03,4,Paid
LP0002808,L00150,C00663,2026-05-28,2026-06-06,37560.97,9,Late
LP0002809,L00150,C00663,2026-06-28,2026-07-01,37241.07,3,Paid
LP0002810,L00150,C00663,2026-07-28,2026-08-03,35654.52,6,Late
LP0002811,L00150,C00663,2026-08-28,2026-08-30,36163.11,2,Paid
LP0002812,L00151,C00006,2022-10-28,2022-11-02,66815.03,5,Paid
LP0002813,L00151,C00006,2022-11-28,2022-12-03,70237.21,5,Paid
LP0002814,L00151,C00006,2022-12-28,2023-01-03,68848.63,6,Late
LP0002815,L00151,C00006,2023-01-28,2023-01-28,67439.17,0,Paid
LP0002816,L00151,C00006,2023-02-28,2023-03-07,70152.12,7,Late
LP0002817,L00151,C00006,2023-03-28,2023-03-30,69349.89,2,Paid
LP0002818,L00151,C00006,2023-04-28,2023-05-07,69091.82,9,Late
LP0002819,L00151,C00006,2023-05-28,2023-05-29,70569.96,1,Paid
LP0002820,L00151,C00006,2023-06-28,2023-06-29,69785.52,1,Paid
LP0002821,L00151,C00006,2023-07-28,2023-07-31,68607.44,3,Paid
LP0002822,L00151,C00006,2023-08-28,2023-09-03,67657.82,6,Late
LP0002823,L00151,C00006,2023-09-28,2023-09-30,69231.1,2,Paid
LP0002824,L00151,C00006,2023-10-28,2023-10-28,67717.6,0,Paid
LP0002825,L00151,C00006,2023-11-28,2023-12-14,59436.86,16,Partial
LP0002826,L00151,C00006,2023-12-28,,0,62,Missed
LP0002827,L00151,C00006,2024-01-28,2024-03-18,49479.53,50,Partial
LP0002828,L00151,C00006,2024-02-28,2024-04-03,47354.4,35,Partial
LP0002829,L00151,C00006,2024-03-28,,0,82,Missed
LP0002830,L00151,C00006,2024-04-28,2024-05-13,54869.56,15,Partial
LP0002831,L00151,C00006,2024-05-28,2024-06-25,60127.42,28,Partial
LP0002832,L00151,C00006,2024-06-28,2024-07-28,57790.39,30,Partial
LP0002833,L00151,C00006,2024-07-28,2024-09-24,35542.88,58,Partial
LP0002834,L00151,C00006,2024-08-28,2024-09-23,54679.01,26,Partial
LP0002835,L00151,C00006,2024-09-28,2024-11-07,36702.55,40,Partial
LP0002836,L00152,C00573,2022-05-28,2022-06-02,46548.84,5,Paid
LP0002837,L00152,C00573,2022-06-28,2022-07-03,46187.53,5,Paid
LP0002838,L00152,C00573,2022-07-28,2022-08-01,46753.69,4,Paid
LP0002839,L00152,C00573,2022-08-28,2022-08-31,47070.76,3,Paid
LP0002840,L00152,C00573,2022-09-28,2022-10-06,45492.44,8,Late
LP0002841,L00152,C00573,2022-10-28,2022-10-28,47213.32,0,Paid
LP0002842,L00152,C00573,2022-11-28,2022-12-08,46680.8,10,Late
LP0002843,L00152,C00573,2022-12-28,2022-12-28,47489.93,0,Paid
LP0002844,L00152,C00573,2023-01-28,2023-02-03,45459.04,6,Late
LP0002845,L00152,C00573,2023-02-28,2023-03-05,48068.51,5,Paid
LP0002846,L00152,C00573,2023-03-28,2023-04-04,45881.7,7,Late
LP0002847,L00152,C00573,2023-04-28,2023-05-08,47430.81,10,Late
LP0002848,L00152,C00573,2023-05-28,2023-06-01,45617.27,4,Paid
LP0002849,L00152,C00573,2023-06-28,2023-07-07,46426.74,9,Late
LP0002850,L00152,C00573,2023-07-28,2023-07-28,47383.89,0,Paid
LP0002851,L00152,C00573,2023-08-28,2023-09-03,47612.73,6,Late
LP0002852,L00152,C00573,2023-09-28,2023-10-04,47754.36,6,Late
LP0002853,L00152,C00573,2023-10-28,2023-11-07,47706.42,10,Late
LP0002854,L00152,C00573,2023-11-28,2023-12-08,46253.45,10,Late
LP0002855,L00152,C00573,2023-12-28,2023-12-29,46526.98,1,Paid
LP0002856,L00152,C00573,2024-01-28,2024-02-03,45351.26,6,Late
LP0002857,L00152,C00573,2024-02-28,2024-03-01,46114.52,2,Paid
LP0002858,L00152,C00573,2024-03-28,2024-04-02,46347.95,5,Paid
LP0002859,L00152,C00573,2024-04-28,2024-05-05,47260.65,7,Late
LP0002860,L00153,C00743,2023-05-28,2023-05-29,6684.89,1,Paid
LP0002861,L00153,C00743,2023-06-28,2023-07-02,6565.71,4,Paid
LP0002862,L00153,C00743,2023-07-28,2023-08-03,6827.81,6,Late
LP0002863,L00153,C00743,2023-08-28,2023-09-04,6611.89,7,Late
LP0002864,L00153,C00743,2023-09-28,2023-10-03,6819.86,5,Paid
LP0002865,L00153,C00743,2023-10-28,2023-11-02,6585.72,5,Paid
LP0002866,L00153,C00743,2023-11-28,2023-11-28,6634.48,0,Paid
LP0002867,L00153,C00743,2023-12-28,2023-12-31,6587.91,3,Paid
LP0002868,L00153,C00743,2024-01-28,2024-01-30,6647.88,2,Paid
LP0002869,L00153,C00743,2024-02-28,2024-03-04,6558.26,5,Paid
LP0002870,L00153,C00743,2024-03-28,2024-04-05,6699.44,8,Late
LP0002871,L00153,C00743,2024-04-28,2024-05-08,6604.74,10,Late
LP0002872,L00153,C00743,2024-05-28,2024-06-06,6862.2,9,Late
LP0002873,L00153,C00743,2024-06-28,2024-07-07,6640.8,9,Late
LP0002874,L00153,C00743,2024-07-28,2024-07-28,6699.51,0,Paid
LP0002875,L00153,C00743,2024-08-28,2024-09-07,6526.58,10,Late
LP0002876,L00153,C00743,2024-09-28,2024-10-05,6784.12,7,Late
LP0002877,L00153,C00743,2024-10-28,2024-11-05,6703.22,8,Late
LP0002878,L00153,C00743,2024-11-28,2024-12-02,6523.64,4,Paid
LP0002879,L00153,C00743,2024-12-28,2025-01-07,6488.23,10,Late
LP0002880,L00153,C00743,2025-01-28,2025-02-03,6873.64,6,Late
LP0002881,L00153,C00743,2025-02-28,2025-03-04,6691.38,4,Paid
LP0002882,L00153,C00743,2025-03-28,2025-04-01,6614.1,4,Paid
LP0002883,L00153,C00743,2025-04-28,2025-04-30,6801.83,2,Paid
LP0002884,L00154,C00280,2024-12-28,2025-01-03,27148.55,6,Late
LP0002885,L00154,C00280,2025-01-28,2025-02-06,28413.5,9,Late
LP0002886,L00154,C00280,2025-02-28,2025-03-07,27967.84,7,Late
LP0002887,L00154,C00280,2025-03-28,2025-03-30,27210.6,2,Paid
LP0002888,L00154,C00280,2025-04-28,2025-05-07,27294.15,9,Late
LP0002889,L00154,C00280,2025-05-28,2025-05-28,27948.16,0,Paid
LP0002890,L00154,C00280,2025-06-28,2025-07-02,27437.52,4,Paid
LP0002891,L00154,C00280,2025-07-28,2025-07-29,28091.25,1,Paid
LP0002892,L00154,C00280,2025-08-28,2025-08-29,28265.56,1,Paid
LP0002893,L00154,C00280,2025-09-28,2025-10-02,28603.18,4,Paid
LP0002894,L00154,C00280,2025-10-28,2025-11-02,27497.62,5,Paid
LP0002895,L00154,C00280,2025-11-28,2025-12-05,27958.16,7,Late
LP0002896,L00154,C00280,2025-12-28,2026-01-06,26997.9,9,Late
LP0002897,L00154,C00280,2026-01-28,2026-01-28,27739.48,0,Paid
LP0002898,L00154,C00280,2026-02-28,2026-03-05,27615.49,5,Paid
LP0002899,L00154,C00280,2026-03-28,2026-04-05,27755.57,8,Late
LP0002900,L00154,C00280,2026-04-28,2026-05-01,27042.65,3,Paid
LP0002901,L00154,C00280,2026-05-28,2026-06-07,27296.57,10,Late
LP0002902,L00154,C00280,2026-06-28,2026-07-04,27527.79,6,Late
LP0002903,L00154,C00280,2026-07-28,2026-08-05,28572.46,8,Late
LP0002904,L00154,C00280,2026-08-28,2026-09-04,28110.06,7,Late
LP0002905,L00155,C00696,2025-10-28,2025-11-07,47835.59,10,Late
LP0002906,L00155,C00696,2025-11-28,2025-11-29,48641.68,1,Paid
LP0002907,L00155,C00696,2025-12-28,2025-12-28,46710.68,0,Paid
LP0002908,L00155,C00696,2026-01-28,2026-01-31,47034.7,3,Paid
LP0002909,L00155,C00696,2026-02-28,2026-03-07,47274.16,7,Late
LP0002910,L00155,C00696,2026-03-28,2026-04-03,48732.13,6,Late
LP0002911,L00155,C00696,2026-04-28,2026-05-07,46927.76,9,Late
LP0002912,L00155,C00696,2026-05-28,2026-06-06,47765.8,9,Late
LP0002913,L00155,C00696,2026-06-28,2026-07-08,46474.76,10,Late
LP0002914,L00155,C00696,2026-07-28,2026-07-30,47944.91,2,Paid
LP0002915,L00155,C00696,2026-08-28,2026-08-30,46672.33,2,Paid
LP0002916,L00156,C00766,2022-06-28,2022-07-07,11432.98,9,Late
LP0002917,L00156,C00766,2022-07-28,2022-07-31,11491.62,3,Paid
LP0002918,L00156,C00766,2022-08-28,2022-09-06,11459.68,9,Late
LP0002919,L00156,C00766,2022-09-28,2022-10-03,11395.27,5,Paid
LP0002920,L00156,C00766,2022-10-28,2022-11-04,11570.87,7,Late
LP0002921,L00156,C00766,2022-11-28,2022-11-29,11727.3,1,Paid
LP0002922,L00156,C00766,2022-12-28,2022-12-28,11746.93,0,Paid
LP0002923,L00156,C00766,2023-01-28,2023-02-01,11399.45,4,Paid
LP0002924,L00156,C00766,2023-02-28,2023-03-10,11184.9,10,Late
LP0002925,L00156,C00766,2023-03-28,2023-03-30,11540.11,2,Paid
LP0002926,L00156,C00766,2023-04-28,2023-05-07,11778.65,9,Late
LP0002927,L00156,C00766,2023-05-28,2023-06-01,11791.61,4,Paid
LP0002928,L00156,C00766,2023-06-28,2023-07-01,11555.11,3,Paid
LP0002929,L00156,C00766,2023-07-28,,0,105,Missed
LP0002930,L00156,C00766,2023-08-28,,0,65,Missed
LP0002931,L00156,C00766,2023-09-28,,0,79,Missed
LP0002932,L00156,C00766,2023-10-28,2023-12-15,10169.74,48,Partial
LP0002933,L00156,C00766,2023-11-28,2024-01-19,9235.99,52,Partial
LP0002934,L00156,C00766,2023-12-28,2024-02-11,5803.85,45,Partial
LP0002935,L00156,C00766,2024-01-28,,0,102,Missed
LP0002936,L00156,C00766,2024-02-28,2024-04-17,7466.8,49,Partial
LP0002937,L00156,C00766,2024-03-28,,0,34,Missed
LP0002938,L00156,C00766,2024-04-28,,0,36,Missed
LP0002939,L00156,C00766,2024-05-28,,0,67,Missed
LP0002940,L00157,C00940,2024-07-28,2024-08-01,4159.52,4,Paid
LP0002941,L00157,C00940,2024-08-28,2024-08-30,4157.42,2,Paid
LP0002942,L00157,C00940,2024-09-28,2024-10-05,4077.31,7,Late
LP0002943,L00157,C00940,2024-10-28,2024-11-01,4111.07,4,Paid
LP0002944,L00157,C00940,2024-11-28,2024-11-30,4163.01,2,Paid
LP0002945,L00157,C00940,2024-12-28,2025-01-03,4058.81,6,Late
LP0002946,L00157,C00940,2025-01-28,2025-02-06,4126.41,9,Late
LP0002947,L00157,C00940,2025-02-28,2025-03-07,4249.74,7,Late
LP0002948,L00157,C00940,2025-03-28,2025-03-30,4180.32,2,Paid
LP0002949,L00157,C00940,2025-04-28,2025-05-02,4269.15,4,Paid
LP0002950,L00157,C00940,2025-05-28,2025-06-04,4122.3,7,Late
LP0002951,L00157,C00940,2025-06-28,2025-06-29,4260.96,1,Paid
LP0002952,L00157,C00940,2025-07-28,2025-07-31,4195.66,3,Paid
LP0002953,L00157,C00940,2025-08-28,2025-09-01,4138.36,4,Paid
LP0002954,L00157,C00940,2025-09-28,2025-09-28,4102.7,0,Paid
LP0002955,L00157,C00940,2025-10-28,2025-11-05,4084.97,8,Late
LP0002956,L00157,C00940,2025-11-28,2025-12-06,4278.1,8,Late
LP0002957,L00157,C00940,2025-12-28,2025-12-28,4099.99,0,Paid
LP0002958,L00157,C00940,2026-01-28,2026-02-03,4173.71,6,Late
LP0002959,L00157,C00940,2026-02-28,2026-03-09,4195.25,9,Late
LP0002960,L00157,C00940,2026-03-28,2026-03-29,4211.91,1,Paid
LP0002961,L00157,C00940,2026-04-28,2026-04-28,4182.87,0,Paid
LP0002962,L00157,C00940,2026-05-28,2026-06-07,4135.92,10,Late
LP0002963,L00157,C00940,2026-06-28,2026-07-05,4162.99,7,Late
LP0002964,L00158,C00626,2025-09-28,2025-09-28,96201.63,0,Paid
LP0002965,L00158,C00626,2025-10-28,2025-11-04,93198.84,7,Late
LP0002966,L00158,C00626,2025-11-28,2025-11-29,92257.89,1,Paid
LP0002967,L00158,C00626,2025-12-28,2026-01-07,94970.44,10,Late
LP0002968,L00158,C00626,2026-01-28,2026-01-31,95904.93,3,Paid
LP0002969,L00158,C00626,2026-02-28,2026-03-09,94719.89,9,Late
LP0002970,L00158,C00626,2026-03-28,2026-04-02,93398.84,5,Paid
LP0002971,L00158,C00626,2026-04-28,2026-05-05,95902.02,7,Late
LP0002972,L00158,C00626,2026-05-28,2026-06-04,95079.1,7,Late
LP0002973,L00158,C00626,2026-06-28,2026-07-02,95539.23,4,Paid
LP0002974,L00158,C00626,2026-07-28,2026-08-03,95772.01,6,Late
LP0002975,L00158,C00626,2026-08-28,2026-08-29,95482.13,1,Paid
LP0002976,L00159,C00408,2023-09-28,2023-10-05,55217.43,7,Late
LP0002977,L00159,C00408,2023-10-28,2023-10-29,54373.63,1,Paid
LP0002978,L00159,C00408,2023-11-28,2023-11-30,54007.21,2,Paid
LP0002979,L00159,C00408,2023-12-28,2024-01-04,55077.67,7,Late
LP0002980,L00159,C00408,2024-01-28,2024-02-05,54022.95,8,Late
LP0002981,L00159,C00408,2024-02-28,2024-03-05,55622.59,6,Late
LP0002982,L00159,C00408,2024-03-28,2024-03-31,55177.99,3,Paid
LP0002983,L00159,C00408,2024-04-28,2024-05-04,53359.69,6,Late
LP0002984,L00159,C00408,2024-05-28,2024-06-05,53072.11,8,Late
LP0002985,L00159,C00408,2024-06-28,2024-06-28,55741.26,0,Paid
LP0002986,L00159,C00408,2024-07-28,2024-07-30,55108.31,2,Paid
LP0002987,L00159,C00408,2024-08-28,2024-09-03,53106.15,6,Late
LP0002988,L00159,C00408,2024-09-28,2024-10-08,55352.85,10,Late
LP0002989,L00159,C00408,2024-10-28,,0,33,Missed
LP0002990,L00159,C00408,2024-11-28,,0,80,Missed
LP0002991,L00159,C00408,2024-12-28,2025-02-12,34673.21,46,Partial
LP0002992,L00159,C00408,2025-01-28,,0,70,Missed
LP0002993,L00159,C00408,2025-02-28,,0,64,Missed
LP0002994,L00159,C00408,2025-03-28,2025-05-23,53383.93,56,Partial
LP0002995,L00159,C00408,2025-04-28,,0,46,Missed
LP0002996,L00159,C00408,2025-05-28,2025-06-15,37483.48,18,Partial
LP0002997,L00159,C00408,2025-06-28,2025-08-26,50180.46,59,Partial
LP0002998,L00159,C00408,2025-07-28,2025-08-28,43877.48,31,Partial
LP0002999,L00159,C00408,2025-08-28,,0,31,Missed
LP0003000,L00160,C00323,2022-01-28,2022-01-28,3783.83,0,Paid
LP0003001,L00160,C00323,2022-02-28,2022-03-09,3643.93,9,Late
LP0003002,L00160,C00323,2022-03-28,2022-03-28,3686.87,0,Paid
LP0003003,L00160,C00323,2022-04-28,2022-05-04,3679.28,6,Late
LP0003004,L00160,C00323,2022-05-28,2022-06-01,3748.83,4,Paid
LP0003005,L00160,C00323,2022-06-28,2022-07-04,3724.65,6,Late
LP0003006,L00160,C00323,2022-07-28,2022-08-06,3701.02,9,Late
LP0003007,L00160,C00323,2022-08-28,2022-08-28,3616.13,0,Paid
LP0003008,L00160,C00323,2022-09-28,2022-09-29,3741.71,1,Paid
LP0003009,L00160,C00323,2022-10-28,2022-10-31,3649.56,3,Paid
LP0003010,L00160,C00323,2022-11-28,2022-12-03,3637.26,5,Paid
LP0003011,L00160,C00323,2022-12-28,2023-01-01,3610.83,4,Paid
LP0003012,L00160,C00323,2023-01-28,2023-02-01,3806.7,4,Paid
LP0003013,L00160,C00323,2023-02-28,2023-04-04,3044.62,35,Partial
LP0003014,L00160,C00323,2023-03-28,2023-04-21,3152.33,24,Partial
LP0003015,L00160,C00323,2023-04-28,,0,83,Missed
LP0003016,L00160,C00323,2023-05-28,2023-07-10,2184.17,43,Partial
LP0003017,L00160,C00323,2023-06-28,2023-07-28,2226.56,30,Partial
LP0003018,L00160,C00323,2023-07-28,,0,72,Missed
LP0003019,L00160,C00323,2023-08-28,2023-09-21,3004.24,24,Partial
LP0003020,L00160,C00323,2023-09-28,,0,64,Missed
LP0003021,L00160,C00323,2023-10-28,2023-12-06,2692.19,39,Partial
LP0003022,L00160,C00323,2023-11-28,,0,115,Missed
LP0003023,L00160,C00323,2023-12-28,2024-02-26,3423.91,60,Partial
LP0003024,L00161,C00233,2024-07-28,2024-08-02,3305.85,5,Paid
LP0003025,L00161,C00233,2024-08-28,2024-09-03,3352.38,6,Late
LP0003026,L00161,C00233,2024-09-28,2024-09-28,3338.62,0,Paid
LP0003027,L00161,C00233,2024-10-28,2024-11-05,3357.6,8,Late
LP0003028,L00161,C00233,2024-11-28,2024-12-08,3427.65,10,Late
LP0003029,L00161,C00233,2024-12-28,2025-01-04,3475.98,7,Late
LP0003030,L00161,C00233,2025-01-28,2025-02-07,3331.85,10,Late
LP0003031,L00161,C00233,2025-02-28,2025-03-06,3370.17,6,Late
LP0003032,L00161,C00233,2025-03-28,2025-03-30,3338.24,2,Paid
LP0003033,L00161,C00233,2025-04-28,2025-05-08,3498.69,10,Late
LP0003034,L00161,C00233,2025-05-28,2025-06-02,3437.95,5,Paid
LP0003035,L00161,C00233,2025-06-28,2025-07-03,3352.4,5,Paid
LP0003036,L00161,C00233,2025-07-28,2025-07-29,3321.02,1,Paid
LP0003037,L00161,C00233,2025-08-28,2025-09-07,3458.14,10,Late
LP0003038,L00161,C00233,2025-09-28,2025-10-01,3450.11,3,Paid
LP0003039,L00161,C00233,2025-10-28,2025-11-05,3352.2,8,Late
LP0003040,L00161,C00233,2025-11-28,2025-12-04,3387.77,6,Late
LP0003041,L00161,C00233,2025-12-28,2025-12-30,3383.82,2,Paid
LP0003042,L00161,C00233,2026-01-28,2026-02-01,3432.59,4,Paid
LP0003043,L00161,C00233,2026-02-28,2026-03-01,3472.91,1,Paid
LP0003044,L00161,C00233,2026-03-28,2026-04-05,3420.93,8,Late
LP0003045,L00161,C00233,2026-04-28,2026-05-06,3478.11,8,Late
LP0003046,L00161,C00233,2026-05-28,2026-05-29,3476.97,1,Paid
LP0003047,L00161,C00233,2026-06-28,2026-07-08,3337.87,10,Late
LP0003048,L00162,C00658,2024-05-28,2024-06-02,8972.12,5,Paid
LP0003049,L00162,C00658,2024-06-28,2024-07-03,8916.88,5,Paid
LP0003050,L00162,C00658,2024-07-28,2024-08-07,8595.46,10,Late
LP0003051,L00162,C00658,2024-08-28,2024-08-30,8637.68,2,Paid
LP0003052,L00162,C00658,2024-09-28,2024-10-04,8523.9,6,Late
LP0003053,L00162,C00658,2024-10-28,2024-11-05,8807.98,8,Late
LP0003054,L00162,C00658,2024-11-28,2024-12-04,8880.05,6,Late
LP0003055,L00162,C00658,2024-12-28,2025-01-07,8459.52,10,Late
LP0003056,L00162,C00658,2025-01-28,2025-02-05,8502.6,8,Late
LP0003057,L00162,C00658,2025-02-28,2025-03-03,8867.53,3,Paid
LP0003058,L00162,C00658,2025-03-28,2025-04-05,8606.75,8,Late
LP0003059,L00162,C00658,2025-04-28,2025-05-05,8874.29,7,Late
LP0003060,L00162,C00658,2025-05-28,2025-05-29,8586.41,1,Paid
LP0003061,L00162,C00658,2025-06-28,2025-07-30,6379.47,32,Partial
LP0003062,L00162,C00658,2025-07-28,,0,70,Missed
LP0003063,L00162,C00658,2025-08-28,,0,98,Missed
LP0003064,L00162,C00658,2025-09-28,2025-11-04,4585.75,37,Partial
LP0003065,L00162,C00658,2025-10-28,2025-12-08,7712.06,41,Partial
LP0003066,L00162,C00658,2025-11-28,,0,37,Missed
LP0003067,L00162,C00658,2025-12-28,2026-02-22,7245.68,56,Partial
LP0003068,L00162,C00658,2026-01-28,,0,109,Missed
LP0003069,L00162,C00658,2026-02-28,2026-04-24,6340.82,55,Partial
LP0003070,L00162,C00658,2026-03-28,,0,60,Missed
LP0003071,L00162,C00658,2026-04-28,,0,70,Missed
LP0003072,L00163,C00639,2026-04-28,2026-05-06,4471.99,8,Late
LP0003073,L00163,C00639,2026-05-28,2026-06-01,4459.75,4,Paid
LP0003074,L00163,C00639,2026-06-28,2026-07-07,4610.64,9,Late
LP0003075,L00163,C00639,2026-07-28,2026-08-01,4640.41,4,Paid
LP0003076,L00163,C00639,2026-08-28,2026-08-30,4546.57,2,Paid
LP0003077,L00164,C00265,2024-05-28,2024-06-02,82312.0,5,Paid
LP0003078,L00164,C00265,2024-06-28,2024-06-28,81344.58,0,Paid
LP0003079,L00164,C00265,2024-07-28,2024-07-30,84945.9,2,Paid
LP0003080,L00164,C00265,2024-08-28,2024-08-31,81576.59,3,Paid
LP0003081,L00164,C00265,2024-09-28,2024-10-03,85720.16,5,Paid
LP0003082,L00164,C00265,2024-10-28,2024-10-28,85829.19,0,Paid
LP0003083,L00164,C00265,2024-11-28,2024-12-06,83526.74,8,Late
LP0003084,L00164,C00265,2024-12-28,2024-12-28,85451.62,0,Paid
LP0003085,L00164,C00265,2025-01-28,2025-02-02,84469.27,5,Paid
LP0003086,L00164,C00265,2025-02-28,2025-03-09,81173.1,9,Late
LP0003087,L00164,C00265,2025-03-28,2025-03-28,82240.41,0,Paid
LP0003088,L00164,C00265,2025-04-28,2025-05-02,84216.02,4,Paid
LP0003089,L00164,C00265,2025-05-28,2025-06-07,82086.39,10,Late
LP0003090,L00164,C00265,2025-06-28,2025-06-30,84777.39,2,Paid
LP0003091,L00164,C00265,2025-07-28,2025-07-30,85448.7,2,Paid
LP0003092,L00164,C00265,2025-08-28,2025-08-30,81163.76,2,Paid
LP0003093,L00164,C00265,2025-09-28,2025-10-03,84453.31,5,Paid
LP0003094,L00164,C00265,2025-10-28,2025-11-02,84581.15,5,Paid
LP0003095,L00164,C00265,2025-11-28,2025-12-04,85143.05,6,Late
LP0003096,L00164,C00265,2025-12-28,2026-01-05,82549.39,8,Late
LP0003097,L00164,C00265,2026-01-28,2026-02-04,82899.94,7,Late
LP0003098,L00164,C00265,2026-02-28,2026-03-05,84713.36,5,Paid
LP0003099,L00164,C00265,2026-03-28,2026-04-04,83776.64,7,Late
LP0003100,L00164,C00265,2026-04-28,2026-05-01,85219.97,3,Paid
LP0003101,L00165,C00341,2023-03-28,2023-03-31,110735.48,3,Paid
LP0003102,L00165,C00341,2023-04-28,2023-05-07,110643.99,9,Late
LP0003103,L00165,C00341,2023-05-28,2023-06-01,108180.13,4,Paid
LP0003104,L00165,C00341,2023-06-28,2023-06-28,110630.13,0,Paid
LP0003105,L00165,C00341,2023-07-28,2023-08-02,107333.98,5,Paid
LP0003106,L00165,C00341,2023-08-28,2023-09-05,110142.76,8,Late
LP0003107,L00165,C00341,2023-09-28,2023-10-03,111842.51,5,Paid
LP0003108,L00165,C00341,2023-10-28,2023-11-05,109715.34,8,Late
LP0003109,L00165,C00341,2023-11-28,2023-11-30,111996.8,2,Paid
LP0003110,L00165,C00341,2023-12-28,2024-01-05,113021.02,8,Late
LP0003111,L00165,C00341,2024-01-28,2024-01-28,111294.11,0,Paid
LP0003112,L00165,C00341,2024-02-28,2024-03-08,109056.09,9,Late
LP0003113,L00165,C00341,2024-03-28,2024-03-30,111605.87,2,Paid
LP0003114,L00165,C00341,2024-04-28,2024-05-06,108409.57,8,Late
LP0003115,L00165,C00341,2024-05-28,2024-06-04,110234.25,7,Late
LP0003116,L00165,C00341,2024-06-28,2024-06-28,111315.68,0,Paid
LP0003117,L00165,C00341,2024-07-28,2024-07-29,110514.52,1,Paid
LP0003118,L00165,C00341,2024-08-28,2024-09-05,109664.3,8,Late
LP0003119,L00165,C00341,2024-09-28,2024-10-03,110979.03,5,Paid
LP0003120,L00165,C00341,2024-10-28,2024-11-06,112472.45,9,Late
LP0003121,L00165,C00341,2024-11-28,2024-12-08,110261.98,10,Late
LP0003122,L00165,C00341,2024-12-28,2025-01-03,111802.95,6,Late
LP0003123,L00165,C00341,2025-01-28,2025-02-07,111379.82,10,Late
LP0003124,L00165,C00341,2025-02-28,2025-02-28,112309.73,0,Paid
LP0003125,L00166,C00028,2022-03-28,2022-04-01,16859.94,4,Paid
LP0003126,L00166,C00028,2022-04-28,2022-05-04,16671.91,6,Late
LP0003127,L00166,C00028,2022-05-28,2022-06-02,17204.58,5,Paid
LP0003128,L00166,C00028,2022-06-28,2022-07-04,17165.17,6,Late
LP0003129,L00166,C00028,2022-07-28,2022-07-28,17426.25,0,Paid
LP0003130,L00166,C00028,2022-08-28,2022-08-30,16968.24,2,Paid
LP0003131,L00166,C00028,2022-09-28,2022-10-06,17335.63,8,Late
LP0003132,L00166,C00028,2022-10-28,2022-11-05,16967.98,8,Late
LP0003133,L00166,C00028,2022-11-28,2022-12-06,16972.83,8,Late
LP0003134,L00166,C00028,2022-12-28,2023-01-02,16565.79,5,Paid
LP0003135,L00166,C00028,2023-01-28,2023-02-06,17075.13,9,Late
LP0003136,L00166,C00028,2023-02-28,2023-02-28,17189.89,0,Paid
LP0003137,L00166,C00028,2023-03-28,2023-03-28,17007.18,0,Paid
LP0003138,L00166,C00028,2023-04-28,2023-05-08,17436.77,10,Late
LP0003139,L00166,C00028,2023-05-28,2023-05-28,16768.65,0,Paid
LP0003140,L00166,C00028,2023-06-28,2023-07-07,17441.82,9,Late
LP0003141,L00166,C00028,2023-07-28,2023-08-04,17512.97,7,Late
LP0003142,L00166,C00028,2023-08-28,2023-08-31,17104.59,3,Paid
LP0003143,L00166,C00028,2023-09-28,2023-10-08,16918.6,10,Late
LP0003144,L00166,C00028,2023-10-28,2023-11-01,17450.39,4,Paid
LP0003145,L00166,C00028,2023-11-28,2023-12-02,17001.43,4,Paid
LP0003146,L00166,C00028,2023-12-28,2024-01-04,16705.39,7,Late
LP0003147,L00166,C00028,2024-01-28,2024-01-30,16553.51,2,Paid
LP0003148,L00166,C00028,2024-02-28,2024-03-03,17153.72,4,Paid
LP0003149,L00167,C00243,2024-10-28,2024-11-01,3898.72,4,Paid
LP0003150,L00167,C00243,2024-11-28,2024-12-02,3712.48,4,Paid
LP0003151,L00167,C00243,2024-12-28,2025-01-04,3763.54,7,Late
LP0003152,L00167,C00243,2025-01-28,2025-01-29,3841.24,1,Paid
LP0003153,L00167,C00243,2025-02-28,2025-03-01,3918.05,1,Paid
LP0003154,L00167,C00243,2025-03-28,2025-04-07,3852.7,10,Late
LP0003155,L00167,C00243,2025-04-28,2025-05-08,3709.59,10,Late
LP0003156,L00167,C00243,2025-05-28,2025-05-29,3751.0,1,Paid
LP0003157,L00167,C00243,2025-06-28,2025-07-01,3883.26,3,Paid
LP0003158,L00167,C00243,2025-07-28,2025-08-04,3918.25,7,Late
LP0003159,L00167,C00243,2025-08-28,2025-09-06,3865.78,9,Late
LP0003160,L00167,C00243,2025-09-28,2025-10-08,3726.02,10,Late
LP0003161,L00167,C00243,2025-10-28,2025-11-03,3851.38,6,Late
LP0003162,L00167,C00243,2025-11-28,2025-12-08,3767.47,10,Late
LP0003163,L00167,C00243,2025-12-28,2025-12-30,3914.44,2,Paid
LP0003164,L00167,C00243,2026-01-28,2026-01-29,3934.08,1,Paid
LP0003165,L00167,C00243,2026-02-28,2026-03-06,3804.74,6,Late
LP0003166,L00167,C00243,2026-03-28,2026-04-03,3772.5,6,Late
LP0003167,L00167,C00243,2026-04-28,2026-04-29,3936.88,1,Paid
LP0003168,L00167,C00243,2026-05-28,2026-06-04,3868.82,7,Late
LP0003169,L00167,C00243,2026-06-28,2026-07-01,3789.01,3,Paid
LP0003170,L00167,C00243,2026-07-28,2026-08-04,3787.89,7,Late
LP0003171,L00167,C00243,2026-08-28,2026-09-02,3740.51,5,Paid
LP0003172,L00168,C00452,2022-03-28,2022-03-28,6774.01,0,Paid
LP0003173,L00168,C00452,2022-04-28,2022-04-29,6940.21,1,Paid
LP0003174,L00168,C00452,2022-05-28,2022-05-31,6558.24,3,Paid
LP0003175,L00168,C00452,2022-06-28,2022-06-28,6584.1,0,Paid
LP0003176,L00168,C00452,2022-07-28,2022-08-03,6586.05,6,Late
LP0003177,L00168,C00452,2022-08-28,2022-09-05,6643.27,8,Late
LP0003178,L00168,C00452,2022-09-28,2022-09-29,6687.59,1,Paid
LP0003179,L00168,C00452,2022-10-28,2022-11-06,6932.59,9,Late
LP0003180,L00168,C00452,2022-11-28,2022-11-28,6893.76,0,Paid
LP0003181,L00168,C00452,2022-12-28,2023-01-04,6673.27,7,Late
LP0003182,L00168,C00452,2023-01-28,2023-02-03,6908.83,6,Late
LP0003183,L00168,C00452,2023-02-28,2023-03-04,6639.05,4,Paid
LP0003184,L00168,C00452,2023-03-28,2023-03-28,6776.49,0,Paid
LP0003185,L00168,C00452,2023-04-28,2023-04-28,6879.06,0,Paid
LP0003186,L00168,C00452,2023-05-28,2023-05-30,6779.08,2,Paid
LP0003187,L00168,C00452,2023-06-28,2023-07-08,6648.92,10,Late
LP0003188,L00168,C00452,2023-07-28,2023-08-03,6752.53,6,Late
LP0003189,L00168,C00452,2023-08-28,2023-08-31,6606.59,3,Paid
LP0003190,L00168,C00452,2023-09-28,2023-10-02,6708.45,4,Paid
LP0003191,L00168,C00452,2023-10-28,2023-11-01,6953.1,4,Paid
LP0003192,L00168,C00452,2023-11-28,2023-12-05,6600.5,7,Late
LP0003193,L00168,C00452,2023-12-28,2024-01-03,6573.16,6,Late
LP0003194,L00168,C00452,2024-01-28,2024-02-03,6578.45,6,Late
LP0003195,L00168,C00452,2024-02-28,2024-03-06,6942.52,7,Late
LP0003196,L00169,C00825,2025-07-28,2025-07-31,13385.23,3,Paid
LP0003197,L00169,C00825,2025-08-28,2025-09-04,13414.9,7,Late
LP0003198,L00169,C00825,2025-09-28,2025-10-07,13122.54,9,Late
LP0003199,L00169,C00825,2025-10-28,2025-11-01,13088.58,4,Paid
LP0003200,L00169,C00825,2025-11-28,2025-11-29,13021.97,1,Paid
LP0003201,L00169,C00825,2025-12-28,2026-01-04,13119.67,7,Late
LP0003202,L00169,C00825,2026-01-28,2026-02-06,13010.78,9,Late
LP0003203,L00169,C00825,2026-02-28,2026-03-10,13197.02,10,Late
LP0003204,L00169,C00825,2026-03-28,2026-04-06,13641.16,9,Late
LP0003205,L00169,C00825,2026-04-28,2026-05-06,13568.88,8,Late
LP0003206,L00169,C00825,2026-05-28,2026-05-29,13516.9,1,Paid
LP0003207,L00169,C00825,2026-06-28,2026-07-05,13039.32,7,Late
LP0003208,L00169,C00825,2026-07-28,2026-08-02,13606.97,5,Paid
LP0003209,L00169,C00825,2026-08-28,2026-09-01,13363.95,4,Paid
LP0003210,L00170,C00920,2026-04-28,2026-05-08,74390.39,10,Late
LP0003211,L00170,C00920,2026-05-28,2026-06-02,74887.02,5,Paid
LP0003212,L00170,C00920,2026-06-28,2026-07-03,74506.85,5,Paid
LP0003213,L00170,C00920,2026-07-28,2026-08-02,74485.86,5,Paid
LP0003214,L00170,C00920,2026-08-28,2026-08-28,76442.71,0,Paid
LP0003215,L00171,C00287,2025-05-28,2025-05-31,3753.61,3,Paid
LP0003216,L00171,C00287,2025-06-28,2025-07-05,3860.62,7,Late
LP0003217,L00171,C00287,2025-07-28,2025-08-02,3806.81,5,Paid
LP0003218,L00171,C00287,2025-08-28,2025-09-01,3837.4,4,Paid
LP0003219,L00171,C00287,2025-09-28,2025-10-07,3884.74,9,Late
LP0003220,L00171,C00287,2025-10-28,2025-10-28,3848.75,0,Paid
LP0003221,L00171,C00287,2025-11-28,2025-12-07,3825.59,9,Late
LP0003222,L00171,C00287,2025-12-28,2026-01-06,3853.3,9,Late
LP0003223,L00171,C00287,2026-01-28,2026-01-31,3831.52,3,Paid
LP0003224,L00171,C00287,2026-02-28,2026-03-07,3783.25,7,Late
LP0003225,L00171,C00287,2026-03-28,2026-04-05,3825.62,8,Late
LP0003226,L00171,C00287,2026-04-28,2026-05-04,3734.58,6,Late
LP0003227,L00171,C00287,2026-05-28,2026-05-31,3838.01,3,Paid
LP0003228,L00171,C00287,2026-06-28,2026-07-06,3664.33,8,Late
LP0003229,L00171,C00287,2026-07-28,2026-08-02,3853.53,5,Paid
LP0003230,L00171,C00287,2026-08-28,2026-08-31,3723.27,3,Paid
LP0003231,L00172,C00568,2022-03-28,2022-03-31,49739.97,3,Paid
LP0003232,L00172,C00568,2022-04-28,2022-05-07,52176.12,9,Late
LP0003233,L00172,C00568,2022-05-28,2022-05-30,49743.76,2,Paid
LP0003234,L00172,C00568,2022-06-28,2022-07-05,52270.83,7,Late
LP0003235,L00172,C00568,2022-07-28,2022-07-28,49735.82,0,Paid
LP0003236,L00172,C00568,2022-08-28,2022-09-03,52591.25,6,Late
LP0003237,L00172,C00568,2022-09-28,2022-10-05,50737.47,7,Late
LP0003238,L00172,C00568,2022-10-28,2022-11-01,51035.93,4,Paid
LP0003239,L00172,C00568,2022-11-28,2022-12-01,52159.57,3,Paid
LP0003240,L00172,C00568,2022-12-28,2023-01-06,50997.52,9,Late
LP0003241,L00172,C00568,2023-01-28,2023-02-01,52090.34,4,Paid
LP0003242,L00172,C00568,2023-02-28,2023-03-01,52577.48,1,Paid
LP0003243,L00172,C00568,2023-03-28,2023-03-31,51288.86,3,Paid
LP0003244,L00172,C00568,2023-04-28,,0,90,Missed
LP0003245,L00172,C00568,2023-05-28,2023-06-15,41846.98,18,Partial
LP0003246,L00172,C00568,2023-06-28,2023-07-23,34533.16,25,Partial
LP0003247,L00172,C00568,2023-07-28,2023-09-05,50120.29,39,Partial
LP0003248,L00172,C00568,2023-08-28,2023-10-16,47758.5,49,Partial
LP0003249,L00172,C00568,2023-09-28,2023-10-29,44766.05,31,Partial
LP0003250,L00172,C00568,2023-10-28,2023-12-22,47178.31,55,Partial
LP0003251,L00172,C00568,2023-11-28,,0,118,Missed
LP0003252,L00172,C00568,2023-12-28,2024-01-17,48141.67,20,Partial
LP0003253,L00172,C00568,2024-01-28,,0,77,Missed
LP0003254,L00172,C00568,2024-02-28,,0,68,Missed
LP0003255,L00173,C00034,2024-08-28,2024-08-31,32524.22,3,Paid
LP0003256,L00173,C00034,2024-09-28,2024-10-03,33769.61,5,Paid
LP0003257,L00173,C00034,2024-10-28,2024-11-04,34253.01,7,Late
LP0003258,L00173,C00034,2024-11-28,2024-11-30,32589.72,2,Paid
LP0003259,L00173,C00034,2024-12-28,2024-12-30,33296.19,2,Paid
LP0003260,L00173,C00034,2025-01-28,2025-02-03,33439.12,6,Late
LP0003261,L00173,C00034,2025-02-28,2025-02-28,33535.6,0,Paid
LP0003262,L00173,C00034,2025-03-28,2025-03-29,34337.11,1,Paid
LP0003263,L00173,C00034,2025-04-28,2025-05-08,34151.76,10,Late
LP0003264,L00173,C00034,2025-05-28,2025-06-03,34208.33,6,Late
LP0003265,L00173,C00034,2025-06-28,2025-07-01,34233.5,3,Paid
LP0003266,L00173,C00034,2025-07-28,2025-07-30,32574.67,2,Paid
LP0003267,L00173,C00034,2025-08-28,2025-08-30,34272.09,2,Paid
LP0003268,L00173,C00034,2025-09-28,2025-10-05,32808.63,7,Late
LP0003269,L00173,C00034,2025-10-28,2025-11-07,33308.97,10,Late
LP0003270,L00173,C00034,2025-11-28,2025-11-29,32428.85,1,Paid
LP0003271,L00173,C00034,2025-12-28,2025-12-28,34279.87,0,Paid
LP0003272,L00173,C00034,2026-01-28,2026-02-05,33226.39,8,Late
LP0003273,L00173,C00034,2026-02-28,2026-03-10,33271.98,10,Late
LP0003274,L00173,C00034,2026-03-28,2026-04-03,34392.32,6,Late
LP0003275,L00173,C00034,2026-04-28,2026-05-02,32605.94,4,Paid
LP0003276,L00173,C00034,2026-05-28,2026-06-04,34180.41,7,Late
LP0003277,L00173,C00034,2026-06-28,2026-07-03,34157.35,5,Paid
LP0003278,L00173,C00034,2026-07-28,2026-08-01,33261.13,4,Paid
LP0003279,L00174,C00792,2025-10-28,2025-11-06,6578.64,9,Late
LP0003280,L00174,C00792,2025-11-28,2025-12-08,6630.83,10,Late
LP0003281,L00174,C00792,2025-12-28,2025-12-30,6581.47,2,Paid
LP0003282,L00174,C00792,2026-01-28,2026-02-02,6627.94,5,Paid
LP0003283,L00174,C00792,2026-02-28,2026-03-06,6659.44,6,Late
LP0003284,L00174,C00792,2026-03-28,2026-04-06,6699.98,9,Late
LP0003285,L00174,C00792,2026-04-28,2026-05-05,6730.83,7,Late
LP0003286,L00174,C00792,2026-05-28,2026-05-31,6716.1,3,Paid
LP0003287,L00174,C00792,2026-06-28,2026-07-07,6593.88,9,Late
LP0003288,L00174,C00792,2026-07-28,2026-08-03,6694.56,6,Late
LP0003289,L00174,C00792,2026-08-28,2026-09-03,6458.37,6,Late
LP0003290,L00175,C00494,2026-04-28,2026-04-30,21168.85,2,Paid
LP0003291,L00175,C00494,2026-05-28,2026-06-07,20273.47,10,Late
LP0003292,L00175,C00494,2026-06-28,2026-07-05,20879.16,7,Late
LP0003293,L00175,C00494,2026-07-28,2026-07-28,20089.08,0,Paid
LP0003294,L00175,C00494,2026-08-28,2026-09-07,20860.51,10,Late
LP0003295,L00176,C00538,2025-01-28,2025-02-06,45719.61,9,Late
LP0003296,L00176,C00538,2025-02-28,2025-03-10,47417.01,10,Late
LP0003297,L00176,C00538,2025-03-28,2025-04-07,45960.27,10,Late
LP0003298,L00176,C00538,2025-04-28,2025-05-08,46986.56,10,Late
LP0003299,L00176,C00538,2025-05-28,2025-06-02,46525.52,5,Paid
LP0003300,L00176,C00538,2025-06-28,2025-06-29,46461.46,1,Paid
LP0003301,L00176,C00538,2025-07-28,2025-08-03,46758.73,6,Late
LP0003302,L00176,C00538,2025-08-28,2025-09-07,46783.72,10,Late
LP0003303,L00176,C00538,2025-09-28,2025-09-30,45361.65,2,Paid
LP0003304,L00176,C00538,2025-10-28,2025-11-07,45592.35,10,Late
LP0003305,L00176,C00538,2025-11-28,2025-12-05,45160.58,7,Late
LP0003306,L00176,C00538,2025-12-28,2026-01-06,45901.24,9,Late
LP0003307,L00176,C00538,2026-01-28,2026-01-29,45743.03,1,Paid
LP0003308,L00176,C00538,2026-02-28,2026-03-10,46427.3,10,Late
LP0003309,L00176,C00538,2026-03-28,2026-04-02,46643.33,5,Paid
LP0003310,L00176,C00538,2026-04-28,2026-05-08,47118.77,10,Late
LP0003311,L00176,C00538,2026-05-28,2026-05-31,46968.94,3,Paid
LP0003312,L00176,C00538,2026-06-28,2026-07-06,46883.73,8,Late
LP0003313,L00176,C00538,2026-07-28,2026-07-29,45832.0,1,Paid
LP0003314,L00176,C00538,2026-08-28,2026-09-07,47002.06,10,Late
LP0003315,L00177,C00981,2024-07-28,2024-08-07,16236.66,10,Late
LP0003316,L00177,C00981,2024-08-28,2024-08-28,15727.09,0,Paid
LP0003317,L00177,C00981,2024-09-28,2024-10-06,16011.96,8,Late
LP0003318,L00177,C00981,2024-10-28,2024-11-05,15398.06,8,Late
LP0003319,L00177,C00981,2024-11-28,2024-12-04,15692.23,6,Late
LP0003320,L00177,C00981,2024-12-28,2025-01-07,16100.28,10,Late
LP0003321,L00177,C00981,2025-01-28,2025-01-31,15340.86,3,Paid
LP0003322,L00177,C00981,2025-02-28,2025-03-09,15822.53,9,Late
LP0003323,L00177,C00981,2025-03-28,2025-04-02,16207.63,5,Paid
LP0003324,L00177,C00981,2025-04-28,2025-05-08,15810.05,10,Late
LP0003325,L00177,C00981,2025-05-28,2025-06-01,16197.59,4,Paid
LP0003326,L00177,C00981,2025-06-28,2025-07-02,16088.29,4,Paid
LP0003327,L00178,C00384,2026-05-28,2026-05-31,48736.16,3,Paid
LP0003328,L00178,C00384,2026-06-28,2026-07-03,48817.63,5,Paid
LP0003329,L00178,C00384,2026-07-28,2026-07-28,49574.11,0,Paid
LP0003330,L00178,C00384,2026-08-28,2026-09-05,49004.81,8,Late
LP0003331,L00179,C00236,2022-07-28,2022-08-06,58854.85,9,Late
LP0003332,L00179,C00236,2022-08-28,2022-08-31,57647.24,3,Paid
LP0003333,L00179,C00236,2022-09-28,2022-09-30,57683.75,2,Paid
LP0003334,L00179,C00236,2022-10-28,2022-11-01,56980.47,4,Paid
LP0003335,L00179,C00236,2022-11-28,2022-12-04,58275.86,6,Late
LP0003336,L00179,C00236,2022-12-28,2022-12-30,56981.32,2,Paid
LP0003337,L00179,C00236,2023-01-28,2023-02-05,58370.5,8,Late
LP0003338,L00179,C00236,2023-02-28,2023-03-04,57496.7,4,Paid
LP0003339,L00179,C00236,2023-03-28,2023-04-06,58077.21,9,Late
LP0003340,L00179,C00236,2023-04-28,2023-05-05,57706.98,7,Late
LP0003341,L00179,C00236,2023-05-28,2023-06-06,58894.4,9,Late
LP0003342,L00179,C00236,2023-06-28,2023-06-30,58020.31,2,Paid
LP0003343,L00179,C00236,2023-07-28,2023-07-31,59206.57,3,Paid
LP0003344,L00179,C00236,2023-08-28,2023-09-05,58343.32,8,Late
LP0003345,L00179,C00236,2023-09-28,2023-10-07,59171.06,9,Late
LP0003346,L00179,C00236,2023-10-28,2023-11-07,57254.33,10,Late
LP0003347,L00179,C00236,2023-11-28,2023-12-03,57016.05,5,Paid
LP0003348,L00179,C00236,2023-12-28,2024-01-07,57242.22,10,Late
LP0003349,L00179,C00236,2024-01-28,2024-02-06,56792.72,9,Late
LP0003350,L00179,C00236,2024-02-28,2024-03-03,57871.77,4,Paid
LP0003351,L00179,C00236,2024-03-28,2024-04-05,59417.72,8,Late
LP0003352,L00179,C00236,2024-04-28,2024-05-04,57140.82,6,Late
LP0003353,L00179,C00236,2024-05-28,2024-06-04,59824.75,7,Late
LP0003354,L00179,C00236,2024-06-28,2024-07-01,57008.44,3,Paid
LP0003355,L00180,C00545,2022-11-28,2022-11-30,47532.14,2,Paid
LP0003356,L00180,C00545,2022-12-28,2022-12-29,46936.03,1,Paid
LP0003357,L00180,C00545,2023-01-28,2023-02-05,49185.02,8,Late
LP0003358,L00180,C00545,2023-02-28,2023-03-06,49390.27,6,Late
LP0003359,L00180,C00545,2023-03-28,2023-03-31,47325.75,3,Paid
LP0003360,L00180,C00545,2023-04-28,2023-05-02,48856.48,4,Paid
LP0003361,L00180,C00545,2023-05-28,2023-06-06,47833.69,9,Late
LP0003362,L00180,C00545,2023-06-28,2023-07-02,47312.16,4,Paid
LP0003363,L00180,C00545,2023-07-28,2023-08-04,47784.74,7,Late
LP0003364,L00180,C00545,2023-08-28,2023-08-30,49007.16,2,Paid
LP0003365,L00180,C00545,2023-09-28,2023-09-30,47433.45,2,Paid
LP0003366,L00180,C00545,2023-10-28,2023-11-06,47715.01,9,Late
LP0003367,L00180,C00545,2023-11-28,2023-12-03,49267.23,5,Paid
LP0003368,L00180,C00545,2023-12-28,,0,52,Missed
LP0003369,L00180,C00545,2024-01-28,2024-02-18,25731.5,21,Partial
LP0003370,L00180,C00545,2024-02-28,,0,114,Missed
LP0003371,L00180,C00545,2024-03-28,2024-04-28,31129.6,31,Partial
LP0003372,L00180,C00545,2024-04-28,2024-06-02,41080.45,35,Partial
LP0003373,L00180,C00545,2024-05-28,2024-07-10,32506.59,43,Partial
LP0003374,L00180,C00545,2024-06-28,2024-07-15,41021.25,17,Partial
LP0003375,L00180,C00545,2024-07-28,,0,69,Missed
LP0003376,L00180,C00545,2024-08-28,2024-09-26,31154.68,29,Partial
LP0003377,L00180,C00545,2024-09-28,2024-11-11,26854.53,44,Partial
LP0003378,L00180,C00545,2024-10-28,,0,98,Missed
LP0003379,L00181,C00222,2024-08-28,2024-08-31,3527.94,3,Paid
LP0003380,L00181,C00222,2024-09-28,2024-10-07,3547.26,9,Late
LP0003381,L00181,C00222,2024-10-28,2024-10-30,3622.95,2,Paid
LP0003382,L00181,C00222,2024-11-28,2024-11-30,3683.96,2,Paid
LP0003383,L00181,C00222,2024-12-28,2025-01-02,3512.91,5,Paid
LP0003384,L00181,C00222,2025-01-28,2025-02-05,3601.29,8,Late
LP0003385,L00181,C00222,2025-02-28,2025-03-06,3673.71,6,Late
LP0003386,L00181,C00222,2025-03-28,2025-04-07,3526.32,10,Late
LP0003387,L00181,C00222,2025-04-28,2025-05-03,3659.54,5,Paid
LP0003388,L00181,C00222,2025-05-28,2025-06-01,3508.83,4,Paid
LP0003389,L00181,C00222,2025-06-28,2025-07-04,3636.53,6,Late
LP0003390,L00181,C00222,2025-07-28,2025-08-02,3552.71,5,Paid
LP0003391,L00181,C00222,2025-08-28,2025-08-29,3659.65,1,Paid
LP0003392,L00181,C00222,2025-09-28,,0,104,Missed
LP0003393,L00181,C00222,2025-10-28,,0,113,Missed
LP0003394,L00181,C00222,2025-11-28,,0,89,Missed
LP0003395,L00181,C00222,2025-12-28,2026-01-17,2983.32,20,Partial
LP0003396,L00181,C00222,2026-01-28,,0,103,Missed
LP0003397,L00181,C00222,2026-02-28,2026-04-04,2219.44,35,Partial
LP0003398,L00181,C00222,2026-03-28,,0,101,Missed
LP0003399,L00181,C00222,2026-04-28,2026-06-12,2038.64,45,Partial
LP0003400,L00181,C00222,2026-05-28,,0,86,Missed
LP0003401,L00181,C00222,2026-06-28,2026-08-06,3439.8,39,Partial
LP0003402,L00181,C00222,2026-07-28,2026-09-19,2404.14,53,Partial
LP0003403,L00182,C00204,2023-05-28,2023-05-28,110646.54,0,Paid
LP0003404,L00182,C00204,2023-06-28,2023-06-29,109657.76,1,Paid
LP0003405,L00182,C00204,2023-07-28,2023-08-01,106990.89,4,Paid
LP0003406,L00182,C00204,2023-08-28,2023-09-06,111147.64,9,Late
LP0003407,L00182,C00204,2023-09-28,2023-10-02,105315.53,4,Paid
LP0003408,L00182,C00204,2023-10-28,2023-11-05,105237.31,8,Late
LP0003409,L00182,C00204,2023-11-28,2023-12-01,105411.77,3,Paid
LP0003410,L00182,C00204,2023-12-28,2024-01-05,109097.7,8,Late
LP0003411,L00182,C00204,2024-01-28,2024-01-30,106308.53,2,Paid
LP0003412,L00182,C00204,2024-02-28,2024-03-09,105515.45,10,Late
LP0003413,L00182,C00204,2024-03-28,2024-04-03,106925.89,6,Late
LP0003414,L00182,C00204,2024-04-28,2024-04-29,109162.27,1,Paid
LP0003415,L00182,C00204,2024-05-28,2024-06-03,107344.84,6,Late
LP0003416,L00182,C00204,2024-06-28,2024-07-02,105438.72,4,Paid
LP0003417,L00182,C00204,2024-07-28,2024-08-06,106819.67,9,Late
LP0003418,L00182,C00204,2024-08-28,2024-09-03,106863.44,6,Late
LP0003419,L00182,C00204,2024-09-28,2024-09-30,110570.79,2,Paid
LP0003420,L00182,C00204,2024-10-28,2024-11-07,107300.54,10,Late
LP0003421,L00182,C00204,2024-11-28,2024-12-05,111512.9,7,Late
LP0003422,L00182,C00204,2024-12-28,2025-01-05,105317.13,8,Late
LP0003423,L00182,C00204,2025-01-28,2025-01-30,106773.44,2,Paid
LP0003424,L00182,C00204,2025-02-28,2025-03-06,107308.75,6,Late
LP0003425,L00182,C00204,2025-03-28,2025-03-30,111672.49,2,Paid
LP0003426,L00182,C00204,2025-04-28,2025-04-28,111652.02,0,Paid
LP0003427,L00183,C00747,2022-10-28,2022-11-05,17097.68,8,Late
LP0003428,L00183,C00747,2022-11-28,2022-12-07,17663.84,9,Late
LP0003429,L00183,C00747,2022-12-28,2023-01-07,18007.46,10,Late
LP0003430,L00183,C00747,2023-01-28,2023-02-05,17901.31,8,Late
LP0003431,L00183,C00747,2023-02-28,2023-03-08,17103.34,8,Late
LP0003432,L00183,C00747,2023-03-28,2023-03-31,17089.12,3,Paid
LP0003433,L00183,C00747,2023-04-28,2023-05-03,18069.74,5,Paid
LP0003434,L00183,C00747,2023-05-28,2023-06-04,17657.84,7,Late
LP0003435,L00183,C00747,2023-06-28,2023-07-06,18116.6,8,Late
LP0003436,L00183,C00747,2023-07-28,2023-08-05,17867.23,8,Late
LP0003437,L00183,C00747,2023-08-28,2023-09-07,17258.46,10,Late
LP0003438,L00183,C00747,2023-09-28,2023-10-08,17984.4,10,Late
LP0003439,L00183,C00747,2023-10-28,2023-10-30,17143.09,2,Paid
LP0003440,L00183,C00747,2023-11-28,2023-12-01,17099.72,3,Paid
LP0003441,L00183,C00747,2023-12-28,2023-12-29,17153.98,1,Paid
LP0003442,L00183,C00747,2024-01-28,2024-02-05,17155.15,8,Late
LP0003443,L00183,C00747,2024-02-28,2024-03-05,17692.75,6,Late
LP0003444,L00183,C00747,2024-03-28,2024-03-30,18082.21,2,Paid
LP0003445,L00183,C00747,2024-04-28,2024-05-01,18011.98,3,Paid
LP0003446,L00183,C00747,2024-05-28,2024-06-06,17583.11,9,Late
LP0003447,L00183,C00747,2024-06-28,2024-07-08,17502.99,10,Late
LP0003448,L00183,C00747,2024-07-28,2024-07-29,17476.24,1,Paid
LP0003449,L00183,C00747,2024-08-28,2024-08-29,17457.34,1,Paid
LP0003450,L00183,C00747,2024-09-28,2024-09-29,18120.26,1,Paid
LP0003451,L00184,C00547,2025-09-28,2025-10-06,67525.29,8,Late
LP0003452,L00184,C00547,2025-10-28,2025-10-28,70766.6,0,Paid
LP0003453,L00184,C00547,2025-11-28,2025-12-08,71001.22,10,Late
LP0003454,L00184,C00547,2025-12-28,2026-01-04,70331.58,7,Late
LP0003455,L00184,C00547,2026-01-28,2026-02-06,70037.35,9,Late
LP0003456,L00184,C00547,2026-02-28,2026-03-09,68560.44,9,Late
LP0003457,L00184,C00547,2026-03-28,2026-03-30,70033.4,2,Paid
LP0003458,L00184,C00547,2026-04-28,2026-05-04,68179.27,6,Late
LP0003459,L00184,C00547,2026-05-28,2026-06-05,70477.46,8,Late
LP0003460,L00184,C00547,2026-06-28,2026-07-01,68552.52,3,Paid
LP0003461,L00184,C00547,2026-07-28,2026-07-30,70205.21,2,Paid
LP0003462,L00184,C00547,2026-08-28,2026-09-03,68110.91,6,Late
LP0003463,L00185,C00381,2024-11-28,2024-12-07,16097.7,9,Late
LP0003464,L00185,C00381,2024-12-28,2025-01-07,16143.96,10,Late
LP0003465,L00185,C00381,2025-01-28,2025-02-04,15977.48,7,Late
LP0003466,L00185,C00381,2025-02-28,2025-03-04,15949.82,4,Paid
LP0003467,L00185,C00381,2025-03-28,2025-04-02,15943.4,5,Paid
LP0003468,L00185,C00381,2025-04-28,2025-04-28,15943.75,0,Paid
LP0003469,L00185,C00381,2025-05-28,2025-05-31,16258.11,3,Paid
LP0003470,L00185,C00381,2025-06-28,2025-07-03,15709.83,5,Paid
LP0003471,L00185,C00381,2025-07-28,2025-08-05,15843.75,8,Late
LP0003472,L00185,C00381,2025-08-28,2025-09-04,16167.91,7,Late
LP0003473,L00185,C00381,2025-09-28,2025-09-30,16212.57,2,Paid
LP0003474,L00185,C00381,2025-10-28,2025-11-07,15574.7,10,Late
LP0003475,L00185,C00381,2025-11-28,2025-12-04,15986.91,6,Late
LP0003476,L00185,C00381,2025-12-28,2026-01-07,15854.66,10,Late
LP0003477,L00185,C00381,2026-01-28,2026-02-06,15457.22,9,Late
LP0003478,L00185,C00381,2026-02-28,2026-03-06,15442.2,6,Late
LP0003479,L00185,C00381,2026-03-28,2026-04-06,15390.02,9,Late
LP0003480,L00185,C00381,2026-04-28,2026-05-03,16277.0,5,Paid
LP0003481,L00185,C00381,2026-05-28,2026-06-05,15828.63,8,Late
LP0003482,L00185,C00381,2026-06-28,2026-07-01,15382.24,3,Paid
LP0003483,L00185,C00381,2026-07-28,2026-08-07,15506.77,10,Late
LP0003484,L00185,C00381,2026-08-28,2026-09-03,15446.62,6,Late
LP0003485,L00186,C00413,2023-08-28,2023-09-06,9929.11,9,Late
LP0003486,L00186,C00413,2023-09-28,2023-09-28,10153.69,0,Paid
LP0003487,L00186,C00413,2023-10-28,2023-11-07,10081.19,10,Late
LP0003488,L00186,C00413,2023-11-28,2023-12-07,9749.22,9,Late
LP0003489,L00186,C00413,2023-12-28,2024-01-03,9850.1,6,Late
LP0003490,L00186,C00413,2024-01-28,2024-02-02,9944.37,5,Paid
LP0003491,L00186,C00413,2024-02-28,2024-03-01,9959.09,2,Paid
LP0003492,L00186,C00413,2024-03-28,2024-03-30,9847.84,2,Paid
LP0003493,L00186,C00413,2024-04-28,2024-05-06,9937.22,8,Late
LP0003494,L00186,C00413,2024-05-28,2024-05-29,9735.71,1,Paid
LP0003495,L00186,C00413,2024-06-28,2024-07-02,10119.01,4,Paid
LP0003496,L00186,C00413,2024-07-28,2024-07-29,10052.36,1,Paid
LP0003497,L00186,C00413,2024-08-28,2024-09-05,10136.91,8,Late
LP0003498,L00186,C00413,2024-09-28,2024-10-30,5732.61,32,Partial
LP0003499,L00186,C00413,2024-10-28,2024-12-12,6419.08,45,Partial
LP0003500,L00186,C00413,2024-11-28,2024-12-15,5146.34,17,Partial
LP0003501,L00186,C00413,2024-12-28,2025-02-16,7011.4,50,Partial
LP0003502,L00186,C00413,2025-01-28,2025-03-18,6644.8,49,Partial
LP0003503,L00186,C00413,2025-02-28,2025-03-26,7368.47,26,Partial
LP0003504,L00186,C00413,2025-03-28,2025-05-24,7685.26,57,Partial
LP0003505,L00186,C00413,2025-04-28,,0,32,Missed
LP0003506,L00186,C00413,2025-05-28,2025-06-25,7390.62,28,Partial
LP0003507,L00186,C00413,2025-06-28,2025-08-02,6522.45,35,Partial
LP0003508,L00186,C00413,2025-07-28,,0,108,Missed
LP0003509,L00187,C00595,2022-07-28,2022-07-30,16912.74,2,Paid
LP0003510,L00187,C00595,2022-08-28,2022-09-02,17469.5,5,Paid
LP0003511,L00187,C00595,2022-09-28,2022-10-04,17087.07,6,Late
LP0003512,L00187,C00595,2022-10-28,2022-11-05,16849.55,8,Late
LP0003513,L00187,C00595,2022-11-28,2022-12-07,17321.54,9,Late
LP0003514,L00187,C00595,2022-12-28,2022-12-28,16680.81,0,Paid
LP0003515,L00187,C00595,2023-01-28,2023-02-07,17150.54,10,Late
LP0003516,L00187,C00595,2023-02-28,2023-03-02,17374.32,2,Paid
LP0003517,L00187,C00595,2023-03-28,2023-04-03,17453.04,6,Late
LP0003518,L00187,C00595,2023-04-28,2023-05-02,17295.7,4,Paid
LP0003519,L00187,C00595,2023-05-28,2023-06-01,17210.57,4,Paid
LP0003520,L00187,C00595,2023-06-28,2023-07-08,16866.88,10,Late
LP0003521,L00188,C00194,2024-02-28,2024-03-06,3911.57,7,Late
LP0003522,L00188,C00194,2024-03-28,2024-03-28,3785.49,0,Paid
LP0003523,L00188,C00194,2024-04-28,2024-05-03,3781.0,5,Paid
LP0003524,L00188,C00194,2024-05-28,2024-05-28,3845.34,0,Paid
LP0003525,L00188,C00194,2024-06-28,2024-07-08,3858.18,10,Late
LP0003526,L00188,C00194,2024-07-28,2024-07-30,3825.63,2,Paid
LP0003527,L00188,C00194,2024-08-28,2024-09-01,3935.42,4,Paid
LP0003528,L00188,C00194,2024-09-28,2024-09-28,3898.36,0,Paid
LP0003529,L00188,C00194,2024-10-28,2024-11-02,3941.86,5,Paid
LP0003530,L00188,C00194,2024-11-28,2024-12-05,3914.06,7,Late
LP0003531,L00188,C00194,2024-12-28,2024-12-30,3948.55,2,Paid
LP0003532,L00188,C00194,2025-01-28,2025-02-05,3865.32,8,Late
LP0003533,L00188,C00194,2025-02-28,2025-03-04,3860.42,4,Paid
LP0003534,L00188,C00194,2025-03-28,2025-05-25,3787.04,58,Partial
LP0003535,L00188,C00194,2025-04-28,,0,86,Missed
LP0003536,L00188,C00194,2025-05-28,2025-07-21,3102.35,54,Partial
LP0003537,L00188,C00194,2025-06-28,2025-07-15,3239.94,17,Partial
LP0003538,L00188,C00194,2025-07-28,,0,112,Missed
LP0003539,L00188,C00194,2025-08-28,,0,116,Missed
LP0003540,L00188,C00194,2025-09-28,2025-10-21,3521.78,23,Partial
LP0003541,L00188,C00194,2025-10-28,2025-11-12,2238.67,15,Partial
LP0003542,L00188,C00194,2025-11-28,2026-01-04,3025.82,37,Partial
LP0003543,L00188,C00194,2025-12-28,,0,85,Missed
LP0003544,L00188,C00194,2026-01-28,2026-03-16,3388.14,47,Partial
LP0003545,L00189,C00192,2022-04-28,2022-05-05,43026.61,7,Late
LP0003546,L00189,C00192,2022-05-28,2022-06-04,42979.21,7,Late
LP0003547,L00189,C00192,2022-06-28,2022-07-03,42945.73,5,Paid
LP0003548,L00189,C00192,2022-07-28,2022-08-02,43366.71,5,Paid
LP0003549,L00189,C00192,2022-08-28,2022-09-05,42885.2,8,Late
LP0003550,L00189,C00192,2022-09-28,2022-10-04,44323.41,6,Late
LP0003551,L00189,C00192,2022-10-28,2022-11-02,42106.83,5,Paid
LP0003552,L00189,C00192,2022-11-28,2022-12-04,44025.39,6,Late
LP0003553,L00189,C00192,2022-12-28,2023-01-01,44606.78,4,Paid
LP0003554,L00189,C00192,2023-01-28,2023-02-05,43283.56,8,Late
LP0003555,L00189,C00192,2023-02-28,2023-03-02,43753.99,2,Paid
LP0003556,L00189,C00192,2023-03-28,2023-04-01,44318.19,4,Paid
LP0003557,L00189,C00192,2023-04-28,2023-05-06,43273.22,8,Late
LP0003558,L00189,C00192,2023-05-28,2023-05-31,42160.12,3,Paid
LP0003559,L00189,C00192,2023-06-28,2023-06-28,42500.26,0,Paid
LP0003560,L00189,C00192,2023-07-28,2023-08-02,42722.46,5,Paid
LP0003561,L00189,C00192,2023-08-28,2023-09-07,42732.41,10,Late
LP0003562,L00189,C00192,2023-09-28,2023-10-01,42663.88,3,Paid
LP0003563,L00189,C00192,2023-10-28,2023-11-04,43660.0,7,Late
LP0003564,L00189,C00192,2023-11-28,2023-12-03,42397.48,5,Paid
LP0003565,L00189,C00192,2023-12-28,2024-01-01,43695.71,4,Paid
LP0003566,L00189,C00192,2024-01-28,2024-02-05,42787.38,8,Late
LP0003567,L00189,C00192,2024-02-28,2024-03-06,42058.94,7,Late
LP0003568,L00189,C00192,2024-03-28,2024-03-29,43836.14,1,Paid
LP0003569,L00190,C00739,2024-02-28,2024-03-03,16459.85,4,Paid
LP0003570,L00190,C00739,2024-03-28,2024-04-02,16752.93,5,Paid
LP0003571,L00190,C00739,2024-04-28,2024-05-04,16300.74,6,Late
LP0003572,L00190,C00739,2024-05-28,2024-05-31,16569.83,3,Paid
LP0003573,L00190,C00739,2024-06-28,2024-07-04,16690.23,6,Late
LP0003574,L00190,C00739,2024-07-28,2024-08-02,16735.41,5,Paid
LP0003575,L00190,C00739,2024-08-28,2024-08-29,16609.83,1,Paid
LP0003576,L00190,C00739,2024-09-28,2024-10-07,16481.77,9,Late
LP0003577,L00190,C00739,2024-10-28,2024-10-29,16286.62,1,Paid
LP0003578,L00190,C00739,2024-11-28,2024-12-08,16528.52,10,Late
LP0003579,L00190,C00739,2024-12-28,2025-01-02,16741.58,5,Paid
LP0003580,L00190,C00739,2025-01-28,2025-02-02,16413.88,5,Paid
LP0003581,L00190,C00739,2025-02-28,2025-03-04,16252.49,4,Paid
LP0003582,L00190,C00739,2025-03-28,2025-04-06,16611.73,9,Late
LP0003583,L00190,C00739,2025-04-28,2025-04-29,16751.75,1,Paid
LP0003584,L00190,C00739,2025-05-28,2025-05-31,16970.03,3,Paid
LP0003585,L00190,C00739,2025-06-28,2025-07-08,16240.78,10,Late
LP0003586,L00190,C00739,2025-07-28,2025-07-29,16702.81,1,Paid
LP0003587,L00190,C00739,2025-08-28,2025-09-06,16547.81,9,Late
LP0003588,L00190,C00739,2025-09-28,2025-10-05,16805.12,7,Late
LP0003589,L00190,C00739,2025-10-28,2025-10-29,16607.07,1,Paid
LP0003590,L00190,C00739,2025-11-28,2025-11-29,16800.17,1,Paid
LP0003591,L00190,C00739,2025-12-28,2026-01-03,16529.12,6,Late
LP0003592,L00190,C00739,2026-01-28,2026-02-04,16382.85,7,Late
LP0003593,L00191,C00622,2025-10-28,2025-10-31,7143.7,3,Paid
LP0003594,L00191,C00622,2025-11-28,2025-12-02,7215.58,4,Paid
LP0003595,L00191,C00622,2025-12-28,2025-12-28,7353.98,0,Paid
LP0003596,L00191,C00622,2026-01-28,2026-02-05,7123.33,8,Late
LP0003597,L00191,C00622,2026-02-28,2026-03-02,7169.37,2,Paid
LP0003598,L00191,C00622,2026-03-28,2026-04-01,7076.49,4,Paid
LP0003599,L00191,C00622,2026-04-28,2026-05-29,4574.11,31,Partial
LP0003600,L00191,C00622,2026-05-28,,0,111,Missed
LP0003601,L00191,C00622,2026-06-28,2026-08-15,5002.74,48,Partial
LP0003602,L00191,C00622,2026-07-28,2026-09-07,6171.69,41,Partial
LP0003603,L00191,C00622,2026-08-28,,0,41,Missed
LP0003604,L00192,C00124,2022-02-28,2022-03-08,11864.88,8,Late
LP0003605,L00192,C00124,2022-03-28,2022-04-04,11665.96,7,Late
LP0003606,L00192,C00124,2022-04-28,2022-05-03,11764.93,5,Paid
LP0003607,L00192,C00124,2022-05-28,2022-05-28,11776.32,0,Paid
LP0003608,L00192,C00124,2022-06-28,2022-07-01,11453.21,3,Paid
LP0003609,L00192,C00124,2022-07-28,2022-08-06,11687.92,9,Late
LP0003610,L00192,C00124,2022-08-28,2022-09-02,11510.5,5,Paid
LP0003611,L00192,C00124,2022-09-28,2022-09-29,12033.98,1,Paid
LP0003612,L00192,C00124,2022-10-28,2022-11-04,11986.07,7,Late
LP0003613,L00192,C00124,2022-11-28,2022-11-28,11847.18,0,Paid
LP0003614,L00192,C00124,2022-12-28,2022-12-28,12001.8,0,Paid
LP0003615,L00192,C00124,2023-01-28,2023-01-31,11863.44,3,Paid
LP0003616,L00192,C00124,2023-02-28,2023-03-02,12095.76,2,Paid
LP0003617,L00192,C00124,2023-03-28,,0,119,Missed
LP0003618,L00192,C00124,2023-04-28,,0,47,Missed
LP0003619,L00192,C00124,2023-05-28,2023-07-01,8996.45,34,Partial
LP0003620,L00192,C00124,2023-06-28,2023-08-10,9033.03,43,Partial
LP0003621,L00192,C00124,2023-07-28,2023-08-18,8073.06,21,Partial
LP0003622,L00192,C00124,2023-08-28,,0,96,Missed
LP0003623,L00192,C00124,2023-09-28,,0,93,Missed
LP0003624,L00192,C00124,2023-10-28,,0,56,Missed
LP0003625,L00192,C00124,2023-11-28,2023-12-28,9956.29,30,Partial
LP0003626,L00192,C00124,2023-12-28,2024-01-22,7677.84,25,Partial
LP0003627,L00192,C00124,2024-01-28,2024-03-03,11684.05,35,Partial
LP0003628,L00193,C00254,2022-04-28,2022-05-07,18290.9,9,Late
LP0003629,L00193,C00254,2022-05-28,2022-05-31,17705.49,3,Paid
LP0003630,L00193,C00254,2022-06-28,2022-07-03,18265.15,5,Paid
LP0003631,L00193,C00254,2022-07-28,2022-07-28,18559.37,0,Paid
LP0003632,L00193,C00254,2022-08-28,2022-08-30,17827.4,2,Paid
LP0003633,L00193,C00254,2022-09-28,2022-10-03,18420.78,5,Paid
LP0003634,L00193,C00254,2022-10-28,2022-10-29,18507.85,1,Paid
LP0003635,L00193,C00254,2022-11-28,2022-12-04,18591.0,6,Late
LP0003636,L00193,C00254,2022-12-28,2023-01-04,17806.84,7,Late
LP0003637,L00193,C00254,2023-01-28,2023-01-31,17875.04,3,Paid
LP0003638,L00193,C00254,2023-02-28,2023-03-04,18161.03,4,Paid
LP0003639,L00193,C00254,2023-03-28,2023-04-05,18404.45,8,Late
LP0003640,L00193,C00254,2023-04-28,2023-05-01,17659.29,3,Paid
LP0003641,L00193,C00254,2023-05-28,2023-05-28,17681.02,0,Paid
LP0003642,L00193,C00254,2023-06-28,2023-06-29,18017.75,1,Paid
LP0003643,L00193,C00254,2023-07-28,2023-08-07,18492.37,10,Late
LP0003644,L00193,C00254,2023-08-28,2023-08-28,17654.86,0,Paid
LP0003645,L00193,C00254,2023-09-28,2023-09-29,17562.52,1,Paid
LP0003646,L00193,C00254,2023-10-28,2023-11-03,17517.46,6,Late
LP0003647,L00193,C00254,2023-11-28,2023-12-08,18438.62,10,Late
LP0003648,L00193,C00254,2023-12-28,2024-01-03,17766.13,6,Late
LP0003649,L00193,C00254,2024-01-28,2024-02-01,17810.96,4,Paid
LP0003650,L00193,C00254,2024-02-28,2024-03-02,17817.5,3,Paid
LP0003651,L00193,C00254,2024-03-28,2024-04-03,17516.57,6,Late
LP0003652,L00194,C00954,2025-09-28,2025-10-08,14829.2,10,Late
LP0003653,L00194,C00954,2025-10-28,2025-11-03,14803.92,6,Late
LP0003654,L00194,C00954,2025-11-28,2025-12-01,14177.75,3,Paid
LP0003655,L00194,C00954,2025-12-28,2026-01-02,14309.44,5,Paid
LP0003656,L00194,C00954,2026-01-28,2026-01-29,14579.19,1,Paid
LP0003657,L00194,C00954,2026-02-28,2026-03-10,14120.38,10,Late
LP0003658,L00194,C00954,2026-03-28,2026-04-05,14539.13,8,Late
LP0003659,L00194,C00954,2026-04-28,2026-05-05,13998.15,7,Late
LP0003660,L00194,C00954,2026-05-28,2026-05-30,14251.29,2,Paid
LP0003661,L00194,C00954,2026-06-28,2026-06-29,14276.53,1,Paid
LP0003662,L00194,C00954,2026-07-28,2026-07-29,14197.92,1,Paid
LP0003663,L00194,C00954,2026-08-28,2026-09-07,14791.89,10,Late
LP0003664,L00195,C00616,2022-09-28,2022-10-01,18824.25,3,Paid
LP0003665,L00195,C00616,2022-10-28,2022-10-29,18304.78,1,Paid
LP0003666,L00195,C00616,2022-11-28,2022-12-08,18000.26,10,Late
LP0003667,L00195,C00616,2022-12-28,2023-01-03,18797.71,6,Late
LP0003668,L00195,C00616,2023-01-28,2023-02-02,17830.39,5,Paid
LP0003669,L00195,C00616,2023-02-28,2023-03-10,18125.65,10,Late
LP0003670,L00195,C00616,2023-03-28,2023-04-02,17968.89,5,Paid
LP0003671,L00195,C00616,2023-04-28,2023-04-28,18479.29,0,Paid
LP0003672,L00195,C00616,2023-05-28,2023-05-30,18686.57,2,Paid
LP0003673,L00195,C00616,2023-06-28,2023-07-01,18149.64,3,Paid
LP0003674,L00195,C00616,2023-07-28,2023-08-07,18300.09,10,Late
LP0003675,L00195,C00616,2023-08-28,2023-08-30,18064.58,2,Paid
LP0003676,L00195,C00616,2023-09-28,2023-10-03,18802.79,5,Paid
LP0003677,L00195,C00616,2023-10-28,2023-11-02,18665.48,5,Paid
LP0003678,L00195,C00616,2023-11-28,2023-12-01,17832.48,3,Paid
LP0003679,L00195,C00616,2023-12-28,2024-01-03,18766.79,6,Late
LP0003680,L00195,C00616,2024-01-28,2024-01-29,18875.18,1,Paid
LP0003681,L00195,C00616,2024-02-28,2024-03-08,17801.18,9,Late
LP0003682,L00195,C00616,2024-03-28,2024-04-01,18184.59,4,Paid
LP0003683,L00195,C00616,2024-04-28,2024-05-06,18786.44,8,Late
LP0003684,L00195,C00616,2024-05-28,2024-05-30,18303.05,2,Paid
LP0003685,L00195,C00616,2024-06-28,2024-07-08,17964.11,10,Late
LP0003686,L00195,C00616,2024-07-28,2024-08-01,17839.13,4,Paid
LP0003687,L00195,C00616,2024-08-28,2024-09-04,17821.81,7,Late
LP0003688,L00196,C00389,2022-06-28,2022-07-03,9934.57,5,Paid
LP0003689,L00196,C00389,2022-07-28,2022-08-07,9818.75,10,Late
LP0003690,L00196,C00389,2022-08-28,2022-09-02,9902.92,5,Paid
LP0003691,L00196,C00389,2022-09-28,2022-10-03,9924.4,5,Paid
LP0003692,L00196,C00389,2022-10-28,2022-11-05,9905.7,8,Late
LP0003693,L00196,C00389,2022-11-28,2022-12-06,9721.61,8,Late
LP0003694,L00196,C00389,2022-12-28,2022-12-30,10017.06,2,Paid
LP0003695,L00196,C00389,2023-01-28,2023-01-31,10050.59,3,Paid
LP0003696,L00196,C00389,2023-02-28,2023-03-07,9861.65,7,Late
LP0003697,L00196,C00389,2023-03-28,2023-04-03,10031.02,6,Late
LP0003698,L00196,C00389,2023-04-28,2023-04-28,9709.93,0,Paid
LP0003699,L00196,C00389,2023-05-28,2023-06-02,10112.91,5,Paid
LP0003700,L00196,C00389,2023-06-28,2023-07-05,10109.84,7,Late
LP0003701,L00196,C00389,2023-07-28,2023-07-31,10178.23,3,Paid
LP0003702,L00196,C00389,2023-08-28,2023-08-31,10227.24,3,Paid
LP0003703,L00196,C00389,2023-09-28,2023-09-28,9959.74,0,Paid
LP0003704,L00196,C00389,2023-10-28,2023-10-30,9926.92,2,Paid
LP0003705,L00196,C00389,2023-11-28,2023-12-04,9684.27,6,Late
LP0003706,L00196,C00389,2023-12-28,2024-01-07,9856.77,10,Late
LP0003707,L00196,C00389,2024-01-28,2024-02-01,9834.56,4,Paid
LP0003708,L00196,C00389,2024-02-28,2024-03-04,9699.4,5,Paid
LP0003709,L00196,C00389,2024-03-28,2024-04-04,10167.26,7,Late
LP0003710,L00196,C00389,2024-04-28,2024-04-28,9883.25,0,Paid
LP0003711,L00196,C00389,2024-05-28,2024-06-07,10186.11,10,Late
LP0003712,L00197,C00311,2022-09-28,2022-10-03,20425.61,5,Paid
LP0003713,L00197,C00311,2022-10-28,2022-11-05,20200.83,8,Late
LP0003714,L00197,C00311,2022-11-28,2022-12-07,20247.32,9,Late
LP0003715,L00197,C00311,2022-12-28,2022-12-28,20261.41,0,Paid
LP0003716,L00197,C00311,2023-01-28,2023-02-02,20128.1,5,Paid
LP0003717,L00197,C00311,2023-02-28,2023-03-06,20528.95,6,Late
LP0003718,L00197,C00311,2023-03-28,2023-04-04,20526.33,7,Late
LP0003719,L00197,C00311,2023-04-28,2023-04-30,19680.86,2,Paid
LP0003720,L00197,C00311,2023-05-28,2023-05-30,19832.31,2,Paid
LP0003721,L00197,C00311,2023-06-28,2023-06-28,19787.22,0,Paid
LP0003722,L00197,C00311,2023-07-28,2023-07-28,19557.28,0,Paid
LP0003723,L00197,C00311,2023-08-28,2023-08-31,20315.25,3,Paid
LP0003724,L00197,C00311,2023-09-28,2023-10-07,19610.04,9,Late
LP0003725,L00197,C00311,2023-10-28,2023-10-28,20479.66,0,Paid
LP0003726,L00197,C00311,2023-11-28,2023-12-07,20049.07,9,Late
LP0003727,L00197,C00311,2023-12-28,2023-12-29,20374.05,1,Paid
LP0003728,L00197,C00311,2024-01-28,2024-01-31,19943.58,3,Paid
LP0003729,L00197,C00311,2024-02-28,2024-03-02,19893.06,3,Paid
LP0003730,L00197,C00311,2024-03-28,2024-03-29,20401.51,1,Paid
LP0003731,L00197,C00311,2024-04-28,2024-04-29,20501.97,1,Paid
LP0003732,L00197,C00311,2024-05-28,2024-05-30,20487.78,2,Paid
LP0003733,L00197,C00311,2024-06-28,2024-06-30,20143.38,2,Paid
LP0003734,L00197,C00311,2024-07-28,2024-07-29,19644.43,1,Paid
LP0003735,L00197,C00311,2024-08-28,2024-08-30,19744.12,2,Paid
LP0003736,L00198,C00759,2023-09-28,2023-10-06,15389.7,8,Late
LP0003737,L00198,C00759,2023-10-28,2023-10-29,15258.26,1,Paid
LP0003738,L00198,C00759,2023-11-28,2023-11-30,15598.45,2,Paid
LP0003739,L00198,C00759,2023-12-28,2024-01-02,15284.61,5,Paid
LP0003740,L00198,C00759,2024-01-28,2024-01-30,15250.54,2,Paid
LP0003741,L00198,C00759,2024-02-28,2024-03-08,15153.02,9,Late
LP0003742,L00198,C00759,2024-03-28,2024-04-01,15230.68,4,Paid
LP0003743,L00198,C00759,2024-04-28,2024-04-30,15222.87,2,Paid
LP0003744,L00198,C00759,2024-05-28,2024-05-30,15726.54,2,Paid
LP0003745,L00198,C00759,2024-06-28,2024-06-28,15022.01,0,Paid
LP0003746,L00198,C00759,2024-07-28,2024-07-29,15185.03,1,Paid
LP0003747,L00198,C00759,2024-08-28,2024-09-04,15496.71,7,Late
LP0003748,L00198,C00759,2024-09-28,2024-10-07,15167.04,9,Late
LP0003749,L00198,C00759,2024-10-28,2024-11-27,9784.28,30,Partial
LP0003750,L00198,C00759,2024-11-28,,0,105,Missed
LP0003751,L00198,C00759,2024-12-28,2025-01-26,13260.79,29,Partial
LP0003752,L00198,C00759,2025-01-28,,0,50,Missed
LP0003753,L00198,C00759,2025-02-28,,0,78,Missed
LP0003754,L00198,C00759,2025-03-28,2025-05-08,11485.73,41,Partial
LP0003755,L00198,C00759,2025-04-28,2025-06-26,14654.25,59,Partial
LP0003756,L00198,C00759,2025-05-28,,0,92,Missed
LP0003757,L00198,C00759,2025-06-28,,0,98,Missed
LP0003758,L00198,C00759,2025-07-28,2025-09-04,11282.1,38,Partial
LP0003759,L00198,C00759,2025-08-28,,0,65,Missed
LP0003760,L00199,C00832,2024-11-28,2024-11-28,31291.25,0,Paid
LP0003761,L00199,C00832,2024-12-28,2024-12-28,31459.91,0,Paid
LP0003762,L00199,C00832,2025-01-28,2025-01-28,31376.58,0,Paid
LP0003763,L00199,C00832,2025-02-28,2025-03-06,30718.82,6,Late
LP0003764,L00199,C00832,2025-03-28,2025-03-31,30963.51,3,Paid
LP0003765,L00199,C00832,2025-04-28,2025-04-30,31166.46,2,Paid
LP0003766,L00199,C00832,2025-05-28,2025-05-31,31961.44,3,Paid
LP0003767,L00199,C00832,2025-06-28,2025-07-03,31050.27,5,Paid
LP0003768,L00199,C00832,2025-07-28,2025-07-30,31047.13,2,Paid
LP0003769,L00199,C00832,2025-08-28,2025-09-04,31654.47,7,Late
LP0003770,L00199,C00832,2025-09-28,2025-10-01,31061.96,3,Paid
LP0003771,L00199,C00832,2025-10-28,2025-11-06,30530.9,9,Late
LP0003772,L00199,C00832,2025-11-28,2025-12-03,31777.56,5,Paid
LP0003773,L00199,C00832,2025-12-28,2026-01-07,31278.87,10,Late
LP0003774,L00199,C00832,2026-01-28,2026-02-04,31582.98,7,Late
LP0003775,L00199,C00832,2026-02-28,2026-03-07,30624.3,7,Late
LP0003776,L00199,C00832,2026-03-28,2026-03-30,31552.13,2,Paid
LP0003777,L00199,C00832,2026-04-28,2026-05-01,32029.65,3,Paid
LP0003778,L00199,C00832,2026-05-28,2026-05-30,30378.26,2,Paid
LP0003779,L00199,C00832,2026-06-28,2026-07-04,30569.45,6,Late
LP0003780,L00199,C00832,2026-07-28,2026-07-30,30568.66,2,Paid
LP0003781,L00199,C00832,2026-08-28,2026-08-30,32029.28,2,Paid
LP0003782,L00200,C00044,2022-03-28,2022-03-31,25948.66,3,Paid
LP0003783,L00200,C00044,2022-04-28,2022-04-29,25948.75,1,Paid
LP0003784,L00200,C00044,2022-05-28,2022-06-02,25916.65,5,Paid
LP0003785,L00200,C00044,2022-06-28,2022-06-30,25981.45,2,Paid
LP0003786,L00200,C00044,2022-07-28,2022-08-06,27213.47,9,Late
LP0003787,L00200,C00044,2022-08-28,2022-09-03,25865.82,6,Late
LP0003788,L00200,C00044,2022-09-28,2022-10-08,25680.06,10,Late
LP0003789,L00200,C00044,2022-10-28,2022-11-06,27003.21,9,Late
LP0003790,L00200,C00044,2022-11-28,2022-12-02,27094.51,4,Paid
LP0003791,L00200,C00044,2022-12-28,2022-12-28,27028.02,0,Paid
LP0003792,L00200,C00044,2023-01-28,2023-02-07,25788.66,10,Late
LP0003793,L00200,C00044,2023-02-28,2023-03-04,26111.21,4,Paid
LP0003794,L00200,C00044,2023-03-28,2023-03-30,26130.56,2,Paid
LP0003795,L00200,C00044,2023-04-28,,0,49,Missed
LP0003796,L00200,C00044,2023-05-28,2023-07-25,18340.35,58,Partial
LP0003797,L00200,C00044,2023-06-28,2023-08-18,24105.59,51,Partial
LP0003798,L00200,C00044,2023-07-28,2023-09-25,16210.45,59,Partial
LP0003799,L00200,C00044,2023-08-28,,0,65,Missed
LP0003800,L00200,C00044,2023-09-28,2023-11-21,22387.59,54,Partial
LP0003801,L00200,C00044,2023-10-28,,0,88,Missed
LP0003802,L00200,C00044,2023-11-28,,0,55,Missed
LP0003803,L00200,C00044,2023-12-28,2024-01-26,23951.17,29,Partial
LP0003804,L00200,C00044,2024-01-28,2024-03-24,19118.82,56,Partial
LP0003805,L00200,C00044,2024-02-28,,0,109,Missed
LP0003806,L00201,C00922,2022-06-28,2022-06-29,3237.99,1,Paid
LP0003807,L00201,C00922,2022-07-28,2022-08-06,3102.0,9,Late
LP0003808,L00201,C00922,2022-08-28,2022-08-31,3243.95,3,Paid
LP0003809,L00201,C00922,2022-09-28,2022-10-07,3220.3,9,Late
LP0003810,L00201,C00922,2022-10-28,2022-11-01,3163.05,4,Paid
LP0003811,L00201,C00922,2022-11-28,2022-12-05,3167.1,7,Late
LP0003812,L00201,C00922,2022-12-28,2023-01-02,3109.19,5,Paid
LP0003813,L00201,C00922,2023-01-28,2023-01-30,3164.03,2,Paid
LP0003814,L00201,C00922,2023-02-28,2023-03-07,3122.59,7,Late
LP0003815,L00201,C00922,2023-03-28,2023-03-30,3239.85,2,Paid
LP0003816,L00201,C00922,2023-04-28,2023-05-08,3134.47,10,Late
LP0003817,L00201,C00922,2023-05-28,2023-05-28,3190.22,0,Paid
LP0003818,L00201,C00922,2023-06-28,2023-07-06,3178.59,8,Late
LP0003819,L00201,C00922,2023-07-28,2023-07-29,3204.69,1,Paid
LP0003820,L00201,C00922,2023-08-28,2023-09-06,3253.71,9,Late
LP0003821,L00201,C00922,2023-09-28,2023-10-06,3256.09,8,Late
LP0003822,L00201,C00922,2023-10-28,2023-11-03,3228.4,6,Late
LP0003823,L00201,C00922,2023-11-28,2023-12-02,3187.22,4,Paid
LP0003824,L00201,C00922,2023-12-28,2024-01-07,3242.18,10,Late
LP0003825,L00201,C00922,2024-01-28,2024-01-30,3240.25,2,Paid
LP0003826,L00201,C00922,2024-02-28,2024-02-29,3149.37,1,Paid
LP0003827,L00201,C00922,2024-03-28,2024-03-31,3239.64,3,Paid
LP0003828,L00201,C00922,2024-04-28,2024-05-08,3170.82,10,Late
LP0003829,L00201,C00922,2024-05-28,2024-06-02,3105.77,5,Paid
LP0003830,L00202,C00284,2022-09-28,2022-10-08,12145.11,10,Late
LP0003831,L00202,C00284,2022-10-28,2022-11-06,11689.98,9,Late
LP0003832,L00202,C00284,2022-11-28,2022-11-30,11920.65,2,Paid
LP0003833,L00202,C00284,2022-12-28,2023-01-07,11592.67,10,Late
LP0003834,L00202,C00284,2023-01-28,2023-01-30,11830.92,2,Paid
LP0003835,L00202,C00284,2023-02-28,2023-03-02,12077.98,2,Paid
LP0003836,L00202,C00284,2023-03-28,2023-04-02,12167.87,5,Paid
LP0003837,L00202,C00284,2023-04-28,2023-05-08,12071.17,10,Late
LP0003838,L00202,C00284,2023-05-28,2023-06-01,12232.01,4,Paid
LP0003839,L00202,C00284,2023-06-28,2023-06-29,12162.94,1,Paid
LP0003840,L00202,C00284,2023-07-28,2023-08-07,11636.72,10,Late
LP0003841,L00202,C00284,2023-08-28,2023-09-02,11846.8,5,Paid
LP0003842,L00202,C00284,2023-09-28,2023-10-04,11719.78,6,Late
LP0003843,L00202,C00284,2023-10-28,2023-12-24,6828.84,57,Partial
LP0003844,L00202,C00284,2023-11-28,,0,112,Missed
LP0003845,L00202,C00284,2023-12-28,,0,112,Missed
LP0003846,L00202,C00284,2024-01-28,2024-03-03,11649.94,35,Partial
LP0003847,L00202,C00284,2024-02-28,,0,91,Missed
LP0003848,L00202,C00284,2024-03-28,,0,84,Missed
LP0003849,L00202,C00284,2024-04-28,,0,66,Missed
LP0003850,L00202,C00284,2024-05-28,2024-06-21,11821.72,24,Partial
LP0003851,L00202,C00284,2024-06-28,,0,64,Missed
LP0003852,L00202,C00284,2024-07-28,,0,82,Missed
LP0003853,L00202,C00284,2024-08-28,,0,58,Missed
LP0003854,L00203,C00030,2025-03-28,2025-04-01,61802.89,4,Paid
LP0003855,L00203,C00030,2025-04-28,2025-05-08,61937.88,10,Late
LP0003856,L00203,C00030,2025-05-28,2025-05-31,60387.91,3,Paid
LP0003857,L00203,C00030,2025-06-28,2025-07-03,59193.95,5,Paid
LP0003858,L00203,C00030,2025-07-28,2025-08-01,59341.63,4,Paid
LP0003859,L00203,C00030,2025-08-28,2025-08-29,58808.13,1,Paid
LP0003860,L00203,C00030,2025-09-28,2025-09-29,59868.0,1,Paid
LP0003861,L00203,C00030,2025-10-28,2025-11-03,60587.59,6,Late
LP0003862,L00203,C00030,2025-11-28,2025-12-08,61954.81,10,Late
LP0003863,L00203,C00030,2025-12-28,2026-01-06,61966.9,9,Late
LP0003864,L00203,C00030,2026-01-28,2026-02-02,59525.59,5,Paid
LP0003865,L00203,C00030,2026-02-28,2026-03-01,61363.77,1,Paid
LP0003866,L00203,C00030,2026-03-28,2026-03-30,59245.38,2,Paid
LP0003867,L00203,C00030,2026-04-28,2026-05-03,59245.02,5,Paid
LP0003868,L00203,C00030,2026-05-28,2026-06-03,59652.08,6,Late
LP0003869,L00203,C00030,2026-06-28,2026-07-05,59674.18,7,Late
LP0003870,L00203,C00030,2026-07-28,2026-08-05,60333.8,8,Late
LP0003871,L00203,C00030,2026-08-28,2026-09-03,60242.29,6,Late
LP0003872,L00204,C00487,2022-04-28,2022-05-08,8785.58,10,Late
LP0003873,L00204,C00487,2022-05-28,2022-06-01,8584.04,4,Paid
LP0003874,L00204,C00487,2022-06-28,2022-07-06,8652.81,8,Late
LP0003875,L00204,C00487,2022-07-28,2022-07-31,8456.29,3,Paid
LP0003876,L00204,C00487,2022-08-28,2022-09-07,8821.62,10,Late
LP0003877,L00204,C00487,2022-09-28,2022-10-05,8710.54,7,Late
LP0003878,L00204,C00487,2022-10-28,2022-10-28,8818.85,0,Paid
LP0003879,L00204,C00487,2022-11-28,,0,67,Missed
LP0003880,L00204,C00487,2022-12-28,2023-02-06,4389.26,40,Partial
LP0003881,L00204,C00487,2023-01-28,2023-02-18,8447.6,21,Partial
LP0003882,L00204,C00487,2023-02-28,2023-04-29,6446.74,60,Partial
LP0003883,L00204,C00487,2023-03-28,2023-04-28,4459.93,31,Partial
LP0003884,L00205,C00227,2026-02-28,2026-03-09,10448.52,9,Late
LP0003885,L00205,C00227,2026-03-28,2026-03-28,10827.12,0,Paid
LP0003886,L00205,C00227,2026-04-28,2026-04-28,10686.46,0,Paid
LP0003887,L00205,C00227,2026-05-28,2026-05-31,10846.31,3,Paid
LP0003888,L00205,C00227,2026-06-28,2026-07-02,10994.19,4,Paid
LP0003889,L00205,C00227,2026-07-28,2026-07-30,11046.76,2,Paid
LP0003890,L00205,C00227,2026-08-28,2026-09-01,10769.55,4,Paid
LP0003891,L00206,C00470,2023-12-28,2023-12-31,45469.98,3,Paid
LP0003892,L00206,C00470,2024-01-28,2024-02-03,46236.72,6,Late
LP0003893,L00206,C00470,2024-02-28,2024-03-03,45664.76,4,Paid
LP0003894,L00206,C00470,2024-03-28,2024-03-29,45590.01,1,Paid
LP0003895,L00206,C00470,2024-04-28,2024-04-28,47310.28,0,Paid
LP0003896,L00206,C00470,2024-05-28,2024-06-01,47349.09,4,Paid
LP0003897,L00206,C00470,2024-06-28,2024-07-01,45635.09,3,Paid
LP0003898,L00206,C00470,2024-07-28,2024-08-02,46465.17,5,Paid
LP0003899,L00206,C00470,2024-08-28,2024-08-28,46034.04,0,Paid
LP0003900,L00206,C00470,2024-09-28,2024-10-03,47469.57,5,Paid
LP0003901,L00206,C00470,2024-10-28,2024-11-05,46704.67,8,Late
LP0003902,L00206,C00470,2024-11-28,2024-12-03,45533.54,5,Paid
LP0003903,L00206,C00470,2024-12-28,2025-01-03,45467.57,6,Late
LP0003904,L00206,C00470,2025-01-28,2025-02-03,46674.22,6,Late
LP0003905,L00206,C00470,2025-02-28,2025-03-05,47243.51,5,Paid
LP0003906,L00206,C00470,2025-03-28,2025-04-01,45750.22,4,Paid
LP0003907,L00206,C00470,2025-04-28,2025-05-06,46064.71,8,Late
LP0003908,L00206,C00470,2025-05-28,2025-05-29,46357.45,1,Paid
LP0003909,L00206,C00470,2025-06-28,2025-06-28,47016.83,0,Paid
LP0003910,L00206,C00470,2025-07-28,2025-07-29,46171.18,1,Paid
LP0003911,L00206,C00470,2025-08-28,2025-08-30,48041.05,2,Paid
LP0003912,L00206,C00470,2025-09-28,2025-10-05,45569.65,7,Late
LP0003913,L00206,C00470,2025-10-28,2025-10-30,45606.99,2,Paid
LP0003914,L00206,C00470,2025-11-28,2025-12-01,46941.18,3,Paid
LP0003915,L00207,C00215,2022-02-28,2022-03-01,6784.97,1,Paid
LP0003916,L00207,C00215,2022-03-28,2022-04-02,6792.25,5,Paid
LP0003917,L00207,C00215,2022-04-28,2022-04-29,7119.6,1,Paid
LP0003918,L00207,C00215,2022-05-28,2022-06-03,6813.93,6,Late
LP0003919,L00207,C00215,2022-06-28,2022-07-05,7094.11,7,Late
LP0003920,L00207,C00215,2022-07-28,2022-08-01,6827.96,4,Paid
LP0003921,L00207,C00215,2022-08-28,2022-09-02,6998.31,5,Paid
LP0003922,L00207,C00215,2022-09-28,2022-10-02,6787.95,4,Paid
LP0003923,L00207,C00215,2022-10-28,2022-11-03,6785.11,6,Late
LP0003924,L00207,C00215,2022-11-28,2022-12-04,7143.07,6,Late
LP0003925,L00207,C00215,2022-12-28,2022-12-28,7004.76,0,Paid
LP0003926,L00207,C00215,2023-01-28,2023-02-04,6819.19,7,Late
LP0003927,L00207,C00215,2023-02-28,2023-03-05,6886.32,5,Paid
LP0003928,L00207,C00215,2023-03-28,2023-04-24,3600.11,27,Partial
LP0003929,L00207,C00215,2023-04-28,2023-05-13,4124.33,15,Partial
LP0003930,L00207,C00215,2023-05-28,,0,34,Missed
LP0003931,L00207,C00215,2023-06-28,2023-07-24,4538.85,26,Partial
LP0003932,L00207,C00215,2023-07-28,2023-09-08,5381.9,42,Partial
LP0003933,L00207,C00215,2023-08-28,2023-10-19,4963.94,52,Partial
LP0003934,L00207,C00215,2023-09-28,,0,59,Missed
LP0003935,L00207,C00215,2023-10-28,,0,42,Missed
LP0003936,L00207,C00215,2023-11-28,,0,104,Missed
LP0003937,L00207,C00215,2023-12-28,2024-01-16,4300.37,19,Partial
LP0003938,L00207,C00215,2024-01-28,2024-03-28,6754.92,60,Partial
LP0003939,L00208,C00057,2022-05-28,2022-06-01,10466.09,4,Paid
LP0003940,L00208,C00057,2022-06-28,2022-06-28,10490.03,0,Paid
LP0003941,L00208,C00057,2022-07-28,2022-08-06,10410.74,9,Late
LP0003942,L00208,C00057,2022-08-28,2022-08-29,10090.53,1,Paid
LP0003943,L00208,C00057,2022-09-28,2022-10-07,10267.81,9,Late
LP0003944,L00208,C00057,2022-10-28,2022-10-29,10602.86,1,Paid
LP0003945,L00208,C00057,2022-11-28,2022-12-07,10072.59,9,Late
LP0003946,L00208,C00057,2022-12-28,2023-01-07,10102.88,10,Late
LP0003947,L00208,C00057,2023-01-28,2023-02-05,10265.21,8,Late
LP0003948,L00208,C00057,2023-02-28,2023-03-04,10441.62,4,Paid
LP0003949,L00208,C00057,2023-03-28,2023-04-02,10427.41,5,Paid
LP0003950,L00208,C00057,2023-04-28,2023-05-02,10373.43,4,Paid
LP0003951,L00208,C00057,2023-05-28,2023-06-02,10152.28,5,Paid
LP0003952,L00208,C00057,2023-06-28,2023-07-01,10172.77,3,Paid
LP0003953,L00208,C00057,2023-07-28,2023-08-02,10495.9,5,Paid
LP0003954,L00208,C00057,2023-08-28,2023-08-30,10239.08,2,Paid
LP0003955,L00208,C00057,2023-09-28,2023-10-02,10387.12,4,Paid
LP0003956,L00208,C00057,2023-10-28,2023-11-04,10138.79,7,Late
LP0003957,L00208,C00057,2023-11-28,2023-12-04,10375.12,6,Late
LP0003958,L00208,C00057,2023-12-28,2024-01-03,10507.65,6,Late
LP0003959,L00208,C00057,2024-01-28,2024-02-01,10327.76,4,Paid
LP0003960,L00208,C00057,2024-02-28,2024-02-29,10011.93,1,Paid
LP0003961,L00208,C00057,2024-03-28,2024-03-29,10577.06,1,Paid
LP0003962,L00208,C00057,2024-04-28,2024-04-30,10338.16,2,Paid
LP0003963,L00209,C00869,2022-03-28,2022-03-30,7877.28,2,Paid
LP0003964,L00209,C00869,2022-04-28,2022-05-05,7620.2,7,Late
LP0003965,L00209,C00869,2022-05-28,2022-06-01,7639.16,4,Paid
LP0003966,L00209,C00869,2022-06-28,2022-07-04,7781.0,6,Late
LP0003967,L00209,C00869,2022-07-28,2022-08-04,7839.3,7,Late
LP0003968,L00209,C00869,2022-08-28,2022-08-31,7860.65,3,Paid
LP0003969,L00209,C00869,2022-09-28,2022-10-05,7765.15,7,Late
LP0003970,L00209,C00869,2022-10-28,2022-10-29,7556.28,1,Paid
LP0003971,L00209,C00869,2022-11-28,2022-11-28,7789.4,0,Paid
LP0003972,L00209,C00869,2022-12-28,2022-12-30,7668.32,2,Paid
LP0003973,L00209,C00869,2023-01-28,2023-01-28,7785.96,0,Paid
LP0003974,L00209,C00869,2023-02-28,2023-03-03,7846.55,3,Paid
LP0003975,L00209,C00869,2023-03-28,2023-03-29,7885.23,1,Paid
LP0003976,L00209,C00869,2023-04-28,2023-05-01,7640.08,3,Paid
LP0003977,L00209,C00869,2023-05-28,2023-05-29,8014.84,1,Paid
LP0003978,L00209,C00869,2023-06-28,2023-07-05,7820.06,7,Late
LP0003979,L00209,C00869,2023-07-28,2023-07-28,7813.33,0,Paid
LP0003980,L00209,C00869,2023-08-28,2023-09-07,7667.15,10,Late
LP0003981,L00209,C00869,2023-09-28,2023-10-04,7730.86,6,Late
LP0003982,L00209,C00869,2023-10-28,2023-11-03,7851.17,6,Late
LP0003983,L00209,C00869,2023-11-28,2023-11-28,7589.34,0,Paid
LP0003984,L00209,C00869,2023-12-28,2023-12-30,7826.27,2,Paid
LP0003985,L00209,C00869,2024-01-28,2024-02-02,7893.47,5,Paid
LP0003986,L00209,C00869,2024-02-28,2024-03-09,7616.46,10,Late
LP0003987,L00210,C00090,2025-11-28,2025-12-08,16299.01,10,Late
LP0003988,L00210,C00090,2025-12-28,2026-01-03,15547.07,6,Late
LP0003989,L00210,C00090,2026-01-28,2026-02-07,16030.31,10,Late
LP0003990,L00210,C00090,2026-02-28,2026-03-06,16402.93,6,Late
LP0003991,L00210,C00090,2026-03-28,2026-04-03,16235.02,6,Late
LP0003992,L00210,C00090,2026-04-28,2026-04-29,16306.86,1,Paid
LP0003993,L00210,C00090,2026-05-28,2026-05-28,16023.05,0,Paid
LP0003994,L00210,C00090,2026-06-28,2026-06-28,16136.83,0,Paid
LP0003995,L00210,C00090,2026-07-28,2026-08-06,15517.38,9,Late
LP0003996,L00210,C00090,2026-08-28,2026-09-06,15664.53,9,Late
LP0003997,L00211,C00361,2023-09-28,2023-10-08,10886.32,10,Late
LP0003998,L00211,C00361,2023-10-28,2023-11-04,10704.95,7,Late
LP0003999,L00211,C00361,2023-11-28,2023-12-05,10591.99,7,Late
LP0004000,L00211,C00361,2023-12-28,2024-01-03,10465.45,6,Late
LP0004001,L00211,C00361,2024-01-28,2024-02-05,10721.98,8,Late
LP0004002,L00211,C00361,2024-02-28,2024-03-02,10593.4,3,Paid
LP0004003,L00211,C00361,2024-03-28,2024-04-06,10837.13,9,Late
LP0004004,L00211,C00361,2024-04-28,2024-05-03,10480.58,5,Paid
LP0004005,L00211,C00361,2024-05-28,2024-06-03,10906.1,6,Late
LP0004006,L00211,C00361,2024-06-28,2024-07-08,11096.93,10,Late
LP0004007,L00211,C00361,2024-07-28,2024-08-03,10457.66,6,Late
LP0004008,L00211,C00361,2024-08-28,2024-09-02,10681.12,5,Paid
LP0004009,L00211,C00361,2024-09-28,2024-10-06,10869.5,8,Late
LP0004010,L00211,C00361,2024-10-28,2024-11-07,10475.98,10,Late
LP0004011,L00211,C00361,2024-11-28,2024-11-28,10890.95,0,Paid
LP0004012,L00211,C00361,2024-12-28,2024-12-28,10806.66,0,Paid
LP0004013,L00211,C00361,2025-01-28,2025-01-28,10721.12,0,Paid
LP0004014,L00211,C00361,2025-02-28,2025-03-09,10572.89,9,Late
LP0004015,L00211,C00361,2025-03-28,2025-03-28,10899.4,0,Paid
LP0004016,L00211,C00361,2025-04-28,2025-05-07,10944.52,9,Late
LP0004017,L00211,C00361,2025-05-28,2025-05-28,10679.35,0,Paid
LP0004018,L00211,C00361,2025-06-28,2025-07-03,11028.25,5,Paid
LP0004019,L00211,C00361,2025-07-28,2025-08-01,10653.58,4,Paid
LP0004020,L00211,C00361,2025-08-28,2025-08-29,10830.35,1,Paid
LP0004021,L00212,C00002,2024-07-28,2024-08-01,95509.54,4,Paid
LP0004022,L00212,C00002,2024-08-28,2024-08-30,92614.14,2,Paid
LP0004023,L00212,C00002,2024-09-28,2024-10-04,91512.45,6,Late
LP0004024,L00212,C00002,2024-10-28,2024-10-28,93237.39,0,Paid
LP0004025,L00212,C00002,2024-11-28,2024-11-30,94502.6,2,Paid
LP0004026,L00212,C00002,2024-12-28,2025-01-06,94580.37,9,Late
LP0004027,L00212,C00002,2025-01-28,2025-01-28,93623.09,0,Paid
LP0004028,L00212,C00002,2025-02-28,2025-03-01,94418.24,1,Paid
LP0004029,L00212,C00002,2025-03-28,2025-04-07,93986.92,10,Late
LP0004030,L00212,C00002,2025-04-28,2025-05-02,94587.58,4,Paid
LP0004031,L00212,C00002,2025-05-28,2025-06-05,92328.0,8,Late
LP0004032,L00212,C00002,2025-06-28,2025-07-05,94083.45,7,Late
LP0004033,L00212,C00002,2025-07-28,2025-08-06,91222.2,9,Late
LP0004034,L00212,C00002,2025-08-28,2025-08-30,95863.29,2,Paid
LP0004035,L00212,C00002,2025-09-28,2025-09-29,93677.78,1,Paid
LP0004036,L00212,C00002,2025-10-28,2025-11-01,94318.06,4,Paid
LP0004037,L00212,C00002,2025-11-28,2025-11-29,96632.82,1,Paid
LP0004038,L00212,C00002,2025-12-28,2026-01-04,93596.23,7,Late
LP0004039,L00212,C00002,2026-01-28,2026-02-02,93234.84,5,Paid
LP0004040,L00212,C00002,2026-02-28,2026-03-10,95596.22,10,Late
LP0004041,L00212,C00002,2026-03-28,2026-04-01,92202.74,4,Paid
LP0004042,L00212,C00002,2026-04-28,2026-05-05,93052.41,7,Late
LP0004043,L00212,C00002,2026-05-28,2026-05-31,95300.8,3,Paid
LP0004044,L00212,C00002,2026-06-28,2026-06-29,93015.28,1,Paid
LP0004045,L00213,C00740,2023-06-28,2023-07-05,26618.35,7,Late
LP0004046,L00213,C00740,2023-07-28,2023-08-07,27432.41,10,Late
LP0004047,L00213,C00740,2023-08-28,2023-08-30,27047.53,2,Paid
LP0004048,L00213,C00740,2023-09-28,2023-09-28,27201.23,0,Paid
LP0004049,L00213,C00740,2023-10-28,2023-10-31,27373.71,3,Paid
LP0004050,L00213,C00740,2023-11-28,2023-12-04,26104.97,6,Late
LP0004051,L00213,C00740,2023-12-28,2023-12-31,27572.83,3,Paid
LP0004052,L00213,C00740,2024-01-28,2024-01-28,26390.36,0,Paid
LP0004053,L00213,C00740,2024-02-28,2024-03-06,26516.4,7,Late
LP0004054,L00213,C00740,2024-03-28,2024-04-03,26759.63,6,Late
LP0004055,L00213,C00740,2024-04-28,2024-05-03,27469.17,5,Paid
LP0004056,L00213,C00740,2024-05-28,2024-06-04,27580.38,7,Late
LP0004057,L00213,C00740,2024-06-28,2024-07-01,27291.18,3,Paid
LP0004058,L00213,C00740,2024-07-28,2024-08-02,27565.85,5,Paid
LP0004059,L00213,C00740,2024-08-28,2024-09-02,26447.43,5,Paid
LP0004060,L00213,C00740,2024-09-28,2024-10-08,27173.09,10,Late
LP0004061,L00213,C00740,2024-10-28,2024-11-04,26505.63,7,Late
LP0004062,L00213,C00740,2024-11-28,2024-12-07,27552.29,9,Late
LP0004063,L00213,C00740,2024-12-28,2025-01-04,26049.0,7,Late
LP0004064,L00213,C00740,2025-01-28,2025-01-29,26322.48,1,Paid
LP0004065,L00213,C00740,2025-02-28,2025-03-07,26926.53,7,Late
LP0004066,L00213,C00740,2025-03-28,2025-03-28,26381.62,0,Paid
LP0004067,L00213,C00740,2025-04-28,2025-05-06,26190.71,8,Late
LP0004068,L00213,C00740,2025-05-28,2025-05-28,26233.7,0,Paid
LP0004069,L00214,C00396,2026-02-28,2026-03-03,25697.55,3,Paid
LP0004070,L00214,C00396,2026-03-28,2026-03-28,25496.82,0,Paid
LP0004071,L00214,C00396,2026-04-28,2026-05-01,25121.02,3,Paid
LP0004072,L00214,C00396,2026-05-28,2026-05-29,25970.93,1,Paid
LP0004073,L00214,C00396,2026-06-28,2026-07-04,24742.52,6,Late
LP0004074,L00214,C00396,2026-07-28,2026-08-07,25667.73,10,Late
LP0004075,L00214,C00396,2026-08-28,2026-09-06,25437.56,9,Late
LP0004076,L00215,C00224,2026-01-28,2026-02-04,4414.45,7,Late
LP0004077,L00215,C00224,2026-02-28,2026-03-08,4441.23,8,Late
LP0004078,L00215,C00224,2026-03-28,2026-04-02,4259.93,5,Paid
LP0004079,L00215,C00224,2026-04-28,2026-05-04,4334.45,6,Late
LP0004080,L00215,C00224,2026-05-28,2026-06-06,4234.99,9,Late
LP0004081,L00215,C00224,2026-06-28,2026-07-04,4298.38,6,Late
LP0004082,L00215,C00224,2026-07-28,2026-08-01,4464.55,4,Paid
LP0004083,L00215,C00224,2026-08-28,2026-08-28,4303.61,0,Paid
LP0004084,L00216,C00181,2022-11-28,2022-12-07,22589.82,9,Late
LP0004085,L00216,C00181,2022-12-28,2023-01-07,23162.49,10,Late
LP0004086,L00216,C00181,2023-01-28,2023-02-03,23178.18,6,Late
LP0004087,L00216,C00181,2023-02-28,2023-03-06,23509.14,6,Late
LP0004088,L00216,C00181,2023-03-28,2023-03-30,22364.97,2,Paid
LP0004089,L00216,C00181,2023-04-28,2023-04-30,23545.63,2,Paid
LP0004090,L00216,C00181,2023-05-28,2023-06-04,22374.71,7,Late
LP0004091,L00216,C00181,2023-06-28,2023-06-29,22218.79,1,Paid
LP0004092,L00216,C00181,2023-07-28,2023-08-01,23264.66,4,Paid
LP0004093,L00216,C00181,2023-08-28,2023-08-28,22425.69,0,Paid
LP0004094,L00216,C00181,2023-09-28,2023-10-04,22219.72,6,Late
LP0004095,L00216,C00181,2023-10-28,2023-10-30,22911.45,2,Paid
LP0004096,L00217,C00724,2025-12-28,2026-01-01,60022.8,4,Paid
LP0004097,L00217,C00724,2026-01-28,2026-02-03,58274.38,6,Late
LP0004098,L00217,C00724,2026-02-28,2026-03-05,59082.15,5,Paid
LP0004099,L00217,C00724,2026-03-28,2026-03-29,59514.43,1,Paid
LP0004100,L00217,C00724,2026-04-28,2026-05-07,58138.1,9,Late
LP0004101,L00217,C00724,2026-05-28,2026-06-05,58808.51,8,Late
LP0004102,L00217,C00724,2026-06-28,2026-07-04,60205.5,6,Late
LP0004103,L00217,C00724,2026-07-28,2026-08-06,59051.83,9,Late
LP0004104,L00217,C00724,2026-08-28,2026-08-31,60017.1,3,Paid
LP0004105,L00218,C00264,2022-12-28,2023-01-07,89938.76,10,Late
LP0004106,L00218,C00264,2023-01-28,2023-02-01,88689.33,4,Paid
LP0004107,L00218,C00264,2023-02-28,2023-03-09,91970.36,9,Late
LP0004108,L00218,C00264,2023-03-28,2023-04-05,87026.96,8,Late
LP0004109,L00218,C00264,2023-04-28,2023-05-01,89703.09,3,Paid
LP0004110,L00218,C00264,2023-05-28,2023-06-05,89165.12,8,Late
LP0004111,L00218,C00264,2023-06-28,2023-06-29,91012.04,1,Paid
LP0004112,L00218,C00264,2023-07-28,2023-08-01,88428.32,4,Paid
LP0004113,L00218,C00264,2023-08-28,2023-08-31,90727.6,3,Paid
LP0004114,L00218,C00264,2023-09-28,2023-10-01,90393.16,3,Paid
LP0004115,L00218,C00264,2023-10-28,2023-11-04,91651.49,7,Late
LP0004116,L00218,C00264,2023-11-28,2023-12-04,90938.17,6,Late
LP0004117,L00219,C00031,2025-12-28,2026-01-07,8983.18,10,Late
LP0004118,L00219,C00031,2026-01-28,2026-01-28,9246.57,0,Paid
LP0004119,L00219,C00031,2026-02-28,2026-03-07,9150.86,7,Late
LP0004120,L00219,C00031,2026-03-28,2026-04-04,9296.89,7,Late
LP0004121,L00219,C00031,2026-04-28,2026-05-05,9180.19,7,Late
LP0004122,L00219,C00031,2026-05-28,2026-05-31,9020.71,3,Paid
LP0004123,L00219,C00031,2026-06-28,2026-07-01,9325.2,3,Paid
LP0004124,L00219,C00031,2026-07-28,2026-07-30,9356.56,2,Paid
LP0004125,L00219,C00031,2026-08-28,2026-08-28,8969.9,0,Paid
LP0004126,L00220,C00322,2025-07-28,2025-08-01,2306.96,4,Paid
LP0004127,L00220,C00322,2025-08-28,2025-08-30,2267.81,2,Paid
LP0004128,L00220,C00322,2025-09-28,2025-10-06,2307.55,8,Late
LP0004129,L00220,C00322,2025-10-28,2025-11-02,2202.34,5,Paid
LP0004130,L00220,C00322,2025-11-28,2025-12-01,2221.01,3,Paid
LP0004131,L00220,C00322,2025-12-28,2026-01-07,2191.73,10,Late
LP0004132,L00220,C00322,2026-01-28,2026-01-29,2287.67,1,Paid
LP0004133,L00220,C00322,2026-02-28,2026-03-02,2196.18,2,Paid
LP0004134,L00220,C00322,2026-03-28,2026-04-03,2247.52,6,Late
LP0004135,L00220,C00322,2026-04-28,2026-04-28,2291.87,0,Paid
LP0004136,L00220,C00322,2026-05-28,2026-06-06,2236.32,9,Late
LP0004137,L00220,C00322,2026-06-28,2026-06-29,2183.81,1,Paid
LP0004138,L00220,C00322,2026-07-28,2026-08-03,2299.03,6,Late
LP0004139,L00220,C00322,2026-08-28,2026-09-05,2300.64,8,Late
LP0004140,L00221,C00106,2024-10-28,2024-11-04,6622.84,7,Late
LP0004141,L00221,C00106,2024-11-28,2024-11-30,6703.75,2,Paid
LP0004142,L00221,C00106,2024-12-28,2024-12-30,6715.42,2,Paid
LP0004143,L00221,C00106,2025-01-28,2025-02-03,6566.62,6,Late
LP0004144,L00221,C00106,2025-02-28,2025-03-02,6723.53,2,Paid
LP0004145,L00221,C00106,2025-03-28,2025-03-31,6644.59,3,Paid
LP0004146,L00221,C00106,2025-04-28,2025-05-03,6522.92,5,Paid
LP0004147,L00221,C00106,2025-05-28,2025-06-07,6787.53,10,Late
LP0004148,L00221,C00106,2025-06-28,2025-07-08,6685.22,10,Late
LP0004149,L00221,C00106,2025-07-28,2025-08-01,6672.1,4,Paid
LP0004150,L00221,C00106,2025-08-28,2025-08-28,6697.29,0,Paid
LP0004151,L00221,C00106,2025-09-28,2025-10-07,6642.11,9,Late
LP0004152,L00221,C00106,2025-10-28,2025-10-31,6632.76,3,Paid
LP0004153,L00221,C00106,2025-11-28,2025-12-01,6719.97,3,Paid
LP0004154,L00221,C00106,2025-12-28,2026-01-03,6812.78,6,Late
LP0004155,L00221,C00106,2026-01-28,2026-02-03,6662.82,6,Late
LP0004156,L00221,C00106,2026-02-28,2026-02-28,6631.24,0,Paid
LP0004157,L00221,C00106,2026-03-28,2026-04-01,6540.27,4,Paid
LP0004158,L00221,C00106,2026-04-28,2026-05-06,6578.84,8,Late
LP0004159,L00221,C00106,2026-05-28,2026-05-28,6477.98,0,Paid
LP0004160,L00221,C00106,2026-06-28,2026-07-04,6738.71,6,Late
LP0004161,L00221,C00106,2026-07-28,2026-07-31,6496.2,3,Paid
LP0004162,L00221,C00106,2026-08-28,2026-09-05,6705.34,8,Late
LP0004163,L00222,C00047,2025-08-28,2025-08-31,43514.59,3,Paid
LP0004164,L00222,C00047,2025-09-28,2025-10-03,42995.98,5,Paid
LP0004165,L00222,C00047,2025-10-28,2025-10-31,41359.28,3,Paid
LP0004166,L00222,C00047,2025-11-28,2025-11-28,42493.96,0,Paid
LP0004167,L00222,C00047,2025-12-28,2026-01-06,43341.17,9,Late
LP0004168,L00222,C00047,2026-01-28,2026-01-29,42881.46,1,Paid
LP0004169,L00222,C00047,2026-02-28,2026-03-04,43104.99,4,Paid
LP0004170,L00222,C00047,2026-03-28,2026-04-04,42621.93,7,Late
LP0004171,L00222,C00047,2026-04-28,2026-04-28,41496.07,0,Paid
LP0004172,L00222,C00047,2026-05-28,2026-05-28,42619.96,0,Paid
LP0004173,L00222,C00047,2026-06-28,2026-07-08,43350.89,10,Late
LP0004174,L00222,C00047,2026-07-28,2026-07-31,43678.39,3,Paid
LP0004175,L00222,C00047,2026-08-28,2026-09-01,43370.45,4,Paid
LP0004176,L00223,C00962,2023-01-28,2023-01-29,9138.8,1,Paid
LP0004177,L00223,C00962,2023-02-28,2023-03-08,9121.81,8,Late
LP0004178,L00223,C00962,2023-03-28,2023-04-07,9454.41,10,Late
LP0004179,L00223,C00962,2023-04-28,2023-05-03,9191.37,5,Paid
LP0004180,L00223,C00962,2023-05-28,2023-05-29,9322.52,1,Paid
LP0004181,L00223,C00962,2023-06-28,2023-07-01,9473.91,3,Paid
LP0004182,L00223,C00962,2023-07-28,2023-08-05,9329.74,8,Late
LP0004183,L00223,C00962,2023-08-28,2023-09-01,9402.27,4,Paid
LP0004184,L00223,C00962,2023-09-28,2023-10-02,9119.43,4,Paid
LP0004185,L00223,C00962,2023-10-28,2023-11-02,9051.74,5,Paid
LP0004186,L00223,C00962,2023-11-28,2023-12-02,9162.85,4,Paid
LP0004187,L00223,C00962,2023-12-28,2023-12-30,9064.15,2,Paid
LP0004188,L00223,C00962,2024-01-28,2024-01-31,9371.09,3,Paid
LP0004189,L00223,C00962,2024-02-28,2024-03-09,9071.83,10,Late
LP0004190,L00223,C00962,2024-03-28,2024-03-28,9286.36,0,Paid
LP0004191,L00223,C00962,2024-04-28,2024-05-04,9288.57,6,Late
LP0004192,L00223,C00962,2024-05-28,2024-06-02,9225.29,5,Paid
LP0004193,L00223,C00962,2024-06-28,2024-06-28,9473.1,0,Paid
LP0004194,L00223,C00962,2024-07-28,2024-07-31,9581.85,3,Paid
LP0004195,L00223,C00962,2024-08-28,2024-09-02,9309.22,5,Paid
LP0004196,L00223,C00962,2024-09-28,2024-10-08,9392.03,10,Late
LP0004197,L00223,C00962,2024-10-28,2024-11-03,9437.14,6,Late
LP0004198,L00223,C00962,2024-11-28,2024-12-08,9161.5,10,Late
LP0004199,L00223,C00962,2024-12-28,2025-01-04,9155.36,7,Late
LP0004200,L00224,C00145,2022-05-28,2022-06-03,10231.77,6,Late
LP0004201,L00224,C00145,2022-06-28,2022-06-30,10801.6,2,Paid
LP0004202,L00224,C00145,2022-07-28,2022-08-04,10365.94,7,Late
LP0004203,L00224,C00145,2022-08-28,2022-09-02,10670.75,5,Paid
LP0004204,L00224,C00145,2022-09-28,2022-09-29,10712.65,1,Paid
LP0004205,L00224,C00145,2022-10-28,2022-10-31,10283.37,3,Paid
LP0004206,L00224,C00145,2022-11-28,2022-12-03,10464.19,5,Paid
LP0004207,L00224,C00145,2022-12-28,2022-12-29,10593.09,1,Paid
LP0004208,L00224,C00145,2023-01-28,2023-02-05,10744.16,8,Late
LP0004209,L00224,C00145,2023-02-28,2023-03-02,10794.44,2,Paid
LP0004210,L00224,C00145,2023-03-28,2023-04-01,10600.22,4,Paid
LP0004211,L00224,C00145,2023-04-28,2023-05-04,10379.1,6,Late
LP0004212,L00224,C00145,2023-05-28,2023-06-02,10236.33,5,Paid
LP0004213,L00224,C00145,2023-06-28,,0,87,Missed
LP0004214,L00224,C00145,2023-07-28,,0,93,Missed
LP0004215,L00224,C00145,2023-08-28,,0,79,Missed
LP0004216,L00224,C00145,2023-09-28,,0,80,Missed
LP0004217,L00224,C00145,2023-10-28,,0,115,Missed
LP0004218,L00224,C00145,2023-11-28,2024-01-01,8379.44,34,Partial
LP0004219,L00224,C00145,2023-12-28,2024-02-18,5568.18,52,Partial
LP0004220,L00224,C00145,2024-01-28,,0,116,Missed
LP0004221,L00224,C00145,2024-02-28,2024-04-26,10004.72,58,Partial
LP0004222,L00224,C00145,2024-03-28,2024-05-09,8690.93,42,Partial
LP0004223,L00224,C00145,2024-04-28,,0,61,Missed
LP0004224,L00225,C00418,2024-02-28,2024-03-09,52013.09,10,Late
LP0004225,L00225,C00418,2024-03-28,2024-04-05,50991.75,8,Late
LP0004226,L00225,C00418,2024-04-28,2024-05-05,50711.55,7,Late
LP0004227,L00225,C00418,2024-05-28,2024-06-01,49540.13,4,Paid
LP0004228,L00225,C00418,2024-06-28,2024-07-01,50451.8,3,Paid
LP0004229,L00225,C00418,2024-07-28,2024-08-04,51874.39,7,Late
LP0004230,L00225,C00418,2024-08-28,2024-09-01,50595.48,4,Paid
LP0004231,L00225,C00418,2024-09-28,2024-10-01,50923.84,3,Paid
LP0004232,L00225,C00418,2024-10-28,2024-11-07,52230.36,10,Late
LP0004233,L00225,C00418,2024-11-28,2024-11-30,51168.98,2,Paid
LP0004234,L00225,C00418,2024-12-28,2024-12-30,50821.02,2,Paid
LP0004235,L00225,C00418,2025-01-28,2025-02-02,51983.88,5,Paid
LP0004236,L00225,C00418,2025-02-28,2025-03-10,51903.82,10,Late
LP0004237,L00225,C00418,2025-03-28,,0,58,Missed
LP0004238,L00225,C00418,2025-04-28,,0,76,Missed
LP0004239,L00225,C00418,2025-05-28,,0,77,Missed
LP0004240,L00225,C00418,2025-06-28,,0,63,Missed
LP0004241,L00225,C00418,2025-07-28,,0,69,Missed
LP0004242,L00225,C00418,2025-08-28,2025-10-18,38563.5,51,Partial
LP0004243,L00225,C00418,2025-09-28,2025-11-04,34760.73,37,Partial
LP0004244,L00225,C00418,2025-10-28,,0,114,Missed
LP0004245,L00225,C00418,2025-11-28,2026-01-25,29864.52,58,Partial
LP0004246,L00225,C00418,2025-12-28,2026-01-14,32226.42,17,Partial
LP0004247,L00225,C00418,2026-01-28,,0,63,Missed
LP0004248,L00226,C00370,2023-12-28,2024-01-04,71878.94,7,Late
LP0004249,L00226,C00370,2024-01-28,2024-02-02,70354.29,5,Paid
LP0004250,L00226,C00370,2024-02-28,2024-03-02,70801.66,3,Paid
LP0004251,L00226,C00370,2024-03-28,2024-03-28,68513.18,0,Paid
LP0004252,L00226,C00370,2024-04-28,2024-05-06,71300.57,8,Late
LP0004253,L00226,C00370,2024-05-28,2024-06-04,69851.09,7,Late
LP0004254,L00226,C00370,2024-06-28,2024-07-07,68919.65,9,Late
LP0004255,L00226,C00370,2024-07-28,,0,60,Missed
LP0004256,L00226,C00370,2024-08-28,2024-09-21,66984.53,24,Partial
LP0004257,L00226,C00370,2024-09-28,2024-11-04,65106.16,37,Partial
LP0004258,L00226,C00370,2024-10-28,,0,113,Missed
LP0004259,L00226,C00370,2024-11-28,2024-12-21,43070.63,23,Partial
LP0004260,L00227,C00529,2025-03-28,2025-04-06,3669.39,9,Late
LP0004261,L00227,C00529,2025-04-28,2025-05-08,3635.79,10,Late
LP0004262,L00227,C00529,2025-05-28,2025-05-31,3653.93,3,Paid
LP0004263,L00227,C00529,2025-06-28,2025-07-02,3592.98,4,Paid
LP0004264,L00227,C00529,2025-07-28,2025-07-30,3709.45,2,Paid
LP0004265,L00227,C00529,2025-08-28,2025-08-28,3567.96,0,Paid
LP0004266,L00227,C00529,2025-09-28,2025-10-02,3713.17,4,Paid
LP0004267,L00227,C00529,2025-10-28,2025-11-05,3701.04,8,Late
LP0004268,L00227,C00529,2025-11-28,2025-12-02,3686.66,4,Paid
LP0004269,L00227,C00529,2025-12-28,2026-01-05,3648.69,8,Late
LP0004270,L00227,C00529,2026-01-28,2026-03-24,3566.19,55,Partial
LP0004271,L00227,C00529,2026-02-28,,0,87,Missed
LP0004272,L00227,C00529,2026-03-28,,0,62,Missed
LP0004273,L00227,C00529,2026-04-28,,0,51,Missed
LP0004274,L00227,C00529,2026-05-28,,0,89,Missed
LP0004275,L00227,C00529,2026-06-28,,0,87,Missed
LP0004276,L00227,C00529,2026-07-28,2026-09-15,2696.74,49,Partial
LP0004277,L00227,C00529,2026-08-28,,0,82,Missed
LP0004278,L00228,C00903,2022-08-28,2022-08-29,78459.11,1,Paid
LP0004279,L00228,C00903,2022-09-28,2022-10-04,75312.37,6,Late
LP0004280,L00228,C00903,2022-10-28,2022-11-04,75565.06,7,Late
LP0004281,L00228,C00903,2022-11-28,2022-12-05,78486.09,7,Late
LP0004282,L00228,C00903,2022-12-28,2022-12-31,78012.3,3,Paid
LP0004283,L00228,C00903,2023-01-28,2023-02-04,75499.82,7,Late
LP0004284,L00228,C00903,2023-02-28,2023-03-04,74681.18,4,Paid
LP0004285,L00228,C00903,2023-03-28,2023-04-07,79116.39,10,Late
LP0004286,L00228,C00903,2023-04-28,2023-04-29,77214.64,1,Paid
LP0004287,L00228,C00903,2023-05-28,2023-05-29,76424.01,1,Paid
LP0004288,L00228,C00903,2023-06-28,2023-07-04,78589.39,6,Late
LP0004289,L00228,C00903,2023-07-28,2023-07-29,76545.8,1,Paid
LP0004290,L00228,C00903,2023-08-28,2023-09-01,78033.89,4,Paid
LP0004291,L00228,C00903,2023-09-28,2023-10-08,76420.84,10,Late
LP0004292,L00228,C00903,2023-10-28,2023-11-05,77000.36,8,Late
LP0004293,L00228,C00903,2023-11-28,2023-12-07,77555.52,9,Late
LP0004294,L00228,C00903,2023-12-28,2024-01-03,76801.03,6,Late
LP0004295,L00228,C00903,2024-01-28,2024-02-03,75383.58,6,Late
LP0004296,L00228,C00903,2024-02-28,2024-02-29,76905.72,1,Paid
LP0004297,L00228,C00903,2024-03-28,2024-03-30,76028.24,2,Paid
LP0004298,L00228,C00903,2024-04-28,2024-05-07,79080.85,9,Late
LP0004299,L00228,C00903,2024-05-28,2024-06-07,75425.35,10,Late
LP0004300,L00228,C00903,2024-06-28,2024-07-02,76868.01,4,Paid
LP0004301,L00228,C00903,2024-07-28,2024-08-07,79087.69,10,Late
LP0004302,L00229,C00546,2026-04-28,2026-05-06,15408.07,8,Late
LP0004303,L00229,C00546,2026-05-28,2026-05-28,15931.23,0,Paid
LP0004304,L00229,C00546,2026-06-28,2026-07-05,15109.85,7,Late
LP0004305,L00229,C00546,2026-07-28,2026-08-04,15100.1,7,Late
LP0004306,L00229,C00546,2026-08-28,2026-09-01,15496.49,4,Paid
LP0004307,L00230,C00463,2022-02-28,2022-03-09,2447.88,9,Late
LP0004308,L00230,C00463,2022-03-28,2022-04-06,2415.54,9,Late
LP0004309,L00230,C00463,2022-04-28,2022-05-05,2474.17,7,Late
LP0004310,L00230,C00463,2022-05-28,2022-05-30,2423.14,2,Paid
LP0004311,L00230,C00463,2022-06-28,2022-07-03,2542.28,5,Paid
LP0004312,L00230,C00463,2022-07-28,2022-08-06,2469.13,9,Late
LP0004313,L00230,C00463,2022-08-28,2022-08-28,2510.96,0,Paid
LP0004314,L00230,C00463,2022-09-28,2022-10-01,2437.96,3,Paid
LP0004315,L00230,C00463,2022-10-28,2022-10-29,2427.65,1,Paid
LP0004316,L00230,C00463,2022-11-28,2022-12-05,2430.09,7,Late
LP0004317,L00230,C00463,2022-12-28,2023-01-02,2434.56,5,Paid
LP0004318,L00230,C00463,2023-01-28,2023-02-01,2465.51,4,Paid
LP0004319,L00230,C00463,2023-02-28,2023-03-01,2537.46,1,Paid
LP0004320,L00230,C00463,2023-03-28,2023-04-02,2524.39,5,Paid
LP0004321,L00230,C00463,2023-04-28,2023-05-06,2541.58,8,Late
LP0004322,L00230,C00463,2023-05-28,2023-05-30,2535.17,2,Paid
LP0004323,L00230,C00463,2023-06-28,2023-07-06,2411.44,8,Late
LP0004324,L00230,C00463,2023-07-28,2023-08-06,2444.02,9,Late
LP0004325,L00230,C00463,2023-08-28,2023-09-04,2408.3,7,Late
LP0004326,L00230,C00463,2023-09-28,2023-10-07,2538.03,9,Late
LP0004327,L00230,C00463,2023-10-28,2023-11-04,2516.54,7,Late
LP0004328,L00230,C00463,2023-11-28,2023-12-04,2462.23,6,Late
LP0004329,L00230,C00463,2023-12-28,2024-01-07,2457.97,10,Late
LP0004330,L00230,C00463,2024-01-28,2024-02-07,2484.38,10,Late
LP0004331,L00231,C00647,2026-03-28,2026-03-29,116758.48,1,Paid
LP0004332,L00231,C00647,2026-04-28,2026-05-04,121693.79,6,Late
LP0004333,L00231,C00647,2026-05-28,2026-06-01,117494.14,4,Paid
LP0004334,L00231,C00647,2026-06-28,2026-07-06,116665.16,8,Late
LP0004335,L00231,C00647,2026-07-28,2026-08-03,121607.99,6,Late
LP0004336,L00231,C00647,2026-08-28,2026-08-30,117751.29,2,Paid
LP0004337,L00232,C00596,2023-04-28,2023-04-28,43260.32,0,Paid
LP0004338,L00232,C00596,2023-05-28,2023-06-02,41708.96,5,Paid
LP0004339,L00232,C00596,2023-06-28,2023-06-30,43158.92,2,Paid
LP0004340,L00232,C00596,2023-07-28,2023-07-29,41170.78,1,Paid
LP0004341,L00232,C00596,2023-08-28,2023-08-30,41943.97,2,Paid
LP0004342,L00232,C00596,2023-09-28,2023-10-02,42860.95,4,Paid
LP0004343,L00232,C00596,2023-10-28,2023-11-04,41919.08,7,Late
LP0004344,L00232,C00596,2023-11-28,2023-12-07,41262.13,9,Late
LP0004345,L00232,C00596,2023-12-28,2024-01-06,42583.06,9,Late
LP0004346,L00232,C00596,2024-01-28,2024-02-06,41997.0,9,Late
LP0004347,L00232,C00596,2024-02-28,2024-03-08,43025.78,9,Late
LP0004348,L00232,C00596,2024-03-28,2024-04-04,42284.34,7,Late
LP0004349,L00232,C00596,2024-04-28,2024-05-01,41328.93,3,Paid
LP0004350,L00232,C00596,2024-05-28,,0,84,Missed
LP0004351,L00232,C00596,2024-06-28,2024-08-17,23846.12,50,Partial
LP0004352,L00232,C00596,2024-07-28,,0,38,Missed
LP0004353,L00232,C00596,2024-08-28,2024-10-01,25761.88,34,Partial
LP0004354,L00232,C00596,2024-09-28,,0,54,Missed
LP0004355,L00232,C00596,2024-10-28,2024-12-14,34226.49,47,Partial
LP0004356,L00232,C00596,2024-11-28,2025-01-09,41781.17,42,Partial
LP0004357,L00232,C00596,2024-12-28,,0,83,Missed
LP0004358,L00232,C00596,2025-01-28,2025-03-26,27538.71,57,Partial
LP0004359,L00232,C00596,2025-02-28,2025-04-16,40192.09,47,Partial
LP0004360,L00232,C00596,2025-03-28,,0,81,Missed
LP0004361,L00233,C00443,2024-07-28,2024-07-31,221639.39,3,Paid
LP0004362,L00233,C00443,2024-08-28,2024-09-03,223052.21,6,Late
LP0004363,L00233,C00443,2024-09-28,2024-10-01,219188.87,3,Paid
LP0004364,L00233,C00443,2024-10-28,2024-11-07,212148.38,10,Late
LP0004365,L00233,C00443,2024-11-28,2024-11-28,215392.53,0,Paid
LP0004366,L00233,C00443,2024-12-28,2025-01-06,215651.57,9,Late
LP0004367,L00233,C00443,2025-01-28,2025-02-06,219782.19,9,Late
LP0004368,L00233,C00443,2025-02-28,2025-03-02,221701.7,2,Paid
LP0004369,L00233,C00443,2025-03-28,2025-03-29,219839.55,1,Paid
LP0004370,L00233,C00443,2025-04-28,2025-04-30,215282.52,2,Paid
LP0004371,L00233,C00443,2025-05-28,2025-06-01,224330.48,4,Paid
LP0004372,L00233,C00443,2025-06-28,2025-07-08,221765.43,10,Late
LP0004373,L00234,C00968,2024-12-28,2025-01-07,7281.6,10,Late
LP0004374,L00234,C00968,2025-01-28,2025-02-03,7396.66,6,Late
LP0004375,L00234,C00968,2025-02-28,2025-03-07,7369.95,7,Late
LP0004376,L00234,C00968,2025-03-28,2025-03-30,7157.46,2,Paid
LP0004377,L00234,C00968,2025-04-28,2025-05-07,7456.57,9,Late
LP0004378,L00234,C00968,2025-05-28,2025-06-05,7342.89,8,Late
LP0004379,L00234,C00968,2025-06-28,2025-06-29,7172.74,1,Paid
LP0004380,L00234,C00968,2025-07-28,2025-07-28,7226.17,0,Paid
LP0004381,L00234,C00968,2025-08-28,2025-08-30,7450.15,2,Paid
LP0004382,L00234,C00968,2025-09-28,2025-10-07,7353.98,9,Late
LP0004383,L00234,C00968,2025-10-28,2025-11-06,7464.88,9,Late
LP0004384,L00234,C00968,2025-11-28,2025-12-19,7045.69,21,Partial
LP0004385,L00234,C00968,2025-12-28,2026-02-24,6546.67,58,Partial
LP0004386,L00234,C00968,2026-01-28,2026-03-15,7131.96,46,Partial
LP0004387,L00234,C00968,2026-02-28,,0,101,Missed
LP0004388,L00234,C00968,2026-03-28,2026-05-14,7267.31,47,Partial
LP0004389,L00234,C00968,2026-04-28,2026-05-14,3815.95,16,Partial
LP0004390,L00234,C00968,2026-05-28,2026-07-26,4876.83,59,Partial
LP0004391,L00234,C00968,2026-06-28,2026-07-18,5590.23,20,Partial
LP0004392,L00234,C00968,2026-07-28,,0,65,Missed
LP0004393,L00234,C00968,2026-08-28,2026-10-04,5206.02,37,Partial
LP0004394,L00235,C00207,2022-12-28,2023-01-04,54617.89,7,Late
LP0004395,L00235,C00207,2023-01-28,2023-01-30,54087.18,2,Paid
LP0004396,L00235,C00207,2023-02-28,2023-03-01,54144.9,1,Paid
LP0004397,L00235,C00207,2023-03-28,2023-04-02,54631.44,5,Paid
LP0004398,L00235,C00207,2023-04-28,2023-05-03,55806.29,5,Paid
LP0004399,L00235,C00207,2023-05-28,2023-06-07,55896.63,10,Late
LP0004400,L00235,C00207,2023-06-28,2023-06-30,55668.24,2,Paid
LP0004401,L00235,C00207,2023-07-28,2023-08-18,48078.73,21,Partial
LP0004402,L00235,C00207,2023-08-28,,0,109,Missed
LP0004403,L00235,C00207,2023-09-28,,0,38,Missed
LP0004404,L00235,C00207,2023-10-28,,0,38,Missed
LP0004405,L00235,C00207,2023-11-28,2024-01-26,36486.78,59,Partial
LP0004406,L00236,C00299,2024-10-28,2024-11-06,3120.4,9,Late
LP0004407,L00236,C00299,2024-11-28,2024-12-03,3283.05,5,Paid
LP0004408,L00236,C00299,2024-12-28,2025-01-01,3199.52,4,Paid
LP0004409,L00236,C00299,2025-01-28,2025-01-31,3246.27,3,Paid
LP0004410,L00236,C00299,2025-02-28,2025-02-28,3268.26,0,Paid
LP0004411,L00236,C00299,2025-03-28,2025-03-28,3266.12,0,Paid
LP0004412,L00236,C00299,2025-04-28,2025-04-29,3176.26,1,Paid
LP0004413,L00236,C00299,2025-05-28,2025-06-05,3098.33,8,Late
LP0004414,L00236,C00299,2025-06-28,2025-06-29,3160.89,1,Paid
LP0004415,L00236,C00299,2025-07-28,2025-08-07,3137.22,10,Late
LP0004416,L00236,C00299,2025-08-28,2025-09-03,3099.18,6,Late
LP0004417,L00236,C00299,2025-09-28,2025-10-04,3151.64,6,Late
LP0004418,L00236,C00299,2025-10-28,2025-11-06,3153.05,9,Late
LP0004419,L00236,C00299,2025-11-28,2025-12-08,3257.46,10,Late
LP0004420,L00236,C00299,2025-12-28,2025-12-31,3221.19,3,Paid
LP0004421,L00236,C00299,2026-01-28,2026-02-06,3190.11,9,Late
LP0004422,L00236,C00299,2026-02-28,2026-03-02,3106.99,2,Paid
LP0004423,L00236,C00299,2026-03-28,2026-04-06,3175.01,9,Late
LP0004424,L00236,C00299,2026-04-28,2026-04-29,3166.89,1,Paid
LP0004425,L00236,C00299,2026-05-28,2026-06-02,3134.3,5,Paid
LP0004426,L00236,C00299,2026-06-28,2026-07-08,3284.24,10,Late
LP0004427,L00236,C00299,2026-07-28,2026-07-28,3164.43,0,Paid
LP0004428,L00236,C00299,2026-08-28,2026-08-30,3247.84,2,Paid
LP0004429,L00237,C00405,2025-03-28,2025-04-02,33254.06,5,Paid
LP0004430,L00237,C00405,2025-04-28,2025-04-30,33179.98,2,Paid
LP0004431,L00237,C00405,2025-05-28,2025-06-07,33299.53,10,Late
LP0004432,L00237,C00405,2025-06-28,2025-07-06,32441.84,8,Late
LP0004433,L00237,C00405,2025-07-28,2025-08-05,32636.09,8,Late
LP0004434,L00237,C00405,2025-08-28,2025-09-05,31414.34,8,Late
LP0004435,L00237,C00405,2025-09-28,2025-10-02,33310.56,4,Paid
LP0004436,L00237,C00405,2025-10-28,2025-11-04,31464.37,7,Late
LP0004437,L00237,C00405,2025-11-28,2025-12-04,31916.76,6,Late
LP0004438,L00237,C00405,2025-12-28,2026-01-02,32006.88,5,Paid
LP0004439,L00237,C00405,2026-01-28,2026-01-29,32706.53,1,Paid
LP0004440,L00237,C00405,2026-02-28,2026-03-09,32801.77,9,Late
LP0004441,L00237,C00405,2026-03-28,2026-03-30,32773.18,2,Paid
LP0004442,L00237,C00405,2026-04-28,2026-04-28,33017.57,0,Paid
LP0004443,L00237,C00405,2026-05-28,2026-06-07,33113.15,10,Late
LP0004444,L00237,C00405,2026-06-28,2026-07-08,33231.12,10,Late
LP0004445,L00237,C00405,2026-07-28,2026-08-01,31574.1,4,Paid
LP0004446,L00237,C00405,2026-08-28,2026-09-07,32478.64,10,Late
LP0004447,L00238,C00982,2023-08-28,2023-09-02,6727.11,5,Paid
LP0004448,L00238,C00982,2023-09-28,2023-09-29,6902.94,1,Paid
LP0004449,L00238,C00982,2023-10-28,2023-10-31,6856.21,3,Paid
LP0004450,L00238,C00982,2023-11-28,2023-12-07,6675.56,9,Late
LP0004451,L00238,C00982,2023-12-28,2024-01-03,6980.03,6,Late
LP0004452,L00238,C00982,2024-01-28,2024-02-03,6849.85,6,Late
LP0004453,L00238,C00982,2024-02-28,2024-03-09,6656.22,10,Late
LP0004454,L00238,C00982,2024-03-28,2024-04-07,7049.77,10,Late
LP0004455,L00238,C00982,2024-04-28,2024-04-30,6675.11,2,Paid
LP0004456,L00238,C00982,2024-05-28,2024-06-05,7020.95,8,Late
LP0004457,L00238,C00982,2024-06-28,2024-07-03,6923.36,5,Paid
LP0004458,L00238,C00982,2024-07-28,2024-08-03,6863.43,6,Late
LP0004459,L00238,C00982,2024-08-28,2024-08-28,6752.66,0,Paid
LP0004460,L00238,C00982,2024-09-28,2024-10-13,3920.06,15,Partial
LP0004461,L00238,C00982,2024-10-28,2024-12-24,5188.74,57,Partial
LP0004462,L00238,C00982,2024-11-28,2025-01-16,3915.0,49,Partial
LP0004463,L00238,C00982,2024-12-28,,0,95,Missed
LP0004464,L00238,C00982,2025-01-28,2025-03-18,6230.46,49,Partial
LP0004465,L00238,C00982,2025-02-28,,0,33,Missed
LP0004466,L00238,C00982,2025-03-28,2025-04-17,4131.57,20,Partial
LP0004467,L00238,C00982,2025-04-28,,0,100,Missed
LP0004468,L00238,C00982,2025-05-28,,0,112,Missed
LP0004469,L00238,C00982,2025-06-28,2025-07-16,4128.49,18,Partial
LP0004470,L00238,C00982,2025-07-28,,0,88,Missed
LP0004471,L00239,C00288,2026-04-28,2026-05-06,25122.02,8,Late
LP0004472,L00239,C00288,2026-05-28,2026-05-31,25398.38,3,Paid
LP0004473,L00239,C00288,2026-06-28,2026-06-28,26119.77,0,Paid
LP0004474,L00239,C00288,2026-07-28,2026-08-29,14403.08,32,Partial
LP0004475,L00239,C00288,2026-08-28,,0,39,Missed
LP0004476,L00240,C00996,2025-10-28,2025-11-05,172052.88,8,Late
LP0004477,L00240,C00996,2025-11-28,2025-12-04,171777.77,6,Late
LP0004478,L00240,C00996,2025-12-28,2025-12-28,171009.82,0,Paid
LP0004479,L00240,C00996,2026-01-28,2026-02-01,176428.63,4,Paid
LP0004480,L00240,C00996,2026-02-28,2026-03-05,174204.57,5,Paid
LP0004481,L00240,C00996,2026-03-28,2026-04-07,172139.38,10,Late
LP0004482,L00240,C00996,2026-04-28,2026-04-30,178198.2,2,Paid
LP0004483,L00240,C00996,2026-05-28,2026-06-07,173637.86,10,Late
LP0004484,L00240,C00996,2026-06-28,2026-06-29,171073.68,1,Paid
LP0004485,L00240,C00996,2026-07-28,2026-08-06,173993.07,9,Late
LP0004486,L00240,C00996,2026-08-28,2026-09-02,172734.38,5,Paid
LP0004487,L00241,C00438,2023-02-28,2023-03-05,17586.37,5,Paid
LP0004488,L00241,C00438,2023-03-28,2023-04-06,17071.8,9,Late
LP0004489,L00241,C00438,2023-04-28,2023-05-03,17542.83,5,Paid
LP0004490,L00241,C00438,2023-05-28,2023-06-03,16755.29,6,Late
LP0004491,L00241,C00438,2023-06-28,2023-07-02,16778.82,4,Paid
LP0004492,L00241,C00438,2023-07-28,2023-07-30,17358.51,2,Paid
LP0004493,L00241,C00438,2023-08-28,2023-09-06,17233.61,9,Late
LP0004494,L00241,C00438,2023-09-28,2023-09-28,16739.14,0,Paid
LP0004495,L00241,C00438,2023-10-28,2023-10-28,17305.9,0,Paid
LP0004496,L00241,C00438,2023-11-28,2023-12-08,16807.77,10,Late
LP0004497,L00241,C00438,2023-12-28,2024-01-02,16824.74,5,Paid
LP0004498,L00241,C00438,2024-01-28,2024-02-01,16785.77,4,Paid
LP0004499,L00241,C00438,2024-02-28,2024-03-05,16787.55,6,Late
LP0004500,L00241,C00438,2024-03-28,2024-03-29,17587.13,1,Paid
LP0004501,L00241,C00438,2024-04-28,2024-05-02,17205.8,4,Paid
LP0004502,L00241,C00438,2024-05-28,2024-05-31,16837.01,3,Paid
LP0004503,L00241,C00438,2024-06-28,2024-06-28,17292.24,0,Paid
LP0004504,L00241,C00438,2024-07-28,2024-08-02,17631.75,5,Paid
LP0004505,L00241,C00438,2024-08-28,2024-08-30,17635.19,2,Paid
LP0004506,L00241,C00438,2024-09-28,2024-10-04,17513.43,6,Late
LP0004507,L00241,C00438,2024-10-28,2024-10-30,16801.84,2,Paid
LP0004508,L00241,C00438,2024-11-28,2024-12-04,17702.04,6,Late
LP0004509,L00241,C00438,2024-12-28,2025-01-06,16982.46,9,Late
LP0004510,L00241,C00438,2025-01-28,2025-01-29,17620.18,1,Paid
LP0004511,L00242,C00273,2025-10-28,2025-11-07,38698.18,10,Late
LP0004512,L00242,C00273,2025-11-28,2025-11-29,38707.56,1,Paid
LP0004513,L00242,C00273,2025-12-28,2025-12-31,39077.13,3,Paid
LP0004514,L00242,C00273,2026-01-28,2026-01-28,38846.55,0,Paid
LP0004515,L00242,C00273,2026-02-28,2026-03-07,39936.74,7,Late
LP0004516,L00242,C00273,2026-03-28,2026-04-03,39358.56,6,Late
LP0004517,L00242,C00273,2026-04-28,2026-05-03,40046.3,5,Paid
LP0004518,L00242,C00273,2026-05-28,2026-06-03,40105.66,6,Late
LP0004519,L00242,C00273,2026-06-28,2026-07-01,38999.64,3,Paid
LP0004520,L00242,C00273,2026-07-28,2026-08-05,40287.96,8,Late
LP0004521,L00242,C00273,2026-08-28,2026-08-31,39480.11,3,Paid
LP0004522,L00243,C00709,2024-01-28,2024-02-01,55493.3,4,Paid
LP0004523,L00243,C00709,2024-02-28,2024-03-02,56202.37,3,Paid
LP0004524,L00243,C00709,2024-03-28,2024-04-03,58193.53,6,Late
LP0004525,L00243,C00709,2024-04-28,2024-04-30,57889.98,2,Paid
LP0004526,L00243,C00709,2024-05-28,2024-05-28,57712.62,0,Paid
LP0004527,L00243,C00709,2024-06-28,2024-07-02,57414.09,4,Paid
LP0004528,L00243,C00709,2024-07-28,2024-08-07,55344.35,10,Late
LP0004529,L00243,C00709,2024-08-28,2024-08-31,56902.28,3,Paid
LP0004530,L00243,C00709,2024-09-28,2024-10-07,57810.65,9,Late
LP0004531,L00243,C00709,2024-10-28,2024-10-28,56323.33,0,Paid
LP0004532,L00243,C00709,2024-11-28,2024-12-07,56406.83,9,Late
LP0004533,L00243,C00709,2024-12-28,2025-01-06,57758.11,9,Late
LP0004534,L00243,C00709,2025-01-28,2025-02-01,55706.08,4,Paid
LP0004535,L00243,C00709,2025-02-28,2025-03-10,55388.38,10,Late
LP0004536,L00243,C00709,2025-03-28,2025-04-05,55943.6,8,Late
LP0004537,L00243,C00709,2025-04-28,2025-04-30,56284.51,2,Paid
LP0004538,L00243,C00709,2025-05-28,2025-06-04,56831.99,7,Late
LP0004539,L00243,C00709,2025-06-28,2025-06-29,55243.7,1,Paid
LP0004540,L00243,C00709,2025-07-28,2025-08-05,56827.3,8,Late
LP0004541,L00243,C00709,2025-08-28,2025-09-04,56132.1,7,Late
LP0004542,L00243,C00709,2025-09-28,2025-09-29,58406.74,1,Paid
LP0004543,L00243,C00709,2025-10-28,2025-11-02,57143.03,5,Paid
LP0004544,L00243,C00709,2025-11-28,2025-12-03,57682.57,5,Paid
LP0004545,L00243,C00709,2025-12-28,2026-01-06,56890.32,9,Late
LP0004546,L00244,C00984,2024-07-28,2024-07-29,3132.17,1,Paid
LP0004547,L00244,C00984,2024-08-28,2024-09-02,3078.76,5,Paid
LP0004548,L00244,C00984,2024-09-28,2024-10-02,3173.8,4,Paid
LP0004549,L00244,C00984,2024-10-28,2024-11-02,3093.23,5,Paid
LP0004550,L00244,C00984,2024-11-28,2024-12-04,3109.99,6,Late
LP0004551,L00244,C00984,2024-12-28,2025-01-07,3121.63,10,Late
LP0004552,L00244,C00984,2025-01-28,2025-01-30,3079.7,2,Paid
LP0004553,L00244,C00984,2025-02-28,2025-03-03,3085.79,3,Paid
LP0004554,L00244,C00984,2025-03-28,2025-04-01,3088.32,4,Paid
LP0004555,L00244,C00984,2025-04-28,2025-05-06,3152.33,8,Late
LP0004556,L00244,C00984,2025-05-28,2025-06-07,3188.39,10,Late
LP0004557,L00244,C00984,2025-06-28,2025-07-07,3162.78,9,Late
LP0004558,L00244,C00984,2025-07-28,2025-08-07,3092.21,10,Late
LP0004559,L00244,C00984,2025-08-28,2025-08-30,3178.4,2,Paid
LP0004560,L00244,C00984,2025-09-28,2025-10-08,3237.47,10,Late
LP0004561,L00244,C00984,2025-10-28,2025-10-30,3134.22,2,Paid
LP0004562,L00244,C00984,2025-11-28,2025-11-29,3185.32,1,Paid
LP0004563,L00244,C00984,2025-12-28,2025-12-31,3197.67,3,Paid
LP0004564,L00244,C00984,2026-01-28,2026-01-30,3067.72,2,Paid
LP0004565,L00244,C00984,2026-02-28,2026-03-10,3125.07,10,Late
LP0004566,L00244,C00984,2026-03-28,2026-04-04,3159.17,7,Late
LP0004567,L00244,C00984,2026-04-28,2026-04-29,3248.53,1,Paid
LP0004568,L00244,C00984,2026-05-28,2026-05-31,3081.72,3,Paid
LP0004569,L00244,C00984,2026-06-28,2026-07-03,3243.08,5,Paid
LP0004570,L00245,C00768,2025-01-28,2025-02-03,50917.0,6,Late
LP0004571,L00245,C00768,2025-02-28,2025-03-05,51197.91,5,Paid
LP0004572,L00245,C00768,2025-03-28,2025-03-31,50677.39,3,Paid
LP0004573,L00245,C00768,2025-04-28,2025-04-30,51364.97,2,Paid
LP0004574,L00245,C00768,2025-05-28,2025-05-29,51174.4,1,Paid
LP0004575,L00245,C00768,2025-06-28,2025-06-28,50849.49,0,Paid
LP0004576,L00245,C00768,2025-07-28,2025-07-31,50694.41,3,Paid
LP0004577,L00245,C00768,2025-08-28,2025-09-03,51432.86,6,Late
LP0004578,L00245,C00768,2025-09-28,2025-10-02,51066.05,4,Paid
LP0004579,L00245,C00768,2025-10-28,2025-11-01,51264.12,4,Paid
LP0004580,L00245,C00768,2025-11-28,2025-12-08,51981.77,10,Late
LP0004581,L00245,C00768,2025-12-28,2026-01-07,53220.97,10,Late
LP0004582,L00245,C00768,2026-01-28,2026-01-28,53500.78,0,Paid
LP0004583,L00245,C00768,2026-02-28,2026-03-05,51537.33,5,Paid
LP0004584,L00245,C00768,2026-03-28,2026-04-06,50919.83,9,Late
LP0004585,L00245,C00768,2026-04-28,2026-04-30,53272.93,2,Paid
LP0004586,L00245,C00768,2026-05-28,2026-06-04,50562.07,7,Late
LP0004587,L00245,C00768,2026-06-28,2026-07-08,50884.83,10,Late
LP0004588,L00245,C00768,2026-07-28,2026-07-28,52801.12,0,Paid
LP0004589,L00245,C00768,2026-08-28,2026-09-06,51945.07,9,Late
LP0004590,L00246,C00039,2022-08-28,2022-09-06,9462.18,9,Late
LP0004591,L00246,C00039,2022-09-28,2022-10-05,9283.77,7,Late
LP0004592,L00246,C00039,2022-10-28,2022-11-05,9463.01,8,Late
LP0004593,L00246,C00039,2022-11-28,2022-11-30,9139.34,2,Paid
LP0004594,L00246,C00039,2022-12-28,2023-01-07,9272.19,10,Late
LP0004595,L00246,C00039,2023-01-28,2023-02-07,9376.28,10,Late
LP0004596,L00246,C00039,2023-02-28,2023-03-01,8980.05,1,Paid
LP0004597,L00246,C00039,2023-03-28,2023-04-02,8953.37,5,Paid
LP0004598,L00246,C00039,2023-04-28,2023-05-05,9327.15,7,Late
LP0004599,L00246,C00039,2023-05-28,2023-06-01,9286.84,4,Paid
LP0004600,L00246,C00039,2023-06-28,2023-07-04,9194.76,6,Late
LP0004601,L00246,C00039,2023-07-28,2023-08-04,9335.76,7,Late
LP0004602,L00246,C00039,2023-08-28,2023-08-31,9065.32,3,Paid
LP0004603,L00246,C00039,2023-09-28,2023-10-04,9224.82,6,Late
LP0004604,L00246,C00039,2023-10-28,2023-10-28,9189.88,0,Paid
LP0004605,L00246,C00039,2023-11-28,2023-11-29,9285.64,1,Paid
LP0004606,L00246,C00039,2023-12-28,2024-01-01,9220.98,4,Paid
LP0004607,L00246,C00039,2024-01-28,2024-01-28,9308.99,0,Paid
LP0004608,L00246,C00039,2024-02-28,2024-03-04,9296.17,5,Paid
LP0004609,L00246,C00039,2024-03-28,2024-03-30,8970.0,2,Paid
LP0004610,L00246,C00039,2024-04-28,2024-04-29,9024.53,1,Paid
LP0004611,L00246,C00039,2024-05-28,2024-06-04,9395.52,7,Late
LP0004612,L00246,C00039,2024-06-28,2024-06-28,9349.97,0,Paid
LP0004613,L00246,C00039,2024-07-28,2024-07-30,9015.98,2,Paid
LP0004614,L00247,C00808,2023-05-28,2023-06-02,98399.35,5,Paid
LP0004615,L00247,C00808,2023-06-28,2023-07-01,94391.32,3,Paid
LP0004616,L00247,C00808,2023-07-28,2023-07-30,94246.06,2,Paid
LP0004617,L00247,C00808,2023-08-28,2023-09-05,93529.49,8,Late
LP0004618,L00247,C00808,2023-09-28,2023-10-02,94373.07,4,Paid
LP0004619,L00247,C00808,2023-10-28,2023-10-29,95374.31,1,Paid
LP0004620,L00247,C00808,2023-11-28,2023-11-29,95518.75,1,Paid
LP0004621,L00247,C00808,2023-12-28,2024-01-03,97287.02,6,Late
LP0004622,L00247,C00808,2024-01-28,2024-02-06,98098.76,9,Late
LP0004623,L00247,C00808,2024-02-28,2024-03-06,94805.28,7,Late
LP0004624,L00247,C00808,2024-03-28,2024-04-01,98280.11,4,Paid
LP0004625,L00247,C00808,2024-04-28,2024-05-04,96386.77,6,Late
LP0004626,L00247,C00808,2024-05-28,2024-05-28,95843.07,0,Paid
LP0004627,L00247,C00808,2024-06-28,2024-06-29,96510.01,1,Paid
LP0004628,L00247,C00808,2024-07-28,2024-08-05,97680.89,8,Late
LP0004629,L00247,C00808,2024-08-28,2024-09-06,94938.21,9,Late
LP0004630,L00247,C00808,2024-09-28,2024-09-29,97592.94,1,Paid
LP0004631,L00247,C00808,2024-10-28,2024-10-29,95165.93,1,Paid
LP0004632,L00247,C00808,2024-11-28,2024-12-06,98230.63,8,Late
LP0004633,L00247,C00808,2024-12-28,2024-12-30,94416.68,2,Paid
LP0004634,L00247,C00808,2025-01-28,2025-01-28,98293.28,0,Paid
LP0004635,L00247,C00808,2025-02-28,2025-03-07,93712.04,7,Late
LP0004636,L00247,C00808,2025-03-28,2025-04-07,95159.46,10,Late
LP0004637,L00247,C00808,2025-04-28,2025-05-06,95341.9,8,Late
LP0004638,L00248,C00786,2023-12-28,2023-12-30,3304.55,2,Paid
LP0004639,L00248,C00786,2024-01-28,2024-01-30,3266.24,2,Paid
LP0004640,L00248,C00786,2024-02-28,2024-03-01,3368.69,2,Paid
LP0004641,L00248,C00786,2024-03-28,2024-04-01,3291.9,4,Paid
LP0004642,L00248,C00786,2024-04-28,2024-05-06,3331.55,8,Late
LP0004643,L00248,C00786,2024-05-28,2024-06-01,3366.16,4,Paid
LP0004644,L00248,C00786,2024-06-28,2024-07-07,3393.97,9,Late
LP0004645,L00248,C00786,2024-07-28,2024-08-04,3238.11,7,Late
LP0004646,L00248,C00786,2024-08-28,2024-09-01,3316.39,4,Paid
LP0004647,L00248,C00786,2024-09-28,2024-10-06,3323.4,8,Late
LP0004648,L00248,C00786,2024-10-28,2024-10-28,3327.85,0,Paid
LP0004649,L00248,C00786,2024-11-28,2024-11-28,3295.51,0,Paid
LP0004650,L00248,C00786,2024-12-28,2025-01-04,3349.37,7,Late
LP0004651,L00248,C00786,2025-01-28,2025-01-29,3401.61,1,Paid
LP0004652,L00248,C00786,2025-02-28,2025-03-07,3329.74,7,Late
LP0004653,L00248,C00786,2025-03-28,2025-04-07,3285.5,10,Late
LP0004654,L00248,C00786,2025-04-28,2025-04-28,3236.36,0,Paid
LP0004655,L00248,C00786,2025-05-28,2025-06-04,3388.91,7,Late
LP0004656,L00248,C00786,2025-06-28,2025-07-06,3344.45,8,Late
LP0004657,L00248,C00786,2025-07-28,2025-07-30,3279.39,2,Paid
LP0004658,L00248,C00786,2025-08-28,2025-08-31,3312.37,3,Paid
LP0004659,L00248,C00786,2025-09-28,2025-10-01,3305.29,3,Paid
LP0004660,L00248,C00786,2025-10-28,2025-11-03,3415.15,6,Late
LP0004661,L00248,C00786,2025-11-28,2025-12-02,3286.05,4,Paid
LP0004662,L00249,C00140,2022-10-28,2022-11-03,7464.83,6,Late
LP0004663,L00249,C00140,2022-11-28,2022-12-05,7170.2,7,Late
LP0004664,L00249,C00140,2022-12-28,2023-01-05,7349.55,8,Late
LP0004665,L00249,C00140,2023-01-28,2023-02-03,7148.68,6,Late
LP0004666,L00249,C00140,2023-02-28,2023-03-02,7444.57,2,Paid
LP0004667,L00249,C00140,2023-03-28,2023-04-04,7402.65,7,Late
LP0004668,L00249,C00140,2023-04-28,2023-05-02,7481.48,4,Paid
LP0004669,L00249,C00140,2023-05-28,2023-06-04,7245.72,7,Late
LP0004670,L00249,C00140,2023-06-28,2023-07-04,7311.74,6,Late
LP0004671,L00249,C00140,2023-07-28,2023-08-05,7445.03,8,Late
LP0004672,L00249,C00140,2023-08-28,2023-09-02,7427.15,5,Paid
LP0004673,L00249,C00140,2023-09-28,2023-10-05,7513.33,7,Late
LP0004674,L00249,C00140,2023-10-28,2023-10-31,7401.59,3,Paid
LP0004675,L00249,C00140,2023-11-28,2023-12-08,7163.87,10,Late
LP0004676,L00249,C00140,2023-12-28,2024-01-05,7484.07,8,Late
LP0004677,L00249,C00140,2024-01-28,2024-02-05,7164.84,8,Late
LP0004678,L00249,C00140,2024-02-28,2024-03-05,7336.99,6,Late
LP0004679,L00249,C00140,2024-03-28,2024-04-01,7172.04,4,Paid
LP0004680,L00249,C00140,2024-04-28,2024-05-01,7467.17,3,Paid
LP0004681,L00249,C00140,2024-05-28,2024-06-01,7395.28,4,Paid
LP0004682,L00249,C00140,2024-06-28,2024-07-08,7273.76,10,Late
LP0004683,L00249,C00140,2024-07-28,2024-08-07,7311.75,10,Late
LP0004684,L00249,C00140,2024-08-28,2024-09-04,7399.2,7,Late
LP0004685,L00249,C00140,2024-09-28,2024-09-28,7437.55,0,Paid
LP0004686,L00250,C00498,2022-08-28,2022-09-06,64251.1,9,Late
LP0004687,L00250,C00498,2022-09-28,2022-09-28,63085.51,0,Paid
LP0004688,L00250,C00498,2022-10-28,2022-11-04,63713.79,7,Late
LP0004689,L00250,C00498,2022-11-28,2022-12-02,63672.01,4,Paid
LP0004690,L00250,C00498,2022-12-28,2023-01-02,62559.4,5,Paid
LP0004691,L00250,C00498,2023-01-28,2023-01-31,61382.1,3,Paid
LP0004692,L00250,C00498,2023-02-28,2023-02-28,61550.53,0,Paid
LP0004693,L00250,C00498,2023-03-28,2023-03-31,61674.27,3,Paid
LP0004694,L00250,C00498,2023-04-28,2023-05-02,61675.97,4,Paid
LP0004695,L00250,C00498,2023-05-28,2023-06-04,61932.82,7,Late
LP0004696,L00250,C00498,2023-06-28,2023-07-03,63508.4,5,Paid
LP0004697,L00250,C00498,2023-07-28,2023-07-29,63700.07,1,Paid
LP0004698,L00250,C00498,2023-08-28,2023-09-06,63654.74,9,Late
LP0004699,L00250,C00498,2023-09-28,2023-10-03,62728.11,5,Paid
LP0004700,L00250,C00498,2023-10-28,2023-10-30,62259.73,2,Paid
LP0004701,L00250,C00498,2023-11-28,2023-12-03,62667.95,5,Paid
LP0004702,L00250,C00498,2023-12-28,2024-01-07,64749.25,10,Late
LP0004703,L00250,C00498,2024-01-28,2024-01-30,62518.18,2,Paid
LP0004704,L00250,C00498,2024-02-28,2024-02-29,63168.45,1,Paid
LP0004705,L00250,C00498,2024-03-28,2024-04-01,63686.19,4,Paid
LP0004706,L00250,C00498,2024-04-28,2024-05-03,62914.5,5,Paid
LP0004707,L00250,C00498,2024-05-28,2024-05-30,64779.57,2,Paid
LP0004708,L00250,C00498,2024-06-28,2024-07-04,62448.12,6,Late
LP0004709,L00250,C00498,2024-07-28,2024-07-30,64158.67,2,Paid
LP0004710,L00251,C00202,2026-05-28,2026-06-01,5815.55,4,Paid
LP0004711,L00251,C00202,2026-06-28,2026-07-02,5793.7,4,Paid
LP0004712,L00251,C00202,2026-07-28,2026-07-30,6016.5,2,Paid
LP0004713,L00251,C00202,2026-08-28,2026-08-28,5804.48,0,Paid
LP0004714,L00252,C00585,2022-10-28,2022-10-28,45032.42,0,Paid
LP0004715,L00252,C00585,2022-11-28,2022-11-28,45424.6,0,Paid
LP0004716,L00252,C00585,2022-12-28,2023-01-06,45390.16,9,Late
LP0004717,L00252,C00585,2023-01-28,2023-02-04,44722.19,7,Late
LP0004718,L00252,C00585,2023-02-28,2023-03-05,44707.0,5,Paid
LP0004719,L00252,C00585,2023-03-28,2023-03-28,46891.48,0,Paid
LP0004720,L00252,C00585,2023-04-28,2023-05-08,44571.34,10,Late
LP0004721,L00252,C00585,2023-05-28,2023-06-01,45685.23,4,Paid
LP0004722,L00252,C00585,2023-06-28,2023-07-04,44407.68,6,Late
LP0004723,L00252,C00585,2023-07-28,2023-08-03,45515.05,6,Late
LP0004724,L00252,C00585,2023-08-28,2023-08-31,45481.38,3,Paid
LP0004725,L00252,C00585,2023-09-28,2023-10-03,44370.56,5,Paid
LP0004726,L00252,C00585,2023-10-28,2023-11-06,44932.24,9,Late
LP0004727,L00252,C00585,2023-11-28,2024-01-03,39594.31,36,Partial
LP0004728,L00252,C00585,2023-12-28,2024-01-24,45419.45,27,Partial
LP0004729,L00252,C00585,2024-01-28,,0,30,Missed
LP0004730,L00252,C00585,2024-02-28,2024-04-19,23775.28,51,Partial
LP0004731,L00252,C00585,2024-03-28,2024-05-03,25414.92,36,Partial
LP0004732,L00252,C00585,2024-04-28,2024-06-04,29044.31,37,Partial
LP0004733,L00252,C00585,2024-05-28,,0,62,Missed
LP0004734,L00252,C00585,2024-06-28,2024-07-14,24471.73,16,Partial
LP0004735,L00252,C00585,2024-07-28,2024-08-14,38285.28,17,Partial
LP0004736,L00252,C00585,2024-08-28,2024-09-14,34046.08,17,Partial
LP0004737,L00252,C00585,2024-09-28,,0,82,Missed
LP0004738,L00253,C00635,2022-01-28,2022-01-30,1979.86,2,Paid
LP0004739,L00253,C00635,2022-02-28,2022-03-02,1961.96,2,Paid
LP0004740,L00253,C00635,2022-03-28,2022-04-02,1964.77,5,Paid
LP0004741,L00253,C00635,2022-04-28,2022-05-05,1988.32,7,Late
LP0004742,L00253,C00635,2022-05-28,2022-06-06,1995.71,9,Late
LP0004743,L00253,C00635,2022-06-28,2022-07-07,2045.94,9,Late
LP0004744,L00253,C00635,2022-07-28,2022-08-06,1999.5,9,Late
LP0004745,L00253,C00635,2022-08-28,2022-09-02,2013.41,5,Paid
LP0004746,L00253,C00635,2022-09-28,2022-10-03,1978.58,5,Paid
LP0004747,L00253,C00635,2022-10-28,2022-11-01,2032.19,4,Paid
LP0004748,L00253,C00635,2022-11-28,2022-12-01,1982.94,3,Paid
LP0004749,L00253,C00635,2022-12-28,2022-12-30,1971.97,2,Paid
LP0004750,L00253,C00635,2023-01-28,2023-02-04,2050.06,7,Late
LP0004751,L00253,C00635,2023-02-28,2023-03-04,1976.49,4,Paid
LP0004752,L00253,C00635,2023-03-28,2023-04-07,1955.77,10,Late
LP0004753,L00253,C00635,2023-04-28,2023-05-05,2005.49,7,Late
LP0004754,L00253,C00635,2023-05-28,2023-05-30,1967.61,2,Paid
LP0004755,L00253,C00635,2023-06-28,2023-07-05,1980.93,7,Late
LP0004756,L00253,C00635,2023-07-28,2023-08-06,2055.31,9,Late
LP0004757,L00253,C00635,2023-08-28,2023-09-05,2018.64,8,Late
LP0004758,L00253,C00635,2023-09-28,2023-10-04,2009.02,6,Late
LP0004759,L00253,C00635,2023-10-28,2023-11-01,1970.14,4,Paid
LP0004760,L00253,C00635,2023-11-28,2023-12-04,1954.29,6,Late
LP0004761,L00253,C00635,2023-12-28,2024-01-04,2043.65,7,Late
LP0004762,L00254,C00936,2022-03-28,2022-04-07,58590.88,10,Late
LP0004763,L00254,C00936,2022-04-28,2022-05-06,58517.09,8,Late
LP0004764,L00254,C00936,2022-05-28,2022-05-31,60120.59,3,Paid
LP0004765,L00254,C00936,2022-06-28,2022-07-06,57133.6,8,Late
LP0004766,L00254,C00936,2022-07-28,2022-07-29,57156.09,1,Paid
LP0004767,L00254,C00936,2022-08-28,2022-08-31,57048.14,3,Paid
LP0004768,L00254,C00936,2022-09-28,2022-10-03,57537.77,5,Paid
LP0004769,L00254,C00936,2022-10-28,2022-11-06,57461.25,9,Late
LP0004770,L00254,C00936,2022-11-28,2022-12-01,58796.75,3,Paid
LP0004771,L00254,C00936,2022-12-28,2023-01-02,60184.93,5,Paid
LP0004772,L00254,C00936,2023-01-28,2023-01-30,57452.63,2,Paid
LP0004773,L00254,C00936,2023-02-28,2023-03-07,58670.56,7,Late
LP0004774,L00254,C00936,2023-03-28,2023-03-28,57881.6,0,Paid
LP0004775,L00254,C00936,2023-04-28,2023-05-06,59755.51,8,Late
LP0004776,L00254,C00936,2023-05-28,2023-06-03,59231.15,6,Late
LP0004777,L00254,C00936,2023-06-28,2023-07-08,57590.56,10,Late
LP0004778,L00254,C00936,2023-07-28,2023-08-01,58869.39,4,Paid
LP0004779,L00254,C00936,2023-08-28,2023-09-06,58337.15,9,Late
LP0004780,L00254,C00936,2023-09-28,2023-10-02,58374.62,4,Paid
LP0004781,L00254,C00936,2023-10-28,2023-11-01,59904.65,4,Paid
LP0004782,L00254,C00936,2023-11-28,2023-11-30,58404.06,2,Paid
LP0004783,L00254,C00936,2023-12-28,2024-01-03,59481.09,6,Late
LP0004784,L00254,C00936,2024-01-28,2024-02-02,58075.72,5,Paid
LP0004785,L00254,C00936,2024-02-28,2024-03-03,57388.71,4,Paid
LP0004786,L00255,C00894,2024-11-28,2024-12-07,28817.83,9,Late
LP0004787,L00255,C00894,2024-12-28,2025-01-07,29415.36,10,Late
LP0004788,L00255,C00894,2025-01-28,2025-02-04,28480.85,7,Late
LP0004789,L00255,C00894,2025-02-28,2025-03-01,29941.99,1,Paid
LP0004790,L00255,C00894,2025-03-28,2025-04-01,29559.96,4,Paid
LP0004791,L00255,C00894,2025-04-28,2025-04-29,29684.48,1,Paid
LP0004792,L00255,C00894,2025-05-28,2025-06-06,29838.97,9,Late
LP0004793,L00255,C00894,2025-06-28,2025-06-28,28930.61,0,Paid
LP0004794,L00255,C00894,2025-07-28,2025-08-07,29050.32,10,Late
LP0004795,L00255,C00894,2025-08-28,2025-08-28,28644.34,0,Paid
LP0004796,L00255,C00894,2025-09-28,2025-10-07,29888.2,9,Late
LP0004797,L00255,C00894,2025-10-28,2025-11-07,29713.58,10,Late
LP0004798,L00255,C00894,2025-11-28,2025-12-08,30117.08,10,Late
LP0004799,L00255,C00894,2025-12-28,2026-01-01,28898.8,4,Paid
LP0004800,L00255,C00894,2026-01-28,2026-02-06,29696.71,9,Late
LP0004801,L00255,C00894,2026-02-28,2026-03-04,28731.41,4,Paid
LP0004802,L00255,C00894,2026-03-28,2026-04-04,29905.0,7,Late
LP0004803,L00255,C00894,2026-04-28,2026-04-30,29467.97,2,Paid
LP0004804,L00255,C00894,2026-05-28,2026-06-03,29187.87,6,Late
LP0004805,L00255,C00894,2026-06-28,2026-06-28,28962.7,0,Paid
LP0004806,L00255,C00894,2026-07-28,2026-07-31,28947.32,3,Paid
LP0004807,L00255,C00894,2026-08-28,2026-08-30,28800.33,2,Paid
LP0004808,L00256,C00115,2026-02-28,2026-03-07,173657.96,7,Late
LP0004809,L00256,C00115,2026-03-28,2026-04-01,169358.16,4,Paid
LP0004810,L00256,C00115,2026-04-28,2026-05-02,173188.65,4,Paid
LP0004811,L00256,C00115,2026-05-28,2026-06-03,165397.31,6,Late
LP0004812,L00256,C00115,2026-06-28,2026-07-06,173070.14,8,Late
LP0004813,L00256,C00115,2026-07-28,2026-08-02,174218.3,5,Paid
LP0004814,L00256,C00115,2026-08-28,2026-08-29,171282.01,1,Paid
LP0004815,L00257,C00977,2023-05-28,2023-05-28,23438.7,0,Paid
LP0004816,L00257,C00977,2023-06-28,2023-07-03,23220.92,5,Paid
LP0004817,L00257,C00977,2023-07-28,2023-07-31,22429.31,3,Paid
LP0004818,L00257,C00977,2023-08-28,2023-08-30,23111.89,2,Paid
LP0004819,L00257,C00977,2023-09-28,2023-10-05,23018.44,7,Late
LP0004820,L00257,C00977,2023-10-28,2023-10-29,22293.43,1,Paid
LP0004821,L00257,C00977,2023-11-28,2023-12-05,22885.97,7,Late
LP0004822,L00257,C00977,2023-12-28,2023-12-29,22434.47,1,Paid
LP0004823,L00257,C00977,2024-01-28,2024-02-06,23164.23,9,Late
LP0004824,L00257,C00977,2024-02-28,2024-03-09,22811.07,10,Late
LP0004825,L00257,C00977,2024-03-28,2024-04-06,22293.76,9,Late
LP0004826,L00257,C00977,2024-04-28,2024-05-07,22587.45,9,Late
LP0004827,L00257,C00977,2024-05-28,2024-05-30,23234.68,2,Paid
LP0004828,L00257,C00977,2024-06-28,2024-06-30,23396.05,2,Paid
LP0004829,L00257,C00977,2024-07-28,2024-08-06,22382.77,9,Late
LP0004830,L00257,C00977,2024-08-28,2024-09-02,22526.51,5,Paid
LP0004831,L00257,C00977,2024-09-28,2024-10-02,22284.85,4,Paid
LP0004832,L00257,C00977,2024-10-28,2024-11-04,22641.22,7,Late
LP0004833,L00257,C00977,2024-11-28,2024-12-05,23514.51,7,Late
LP0004834,L00257,C00977,2024-12-28,2025-01-03,22306.75,6,Late
LP0004835,L00257,C00977,2025-01-28,2025-02-03,22701.64,6,Late
LP0004836,L00257,C00977,2025-02-28,2025-03-07,22409.89,7,Late
LP0004837,L00257,C00977,2025-03-28,2025-04-07,22542.41,10,Late
LP0004838,L00257,C00977,2025-04-28,2025-05-03,23341.59,5,Paid
LP0004839,L00258,C00899,2023-08-28,2023-09-05,6716.41,8,Late
LP0004840,L00258,C00899,2023-09-28,2023-10-01,6504.52,3,Paid
LP0004841,L00258,C00899,2023-10-28,2023-10-28,6529.45,0,Paid
LP0004842,L00258,C00899,2023-11-28,2023-12-06,6418.44,8,Late
LP0004843,L00258,C00899,2023-12-28,2024-01-07,6444.43,10,Late
LP0004844,L00258,C00899,2024-01-28,2024-02-05,6412.46,8,Late
LP0004845,L00258,C00899,2024-02-28,2024-03-02,6518.58,3,Paid
LP0004846,L00258,C00899,2024-03-28,2024-03-31,6487.42,3,Paid
LP0004847,L00258,C00899,2024-04-28,2024-05-08,6377.73,10,Late
LP0004848,L00258,C00899,2024-05-28,2024-06-07,6559.48,10,Late
LP0004849,L00258,C00899,2024-06-28,2024-07-04,6496.15,6,Late
LP0004850,L00258,C00899,2024-07-28,2024-08-03,6483.57,6,Late
LP0004851,L00258,C00899,2024-08-28,2024-09-05,6342.95,8,Late
LP0004852,L00258,C00899,2024-09-28,2024-09-28,6522.28,0,Paid
LP0004853,L00258,C00899,2024-10-28,2024-11-02,6497.1,5,Paid
LP0004854,L00258,C00899,2024-11-28,2024-12-01,6353.62,3,Paid
LP0004855,L00258,C00899,2024-12-28,2024-12-28,6406.74,0,Paid
LP0004856,L00258,C00899,2025-01-28,2025-01-30,6523.53,2,Paid
LP0004857,L00258,C00899,2025-02-28,2025-03-05,6339.0,5,Paid
LP0004858,L00258,C00899,2025-03-28,2025-03-31,6604.78,3,Paid
LP0004859,L00258,C00899,2025-04-28,2025-05-08,6652.69,10,Late
LP0004860,L00258,C00899,2025-05-28,2025-06-01,6517.97,4,Paid
LP0004861,L00258,C00899,2025-06-28,2025-06-28,6576.13,0,Paid
LP0004862,L00258,C00899,2025-07-28,2025-08-05,6347.67,8,Late
LP0004863,L00259,C00151,2024-06-28,2024-07-01,30288.19,3,Paid
LP0004864,L00259,C00151,2024-07-28,2024-07-29,29946.04,1,Paid
LP0004865,L00259,C00151,2024-08-28,2024-09-07,29666.47,10,Late
LP0004866,L00259,C00151,2024-09-28,2024-10-05,29989.45,7,Late
LP0004867,L00259,C00151,2024-10-28,2024-10-30,30372.42,2,Paid
LP0004868,L00259,C00151,2024-11-28,2024-12-07,29878.25,9,Late
LP0004869,L00259,C00151,2024-12-28,2024-12-30,30613.06,2,Paid
LP0004870,L00259,C00151,2025-01-28,2025-02-07,30206.25,10,Late
LP0004871,L00259,C00151,2025-02-28,2025-03-08,30597.1,8,Late
LP0004872,L00259,C00151,2025-03-28,2025-04-06,30060.61,9,Late
LP0004873,L00259,C00151,2025-04-28,2025-04-30,30372.28,2,Paid
LP0004874,L00259,C00151,2025-05-28,2025-06-03,30814.56,6,Late
LP0004875,L00259,C00151,2025-06-28,2025-06-30,30576.4,2,Paid
LP0004876,L00259,C00151,2025-07-28,2025-07-31,31176.26,3,Paid
LP0004877,L00259,C00151,2025-08-28,2025-09-06,31052.81,9,Late
LP0004878,L00259,C00151,2025-09-28,2025-10-06,29853.83,8,Late
LP0004879,L00259,C00151,2025-10-28,2025-11-01,29517.6,4,Paid
LP0004880,L00259,C00151,2025-11-28,2025-12-05,29780.19,7,Late
LP0004881,L00259,C00151,2025-12-28,2026-01-05,29619.1,8,Late
LP0004882,L00259,C00151,2026-01-28,2026-02-06,30974.18,9,Late
LP0004883,L00259,C00151,2026-02-28,2026-03-09,30378.84,9,Late
LP0004884,L00259,C00151,2026-03-28,2026-04-07,31121.74,10,Late
LP0004885,L00259,C00151,2026-04-28,2026-05-04,31140.32,6,Late
LP0004886,L00259,C00151,2026-05-28,2026-06-07,30376.72,10,Late
LP0004887,L00260,C00055,2024-02-28,2024-03-08,22635.79,9,Late
LP0004888,L00260,C00055,2024-03-28,2024-03-28,22369.45,0,Paid
LP0004889,L00260,C00055,2024-04-28,2024-05-06,22534.93,8,Late
LP0004890,L00260,C00055,2024-05-28,2024-06-01,21595.11,4,Paid
LP0004891,L00260,C00055,2024-06-28,2024-07-01,21877.57,3,Paid
LP0004892,L00260,C00055,2024-07-28,2024-07-30,22153.04,2,Paid
LP0004893,L00260,C00055,2024-08-28,2024-09-01,22606.81,4,Paid
LP0004894,L00260,C00055,2024-09-28,2024-10-03,22675.33,5,Paid
LP0004895,L00260,C00055,2024-10-28,2024-10-30,22214.83,2,Paid
LP0004896,L00260,C00055,2024-11-28,2024-12-07,21914.75,9,Late
LP0004897,L00260,C00055,2024-12-28,2025-01-03,22220.99,6,Late
LP0004898,L00260,C00055,2025-01-28,2025-01-30,22489.13,2,Paid
LP0004899,L00260,C00055,2025-02-28,2025-03-07,21808.63,7,Late
LP0004900,L00260,C00055,2025-03-28,2025-03-30,21705.18,2,Paid
LP0004901,L00260,C00055,2025-04-28,2025-05-03,22898.95,5,Paid
LP0004902,L00260,C00055,2025-05-28,2025-05-31,21764.01,3,Paid
LP0004903,L00260,C00055,2025-06-28,2025-06-28,22606.06,0,Paid
LP0004904,L00260,C00055,2025-07-28,2025-08-03,22394.4,6,Late
LP0004905,L00260,C00055,2025-08-28,2025-09-06,21819.5,9,Late
LP0004906,L00260,C00055,2025-09-28,2025-09-30,22325.29,2,Paid
LP0004907,L00260,C00055,2025-10-28,2025-11-04,21907.56,7,Late
LP0004908,L00260,C00055,2025-11-28,2025-11-29,21683.08,1,Paid
LP0004909,L00260,C00055,2025-12-28,2026-01-07,22095.72,10,Late
LP0004910,L00260,C00055,2026-01-28,2026-01-29,22132.34,1,Paid
LP0004911,L00261,C00726,2022-12-28,2023-01-05,88879.95,8,Late
LP0004912,L00261,C00726,2023-01-28,2023-02-01,91209.91,4,Paid
LP0004913,L00261,C00726,2023-02-28,2023-03-05,91454.04,5,Paid
LP0004914,L00261,C00726,2023-03-28,2023-03-31,87808.57,3,Paid
LP0004915,L00261,C00726,2023-04-28,2023-05-04,89025.43,6,Late
LP0004916,L00261,C00726,2023-05-28,2023-05-28,91832.81,0,Paid
LP0004917,L00261,C00726,2023-06-28,2023-07-03,91181.46,5,Paid
LP0004918,L00261,C00726,2023-07-28,2023-08-02,91266.73,5,Paid
LP0004919,L00261,C00726,2023-08-28,2023-09-07,89824.15,10,Late
LP0004920,L00261,C00726,2023-09-28,2023-10-04,90730.39,6,Late
LP0004921,L00261,C00726,2023-10-28,2023-11-04,87091.78,7,Late
LP0004922,L00261,C00726,2023-11-28,2023-12-08,87240.96,10,Late
LP0004923,L00261,C00726,2023-12-28,2023-12-29,87877.79,1,Paid
LP0004924,L00261,C00726,2024-01-28,2024-01-30,90271.57,2,Paid
LP0004925,L00261,C00726,2024-02-28,2024-03-06,87571.15,7,Late
LP0004926,L00261,C00726,2024-03-28,2024-04-06,87376.05,9,Late
LP0004927,L00261,C00726,2024-04-28,2024-04-29,89622.28,1,Paid
LP0004928,L00261,C00726,2024-05-28,2024-06-03,88507.79,6,Late
LP0004929,L00261,C00726,2024-06-28,2024-07-03,91355.44,5,Paid
LP0004930,L00261,C00726,2024-07-28,2024-08-03,91768.0,6,Late
LP0004931,L00261,C00726,2024-08-28,2024-09-03,89852.78,6,Late
LP0004932,L00261,C00726,2024-09-28,2024-10-08,91341.24,10,Late
LP0004933,L00261,C00726,2024-10-28,2024-11-02,92087.95,5,Paid
LP0004934,L00261,C00726,2024-11-28,2024-11-29,91943.33,1,Paid
LP0004935,L00262,C00590,2024-08-28,2024-09-04,5414.89,7,Late
LP0004936,L00262,C00590,2024-09-28,2024-10-04,5340.75,6,Late
LP0004937,L00262,C00590,2024-10-28,2024-11-02,5247.5,5,Paid
LP0004938,L00262,C00590,2024-11-28,2024-12-07,5432.93,9,Late
LP0004939,L00262,C00590,2024-12-28,2025-01-06,5158.58,9,Late
LP0004940,L00262,C00590,2025-01-28,2025-02-06,5255.09,9,Late
LP0004941,L00262,C00590,2025-02-28,2025-03-06,5320.58,6,Late
LP0004942,L00262,C00590,2025-03-28,2025-04-03,5154.2,6,Late
LP0004943,L00262,C00590,2025-04-28,2025-04-30,5178.49,2,Paid
LP0004944,L00262,C00590,2025-05-28,2025-06-03,5221.94,6,Late
LP0004945,L00262,C00590,2025-06-28,2025-07-02,5316.39,4,Paid
LP0004946,L00262,C00590,2025-07-28,2025-08-06,5386.54,9,Late
LP0004947,L00262,C00590,2025-08-28,2025-09-02,5352.66,5,Paid
LP0004948,L00262,C00590,2025-09-28,2025-10-02,5209.16,4,Paid
LP0004949,L00262,C00590,2025-10-28,2025-11-07,5136.12,10,Late
LP0004950,L00262,C00590,2025-11-28,2025-12-02,5197.29,4,Paid
LP0004951,L00262,C00590,2025-12-28,2026-01-07,5214.7,10,Late
LP0004952,L00262,C00590,2026-01-28,2026-01-30,5228.94,2,Paid
LP0004953,L00262,C00590,2026-02-28,2026-03-01,5405.15,1,Paid
LP0004954,L00262,C00590,2026-03-28,2026-03-30,5271.2,2,Paid
LP0004955,L00262,C00590,2026-04-28,2026-04-29,5292.68,1,Paid
LP0004956,L00262,C00590,2026-05-28,2026-06-04,5377.32,7,Late
LP0004957,L00262,C00590,2026-06-28,2026-07-02,5181.66,4,Paid
LP0004958,L00262,C00590,2026-07-28,2026-07-30,5166.05,2,Paid
LP0004959,L00263,C00291,2026-01-28,2026-01-30,8847.78,2,Paid
LP0004960,L00263,C00291,2026-02-28,2026-03-02,8998.69,2,Paid
LP0004961,L00263,C00291,2026-03-28,2026-03-29,8916.25,1,Paid
LP0004962,L00263,C00291,2026-04-28,2026-05-07,8932.7,9,Late
LP0004963,L00263,C00291,2026-05-28,2026-05-31,9001.96,3,Paid
LP0004964,L00263,C00291,2026-06-28,2026-06-29,8841.7,1,Paid
LP0004965,L00263,C00291,2026-07-28,2026-08-07,8793.48,10,Late
LP0004966,L00263,C00291,2026-08-28,2026-08-31,8625.96,3,Paid
LP0004967,L00264,C00072,2022-01-28,2022-01-31,15858.11,3,Paid
LP0004968,L00264,C00072,2022-02-28,2022-03-05,15855.16,5,Paid
LP0004969,L00264,C00072,2022-03-28,2022-04-07,15928.96,10,Late
LP0004970,L00264,C00072,2022-04-28,2022-05-03,16283.53,5,Paid
LP0004971,L00264,C00072,2022-05-28,2022-06-05,16075.43,8,Late
LP0004972,L00264,C00072,2022-06-28,2022-07-06,16473.68,8,Late
LP0004973,L00264,C00072,2022-07-28,2022-07-31,15920.81,3,Paid
LP0004974,L00264,C00072,2022-08-28,2022-08-29,15780.56,1,Paid
LP0004975,L00264,C00072,2022-09-28,2022-10-03,15958.8,5,Paid
LP0004976,L00264,C00072,2022-10-28,2022-11-02,15842.14,5,Paid
LP0004977,L00264,C00072,2022-11-28,2022-12-01,16066.56,3,Paid
LP0004978,L00264,C00072,2022-12-28,2023-01-03,16470.1,6,Late
LP0004979,L00265,C00741,2023-06-28,2023-07-08,3032.17,10,Late
LP0004980,L00265,C00741,2023-07-28,2023-07-31,2916.54,3,Paid
LP0004981,L00265,C00741,2023-08-28,2023-09-04,3077.82,7,Late
LP0004982,L00265,C00741,2023-09-28,2023-10-07,3025.83,9,Late
LP0004983,L00265,C00741,2023-10-28,2023-11-07,3078.4,10,Late
LP0004984,L00265,C00741,2023-11-28,2023-12-04,2946.15,6,Late
LP0004985,L00265,C00741,2023-12-28,2023-12-31,3041.28,3,Paid
LP0004986,L00265,C00741,2024-01-28,2024-02-01,2984.96,4,Paid
LP0004987,L00265,C00741,2024-02-28,2024-02-29,3030.84,1,Paid
LP0004988,L00265,C00741,2024-03-28,2024-04-01,3060.27,4,Paid
LP0004989,L00265,C00741,2024-04-28,2024-05-01,2948.46,3,Paid
LP0004990,L00265,C00741,2024-05-28,2024-06-07,3018.65,10,Late
LP0004991,L00265,C00741,2024-06-28,2024-06-30,2962.93,2,Paid
LP0004992,L00265,C00741,2024-07-28,2024-07-29,2991.88,1,Paid
LP0004993,L00265,C00741,2024-08-28,2024-09-03,3002.62,6,Late
LP0004994,L00265,C00741,2024-09-28,2024-09-30,3028.64,2,Paid
LP0004995,L00265,C00741,2024-10-28,2024-10-30,2910.64,2,Paid
LP0004996,L00265,C00741,2024-11-28,2024-12-06,2928.67,8,Late
LP0004997,L00265,C00741,2024-12-28,2025-01-07,3011.13,10,Late
LP0004998,L00265,C00741,2025-01-28,2025-02-01,2966.05,4,Paid
LP0004999,L00265,C00741,2025-02-28,2025-03-08,3028.35,8,Late
LP0005000,L00265,C00741,2025-03-28,2025-03-30,3071.75,2,Paid
LP0005001,L00265,C00741,2025-04-28,2025-05-02,2967.05,4,Paid
LP0005002,L00265,C00741,2025-05-28,2025-05-29,3025.93,1,Paid
LP0005003,L00266,C00091,2024-02-28,2024-03-05,4408.19,6,Late
LP0005004,L00266,C00091,2024-03-28,2024-04-07,4515.42,10,Late
LP0005005,L00266,C00091,2024-04-28,2024-05-07,4432.13,9,Late
LP0005006,L00266,C00091,2024-05-28,2024-06-05,4513.25,8,Late
LP0005007,L00266,C00091,2024-06-28,2024-07-04,4453.13,6,Late
LP0005008,L00266,C00091,2024-07-28,2024-08-02,4505.24,5,Paid
LP0005009,L00266,C00091,2024-08-28,2024-09-06,4416.65,9,Late
LP0005010,L00266,C00091,2024-09-28,2024-09-29,4499.67,1,Paid
LP0005011,L00266,C00091,2024-10-28,2024-11-02,4322.84,5,Paid
LP0005012,L00266,C00091,2024-11-28,2024-12-04,4346.52,6,Late
LP0005013,L00266,C00091,2024-12-28,2024-12-31,4314.46,3,Paid
LP0005014,L00266,C00091,2025-01-28,2025-02-05,4511.8,8,Late
LP0005015,L00266,C00091,2025-02-28,2025-03-01,4464.49,1,Paid
LP0005016,L00266,C00091,2025-03-28,2025-05-06,2832.63,39,Partial
LP0005017,L00266,C00091,2025-04-28,,0,84,Missed
LP0005018,L00266,C00091,2025-05-28,,0,60,Missed
LP0005019,L00266,C00091,2025-06-28,2025-08-24,2238.03,57,Partial
LP0005020,L00266,C00091,2025-07-28,,0,40,Missed
LP0005021,L00266,C00091,2025-08-28,2025-09-12,2764.32,15,Partial
LP0005022,L00266,C00091,2025-09-28,2025-11-05,4201.18,38,Partial
LP0005023,L00266,C00091,2025-10-28,2025-12-11,2576.51,44,Partial
LP0005024,L00266,C00091,2025-11-28,2025-12-13,3499.81,15,Partial
LP0005025,L00266,C00091,2025-12-28,2026-02-09,3559.02,43,Partial
LP0005026,L00266,C00091,2026-01-28,2026-02-21,3129.75,24,Partial
LP0005027,L00267,C00022,2025-11-28,2025-11-28,10865.39,0,Paid
LP0005028,L00267,C00022,2025-12-28,2026-01-05,10969.28,8,Late
LP0005029,L00267,C00022,2026-01-28,2026-02-06,10814.19,9,Late
LP0005030,L00267,C00022,2026-02-28,2026-03-09,11184.66,9,Late
LP0005031,L00267,C00022,2026-03-28,2026-03-29,11111.26,1,Paid
LP0005032,L00267,C00022,2026-04-28,2026-05-05,11049.86,7,Late
LP0005033,L00267,C00022,2026-05-28,2026-06-07,10983.97,10,Late
LP0005034,L00267,C00022,2026-06-28,2026-07-06,10939.6,8,Late
LP0005035,L00267,C00022,2026-07-28,2026-08-01,11009.84,4,Paid
LP0005036,L00267,C00022,2026-08-28,2026-09-01,10694.49,4,Paid
LP0005037,L00268,C00184,2026-03-28,2026-03-29,59098.02,1,Paid
LP0005038,L00268,C00184,2026-04-28,2026-04-30,59206.02,2,Paid
LP0005039,L00268,C00184,2026-05-28,2026-06-02,57826.98,5,Paid
LP0005040,L00268,C00184,2026-06-28,2026-06-29,58553.76,1,Paid
LP0005041,L00268,C00184,2026-07-28,2026-08-02,58106.86,5,Paid
LP0005042,L00268,C00184,2026-08-28,2026-08-28,57875.36,0,Paid
LP0005043,L00269,C00873,2022-04-28,2022-04-29,37687.49,1,Paid
LP0005044,L00269,C00873,2022-05-28,2022-06-01,38303.95,4,Paid
LP0005045,L00269,C00873,2022-06-28,2022-07-06,38621.04,8,Late
LP0005046,L00269,C00873,2022-07-28,2022-08-01,36812.13,4,Paid
LP0005047,L00269,C00873,2022-08-28,2022-09-06,38683.17,9,Late
LP0005048,L00269,C00873,2022-09-28,2022-09-30,38620.4,2,Paid
LP0005049,L00269,C00873,2022-10-28,2022-11-04,37464.66,7,Late
LP0005050,L00269,C00873,2022-11-28,2022-12-03,37700.1,5,Paid
LP0005051,L00269,C00873,2022-12-28,2023-01-06,38136.53,9,Late
LP0005052,L00269,C00873,2023-01-28,2023-02-06,37369.25,9,Late
LP0005053,L00269,C00873,2023-02-28,2023-03-04,36995.25,4,Paid
LP0005054,L00269,C00873,2023-03-28,2023-04-07,38409.3,10,Late
LP0005055,L00269,C00873,2023-04-28,2023-05-07,37501.74,9,Late
LP0005056,L00269,C00873,2023-05-28,2023-05-31,37628.99,3,Paid
LP0005057,L00269,C00873,2023-06-28,2023-06-28,37196.25,0,Paid
LP0005058,L00269,C00873,2023-07-28,2023-08-02,38168.48,5,Paid
LP0005059,L00269,C00873,2023-08-28,2023-08-30,37852.39,2,Paid
LP0005060,L00269,C00873,2023-09-28,2023-10-06,37123.55,8,Late
LP0005061,L00269,C00873,2023-10-28,2023-10-29,38836.42,1,Paid
LP0005062,L00269,C00873,2023-11-28,2023-11-30,38103.59,2,Paid
LP0005063,L00269,C00873,2023-12-28,2024-01-03,37804.94,6,Late
LP0005064,L00269,C00873,2024-01-28,2024-01-31,38730.83,3,Paid
LP0005065,L00269,C00873,2024-02-28,2024-03-03,37161.3,4,Paid
LP0005066,L00269,C00873,2024-03-28,2024-04-02,37917.52,5,Paid
LP0005067,L00270,C00983,2023-01-28,2023-02-07,8319.33,10,Late
LP0005068,L00270,C00983,2023-02-28,2023-03-09,8273.78,9,Late
LP0005069,L00270,C00983,2023-03-28,2023-04-06,8216.61,9,Late
LP0005070,L00270,C00983,2023-04-28,2023-05-05,8189.95,7,Late
LP0005071,L00270,C00983,2023-05-28,2023-06-05,8166.57,8,Late
LP0005072,L00270,C00983,2023-06-28,2023-07-04,8335.37,6,Late
LP0005073,L00270,C00983,2023-07-28,2023-08-07,8272.11,10,Late
LP0005074,L00270,C00983,2023-08-28,2023-08-30,8152.8,2,Paid
LP0005075,L00270,C00983,2023-09-28,2023-10-08,8332.42,10,Late
LP0005076,L00270,C00983,2023-10-28,2023-11-01,8099.68,4,Paid
LP0005077,L00270,C00983,2023-11-28,2023-12-04,8084.64,6,Late
LP0005078,L00270,C00983,2023-12-28,2024-01-03,8075.0,6,Late
LP0005079,L00270,C00983,2024-01-28,2024-02-04,8035.63,7,Late
LP0005080,L00270,C00983,2024-02-28,2024-03-06,8389.12,7,Late
LP0005081,L00270,C00983,2024-03-28,2024-04-03,8170.99,6,Late
LP0005082,L00270,C00983,2024-04-28,2024-05-01,8464.62,3,Paid
LP0005083,L00270,C00983,2024-05-28,2024-06-02,8282.68,5,Paid
LP0005084,L00270,C00983,2024-06-28,2024-07-03,8159.22,5,Paid
LP0005085,L00270,C00983,2024-07-28,2024-07-31,8286.89,3,Paid
LP0005086,L00270,C00983,2024-08-28,2024-09-02,8386.35,5,Paid
LP0005087,L00270,C00983,2024-09-28,2024-10-04,8316.53,6,Late
LP0005088,L00270,C00983,2024-10-28,2024-11-05,8291.76,8,Late
LP0005089,L00270,C00983,2024-11-28,2024-12-06,8372.34,8,Late
LP0005090,L00270,C00983,2024-12-28,2024-12-30,8287.6,2,Paid
LP0005091,L00271,C00447,2025-02-28,2025-03-08,56073.32,8,Late
LP0005092,L00271,C00447,2025-03-28,2025-03-28,56728.54,0,Paid
LP0005093,L00271,C00447,2025-04-28,2025-05-05,57057.07,7,Late
LP0005094,L00271,C00447,2025-05-28,2025-06-05,55804.51,8,Late
LP0005095,L00271,C00447,2025-06-28,2025-07-08,55612.38,10,Late
LP0005096,L00271,C00447,2025-07-28,2025-08-04,56639.41,7,Late
LP0005097,L00271,C00447,2025-08-28,2025-09-06,55688.43,9,Late
LP0005098,L00271,C00447,2025-09-28,2025-10-01,54964.5,3,Paid
LP0005099,L00271,C00447,2025-10-28,2025-11-06,57060.23,9,Late
LP0005100,L00271,C00447,2025-11-28,2025-12-02,55213.88,4,Paid
LP0005101,L00271,C00447,2025-12-28,2025-12-29,55881.28,1,Paid
LP0005102,L00271,C00447,2026-01-28,2026-02-01,57119.07,4,Paid
LP0005103,L00271,C00447,2026-02-28,2026-02-28,56637.41,0,Paid
LP0005104,L00271,C00447,2026-03-28,2026-04-04,57526.35,7,Late
LP0005105,L00271,C00447,2026-04-28,2026-04-30,55729.29,2,Paid
LP0005106,L00271,C00447,2026-05-28,2026-05-30,56537.47,2,Paid
LP0005107,L00271,C00447,2026-06-28,2026-07-03,56349.36,5,Paid
LP0005108,L00271,C00447,2026-07-28,2026-07-28,55722.37,0,Paid
LP0005109,L00271,C00447,2026-08-28,2026-09-02,55213.87,5,Paid
LP0005110,L00272,C00046,2025-11-28,2025-12-08,41248.01,10,Late
LP0005111,L00272,C00046,2025-12-28,2026-01-07,41245.45,10,Late
LP0005112,L00272,C00046,2026-01-28,2026-01-28,40047.37,0,Paid
LP0005113,L00272,C00046,2026-02-28,2026-03-04,41808.63,4,Paid
LP0005114,L00272,C00046,2026-03-28,2026-04-03,40486.06,6,Late
LP0005115,L00272,C00046,2026-04-28,2026-05-01,39677.74,3,Paid
LP0005116,L00272,C00046,2026-05-28,2026-06-04,41486.76,7,Late
LP0005117,L00272,C00046,2026-06-28,2026-07-08,41712.28,10,Late
LP0005118,L00272,C00046,2026-07-28,2026-08-06,41542.0,9,Late
LP0005119,L00272,C00046,2026-08-28,2026-09-04,40339.53,7,Late
LP0005120,L00273,C00495,2023-04-28,2023-05-08,5269.05,10,Late
LP0005121,L00273,C00495,2023-05-28,2023-06-06,5075.8,9,Late
LP0005122,L00273,C00495,2023-06-28,2023-07-08,5177.81,10,Late
LP0005123,L00273,C00495,2023-07-28,2023-07-29,5261.75,1,Paid
LP0005124,L00273,C00495,2023-08-28,2023-09-01,5074.21,4,Paid
LP0005125,L00273,C00495,2023-09-28,2023-09-30,5326.03,2,Paid
LP0005126,L00273,C00495,2023-10-28,2023-10-31,5154.88,3,Paid
LP0005127,L00273,C00495,2023-11-28,2023-12-04,5099.11,6,Late
LP0005128,L00273,C00495,2023-12-28,2023-12-28,5152.2,0,Paid
LP0005129,L00273,C00495,2024-01-28,2024-01-29,5223.37,1,Paid
LP0005130,L00273,C00495,2024-02-28,2024-03-07,5114.9,8,Late
LP0005131,L00273,C00495,2024-03-28,2024-03-30,5110.58,2,Paid
LP0005132,L00273,C00495,2024-04-28,2024-05-07,5111.96,9,Late
LP0005133,L00273,C00495,2024-05-28,2024-06-02,5094.56,5,Paid
LP0005134,L00273,C00495,2024-06-28,2024-07-01,5260.72,3,Paid
LP0005135,L00273,C00495,2024-07-28,2024-07-28,5123.18,0,Paid
LP0005136,L00273,C00495,2024-08-28,2024-09-02,5081.0,5,Paid
LP0005137,L00273,C00495,2024-09-28,2024-09-29,5162.2,1,Paid
LP0005138,L00273,C00495,2024-10-28,2024-11-01,5349.95,4,Paid
LP0005139,L00273,C00495,2024-11-28,2024-12-05,5122.28,7,Late
LP0005140,L00273,C00495,2024-12-28,2025-01-06,5084.15,9,Late
LP0005141,L00273,C00495,2025-01-28,2025-02-02,5380.15,5,Paid
LP0005142,L00273,C00495,2025-02-28,2025-03-05,5106.63,5,Paid
LP0005143,L00273,C00495,2025-03-28,2025-04-04,5224.94,7,Late
LP0005144,L00274,C00817,2023-09-28,2023-10-07,4594.24,9,Late
LP0005145,L00274,C00817,2023-10-28,2023-11-06,4858.72,9,Late
LP0005146,L00274,C00817,2023-11-28,2023-12-05,4684.18,7,Late
LP0005147,L00274,C00817,2023-12-28,2024-01-01,4675.21,4,Paid
LP0005148,L00274,C00817,2024-01-28,2024-02-05,4666.67,8,Late
LP0005149,L00274,C00817,2024-02-28,2024-03-01,4820.28,2,Paid
LP0005150,L00274,C00817,2024-03-28,2024-03-31,4641.81,3,Paid
LP0005151,L00274,C00817,2024-04-28,2024-05-01,4806.71,3,Paid
LP0005152,L00274,C00817,2024-05-28,2024-06-07,4744.65,10,Late
LP0005153,L00274,C00817,2024-06-28,2024-07-02,4837.2,4,Paid
LP0005154,L00274,C00817,2024-07-28,2024-08-03,4683.53,6,Late
LP0005155,L00274,C00817,2024-08-28,2024-09-06,4847.01,9,Late
LP0005156,L00274,C00817,2024-09-28,2024-10-01,4788.58,3,Paid
LP0005157,L00274,C00817,2024-10-28,2024-11-05,4643.01,8,Late
LP0005158,L00274,C00817,2024-11-28,2024-11-28,4744.95,0,Paid
LP0005159,L00274,C00817,2024-12-28,2025-01-01,4611.63,4,Paid
LP0005160,L00274,C00817,2025-01-28,2025-01-28,4619.66,0,Paid
LP0005161,L00274,C00817,2025-02-28,2025-02-28,4701.39,0,Paid
LP0005162,L00274,C00817,2025-03-28,2025-04-01,4773.98,4,Paid
LP0005163,L00274,C00817,2025-04-28,2025-05-02,4814.57,4,Paid
LP0005164,L00274,C00817,2025-05-28,2025-05-28,4643.44,0,Paid
LP0005165,L00274,C00817,2025-06-28,2025-07-08,4797.47,10,Late
LP0005166,L00274,C00817,2025-07-28,2025-07-31,4834.39,3,Paid
LP0005167,L00274,C00817,2025-08-28,2025-09-01,4849.38,4,Paid
LP0005168,L00275,C00113,2023-05-28,2023-05-29,10893.6,1,Paid
LP0005169,L00275,C00113,2023-06-28,2023-07-08,10587.65,10,Late
LP0005170,L00275,C00113,2023-07-28,2023-08-07,10903.52,10,Late
LP0005171,L00275,C00113,2023-08-28,2023-08-31,10460.9,3,Paid
LP0005172,L00275,C00113,2023-09-28,2023-10-08,10694.08,10,Late
LP0005173,L00275,C00113,2023-10-28,2023-11-07,10306.87,10,Late
LP0005174,L00275,C00113,2023-11-28,2023-12-05,10350.47,7,Late
LP0005175,L00275,C00113,2023-12-28,2023-12-30,10808.89,2,Paid
LP0005176,L00275,C00113,2024-01-28,2024-01-29,10677.64,1,Paid
LP0005177,L00275,C00113,2024-02-28,2024-03-07,10381.35,8,Late
LP0005178,L00275,C00113,2024-03-28,2024-04-03,10706.24,6,Late
LP0005179,L00275,C00113,2024-04-28,2024-05-04,10702.81,6,Late
LP0005180,L00275,C00113,2024-05-28,2024-06-06,10384.76,9,Late
LP0005181,L00275,C00113,2024-06-28,2024-07-01,10322.49,3,Paid
LP0005182,L00275,C00113,2024-07-28,2024-08-03,10573.2,6,Late
LP0005183,L00275,C00113,2024-08-28,2024-09-07,10703.23,10,Late
LP0005184,L00275,C00113,2024-09-28,2024-09-29,10709.18,1,Paid
LP0005185,L00275,C00113,2024-10-28,2024-11-07,10792.11,10,Late
LP0005186,L00275,C00113,2024-11-28,2024-11-28,10625.8,0,Paid
LP0005187,L00275,C00113,2024-12-28,2024-12-28,10377.95,0,Paid
LP0005188,L00275,C00113,2025-01-28,2025-01-31,10863.85,3,Paid
LP0005189,L00275,C00113,2025-02-28,2025-03-08,10433.11,8,Late
LP0005190,L00275,C00113,2025-03-28,2025-04-03,10913.97,6,Late
LP0005191,L00275,C00113,2025-04-28,2025-05-08,10584.87,10,Late
LP0005192,L00276,C00990,2022-08-28,2022-08-28,26148.95,0,Paid
LP0005193,L00276,C00990,2022-09-28,2022-09-30,26191.24,2,Paid
LP0005194,L00276,C00990,2022-10-28,2022-11-07,26184.03,10,Late
LP0005195,L00276,C00990,2022-11-28,2022-12-05,25898.52,7,Late
LP0005196,L00276,C00990,2022-12-28,2023-01-02,25329.78,5,Paid
LP0005197,L00276,C00990,2023-01-28,2023-02-02,25612.8,5,Paid
LP0005198,L00276,C00990,2023-02-28,2023-03-04,25977.58,4,Paid
LP0005199,L00276,C00990,2023-03-28,2023-03-29,25894.78,1,Paid
LP0005200,L00276,C00990,2023-04-28,2023-05-08,25251.79,10,Late
LP0005201,L00276,C00990,2023-05-28,2023-06-01,26364.4,4,Paid
LP0005202,L00276,C00990,2023-06-28,2023-07-05,26031.01,7,Late
LP0005203,L00276,C00990,2023-07-28,2023-08-05,25562.79,8,Late
LP0005204,L00277,C00611,2023-10-28,2023-11-06,2728.88,9,Late
LP0005205,L00277,C00611,2023-11-28,2023-12-04,2598.82,6,Late
LP0005206,L00277,C00611,2023-12-28,2023-12-28,2678.56,0,Paid
LP0005207,L00277,C00611,2024-01-28,2024-01-31,2652.88,3,Paid
LP0005208,L00277,C00611,2024-02-28,2024-03-03,2726.99,4,Paid
LP0005209,L00277,C00611,2024-03-28,2024-03-30,2582.12,2,Paid
LP0005210,L00277,C00611,2024-04-28,2024-04-29,2648.53,1,Paid
LP0005211,L00277,C00611,2024-05-28,2024-06-02,2672.11,5,Paid
LP0005212,L00277,C00611,2024-06-28,2024-07-02,2624.01,4,Paid
LP0005213,L00277,C00611,2024-07-28,2024-08-06,2580.02,9,Late
LP0005214,L00277,C00611,2024-08-28,2024-09-07,2576.71,10,Late
LP0005215,L00277,C00611,2024-09-28,2024-10-01,2671.96,3,Paid
LP0005216,L00277,C00611,2024-10-28,2024-11-02,2695.04,5,Paid
LP0005217,L00277,C00611,2024-11-28,2024-11-30,2655.9,2,Paid
LP0005218,L00277,C00611,2024-12-28,2025-01-03,2670.95,6,Late
LP0005219,L00277,C00611,2025-01-28,2025-02-06,2627.06,9,Late
LP0005220,L00277,C00611,2025-02-28,2025-03-09,2724.27,9,Late
LP0005221,L00277,C00611,2025-03-28,2025-03-29,2576.86,1,Paid
LP0005222,L00277,C00611,2025-04-28,2025-05-05,2609.0,7,Late
LP0005223,L00277,C00611,2025-05-28,2025-05-31,2719.32,3,Paid
LP0005224,L00277,C00611,2025-06-28,2025-06-30,2643.72,2,Paid
LP0005225,L00277,C00611,2025-07-28,2025-08-02,2703.46,5,Paid
LP0005226,L00277,C00611,2025-08-28,2025-09-01,2658.93,4,Paid
LP0005227,L00277,C00611,2025-09-28,2025-09-28,2709.68,0,Paid
LP0005228,L00278,C00336,2022-06-28,2022-07-02,26167.66,4,Paid
LP0005229,L00278,C00336,2022-07-28,2022-08-03,26081.16,6,Late
LP0005230,L00278,C00336,2022-08-28,2022-09-06,26367.46,9,Late
LP0005231,L00278,C00336,2022-09-28,2022-10-01,26771.51,3,Paid
LP0005232,L00278,C00336,2022-10-28,2022-11-02,26122.9,5,Paid
LP0005233,L00278,C00336,2022-11-28,2022-12-03,26421.78,5,Paid
LP0005234,L00278,C00336,2022-12-28,2022-12-28,25381.44,0,Paid
LP0005235,L00278,C00336,2023-01-28,2023-02-07,26708.97,10,Late
LP0005236,L00278,C00336,2023-02-28,2023-03-10,26359.72,10,Late
LP0005237,L00278,C00336,2023-03-28,2023-04-07,25835.8,10,Late
LP0005238,L00278,C00336,2023-04-28,2023-05-02,25739.83,4,Paid
LP0005239,L00278,C00336,2023-05-28,2023-06-01,26127.16,4,Paid
LP0005240,L00278,C00336,2023-06-28,2023-07-02,26034.51,4,Paid
LP0005241,L00278,C00336,2023-07-28,,0,64,Missed
LP0005242,L00278,C00336,2023-08-28,,0,118,Missed
LP0005243,L00278,C00336,2023-09-28,2023-10-25,19096.37,27,Partial
LP0005244,L00278,C00336,2023-10-28,,0,43,Missed
LP0005245,L00278,C00336,2023-11-28,2024-01-21,17298.63,54,Partial
LP0005246,L00278,C00336,2023-12-28,,0,62,Missed
LP0005247,L00278,C00336,2024-01-28,2024-02-27,25999.25,30,Partial
LP0005248,L00278,C00336,2024-02-28,,0,56,Missed
LP0005249,L00278,C00336,2024-03-28,,0,65,Missed
LP0005250,L00278,C00336,2024-04-28,2024-06-13,16013.77,46,Partial
LP0005251,L00278,C00336,2024-05-28,2024-06-21,13904.09,24,Partial
LP0005252,L00279,C00118,2023-10-28,2023-11-06,41836.83,9,Late
LP0005253,L00279,C00118,2023-11-28,2023-12-07,41554.12,9,Late
LP0005254,L00279,C00118,2023-12-28,2024-01-04,41516.77,7,Late
LP0005255,L00279,C00118,2024-01-28,2024-02-02,42921.08,5,Paid
LP0005256,L00279,C00118,2024-02-28,2024-02-29,41086.41,1,Paid
LP0005257,L00279,C00118,2024-03-28,2024-03-31,41860.56,3,Paid
LP0005258,L00279,C00118,2024-04-28,2024-05-08,40834.74,10,Late
LP0005259,L00279,C00118,2024-05-28,2024-06-06,41767.53,9,Late
LP0005260,L00279,C00118,2024-06-28,2024-07-08,42568.8,10,Late
LP0005261,L00279,C00118,2024-07-28,2024-07-31,42461.26,3,Paid
LP0005262,L00279,C00118,2024-08-28,2024-08-30,41092.95,2,Paid
LP0005263,L00279,C00118,2024-09-28,2024-09-29,41869.75,1,Paid
LP0005264,L00279,C00118,2024-10-28,2024-11-03,41794.1,6,Late
LP0005265,L00279,C00118,2024-11-28,2024-12-06,42262.51,8,Late
LP0005266,L00279,C00118,2024-12-28,2024-12-30,40991.56,2,Paid
LP0005267,L00279,C00118,2025-01-28,2025-01-30,41925.49,2,Paid
LP0005268,L00279,C00118,2025-02-28,2025-03-06,41098.03,6,Late
LP0005269,L00279,C00118,2025-03-28,2025-03-31,41233.22,3,Paid
LP0005270,L00279,C00118,2025-04-28,2025-05-03,42147.0,5,Paid
LP0005271,L00279,C00118,2025-05-28,2025-06-02,42108.27,5,Paid
LP0005272,L00279,C00118,2025-06-28,2025-07-08,42261.43,10,Late
LP0005273,L00279,C00118,2025-07-28,2025-08-02,43115.74,5,Paid
LP0005274,L00279,C00118,2025-08-28,2025-09-02,41695.57,5,Paid
LP0005275,L00279,C00118,2025-09-28,2025-09-29,42154.43,1,Paid
LP0005276,L00280,C00402,2025-09-28,2025-09-30,31239.79,2,Paid
LP0005277,L00280,C00402,2025-10-28,2025-11-02,31700.16,5,Paid
LP0005278,L00280,C00402,2025-11-28,2025-11-28,31212.84,0,Paid
LP0005279,L00280,C00402,2025-12-28,2026-01-06,30691.97,9,Late
LP0005280,L00280,C00402,2026-01-28,2026-02-01,30265.51,4,Paid
LP0005281,L00280,C00402,2026-02-28,2026-03-04,31054.44,4,Paid
LP0005282,L00280,C00402,2026-03-28,2026-03-31,31543.67,3,Paid
LP0005283,L00280,C00402,2026-04-28,2026-05-04,31702.01,6,Late
LP0005284,L00280,C00402,2026-05-28,2026-06-04,31543.38,7,Late
LP0005285,L00280,C00402,2026-06-28,2026-06-30,30775.65,2,Paid
LP0005286,L00280,C00402,2026-07-28,2026-08-03,31868.26,6,Late
LP0005287,L00280,C00402,2026-08-28,2026-09-05,30785.05,8,Late
LP0005288,L00281,C00307,2025-01-28,2025-02-03,67621.62,6,Late
LP0005289,L00281,C00307,2025-02-28,2025-03-07,65749.45,7,Late
LP0005290,L00281,C00307,2025-03-28,2025-04-06,65437.14,9,Late
LP0005291,L00281,C00307,2025-04-28,2025-05-08,65299.16,10,Late
LP0005292,L00281,C00307,2025-05-28,2025-06-04,65944.01,7,Late
LP0005293,L00281,C00307,2025-06-28,2025-06-28,65292.43,0,Paid
LP0005294,L00281,C00307,2025-07-28,2025-08-05,65630.12,8,Late
LP0005295,L00281,C00307,2025-08-28,2025-09-02,67745.63,5,Paid
LP0005296,L00281,C00307,2025-09-28,2025-09-28,65588.45,0,Paid
LP0005297,L00281,C00307,2025-10-28,2025-11-06,66908.63,9,Late
LP0005298,L00281,C00307,2025-11-28,2025-12-07,65656.75,9,Late
LP0005299,L00281,C00307,2025-12-28,2026-01-01,67441.68,4,Paid
LP0005300,L00281,C00307,2026-01-28,2026-01-29,64412.84,1,Paid
LP0005301,L00281,C00307,2026-02-28,2026-03-09,66558.05,9,Late
LP0005302,L00281,C00307,2026-03-28,2026-04-02,66459.37,5,Paid
LP0005303,L00281,C00307,2026-04-28,2026-05-03,65653.86,5,Paid
LP0005304,L00281,C00307,2026-05-28,2026-06-04,64030.08,7,Late
LP0005305,L00281,C00307,2026-06-28,2026-06-30,65701.07,2,Paid
LP0005306,L00281,C00307,2026-07-28,2026-08-03,67810.44,6,Late
LP0005307,L00281,C00307,2026-08-28,2026-09-04,66463.67,7,Late
LP0005308,L00282,C00891,2024-12-28,2024-12-28,26533.64,0,Paid
LP0005309,L00282,C00891,2025-01-28,2025-02-05,25284.57,8,Late
LP0005310,L00282,C00891,2025-02-28,2025-03-04,26285.01,4,Paid
LP0005311,L00282,C00891,2025-03-28,2025-04-03,26519.89,6,Late
LP0005312,L00282,C00891,2025-04-28,2025-05-08,25818.89,10,Late
LP0005313,L00282,C00891,2025-05-28,2025-06-05,26309.15,8,Late
LP0005314,L00282,C00891,2025-06-28,2025-06-30,25997.9,2,Paid
LP0005315,L00282,C00891,2025-07-28,2025-07-28,26327.71,0,Paid
LP0005316,L00282,C00891,2025-08-28,2025-08-29,25862.22,1,Paid
LP0005317,L00282,C00891,2025-09-28,2025-10-05,25726.1,7,Late
LP0005318,L00282,C00891,2025-10-28,2025-11-07,26207.93,10,Late
LP0005319,L00282,C00891,2025-11-28,2025-11-28,26208.21,0,Paid
LP0005320,L00282,C00891,2025-12-28,2025-12-30,25492.61,2,Paid
LP0005321,L00282,C00891,2026-01-28,2026-01-30,25382.49,2,Paid
LP0005322,L00282,C00891,2026-02-28,2026-03-03,26086.08,3,Paid
LP0005323,L00282,C00891,2026-03-28,2026-03-30,26116.91,2,Paid
LP0005324,L00282,C00891,2026-04-28,2026-05-08,26336.07,10,Late
LP0005325,L00282,C00891,2026-05-28,2026-06-01,26302.63,4,Paid
LP0005326,L00282,C00891,2026-06-28,2026-07-04,26737.91,6,Late
LP0005327,L00282,C00891,2026-07-28,2026-07-30,26611.54,2,Paid
LP0005328,L00282,C00891,2026-08-28,2026-09-03,25590.8,6,Late
LP0005329,L00283,C00269,2025-04-28,2025-04-29,3052.15,1,Paid
LP0005330,L00283,C00269,2025-05-28,2025-06-01,2984.97,4,Paid
LP0005331,L00283,C00269,2025-06-28,2025-07-02,2999.04,4,Paid
LP0005332,L00283,C00269,2025-07-28,2025-08-04,3006.18,7,Late
LP0005333,L00283,C00269,2025-08-28,2025-09-02,3013.4,5,Paid
LP0005334,L00283,C00269,2025-09-28,2025-09-30,3013.86,2,Paid
LP0005335,L00283,C00269,2025-10-28,2025-11-02,2942.78,5,Paid
LP0005336,L00283,C00269,2025-11-28,2025-12-06,3000.5,8,Late
LP0005337,L00283,C00269,2025-12-28,2026-01-05,2949.47,8,Late
LP0005338,L00283,C00269,2026-01-28,2026-02-07,3070.59,10,Late
LP0005339,L00283,C00269,2026-02-28,2026-03-03,2952.75,3,Paid
LP0005340,L00283,C00269,2026-03-28,2026-04-07,2945.91,10,Late
LP0005341,L00283,C00269,2026-04-28,2026-05-07,3005.7,9,Late
LP0005342,L00283,C00269,2026-05-28,2026-06-06,3015.57,9,Late
LP0005343,L00283,C00269,2026-06-28,2026-06-29,2970.96,1,Paid
LP0005344,L00283,C00269,2026-07-28,2026-08-02,2933.31,5,Paid
LP0005345,L00283,C00269,2026-08-28,2026-09-02,3058.48,5,Paid
LP0005346,L00284,C00607,2023-09-28,2023-10-08,5161.4,10,Late
LP0005347,L00284,C00607,2023-10-28,2023-11-02,5006.51,5,Paid
LP0005348,L00284,C00607,2023-11-28,2023-12-06,5182.2,8,Late
LP0005349,L00284,C00607,2023-12-28,2024-01-07,5171.17,10,Late
LP0005350,L00284,C00607,2024-01-28,2024-01-29,5002.4,1,Paid
LP0005351,L00284,C00607,2024-02-28,2024-02-28,5137.95,0,Paid
LP0005352,L00284,C00607,2024-03-28,2024-03-28,4982.75,0,Paid
LP0005353,L00284,C00607,2024-04-28,2024-04-29,5114.99,1,Paid
LP0005354,L00284,C00607,2024-05-28,2024-06-01,5194.04,4,Paid
LP0005355,L00284,C00607,2024-06-28,2024-07-05,5039.13,7,Late
LP0005356,L00284,C00607,2024-07-28,2024-07-29,5000.17,1,Paid
LP0005357,L00284,C00607,2024-08-28,2024-09-01,5236.9,4,Paid
LP0005358,L00284,C00607,2024-09-28,2024-10-04,5035.88,6,Late
LP0005359,L00284,C00607,2024-10-28,2024-11-03,5223.67,6,Late
LP0005360,L00284,C00607,2024-11-28,2024-12-07,5129.18,9,Late
LP0005361,L00284,C00607,2024-12-28,2024-12-29,5247.84,1,Paid
LP0005362,L00284,C00607,2025-01-28,2025-01-28,5059.11,0,Paid
LP0005363,L00284,C00607,2025-02-28,2025-02-28,5049.08,0,Paid
LP0005364,L00284,C00607,2025-03-28,2025-04-02,5148.33,5,Paid
LP0005365,L00284,C00607,2025-04-28,2025-05-04,5157.52,6,Late
LP0005366,L00284,C00607,2025-05-28,2025-05-29,5152.41,1,Paid
LP0005367,L00284,C00607,2025-06-28,2025-07-05,5238.8,7,Late
LP0005368,L00284,C00607,2025-07-28,2025-08-01,4981.48,4,Paid
LP0005369,L00284,C00607,2025-08-28,2025-09-02,5151.97,5,Paid
LP0005370,L00285,C00473,2022-08-28,2022-09-02,74304.49,5,Paid
LP0005371,L00285,C00473,2022-09-28,2022-10-01,72046.75,3,Paid
LP0005372,L00285,C00473,2022-10-28,2022-11-07,75249.69,10,Late
LP0005373,L00285,C00473,2022-11-28,2022-12-03,73532.15,5,Paid
LP0005374,L00285,C00473,2022-12-28,2023-01-01,71635.85,4,Paid
LP0005375,L00285,C00473,2023-01-28,2023-01-28,74039.35,0,Paid
LP0005376,L00285,C00473,2023-02-28,2023-03-02,70972.18,2,Paid
LP0005377,L00285,C00473,2023-03-28,2023-04-05,74867.14,8,Late
LP0005378,L00285,C00473,2023-04-28,2023-04-29,74742.48,1,Paid
LP0005379,L00285,C00473,2023-05-28,2023-05-30,73290.56,2,Paid
LP0005380,L00285,C00473,2023-06-28,2023-07-04,72304.68,6,Late
LP0005381,L00285,C00473,2023-07-28,2023-08-06,71057.01,9,Late
LP0005382,L00285,C00473,2023-08-28,2023-09-04,73298.66,7,Late
LP0005383,L00285,C00473,2023-09-28,2023-09-30,72321.75,2,Paid
LP0005384,L00285,C00473,2023-10-28,2023-10-28,73995.53,0,Paid
LP0005385,L00285,C00473,2023-11-28,2023-12-02,71422.72,4,Paid
LP0005386,L00285,C00473,2023-12-28,2023-12-29,73557.52,1,Paid
LP0005387,L00285,C00473,2024-01-28,2024-02-06,71798.26,9,Late
LP0005388,L00285,C00473,2024-02-28,2024-03-04,74560.48,5,Paid
LP0005389,L00285,C00473,2024-03-28,2024-04-04,75202.82,7,Late
LP0005390,L00285,C00473,2024-04-28,2024-05-05,74531.9,7,Late
LP0005391,L00285,C00473,2024-05-28,2024-06-06,75263.88,9,Late
LP0005392,L00285,C00473,2024-06-28,2024-07-08,74857.73,10,Late
LP0005393,L00285,C00473,2024-07-28,2024-08-07,72661.59,10,Late
LP0005394,L00286,C00488,2025-09-28,2025-10-08,4696.58,10,Late
LP0005395,L00286,C00488,2025-10-28,2025-11-01,4608.53,4,Paid
LP0005396,L00286,C00488,2025-11-28,2025-12-03,4807.69,5,Paid
LP0005397,L00286,C00488,2025-12-28,2025-12-30,4807.94,2,Paid
LP0005398,L00286,C00488,2026-01-28,2026-02-01,4799.74,4,Paid
LP0005399,L00286,C00488,2026-02-28,2026-03-08,4634.64,8,Late
LP0005400,L00286,C00488,2026-03-28,2026-04-06,4665.27,9,Late
LP0005401,L00286,C00488,2026-04-28,2026-05-03,4743.06,5,Paid
LP0005402,L00286,C00488,2026-05-28,2026-06-02,4728.94,5,Paid
LP0005403,L00286,C00488,2026-06-28,2026-06-30,4713.74,2,Paid
LP0005404,L00286,C00488,2026-07-28,2026-07-28,4772.85,0,Paid
LP0005405,L00286,C00488,2026-08-28,2026-09-06,4751.96,9,Late
LP0005406,L00287,C00580,2022-01-28,2022-01-30,48012.43,2,Paid
LP0005407,L00287,C00580,2022-02-28,2022-03-06,47203.97,6,Late
LP0005408,L00287,C00580,2022-03-28,2022-04-07,45828.22,10,Late
LP0005409,L00287,C00580,2022-04-28,2022-05-03,46611.62,5,Paid
LP0005410,L00287,C00580,2022-05-28,2022-06-07,47407.64,10,Late
LP0005411,L00287,C00580,2022-06-28,2022-07-02,47201.1,4,Paid
LP0005412,L00287,C00580,2022-07-28,2022-08-03,48013.05,6,Late
LP0005413,L00287,C00580,2022-08-28,2022-09-05,47333.35,8,Late
LP0005414,L00287,C00580,2022-09-28,2022-10-05,46713.13,7,Late
LP0005415,L00287,C00580,2022-10-28,2022-10-28,45547.66,0,Paid
LP0005416,L00287,C00580,2022-11-28,2022-12-01,46514.36,3,Paid
LP0005417,L00287,C00580,2022-12-28,2022-12-29,47370.0,1,Paid
LP0005418,L00287,C00580,2023-01-28,2023-01-28,48115.75,0,Paid
LP0005419,L00287,C00580,2023-02-28,2023-03-04,46546.23,4,Paid
LP0005420,L00287,C00580,2023-03-28,2023-04-06,47512.04,9,Late
LP0005421,L00287,C00580,2023-04-28,2023-05-04,47160.29,6,Late
LP0005422,L00287,C00580,2023-05-28,2023-06-02,48196.24,5,Paid
LP0005423,L00287,C00580,2023-06-28,2023-07-05,46095.91,7,Late
LP0005424,L00287,C00580,2023-07-28,2023-08-01,47209.18,4,Paid
LP0005425,L00287,C00580,2023-08-28,2023-08-31,47100.97,3,Paid
LP0005426,L00287,C00580,2023-09-28,2023-10-08,47376.83,10,Late
LP0005427,L00287,C00580,2023-10-28,2023-10-31,46093.16,3,Paid
LP0005428,L00287,C00580,2023-11-28,2023-12-03,47113.98,5,Paid
LP0005429,L00287,C00580,2023-12-28,2024-01-05,47474.09,8,Late
LP0005430,L00288,C00650,2025-07-28,2025-08-01,6526.65,4,Paid
LP0005431,L00288,C00650,2025-08-28,2025-08-29,6390.53,1,Paid
LP0005432,L00288,C00650,2025-09-28,2025-10-06,6582.42,8,Late
LP0005433,L00288,C00650,2025-10-28,2025-11-05,6489.95,8,Late
LP0005434,L00288,C00650,2025-11-28,2025-11-28,6340.0,0,Paid
LP0005435,L00288,C00650,2025-12-28,2026-01-05,6330.49,8,Late
LP0005436,L00288,C00650,2026-01-28,2026-02-07,6564.14,10,Late
LP0005437,L00288,C00650,2026-02-28,2026-03-10,6330.04,10,Late
LP0005438,L00288,C00650,2026-03-28,2026-03-31,6386.99,3,Paid
LP0005439,L00288,C00650,2026-04-28,2026-05-05,6533.6,7,Late
LP0005440,L00288,C00650,2026-05-28,2026-06-07,6660.61,10,Late
LP0005441,L00288,C00650,2026-06-28,2026-07-01,6374.68,3,Paid
LP0005442,L00288,C00650,2026-07-28,2026-08-01,6387.57,4,Paid
LP0005443,L00288,C00650,2026-08-28,2026-09-01,6327.75,4,Paid
LP0005444,L00289,C00999,2026-01-28,2026-02-04,31471.0,7,Late
LP0005445,L00289,C00999,2026-02-28,2026-03-07,33155.2,7,Late
LP0005446,L00289,C00999,2026-03-28,2026-03-29,31727.96,1,Paid
LP0005447,L00289,C00999,2026-04-28,2026-05-06,32390.49,8,Late
LP0005448,L00289,C00999,2026-05-28,2026-06-06,32256.47,9,Late
LP0005449,L00289,C00999,2026-06-28,2026-07-01,32897.25,3,Paid
LP0005450,L00289,C00999,2026-07-28,2026-08-04,32924.06,7,Late
LP0005451,L00289,C00999,2026-08-28,2026-09-06,32703.12,9,Late
LP0005452,L00290,C00208,2023-04-28,2023-05-06,23669.49,8,Late
LP0005453,L00290,C00208,2023-05-28,2023-05-31,23600.01,3,Paid
LP0005454,L00290,C00208,2023-06-28,2023-06-30,22896.02,2,Paid
LP0005455,L00290,C00208,2023-07-28,2023-07-28,23817.87,0,Paid
LP0005456,L00290,C00208,2023-08-28,2023-08-30,22907.75,2,Paid
LP0005457,L00290,C00208,2023-09-28,2023-09-28,23081.77,0,Paid
LP0005458,L00290,C00208,2023-10-28,2023-11-05,23065.66,8,Late
LP0005459,L00290,C00208,2023-11-28,2023-12-01,23861.29,3,Paid
LP0005460,L00290,C00208,2023-12-28,2023-12-29,23500.04,1,Paid
LP0005461,L00290,C00208,2024-01-28,2024-02-05,23741.88,8,Late
LP0005462,L00290,C00208,2024-02-28,2024-03-07,22791.51,8,Late
LP0005463,L00290,C00208,2024-03-28,2024-04-01,23475.38,4,Paid
LP0005464,L00290,C00208,2024-04-28,2024-05-05,22810.17,7,Late
LP0005465,L00290,C00208,2024-05-28,2024-07-24,23032.27,57,Partial
LP0005466,L00290,C00208,2024-06-28,2024-07-13,18581.04,15,Partial
LP0005467,L00290,C00208,2024-07-28,,0,67,Missed
LP0005468,L00290,C00208,2024-08-28,,0,42,Missed
LP0005469,L00290,C00208,2024-09-28,,0,45,Missed
LP0005470,L00290,C00208,2024-10-28,2024-11-26,19308.24,29,Partial
LP0005471,L00290,C00208,2024-11-28,2025-01-13,14463.07,46,Partial
LP0005472,L00290,C00208,2024-12-28,,0,62,Missed
LP0005473,L00290,C00208,2025-01-28,,0,37,Missed
LP0005474,L00290,C00208,2025-02-28,2025-03-25,17200.65,25,Partial
LP0005475,L00290,C00208,2025-03-28,2025-05-13,19140.55,46,Partial
LP0005476,L00291,C00719,2024-02-28,2024-03-02,89484.98,3,Paid
LP0005477,L00291,C00719,2024-03-28,2024-04-02,91109.78,5,Paid
LP0005478,L00291,C00719,2024-04-28,2024-05-01,90498.01,3,Paid
LP0005479,L00291,C00719,2024-05-28,2024-05-30,92417.43,2,Paid
LP0005480,L00291,C00719,2024-06-28,2024-06-28,88713.68,0,Paid
LP0005481,L00291,C00719,2024-07-28,2024-08-02,92944.91,5,Paid
LP0005482,L00291,C00719,2024-08-28,2024-09-06,93487.13,9,Late
LP0005483,L00291,C00719,2024-09-28,2024-10-05,91632.36,7,Late
LP0005484,L00291,C00719,2024-10-28,2024-11-05,90276.94,8,Late
LP0005485,L00291,C00719,2024-11-28,2024-12-02,90473.65,4,Paid
LP0005486,L00291,C00719,2024-12-28,2024-12-29,88772.19,1,Paid
LP0005487,L00291,C00719,2025-01-28,2025-02-04,88315.08,7,Late
LP0005488,L00291,C00719,2025-02-28,2025-02-28,90544.72,0,Paid
LP0005489,L00291,C00719,2025-03-28,2025-03-28,91074.84,0,Paid
LP0005490,L00291,C00719,2025-04-28,2025-04-29,92763.52,1,Paid
LP0005491,L00291,C00719,2025-05-28,2025-06-01,88321.44,4,Paid
LP0005492,L00291,C00719,2025-06-28,2025-07-08,90328.67,10,Late
LP0005493,L00291,C00719,2025-07-28,2025-08-01,92193.45,4,Paid
LP0005494,L00291,C00719,2025-08-28,2025-09-07,90112.24,10,Late
LP0005495,L00291,C00719,2025-09-28,2025-10-01,90390.82,3,Paid
LP0005496,L00291,C00719,2025-10-28,2025-11-06,88965.77,9,Late
LP0005497,L00291,C00719,2025-11-28,2025-12-01,93119.44,3,Paid
LP0005498,L00291,C00719,2025-12-28,2026-01-02,88506.91,5,Paid
LP0005499,L00291,C00719,2026-01-28,2026-01-29,88840.21,1,Paid
LP0005500,L00292,C00750,2025-08-28,2025-09-01,16403.2,4,Paid
LP0005501,L00292,C00750,2025-09-28,2025-10-07,16523.74,9,Late
LP0005502,L00292,C00750,2025-10-28,2025-11-06,16473.05,9,Late
LP0005503,L00292,C00750,2025-11-28,2025-12-07,16279.65,9,Late
LP0005504,L00292,C00750,2025-12-28,2026-01-06,16229.74,9,Late
LP0005505,L00292,C00750,2026-01-28,2026-02-05,16432.18,8,Late
LP0005506,L00292,C00750,2026-02-28,2026-03-09,17076.5,9,Late
LP0005507,L00292,C00750,2026-03-28,2026-04-01,16502.76,4,Paid
LP0005508,L00292,C00750,2026-04-28,2026-05-08,17057.57,10,Late
LP0005509,L00292,C00750,2026-05-28,2026-06-06,16424.89,9,Late
LP0005510,L00292,C00750,2026-06-28,2026-07-07,16585.87,9,Late
LP0005511,L00292,C00750,2026-07-28,2026-08-02,16441.61,5,Paid
LP0005512,L00293,C00242,2022-05-28,2022-05-30,21988.6,2,Paid
LP0005513,L00293,C00242,2022-06-28,2022-06-28,21505.23,0,Paid
LP0005514,L00293,C00242,2022-07-28,2022-08-01,22156.1,4,Paid
LP0005515,L00293,C00242,2022-08-28,2022-09-01,22423.68,4,Paid
LP0005516,L00293,C00242,2022-09-28,2022-10-08,21268.57,10,Late
LP0005517,L00293,C00242,2022-10-28,2022-11-02,21666.08,5,Paid
LP0005518,L00293,C00242,2022-11-28,2022-12-07,21463.78,9,Late
LP0005519,L00293,C00242,2022-12-28,2022-12-28,22357.93,0,Paid
LP0005520,L00293,C00242,2023-01-28,2023-02-03,21553.21,6,Late
LP0005521,L00293,C00242,2023-02-28,2023-03-04,21521.19,4,Paid
LP0005522,L00293,C00242,2023-03-28,2023-04-01,21677.47,4,Paid
LP0005523,L00293,C00242,2023-04-28,2023-05-03,21761.56,5,Paid
LP0005524,L00293,C00242,2023-05-28,2023-06-05,21216.9,8,Late
LP0005525,L00293,C00242,2023-06-28,2023-07-02,22093.84,4,Paid
LP0005526,L00293,C00242,2023-07-28,2023-07-30,21542.12,2,Paid
LP0005527,L00293,C00242,2023-08-28,2023-09-05,22116.01,8,Late
LP0005528,L00293,C00242,2023-09-28,2023-10-06,21998.57,8,Late
LP0005529,L00293,C00242,2023-10-28,2023-11-03,21517.18,6,Late
LP0005530,L00293,C00242,2023-11-28,2023-12-03,22257.65,5,Paid
LP0005531,L00293,C00242,2023-12-28,2024-01-05,21925.43,8,Late
LP0005532,L00293,C00242,2024-01-28,2024-01-28,21454.47,0,Paid
LP0005533,L00293,C00242,2024-02-28,2024-02-29,21749.37,1,Paid
LP0005534,L00293,C00242,2024-03-28,2024-04-05,21511.63,8,Late
LP0005535,L00293,C00242,2024-04-28,2024-04-29,21438.25,1,Paid
LP0005536,L00294,C00023,2023-07-28,2023-08-06,11509.42,9,Late
LP0005537,L00294,C00023,2023-08-28,2023-09-03,11937.53,6,Late
LP0005538,L00294,C00023,2023-09-28,2023-10-07,12111.28,9,Late
LP0005539,L00294,C00023,2023-10-28,2023-11-02,11624.56,5,Paid
LP0005540,L00294,C00023,2023-11-28,2023-12-01,11875.5,3,Paid
LP0005541,L00294,C00023,2023-12-28,2024-01-04,11783.26,7,Late
LP0005542,L00294,C00023,2024-01-28,2024-01-30,11969.73,2,Paid
LP0005543,L00294,C00023,2024-02-28,2024-03-06,11962.23,7,Late
LP0005544,L00294,C00023,2024-03-28,2024-04-02,11618.0,5,Paid
LP0005545,L00294,C00023,2024-04-28,2024-04-30,11555.64,2,Paid
LP0005546,L00294,C00023,2024-05-28,2024-05-29,11556.3,1,Paid
LP0005547,L00294,C00023,2024-06-28,2024-07-03,12127.03,5,Paid
LP0005548,L00294,C00023,2024-07-28,2024-07-28,11947.21,0,Paid
LP0005549,L00294,C00023,2024-08-28,2024-09-18,7518.96,21,Partial
LP0005550,L00294,C00023,2024-09-28,,0,47,Missed
LP0005551,L00294,C00023,2024-10-28,,0,88,Missed
LP0005552,L00294,C00023,2024-11-28,,0,68,Missed
LP0005553,L00294,C00023,2024-12-28,2025-02-11,7934.6,45,Partial
LP0005554,L00294,C00023,2025-01-28,2025-03-11,6203.37,42,Partial
LP0005555,L00294,C00023,2025-02-28,,0,106,Missed
LP0005556,L00294,C00023,2025-03-28,2025-05-13,9594.46,46,Partial
LP0005557,L00294,C00023,2025-04-28,,0,77,Missed
LP0005558,L00294,C00023,2025-05-28,,0,30,Missed
LP0005559,L00294,C00023,2025-06-28,,0,97,Missed
LP0005560,L00295,C00888,2024-11-28,2024-12-01,18917.82,3,Paid
LP0005561,L00295,C00888,2024-12-28,2025-01-04,18253.21,7,Late
LP0005562,L00295,C00888,2025-01-28,2025-02-07,18874.97,10,Late
LP0005563,L00295,C00888,2025-02-28,2025-03-02,18919.68,2,Paid
LP0005564,L00295,C00888,2025-03-28,2025-03-31,18025.12,3,Paid
LP0005565,L00295,C00888,2025-04-28,2025-04-29,18431.78,1,Paid
LP0005566,L00295,C00888,2025-05-28,2025-06-01,18732.81,4,Paid
LP0005567,L00295,C00888,2025-06-28,2025-07-03,18819.95,5,Paid
LP0005568,L00295,C00888,2025-07-28,2025-07-28,18464.16,0,Paid
LP0005569,L00295,C00888,2025-08-28,2025-09-02,18694.31,5,Paid
LP0005570,L00295,C00888,2025-09-28,2025-10-07,18628.74,9,Late
LP0005571,L00295,C00888,2025-10-28,2025-11-06,18419.03,9,Late
LP0005572,L00295,C00888,2025-11-28,2025-12-08,17952.48,10,Late
LP0005573,L00295,C00888,2025-12-28,2025-12-29,18856.28,1,Paid
LP0005574,L00295,C00888,2026-01-28,2026-02-06,18534.36,9,Late
LP0005575,L00295,C00888,2026-02-28,2026-03-02,18469.23,2,Paid
LP0005576,L00295,C00888,2026-03-28,2026-04-04,18752.47,7,Late
LP0005577,L00295,C00888,2026-04-28,2026-05-06,18109.06,8,Late
LP0005578,L00295,C00888,2026-05-28,2026-05-30,18710.66,2,Paid
LP0005579,L00295,C00888,2026-06-28,2026-06-28,18304.03,0,Paid
LP0005580,L00295,C00888,2026-07-28,2026-07-31,18070.78,3,Paid
LP0005581,L00295,C00888,2026-08-28,2026-09-06,18672.21,9,Late
LP0005582,L00296,C00791,2023-09-28,2023-10-03,111143.64,5,Paid
LP0005583,L00296,C00791,2023-10-28,2023-11-01,110174.45,4,Paid
LP0005584,L00296,C00791,2023-11-28,2023-12-02,112654.88,4,Paid
LP0005585,L00296,C00791,2023-12-28,2024-01-04,113654.46,7,Late
LP0005586,L00296,C00791,2024-01-28,2024-02-06,111853.42,9,Late
LP0005587,L00296,C00791,2024-02-28,2024-03-09,108943.0,10,Late
LP0005588,L00296,C00791,2024-03-28,2024-03-28,114438.0,0,Paid
LP0005589,L00296,C00791,2024-04-28,2024-05-31,68216.56,33,Partial
LP0005590,L00296,C00791,2024-05-28,,0,55,Missed
LP0005591,L00296,C00791,2024-06-28,2024-07-15,103042.87,17,Partial
LP0005592,L00296,C00791,2024-07-28,2024-09-10,60660.32,44,Partial
LP0005593,L00296,C00791,2024-08-28,,0,54,Missed
LP0005594,L00297,C00270,2023-04-28,2023-05-01,79035.86,3,Paid
LP0005595,L00297,C00270,2023-05-28,2023-06-07,79489.88,10,Late
LP0005596,L00297,C00270,2023-06-28,2023-07-08,80888.03,10,Late
LP0005597,L00297,C00270,2023-07-28,2023-08-07,80801.62,10,Late
LP0005598,L00297,C00270,2023-08-28,2023-08-30,79869.85,2,Paid
LP0005599,L00297,C00270,2023-09-28,2023-10-05,80824.78,7,Late
LP0005600,L00297,C00270,2023-10-28,2023-11-06,81959.44,9,Late
LP0005601,L00297,C00270,2023-11-28,2023-12-05,78963.39,7,Late
LP0005602,L00297,C00270,2023-12-28,2023-12-30,78792.37,2,Paid
LP0005603,L00297,C00270,2024-01-28,2024-01-30,80160.89,2,Paid
LP0005604,L00297,C00270,2024-02-28,2024-03-08,82320.37,9,Late
LP0005605,L00297,C00270,2024-03-28,2024-04-06,80480.27,9,Late
LP0005606,L00297,C00270,2024-04-28,2024-05-07,83161.57,9,Late
LP0005607,L00297,C00270,2024-05-28,2024-05-28,79097.49,0,Paid
LP0005608,L00297,C00270,2024-06-28,2024-06-29,81145.64,1,Paid
LP0005609,L00297,C00270,2024-07-28,2024-08-05,82440.99,8,Late
LP0005610,L00297,C00270,2024-08-28,2024-09-07,79255.91,10,Late
LP0005611,L00297,C00270,2024-09-28,2024-09-30,83218.41,2,Paid
LP0005612,L00297,C00270,2024-10-28,2024-11-01,81545.9,4,Paid
LP0005613,L00297,C00270,2024-11-28,2024-12-03,79242.92,5,Paid
LP0005614,L00297,C00270,2024-12-28,2024-12-28,80523.81,0,Paid
LP0005615,L00297,C00270,2025-01-28,2025-02-06,81213.55,9,Late
LP0005616,L00297,C00270,2025-02-28,2025-03-01,80111.71,1,Paid
LP0005617,L00297,C00270,2025-03-28,2025-04-05,79407.88,8,Late
LP0005618,L00298,C00258,2024-06-28,2024-06-29,52789.03,1,Paid
LP0005619,L00298,C00258,2024-07-28,2024-08-06,51336.69,9,Late
LP0005620,L00298,C00258,2024-08-28,2024-09-05,51684.75,8,Late
LP0005621,L00298,C00258,2024-09-28,2024-09-29,51221.6,1,Paid
LP0005622,L00298,C00258,2024-10-28,2024-11-02,52543.57,5,Paid
LP0005623,L00298,C00258,2024-11-28,2024-11-28,52780.5,0,Paid
LP0005624,L00298,C00258,2024-12-28,2025-01-05,50055.0,8,Late
LP0005625,L00298,C00258,2025-01-28,2025-02-02,50757.99,5,Paid
LP0005626,L00298,C00258,2025-02-28,2025-02-28,52225.48,0,Paid
LP0005627,L00298,C00258,2025-03-28,2025-04-04,51256.63,7,Late
LP0005628,L00298,C00258,2025-04-28,2025-04-28,50267.44,0,Paid
LP0005629,L00298,C00258,2025-05-28,2025-05-30,50591.99,2,Paid
LP0005630,L00298,C00258,2025-06-28,2025-07-04,50330.66,6,Late
LP0005631,L00298,C00258,2025-07-28,2025-08-04,51041.52,7,Late
LP0005632,L00298,C00258,2025-08-28,2025-08-28,52940.07,0,Paid
LP0005633,L00298,C00258,2025-09-28,2025-09-28,50571.42,0,Paid
LP0005634,L00298,C00258,2025-10-28,2025-11-03,52222.31,6,Late
LP0005635,L00298,C00258,2025-11-28,2025-12-03,51361.28,5,Paid
LP0005636,L00298,C00258,2025-12-28,2026-01-01,50644.11,4,Paid
LP0005637,L00298,C00258,2026-01-28,2026-02-04,52973.45,7,Late
LP0005638,L00298,C00258,2026-02-28,2026-03-03,51599.64,3,Paid
LP0005639,L00298,C00258,2026-03-28,2026-04-04,52904.93,7,Late
LP0005640,L00298,C00258,2026-04-28,2026-04-29,52205.9,1,Paid
LP0005641,L00298,C00258,2026-05-28,2026-06-05,50737.73,8,Late
LP0005642,L00299,C00221,2023-11-28,2023-12-03,9895.91,5,Paid
LP0005643,L00299,C00221,2023-12-28,2024-01-03,9732.04,6,Late
LP0005644,L00299,C00221,2024-01-28,2024-01-28,10147.01,0,Paid
LP0005645,L00299,C00221,2024-02-28,2024-02-29,9700.67,1,Paid
LP0005646,L00299,C00221,2024-03-28,2024-03-29,9915.52,1,Paid
LP0005647,L00299,C00221,2024-04-28,2024-05-01,9839.0,3,Paid
LP0005648,L00299,C00221,2024-05-28,2024-06-04,10174.46,7,Late
LP0005649,L00299,C00221,2024-06-28,2024-07-03,10087.34,5,Paid
LP0005650,L00299,C00221,2024-07-28,2024-07-29,9680.08,1,Paid
LP0005651,L00299,C00221,2024-08-28,2024-09-07,9906.82,10,Late
LP0005652,L00299,C00221,2024-09-28,2024-09-28,10038.99,0,Paid
LP0005653,L00299,C00221,2024-10-28,2024-10-31,10164.31,3,Paid
LP0005654,L00299,C00221,2024-11-28,2024-11-29,9628.65,1,Paid
LP0005655,L00299,C00221,2024-12-28,2025-01-03,9688.12,6,Late
LP0005656,L00299,C00221,2025-01-28,2025-02-04,9611.98,7,Late
LP0005657,L00299,C00221,2025-02-28,2025-02-28,9825.07,0,Paid
LP0005658,L00299,C00221,2025-03-28,2025-04-04,9997.12,7,Late
LP0005659,L00299,C00221,2025-04-28,2025-05-06,10026.39,8,Late
LP0005660,L00299,C00221,2025-05-28,2025-05-30,9998.95,2,Paid
LP0005661,L00299,C00221,2025-06-28,2025-06-30,10110.13,2,Paid
LP0005662,L00299,C00221,2025-07-28,2025-07-30,9939.15,2,Paid
LP0005663,L00299,C00221,2025-08-28,2025-09-02,9764.38,5,Paid
LP0005664,L00299,C00221,2025-09-28,2025-10-04,9797.22,6,Late
LP0005665,L00299,C00221,2025-10-28,2025-11-07,9762.73,10,Late
LP0005666,L00300,C00330,2023-11-28,2023-12-04,21602.16,6,Late
LP0005667,L00300,C00330,2023-12-28,2023-12-29,21878.9,1,Paid
LP0005668,L00300,C00330,2024-01-28,2024-01-29,21700.16,1,Paid
LP0005669,L00300,C00330,2024-02-28,2024-03-04,22494.28,5,Paid
LP0005670,L00300,C00330,2024-03-28,2024-03-28,21580.76,0,Paid
LP0005671,L00300,C00330,2024-04-28,2024-05-03,21605.8,5,Paid
LP0005672,L00300,C00330,2024-05-28,2024-06-01,21517.82,4,Paid
LP0005673,L00300,C00330,2024-06-28,2024-07-01,21890.06,3,Paid
LP0005674,L00300,C00330,2024-07-28,2024-08-01,21884.82,4,Paid
LP0005675,L00300,C00330,2024-08-28,2024-09-04,22451.5,7,Late
LP0005676,L00300,C00330,2024-09-28,2024-09-30,21529.43,2,Paid
LP0005677,L00300,C00330,2024-10-28,2024-11-04,21822.67,7,Late
LP0005678,L00301,C00458,2022-05-28,2022-06-04,24055.95,7,Late
LP0005679,L00301,C00458,2022-06-28,2022-07-05,24470.6,7,Late
LP0005680,L00301,C00458,2022-07-28,2022-08-01,24787.11,4,Paid
LP0005681,L00301,C00458,2022-08-28,2022-09-02,24984.2,5,Paid
LP0005682,L00301,C00458,2022-09-28,2022-09-30,24041.51,2,Paid
LP0005683,L00301,C00458,2022-10-28,2022-10-30,24622.56,2,Paid
LP0005684,L00301,C00458,2022-11-28,2022-12-03,24484.23,5,Paid
LP0005685,L00301,C00458,2022-12-28,2023-01-03,23992.55,6,Late
LP0005686,L00301,C00458,2023-01-28,2023-01-30,24146.63,2,Paid
LP0005687,L00301,C00458,2023-02-28,2023-03-09,24268.84,9,Late
LP0005688,L00301,C00458,2023-03-28,2023-03-28,24160.1,0,Paid
LP0005689,L00301,C00458,2023-04-28,2023-05-01,24316.15,3,Paid
LP0005690,L00301,C00458,2023-05-28,2023-06-06,24841.46,9,Late
LP0005691,L00301,C00458,2023-06-28,2023-08-23,12657.87,56,Partial
LP0005692,L00301,C00458,2023-07-28,,0,95,Missed
LP0005693,L00301,C00458,2023-08-28,2023-09-16,23678.66,19,Partial
LP0005694,L00301,C00458,2023-09-28,,0,45,Missed
LP0005695,L00301,C00458,2023-10-28,,0,73,Missed
LP0005696,L00301,C00458,2023-11-28,2024-01-05,19061.66,38,Partial
LP0005697,L00301,C00458,2023-12-28,2024-02-21,13337.82,55,Partial
LP0005698,L00301,C00458,2024-01-28,,0,53,Missed
LP0005699,L00301,C00458,2024-02-28,,0,74,Missed
LP0005700,L00301,C00458,2024-03-28,2024-05-22,15349.03,55,Partial
LP0005701,L00301,C00458,2024-04-28,2024-06-27,21773.31,60,Partial
LP0005702,L00302,C00949,2025-03-28,2025-04-05,29767.47,8,Late
LP0005703,L00302,C00949,2025-04-28,2025-05-06,29068.92,8,Late
LP0005704,L00302,C00949,2025-05-28,2025-06-05,29453.45,8,Late
LP0005705,L00302,C00949,2025-06-28,2025-07-06,30310.27,8,Late
LP0005706,L00302,C00949,2025-07-28,2025-08-02,30622.87,5,Paid
LP0005707,L00302,C00949,2025-08-28,2025-09-05,30178.55,8,Late
LP0005708,L00302,C00949,2025-09-28,2025-10-01,29787.69,3,Paid
LP0005709,L00302,C00949,2025-10-28,2025-11-02,29492.85,5,Paid
LP0005710,L00302,C00949,2025-11-28,2025-12-06,29825.7,8,Late
LP0005711,L00302,C00949,2025-12-28,2026-01-06,29826.81,9,Late
LP0005712,L00302,C00949,2026-01-28,2026-02-06,30406.62,9,Late
LP0005713,L00302,C00949,2026-02-28,2026-03-07,29487.52,7,Late
LP0005714,L00302,C00949,2026-03-28,2026-04-02,30337.88,5,Paid
LP0005715,L00302,C00949,2026-04-28,2026-04-30,30155.49,2,Paid
LP0005716,L00302,C00949,2026-05-28,2026-06-07,30786.4,10,Late
LP0005717,L00302,C00949,2026-06-28,2026-07-02,29403.25,4,Paid
LP0005718,L00302,C00949,2026-07-28,2026-08-05,29321.71,8,Late
LP0005719,L00302,C00949,2026-08-28,2026-09-04,29607.21,7,Late
LP0005720,L00303,C00816,2024-08-28,2024-09-05,24336.28,8,Late
LP0005721,L00303,C00816,2024-09-28,2024-10-05,25270.44,7,Late
LP0005722,L00303,C00816,2024-10-28,2024-11-05,24442.95,8,Late
LP0005723,L00303,C00816,2024-11-28,2024-12-05,24731.47,7,Late
LP0005724,L00303,C00816,2024-12-28,2025-01-07,25252.36,10,Late
LP0005725,L00303,C00816,2025-01-28,2025-02-04,25330.02,7,Late
LP0005726,L00303,C00816,2025-02-28,2025-03-05,24301.83,5,Paid
LP0005727,L00303,C00816,2025-03-28,2025-04-05,24115.74,8,Late
LP0005728,L00303,C00816,2025-04-28,2025-05-06,23965.64,8,Late
LP0005729,L00303,C00816,2025-05-28,2025-06-03,25384.86,6,Late
LP0005730,L00303,C00816,2025-06-28,2025-07-06,24956.96,8,Late
LP0005731,L00303,C00816,2025-07-28,2025-08-06,24344.76,9,Late
LP0005732,L00303,C00816,2025-08-28,2025-08-29,24116.52,1,Paid
LP0005733,L00303,C00816,2025-09-28,2025-10-07,25295.32,9,Late
LP0005734,L00303,C00816,2025-10-28,2025-11-07,25299.19,10,Late
LP0005735,L00303,C00816,2025-11-28,2025-11-30,25147.82,2,Paid
LP0005736,L00303,C00816,2025-12-28,2026-01-03,24671.95,6,Late
LP0005737,L00303,C00816,2026-01-28,2026-02-07,25015.09,10,Late
LP0005738,L00303,C00816,2026-02-28,2026-03-09,24871.38,9,Late
LP0005739,L00303,C00816,2026-03-28,2026-03-30,24645.02,2,Paid
LP0005740,L00303,C00816,2026-04-28,2026-04-30,24277.81,2,Paid
LP0005741,L00303,C00816,2026-05-28,2026-05-29,23987.23,1,Paid
LP0005742,L00303,C00816,2026-06-28,2026-06-28,25029.86,0,Paid
LP0005743,L00303,C00816,2026-07-28,2026-08-06,25381.79,9,Late
LP0005744,L00304,C00277,2023-03-28,2023-04-02,19902.82,5,Paid
LP0005745,L00304,C00277,2023-04-28,2023-05-08,19338.73,10,Late
LP0005746,L00304,C00277,2023-05-28,2023-06-02,18974.31,5,Paid
LP0005747,L00304,C00277,2023-06-28,2023-07-06,19878.05,8,Late
LP0005748,L00304,C00277,2023-07-28,2023-08-02,19416.71,5,Paid
LP0005749,L00304,C00277,2023-08-28,2023-09-02,19126.4,5,Paid
LP0005750,L00304,C00277,2023-09-28,2023-09-30,18936.72,2,Paid
LP0005751,L00304,C00277,2023-10-28,2023-10-31,19327.77,3,Paid
LP0005752,L00304,C00277,2023-11-28,2023-12-01,19687.31,3,Paid
LP0005753,L00304,C00277,2023-12-28,2023-12-28,18964.22,0,Paid
LP0005754,L00304,C00277,2024-01-28,2024-02-01,19831.01,4,Paid
LP0005755,L00304,C00277,2024-02-28,2024-03-03,19811.6,4,Paid
LP0005756,L00305,C00485,2023-05-28,2023-05-29,4048.35,1,Paid
LP0005757,L00305,C00485,2023-06-28,2023-07-05,3936.44,7,Late
LP0005758,L00305,C00485,2023-07-28,2023-08-06,4098.86,9,Late
LP0005759,L00305,C00485,2023-08-28,2023-09-07,3968.09,10,Late
LP0005760,L00305,C00485,2023-09-28,2023-10-08,3912.24,10,Late
LP0005761,L00305,C00485,2023-10-28,2023-11-03,4017.31,6,Late
LP0005762,L00305,C00485,2023-11-28,2023-12-06,4128.21,8,Late
LP0005763,L00305,C00485,2023-12-28,2024-01-03,4035.45,6,Late
LP0005764,L00305,C00485,2024-01-28,2024-01-31,3935.47,3,Paid
LP0005765,L00305,C00485,2024-02-28,2024-03-07,4113.62,8,Late
LP0005766,L00305,C00485,2024-03-28,2024-04-01,3908.01,4,Paid
LP0005767,L00305,C00485,2024-04-28,2024-04-29,4008.38,1,Paid
LP0005768,L00305,C00485,2024-05-28,2024-05-31,4111.73,3,Paid
LP0005769,L00305,C00485,2024-06-28,2024-07-01,4127.4,3,Paid
LP0005770,L00305,C00485,2024-07-28,2024-08-04,3905.15,7,Late
LP0005771,L00305,C00485,2024-08-28,2024-09-04,3922.85,7,Late
LP0005772,L00305,C00485,2024-09-28,2024-10-02,3997.79,4,Paid
LP0005773,L00305,C00485,2024-10-28,2024-11-04,4040.94,7,Late
LP0005774,L00305,C00485,2024-11-28,2024-12-06,4010.6,8,Late
LP0005775,L00305,C00485,2024-12-28,2024-12-31,4013.14,3,Paid
LP0005776,L00305,C00485,2025-01-28,2025-02-07,3923.87,10,Late
LP0005777,L00305,C00485,2025-02-28,2025-03-06,4091.79,6,Late
LP0005778,L00305,C00485,2025-03-28,2025-03-30,4006.3,2,Paid
LP0005779,L00305,C00485,2025-04-28,2025-05-07,3939.26,9,Late
LP0005780,L00306,C00541,2022-07-28,2022-08-01,12374.71,4,Paid
LP0005781,L00306,C00541,2022-08-28,2022-08-28,12128.83,0,Paid
LP0005782,L00306,C00541,2022-09-28,2022-09-28,12789.45,0,Paid
LP0005783,L00306,C00541,2022-10-28,2022-11-07,12520.6,10,Late
LP0005784,L00306,C00541,2022-11-28,2022-12-08,12674.08,10,Late
LP0005785,L00306,C00541,2022-12-28,2023-01-04,12283.86,7,Late
LP0005786,L00306,C00541,2023-01-28,2023-01-28,12509.52,0,Paid
LP0005787,L00306,C00541,2023-02-28,2023-03-07,12106.97,7,Late
LP0005788,L00306,C00541,2023-03-28,2023-04-05,12226.66,8,Late
LP0005789,L00306,C00541,2023-04-28,2023-05-03,12535.88,5,Paid
LP0005790,L00306,C00541,2023-05-28,2023-06-03,12350.45,6,Late
LP0005791,L00306,C00541,2023-06-28,2023-06-29,12472.03,1,Paid
LP0005792,L00306,C00541,2023-07-28,2023-08-03,12135.86,6,Late
LP0005793,L00306,C00541,2023-08-28,2023-09-05,12745.37,8,Late
LP0005794,L00306,C00541,2023-09-28,2023-10-01,12671.0,3,Paid
LP0005795,L00306,C00541,2023-10-28,2023-10-28,12070.72,0,Paid
LP0005796,L00306,C00541,2023-11-28,2023-11-28,12684.87,0,Paid
LP0005797,L00306,C00541,2023-12-28,2023-12-29,12070.49,1,Paid
LP0005798,L00306,C00541,2024-01-28,2024-01-30,12625.87,2,Paid
LP0005799,L00306,C00541,2024-02-28,2024-03-01,12606.91,2,Paid
LP0005800,L00306,C00541,2024-03-28,2024-03-30,12590.0,2,Paid
LP0005801,L00306,C00541,2024-04-28,2024-05-06,12684.43,8,Late
LP0005802,L00306,C00541,2024-05-28,2024-06-06,12097.11,9,Late
LP0005803,L00306,C00541,2024-06-28,2024-06-29,12696.45,1,Paid
LP0005804,L00307,C00605,2025-05-28,2025-05-28,44379.82,0,Paid
LP0005805,L00307,C00605,2025-06-28,2025-06-29,46122.14,1,Paid
LP0005806,L00307,C00605,2025-07-28,2025-08-05,46523.46,8,Late
LP0005807,L00307,C00605,2025-08-28,2025-09-03,45590.63,6,Late
LP0005808,L00307,C00605,2025-09-28,2025-10-02,46026.54,4,Paid
LP0005809,L00307,C00605,2025-10-28,2025-10-29,44061.85,1,Paid
LP0005810,L00307,C00605,2025-11-28,2025-12-04,46543.15,6,Late
LP0005811,L00307,C00605,2025-12-28,2026-01-03,45726.05,6,Late
LP0005812,L00307,C00605,2026-01-28,2026-02-04,46344.79,7,Late
LP0005813,L00307,C00605,2026-02-28,2026-04-23,25199.91,54,Partial
LP0005814,L00307,C00605,2026-03-28,,0,84,Missed
LP0005815,L00307,C00605,2026-04-28,2026-05-22,35388.99,24,Partial
LP0005816,L00307,C00605,2026-05-28,,0,78,Missed
LP0005817,L00307,C00605,2026-06-28,2026-08-19,43414.33,52,Partial
LP0005818,L00307,C00605,2026-07-28,2026-09-08,31472.45,42,Partial
LP0005819,L00307,C00605,2026-08-28,,0,38,Missed
LP0005820,L00308,C00216,2023-07-28,2023-08-04,9218.21,7,Late
LP0005821,L00308,C00216,2023-08-28,2023-08-30,9669.82,2,Paid
LP0005822,L00308,C00216,2023-09-28,2023-10-02,9693.2,4,Paid
LP0005823,L00308,C00216,2023-10-28,2023-11-06,9429.34,9,Late
LP0005824,L00308,C00216,2023-11-28,2023-12-03,9227.48,5,Paid
LP0005825,L00308,C00216,2023-12-28,2023-12-30,9609.09,2,Paid
LP0005826,L00308,C00216,2024-01-28,2024-01-30,9720.11,2,Paid
LP0005827,L00308,C00216,2024-02-28,2024-02-29,9687.9,1,Paid
LP0005828,L00308,C00216,2024-03-28,2024-04-07,9756.19,10,Late
LP0005829,L00308,C00216,2024-04-28,2024-04-30,9728.59,2,Paid
LP0005830,L00308,C00216,2024-05-28,2024-06-01,9569.45,4,Paid
LP0005831,L00308,C00216,2024-06-28,2024-06-28,9395.65,0,Paid
LP0005832,L00308,C00216,2024-07-28,2024-08-04,9746.58,7,Late
LP0005833,L00308,C00216,2024-08-28,2024-09-06,9683.7,9,Late
LP0005834,L00308,C00216,2024-09-28,2024-10-03,9208.08,5,Paid
LP0005835,L00308,C00216,2024-10-28,2024-10-30,9374.62,2,Paid
LP0005836,L00308,C00216,2024-11-28,2024-12-02,9577.62,4,Paid
LP0005837,L00308,C00216,2024-12-28,2024-12-30,9445.54,2,Paid
LP0005838,L00308,C00216,2025-01-28,2025-01-31,9756.45,3,Paid
LP0005839,L00308,C00216,2025-02-28,2025-03-02,9336.32,2,Paid
LP0005840,L00308,C00216,2025-03-28,2025-04-07,9470.61,10,Late
LP0005841,L00308,C00216,2025-04-28,2025-05-03,9370.68,5,Paid
LP0005842,L00308,C00216,2025-05-28,2025-06-04,9490.42,7,Late
LP0005843,L00308,C00216,2025-06-28,2025-06-29,9687.54,1,Paid
LP0005844,L00309,C00350,2025-11-28,2025-12-01,56290.15,3,Paid
LP0005845,L00309,C00350,2025-12-28,2025-12-30,55817.62,2,Paid
LP0005846,L00309,C00350,2026-01-28,2026-01-29,58140.83,1,Paid
LP0005847,L00309,C00350,2026-02-28,2026-03-09,58526.36,9,Late
LP0005848,L00309,C00350,2026-03-28,2026-03-30,55809.74,2,Paid
LP0005849,L00309,C00350,2026-04-28,2026-04-29,58444.15,1,Paid
LP0005850,L00309,C00350,2026-05-28,2026-06-03,57311.01,6,Late
LP0005851,L00309,C00350,2026-06-28,2026-07-05,56726.26,7,Late
LP0005852,L00309,C00350,2026-07-28,2026-08-05,58810.69,8,Late
LP0005853,L00309,C00350,2026-08-28,2026-08-30,57520.26,2,Paid
LP0005854,L00310,C00024,2022-11-28,2022-12-05,54832.99,7,Late
LP0005855,L00310,C00024,2022-12-28,2023-01-04,56004.92,7,Late
LP0005856,L00310,C00024,2023-01-28,2023-02-06,53216.79,9,Late
LP0005857,L00310,C00024,2023-02-28,2023-03-04,55021.54,4,Paid
LP0005858,L00310,C00024,2023-03-28,2023-03-31,53116.8,3,Paid
LP0005859,L00310,C00024,2023-04-28,2023-05-07,56013.06,9,Late
LP0005860,L00310,C00024,2023-05-28,2023-06-03,54297.71,6,Late
LP0005861,L00310,C00024,2023-06-28,2023-07-05,55498.68,7,Late
LP0005862,L00310,C00024,2023-07-28,2023-08-03,53586.86,6,Late
LP0005863,L00310,C00024,2023-08-28,2023-09-03,53117.97,6,Late
LP0005864,L00310,C00024,2023-09-28,2023-09-30,56120.68,2,Paid
LP0005865,L00310,C00024,2023-10-28,2023-11-06,55798.26,9,Late
LP0005866,L00310,C00024,2023-11-28,2023-12-08,54036.94,10,Late
LP0005867,L00310,C00024,2023-12-28,2024-01-06,54975.89,9,Late
LP0005868,L00310,C00024,2024-01-28,2024-02-07,53150.49,10,Late
LP0005869,L00310,C00024,2024-02-28,2024-03-06,53417.57,7,Late
LP0005870,L00310,C00024,2024-03-28,2024-04-03,53990.77,6,Late
LP0005871,L00310,C00024,2024-04-28,2024-05-07,54088.62,9,Late
LP0005872,L00310,C00024,2024-05-28,2024-06-01,56252.2,4,Paid
LP0005873,L00310,C00024,2024-06-28,2024-07-03,55106.18,5,Paid
LP0005874,L00310,C00024,2024-07-28,2024-08-01,55417.57,4,Paid
LP0005875,L00310,C00024,2024-08-28,2024-09-03,54142.82,6,Late
LP0005876,L00310,C00024,2024-09-28,2024-10-05,55365.29,7,Late
LP0005877,L00310,C00024,2024-10-28,2024-10-29,53817.99,1,Paid
LP0005878,L00311,C00353,2022-08-28,2022-09-07,57109.59,10,Late
LP0005879,L00311,C00353,2022-09-28,2022-10-03,56241.16,5,Paid
LP0005880,L00311,C00353,2022-10-28,2022-10-30,57162.47,2,Paid
LP0005881,L00311,C00353,2022-11-28,2022-12-07,56290.57,9,Late
LP0005882,L00311,C00353,2022-12-28,2022-12-30,57353.33,2,Paid
LP0005883,L00311,C00353,2023-01-28,2023-02-04,58207.83,7,Late
LP0005884,L00311,C00353,2023-02-28,2023-03-02,58783.61,2,Paid
LP0005885,L00311,C00353,2023-03-28,2023-03-30,58331.8,2,Paid
LP0005886,L00311,C00353,2023-04-28,2023-05-04,57027.26,6,Late
LP0005887,L00311,C00353,2023-05-28,2023-06-02,56445.78,5,Paid
LP0005888,L00311,C00353,2023-06-28,2023-07-06,57732.93,8,Late
LP0005889,L00311,C00353,2023-07-28,2023-07-30,57279.42,2,Paid
LP0005890,L00311,C00353,2023-08-28,2023-09-01,58203.45,4,Paid
LP0005891,L00311,C00353,2023-09-28,2023-10-02,58933.09,4,Paid
LP0005892,L00311,C00353,2023-10-28,2023-11-01,56740.33,4,Paid
LP0005893,L00311,C00353,2023-11-28,2023-12-02,57788.15,4,Paid
LP0005894,L00311,C00353,2023-12-28,2023-12-31,58628.77,3,Paid
LP0005895,L00311,C00353,2024-01-28,2024-01-28,58037.11,0,Paid
LP0005896,L00311,C00353,2024-02-28,2024-03-01,57772.89,2,Paid
LP0005897,L00311,C00353,2024-03-28,2024-04-01,56365.43,4,Paid
LP0005898,L00311,C00353,2024-04-28,2024-05-04,56683.95,6,Late
LP0005899,L00311,C00353,2024-05-28,2024-06-06,56572.35,9,Late
LP0005900,L00311,C00353,2024-06-28,2024-07-01,57466.76,3,Paid
LP0005901,L00311,C00353,2024-07-28,2024-08-05,56154.14,8,Late
LP0005902,L00312,C00685,2022-05-28,2022-05-31,22755.03,3,Paid
LP0005903,L00312,C00685,2022-06-28,2022-07-01,22991.2,3,Paid
LP0005904,L00312,C00685,2022-07-28,2022-08-02,23574.04,5,Paid
LP0005905,L00312,C00685,2022-08-28,2022-08-31,23051.84,3,Paid
LP0005906,L00312,C00685,2022-09-28,2022-10-04,23282.96,6,Late
LP0005907,L00312,C00685,2022-10-28,2022-10-30,23940.57,2,Paid
LP0005908,L00312,C00685,2022-11-28,2022-12-06,23400.17,8,Late
LP0005909,L00312,C00685,2022-12-28,2023-01-03,23703.46,6,Late
LP0005910,L00312,C00685,2023-01-28,2023-02-04,23500.91,7,Late
LP0005911,L00312,C00685,2023-02-28,2023-03-04,23408.71,4,Paid
LP0005912,L00312,C00685,2023-03-28,2023-04-07,22772.21,10,Late
LP0005913,L00312,C00685,2023-04-28,2023-04-28,23922.91,0,Paid
LP0005914,L00313,C00948,2024-04-28,2024-05-01,73395.34,3,Paid
LP0005915,L00313,C00948,2024-05-28,2024-06-06,72126.2,9,Late
LP0005916,L00313,C00948,2024-06-28,2024-06-29,70635.92,1,Paid
LP0005917,L00313,C00948,2024-07-28,2024-08-07,71779.02,10,Late
LP0005918,L00313,C00948,2024-08-28,2024-09-03,70080.92,6,Late
LP0005919,L00313,C00948,2024-09-28,2024-10-07,70101.48,9,Late
LP0005920,L00313,C00948,2024-10-28,2024-11-02,72664.81,5,Paid
LP0005921,L00313,C00948,2024-11-28,2024-12-05,73954.35,7,Late
LP0005922,L00313,C00948,2024-12-28,2024-12-29,73710.14,1,Paid
LP0005923,L00313,C00948,2025-01-28,2025-01-29,70262.06,1,Paid
LP0005924,L00313,C00948,2025-02-28,2025-03-01,71301.78,1,Paid
LP0005925,L00313,C00948,2025-03-28,2025-04-05,70230.8,8,Late
LP0005926,L00313,C00948,2025-04-28,2025-05-04,73380.03,6,Late
LP0005927,L00313,C00948,2025-05-28,2025-05-31,70063.27,3,Paid
LP0005928,L00313,C00948,2025-06-28,2025-07-01,72395.38,3,Paid
LP0005929,L00313,C00948,2025-07-28,2025-07-30,72133.26,2,Paid
LP0005930,L00313,C00948,2025-08-28,2025-08-29,71310.65,1,Paid
LP0005931,L00313,C00948,2025-09-28,2025-10-05,73542.18,7,Late
LP0005932,L00313,C00948,2025-10-28,2025-11-03,71223.0,6,Late
LP0005933,L00313,C00948,2025-11-28,2025-12-07,73112.71,9,Late
LP0005934,L00313,C00948,2025-12-28,2026-01-03,70636.6,6,Late
LP0005935,L00313,C00948,2026-01-28,2026-02-06,71700.32,9,Late
LP0005936,L00313,C00948,2026-02-28,2026-03-10,71336.97,10,Late
LP0005937,L00313,C00948,2026-03-28,2026-04-02,73592.58,5,Paid
LP0005938,L00314,C00965,2023-08-28,2023-09-06,33494.7,9,Late
LP0005939,L00314,C00965,2023-09-28,2023-09-30,32242.72,2,Paid
LP0005940,L00314,C00965,2023-10-28,2023-11-02,32131.04,5,Paid
LP0005941,L00314,C00965,2023-11-28,2023-12-08,33861.6,10,Late
LP0005942,L00314,C00965,2023-12-28,2024-01-05,33645.65,8,Late
LP0005943,L00314,C00965,2024-01-28,2024-01-28,32063.88,0,Paid
LP0005944,L00314,C00965,2024-02-28,2024-03-08,33696.13,9,Late
LP0005945,L00314,C00965,2024-03-28,2024-04-01,32441.06,4,Paid
LP0005946,L00314,C00965,2024-04-28,2024-04-28,32279.09,0,Paid
LP0005947,L00314,C00965,2024-05-28,2024-06-04,32449.63,7,Late
LP0005948,L00314,C00965,2024-06-28,2024-06-28,33344.5,0,Paid
LP0005949,L00314,C00965,2024-07-28,2024-08-02,32789.51,5,Paid
LP0005950,L00314,C00965,2024-08-28,2024-09-01,32292.74,4,Paid
LP0005951,L00314,C00965,2024-09-28,2024-10-08,32821.35,10,Late
LP0005952,L00314,C00965,2024-10-28,2024-10-31,33099.57,3,Paid
LP0005953,L00314,C00965,2024-11-28,2024-12-08,33045.2,10,Late
LP0005954,L00314,C00965,2024-12-28,2025-01-03,33713.05,6,Late
LP0005955,L00314,C00965,2025-01-28,2025-01-30,33728.55,2,Paid
LP0005956,L00314,C00965,2025-02-28,2025-03-07,32829.5,7,Late
LP0005957,L00314,C00965,2025-03-28,2025-03-31,33379.43,3,Paid
LP0005958,L00314,C00965,2025-04-28,2025-04-29,32177.29,1,Paid
LP0005959,L00314,C00965,2025-05-28,2025-05-31,32160.35,3,Paid
LP0005960,L00314,C00965,2025-06-28,2025-06-28,32911.88,0,Paid
LP0005961,L00314,C00965,2025-07-28,2025-07-31,33705.21,3,Paid
LP0005962,L00315,C00420,2023-12-28,2024-01-05,9214.2,8,Late
LP0005963,L00315,C00420,2024-01-28,2024-02-04,9283.4,7,Late
LP0005964,L00315,C00420,2024-02-28,2024-03-03,8805.29,4,Paid
LP0005965,L00315,C00420,2024-03-28,2024-03-30,8980.09,2,Paid
LP0005966,L00315,C00420,2024-04-28,2024-05-02,8818.95,4,Paid
LP0005967,L00315,C00420,2024-05-28,2024-05-31,8763.07,3,Paid
LP0005968,L00315,C00420,2024-06-28,2024-07-04,9109.07,6,Late
LP0005969,L00315,C00420,2024-07-28,2024-08-01,9141.67,4,Paid
LP0005970,L00315,C00420,2024-08-28,2024-08-29,8898.62,1,Paid
LP0005971,L00315,C00420,2024-09-28,2024-10-01,9020.31,3,Paid
LP0005972,L00315,C00420,2024-10-28,2024-10-31,9197.5,3,Paid
LP0005973,L00315,C00420,2024-11-28,2024-12-06,9218.25,8,Late
LP0005974,L00315,C00420,2024-12-28,2024-12-29,8969.9,1,Paid
LP0005975,L00315,C00420,2025-01-28,2025-02-01,9129.85,4,Paid
LP0005976,L00315,C00420,2025-02-28,2025-03-02,9120.03,2,Paid
LP0005977,L00315,C00420,2025-03-28,2025-04-06,9197.17,9,Late
LP0005978,L00315,C00420,2025-04-28,2025-05-02,9218.25,4,Paid
LP0005979,L00315,C00420,2025-05-28,2025-06-02,9034.43,5,Paid
LP0005980,L00315,C00420,2025-06-28,2025-07-08,9003.19,10,Late
LP0005981,L00315,C00420,2025-07-28,2025-07-31,9048.14,3,Paid
LP0005982,L00315,C00420,2025-08-28,2025-09-06,8904.86,9,Late
LP0005983,L00315,C00420,2025-09-28,2025-10-03,8818.71,5,Paid
LP0005984,L00315,C00420,2025-10-28,2025-11-05,9259.67,8,Late
LP0005985,L00315,C00420,2025-11-28,2025-12-05,9179.86,7,Late
LP0005986,L00316,C00033,2023-02-28,2023-03-02,3486.71,2,Paid
LP0005987,L00316,C00033,2023-03-28,2023-04-02,3520.95,5,Paid
LP0005988,L00316,C00033,2023-04-28,2023-05-05,3540.78,7,Late
LP0005989,L00316,C00033,2023-05-28,2023-06-05,3547.02,8,Late
LP0005990,L00316,C00033,2023-06-28,2023-07-06,3388.61,8,Late
LP0005991,L00316,C00033,2023-07-28,2023-08-01,3422.06,4,Paid
LP0005992,L00316,C00033,2023-08-28,2023-09-01,3357.07,4,Paid
LP0005993,L00316,C00033,2023-09-28,2023-10-08,3546.01,10,Late
LP0005994,L00316,C00033,2023-10-28,2023-10-30,3376.92,2,Paid
LP0005995,L00316,C00033,2023-11-28,2023-11-28,3374.98,0,Paid
LP0005996,L00316,C00033,2023-12-28,2024-01-07,3474.24,10,Late
LP0005997,L00316,C00033,2024-01-28,2024-02-03,3376.16,6,Late
LP0005998,L00316,C00033,2024-02-28,2024-03-06,3443.97,7,Late
LP0005999,L00316,C00033,2024-03-28,2024-05-18,2369.9,51,Partial
LP0006000,L00316,C00033,2024-04-28,,0,74,Missed
LP0006001,L00316,C00033,2024-05-28,2024-07-06,2671.59,39,Partial
LP0006002,L00316,C00033,2024-06-28,2024-07-24,2472.44,26,Partial
LP0006003,L00316,C00033,2024-07-28,,0,73,Missed
LP0006004,L00316,C00033,2024-08-28,2024-09-12,2990.5,15,Partial
LP0006005,L00316,C00033,2024-09-28,2024-10-21,2814.02,23,Partial
LP0006006,L00316,C00033,2024-10-28,,0,74,Missed
LP0006007,L00316,C00033,2024-11-28,2024-12-24,3214.52,26,Partial
LP0006008,L00316,C00033,2024-12-28,,0,118,Missed
LP0006009,L00316,C00033,2025-01-28,2025-03-26,3148.23,57,Partial
LP0006010,L00317,C00191,2024-01-28,2024-01-31,26536.12,3,Paid
LP0006011,L00317,C00191,2024-02-28,2024-03-04,26621.91,5,Paid
LP0006012,L00317,C00191,2024-03-28,2024-04-02,27229.72,5,Paid
LP0006013,L00317,C00191,2024-04-28,2024-05-05,27679.6,7,Late
LP0006014,L00317,C00191,2024-05-28,2024-05-29,26724.27,1,Paid
LP0006015,L00317,C00191,2024-06-28,2024-06-29,27567.71,1,Paid
LP0006016,L00317,C00191,2024-07-28,2024-07-29,26466.0,1,Paid
LP0006017,L00317,C00191,2024-08-28,2024-09-02,26562.88,5,Paid
LP0006018,L00317,C00191,2024-09-28,2024-10-01,27451.84,3,Paid
LP0006019,L00317,C00191,2024-10-28,2024-11-02,27272.69,5,Paid
LP0006020,L00317,C00191,2024-11-28,2024-12-04,26595.74,6,Late
LP0006021,L00317,C00191,2024-12-28,2025-01-01,27721.35,4,Paid
LP0006022,L00317,C00191,2025-01-28,2025-02-07,26651.66,10,Late
LP0006023,L00317,C00191,2025-02-28,2025-03-05,26505.19,5,Paid
LP0006024,L00317,C00191,2025-03-28,2025-04-03,27308.5,6,Late
LP0006025,L00317,C00191,2025-04-28,2025-05-02,26723.28,4,Paid
LP0006026,L00317,C00191,2025-05-28,2025-06-04,27808.76,7,Late
LP0006027,L00317,C00191,2025-06-28,2025-07-05,26478.07,7,Late
LP0006028,L00317,C00191,2025-07-28,2025-07-29,26740.73,1,Paid
LP0006029,L00317,C00191,2025-08-28,2025-09-07,27805.67,10,Late
LP0006030,L00317,C00191,2025-09-28,2025-10-01,26932.44,3,Paid
LP0006031,L00317,C00191,2025-10-28,2025-11-07,27201.45,10,Late
LP0006032,L00317,C00191,2025-11-28,2025-12-07,26500.76,9,Late
LP0006033,L00317,C00191,2025-12-28,2025-12-28,27854.55,0,Paid
LP0006034,L00318,C00878,2024-04-28,2024-05-02,23115.31,4,Paid
LP0006035,L00318,C00878,2024-05-28,2024-05-30,22827.88,2,Paid
LP0006036,L00318,C00878,2024-06-28,2024-06-30,23368.62,2,Paid
LP0006037,L00318,C00878,2024-07-28,2024-08-04,22664.78,7,Late
LP0006038,L00318,C00878,2024-08-28,2024-09-03,23457.82,6,Late
LP0006039,L00318,C00878,2024-09-28,2024-10-01,23301.83,3,Paid
LP0006040,L00318,C00878,2024-10-28,2024-10-31,23554.11,3,Paid
LP0006041,L00318,C00878,2024-11-28,2024-12-04,22484.23,6,Late
LP0006042,L00318,C00878,2024-12-28,2024-12-30,22370.42,2,Paid
LP0006043,L00318,C00878,2025-01-28,2025-02-06,23223.06,9,Late
LP0006044,L00318,C00878,2025-02-28,2025-03-08,22952.28,8,Late
LP0006045,L00318,C00878,2025-03-28,2025-04-05,23285.08,8,Late
LP0006046,L00318,C00878,2025-04-28,2025-05-05,23142.76,7,Late
LP0006047,L00318,C00878,2025-05-28,2025-05-30,23292.6,2,Paid
LP0006048,L00318,C00878,2025-06-28,2025-07-05,23036.29,7,Late
LP0006049,L00318,C00878,2025-07-28,2025-07-29,22805.32,1,Paid
LP0006050,L00318,C00878,2025-08-28,2025-09-03,23279.68,6,Late
LP0006051,L00318,C00878,2025-09-28,2025-09-30,22435.38,2,Paid
LP0006052,L00318,C00878,2025-10-28,2025-11-06,22978.41,9,Late
LP0006053,L00318,C00878,2025-11-28,2025-12-03,22420.14,5,Paid
LP0006054,L00318,C00878,2025-12-28,2026-01-03,22889.74,6,Late
LP0006055,L00318,C00878,2026-01-28,2026-02-06,22513.84,9,Late
LP0006056,L00318,C00878,2026-02-28,2026-03-10,22547.86,10,Late
LP0006057,L00318,C00878,2026-03-28,2026-04-05,22804.26,8,Late
LP0006058,L00319,C00798,2022-11-28,2022-12-04,12748.67,6,Late
LP0006059,L00319,C00798,2022-12-28,2023-01-06,13010.93,9,Late
LP0006060,L00319,C00798,2023-01-28,2023-02-01,12413.03,4,Paid
LP0006061,L00319,C00798,2023-02-28,2023-03-04,12980.67,4,Paid
LP0006062,L00319,C00798,2023-03-28,2023-03-31,12509.87,3,Paid
LP0006063,L00319,C00798,2023-04-28,2023-04-29,12419.47,1,Paid
LP0006064,L00319,C00798,2023-05-28,2023-06-03,12931.14,6,Late
LP0006065,L00319,C00798,2023-06-28,2023-07-06,12595.64,8,Late
LP0006066,L00319,C00798,2023-07-28,2023-07-28,12482.89,0,Paid
LP0006067,L00319,C00798,2023-08-28,2023-08-30,12428.82,2,Paid
LP0006068,L00319,C00798,2023-09-28,2023-09-28,12653.31,0,Paid
LP0006069,L00319,C00798,2023-10-28,2023-11-07,12952.67,10,Late
LP0006070,L00319,C00798,2023-11-28,2023-12-01,12926.1,3,Paid
LP0006071,L00319,C00798,2023-12-28,2024-01-03,12543.77,6,Late
LP0006072,L00319,C00798,2024-01-28,2024-01-31,12876.09,3,Paid
LP0006073,L00319,C00798,2024-02-28,2024-02-29,12773.03,1,Paid
LP0006074,L00319,C00798,2024-03-28,2024-03-30,12463.38,2,Paid
LP0006075,L00319,C00798,2024-04-28,2024-05-08,12420.86,10,Late
LP0006076,L00319,C00798,2024-05-28,2024-06-02,12657.74,5,Paid
LP0006077,L00319,C00798,2024-06-28,2024-07-01,12884.12,3,Paid
LP0006078,L00319,C00798,2024-07-28,2024-07-28,12992.06,0,Paid
LP0006079,L00319,C00798,2024-08-28,2024-08-31,12963.78,3,Paid
LP0006080,L00319,C00798,2024-09-28,2024-10-06,13082.41,8,Late
LP0006081,L00319,C00798,2024-10-28,2024-10-29,12848.0,1,Paid
LP0006082,L00320,C00414,2022-11-28,2022-12-02,16147.47,4,Paid
LP0006083,L00320,C00414,2022-12-28,2023-01-07,15963.66,10,Late
LP0006084,L00320,C00414,2023-01-28,2023-02-01,15950.69,4,Paid
LP0006085,L00320,C00414,2023-02-28,2023-03-03,15681.27,3,Paid
LP0006086,L00320,C00414,2023-03-28,2023-04-04,16277.76,7,Late
LP0006087,L00320,C00414,2023-04-28,2023-05-03,16441.52,5,Paid
LP0006088,L00320,C00414,2023-05-28,2023-06-04,16367.18,7,Late
LP0006089,L00320,C00414,2023-06-28,2023-07-05,16543.58,7,Late
LP0006090,L00320,C00414,2023-07-28,2023-07-29,16280.2,1,Paid
LP0006091,L00320,C00414,2023-08-28,2023-09-01,16522.68,4,Paid
LP0006092,L00320,C00414,2023-09-28,2023-10-03,16492.78,5,Paid
LP0006093,L00320,C00414,2023-10-28,2023-11-05,15855.85,8,Late
LP0006094,L00320,C00414,2023-11-28,2023-12-04,15889.27,6,Late
LP0006095,L00320,C00414,2023-12-28,2023-12-30,16510.05,2,Paid
LP0006096,L00320,C00414,2024-01-28,2024-01-31,16484.6,3,Paid
LP0006097,L00320,C00414,2024-02-28,2024-03-02,16335.91,3,Paid
LP0006098,L00320,C00414,2024-03-28,2024-03-31,15691.05,3,Paid
LP0006099,L00320,C00414,2024-04-28,2024-05-05,16363.8,7,Late
LP0006100,L00320,C00414,2024-05-28,2024-06-04,16318.2,7,Late
LP0006101,L00320,C00414,2024-06-28,2024-07-04,16043.58,6,Late
LP0006102,L00320,C00414,2024-07-28,2024-07-28,16091.36,0,Paid
LP0006103,L00320,C00414,2024-08-28,2024-08-28,15833.46,0,Paid
LP0006104,L00320,C00414,2024-09-28,2024-10-03,15675.05,5,Paid
LP0006105,L00320,C00414,2024-10-28,2024-11-03,16066.64,6,Late
LP0006106,L00321,C00975,2024-01-28,2024-01-28,20263.05,0,Paid
LP0006107,L00321,C00975,2024-02-28,2024-03-08,19912.83,9,Late
LP0006108,L00321,C00975,2024-03-28,2024-04-02,19176.55,5,Paid
LP0006109,L00321,C00975,2024-04-28,2024-05-03,19997.07,5,Paid
LP0006110,L00321,C00975,2024-05-28,2024-06-03,19250.71,6,Late
LP0006111,L00321,C00975,2024-06-28,2024-06-28,19652.33,0,Paid
LP0006112,L00321,C00975,2024-07-28,2024-08-06,19639.17,9,Late
LP0006113,L00321,C00975,2024-08-28,2024-09-02,20172.03,5,Paid
LP0006114,L00321,C00975,2024-09-28,2024-10-01,19314.77,3,Paid
LP0006115,L00321,C00975,2024-10-28,2024-11-01,19741.89,4,Paid
LP0006116,L00321,C00975,2024-11-28,2024-11-29,19922.04,1,Paid
LP0006117,L00321,C00975,2024-12-28,2025-01-01,19229.66,4,Paid
LP0006118,L00321,C00975,2025-01-28,2025-02-07,19475.99,10,Late
LP0006119,L00321,C00975,2025-02-28,2025-03-10,20045.31,10,Late
LP0006120,L00321,C00975,2025-03-28,2025-04-01,19385.32,4,Paid
LP0006121,L00321,C00975,2025-04-28,2025-05-04,19770.24,6,Late
LP0006122,L00321,C00975,2025-05-28,2025-06-05,20153.4,8,Late
LP0006123,L00321,C00975,2025-06-28,2025-07-03,19844.51,5,Paid
LP0006124,L00321,C00975,2025-07-28,2025-08-03,19213.05,6,Late
LP0006125,L00321,C00975,2025-08-28,2025-08-28,20198.51,0,Paid
LP0006126,L00321,C00975,2025-09-28,2025-10-06,19935.76,8,Late
LP0006127,L00321,C00975,2025-10-28,2025-10-30,19162.87,2,Paid
LP0006128,L00321,C00975,2025-11-28,2025-12-06,19732.19,8,Late
LP0006129,L00321,C00975,2025-12-28,2026-01-03,19902.69,6,Late
LP0006130,L00322,C00482,2024-05-28,2024-06-05,45542.12,8,Late
LP0006131,L00322,C00482,2024-06-28,2024-06-29,44754.42,1,Paid
LP0006132,L00322,C00482,2024-07-28,2024-08-07,44725.86,10,Late
LP0006133,L00322,C00482,2024-08-28,2024-09-07,43559.86,10,Late
LP0006134,L00322,C00482,2024-09-28,2024-09-29,44684.9,1,Paid
LP0006135,L00322,C00482,2024-10-28,2024-11-05,44754.41,8,Late
LP0006136,L00322,C00482,2024-11-28,2024-12-01,44665.26,3,Paid
LP0006137,L00322,C00482,2024-12-28,2024-12-29,45718.91,1,Paid
LP0006138,L00322,C00482,2025-01-28,2025-02-05,44448.54,8,Late
LP0006139,L00322,C00482,2025-02-28,2025-03-09,43515.75,9,Late
LP0006140,L00322,C00482,2025-03-28,2025-04-03,44060.24,6,Late
LP0006141,L00322,C00482,2025-04-28,2025-04-29,45436.04,1,Paid
LP0006142,L00322,C00482,2025-05-28,2025-05-29,44415.11,1,Paid
LP0006143,L00322,C00482,2025-06-28,2025-07-19,38821.05,21,Partial
LP0006144,L00322,C00482,2025-07-28,,0,96,Missed
LP0006145,L00322,C00482,2025-08-28,2025-10-02,37468.17,35,Partial
LP0006146,L00322,C00482,2025-09-28,,0,46,Missed
LP0006147,L00322,C00482,2025-10-28,2025-11-20,24178.94,23,Partial
LP0006148,L00322,C00482,2025-11-28,2026-01-14,27257.48,47,Partial
LP0006149,L00322,C00482,2025-12-28,2026-02-06,44219.07,40,Partial
LP0006150,L00322,C00482,2026-01-28,,0,40,Missed
LP0006151,L00322,C00482,2026-02-28,2026-03-28,26724.95,28,Partial
LP0006152,L00322,C00482,2026-03-28,2026-05-11,39339.24,44,Partial
LP0006153,L00322,C00482,2026-04-28,2026-06-02,24829.04,35,Partial
LP0006154,L00323,C00892,2022-11-28,2022-11-30,3201.47,2,Paid
LP0006155,L00323,C00892,2022-12-28,2023-01-04,3194.49,7,Late
LP0006156,L00323,C00892,2023-01-28,2023-02-03,3217.96,6,Late
LP0006157,L00323,C00892,2023-02-28,2023-03-05,3131.2,5,Paid
LP0006158,L00323,C00892,2023-03-28,2023-03-31,3246.85,3,Paid
LP0006159,L00323,C00892,2023-04-28,2023-05-04,3191.24,6,Late
LP0006160,L00323,C00892,2023-05-28,2023-05-29,3083.81,1,Paid
LP0006161,L00323,C00892,2023-06-28,2023-07-06,3232.76,8,Late
LP0006162,L00323,C00892,2023-07-28,2023-08-02,3149.15,5,Paid
LP0006163,L00323,C00892,2023-08-28,2023-09-03,3184.95,6,Late
LP0006164,L00323,C00892,2023-09-28,2023-10-03,3087.12,5,Paid
LP0006165,L00323,C00892,2023-10-28,2023-10-31,3179.27,3,Paid
LP0006166,L00323,C00892,2023-11-28,2023-12-05,3098.36,7,Late
LP0006167,L00323,C00892,2023-12-28,2023-12-29,3211.73,1,Paid
LP0006168,L00323,C00892,2024-01-28,2024-02-01,3167.64,4,Paid
LP0006169,L00323,C00892,2024-02-28,2024-03-02,3144.62,3,Paid
LP0006170,L00323,C00892,2024-03-28,2024-04-05,3083.85,8,Late
LP0006171,L00323,C00892,2024-04-28,2024-05-01,3120.7,3,Paid
LP0006172,L00323,C00892,2024-05-28,2024-05-31,3214.94,3,Paid
LP0006173,L00323,C00892,2024-06-28,2024-06-28,3101.83,0,Paid
LP0006174,L00323,C00892,2024-07-28,2024-08-01,3142.5,4,Paid
LP0006175,L00323,C00892,2024-08-28,2024-09-04,3125.23,7,Late
LP0006176,L00323,C00892,2024-09-28,2024-10-07,3145.07,9,Late
LP0006177,L00323,C00892,2024-10-28,2024-11-07,3248.51,10,Late
LP0006178,L00324,C00444,2025-10-28,2025-11-04,10687.95,7,Late
LP0006179,L00324,C00444,2025-11-28,2025-12-02,10895.3,4,Paid
LP0006180,L00324,C00444,2025-12-28,2026-01-01,10754.13,4,Paid
LP0006181,L00324,C00444,2026-01-28,2026-02-02,10674.21,5,Paid
LP0006182,L00324,C00444,2026-02-28,2026-03-04,10826.03,4,Paid
LP0006183,L00324,C00444,2026-03-28,2026-03-29,10810.76,1,Paid
LP0006184,L00324,C00444,2026-04-28,2026-05-05,10617.9,7,Late
LP0006185,L00324,C00444,2026-05-28,2026-06-05,10904.24,8,Late
LP0006186,L00324,C00444,2026-06-28,2026-06-29,10968.15,1,Paid
LP0006187,L00324,C00444,2026-07-28,2026-08-02,11063.64,5,Paid
LP0006188,L00324,C00444,2026-08-28,2026-09-05,10828.92,8,Late
LP0006189,L00325,C00679,2023-09-28,2023-10-05,2259.12,7,Late
LP0006190,L00325,C00679,2023-10-28,2023-11-01,2241.05,4,Paid
LP0006191,L00325,C00679,2023-11-28,2023-12-03,2140.35,5,Paid
LP0006192,L00325,C00679,2023-12-28,2023-12-29,2177.6,1,Paid
LP0006193,L00325,C00679,2024-01-28,2024-01-31,2173.63,3,Paid
LP0006194,L00325,C00679,2024-02-28,2024-03-09,2182.72,10,Late
LP0006195,L00325,C00679,2024-03-28,2024-03-28,2204.65,0,Paid
LP0006196,L00325,C00679,2024-04-28,2024-05-08,2187.54,10,Late
LP0006197,L00325,C00679,2024-05-28,2024-06-03,2214.44,6,Late
LP0006198,L00325,C00679,2024-06-28,2024-07-04,2223.68,6,Late
LP0006199,L00325,C00679,2024-07-28,2024-07-31,2204.65,3,Paid
LP0006200,L00325,C00679,2024-08-28,2024-09-01,2171.36,4,Paid
LP0006201,L00325,C00679,2024-09-28,2024-10-05,2143.01,7,Late
LP0006202,L00325,C00679,2024-10-28,2024-11-01,2144.14,4,Paid
LP0006203,L00325,C00679,2024-11-28,2024-12-03,2230.87,5,Paid
LP0006204,L00325,C00679,2024-12-28,2025-01-07,2238.44,10,Late
LP0006205,L00325,C00679,2025-01-28,2025-02-07,2165.53,10,Late
LP0006206,L00325,C00679,2025-02-28,2025-03-01,2136.06,1,Paid
LP0006207,L00325,C00679,2025-03-28,2025-04-02,2235.13,5,Paid
LP0006208,L00325,C00679,2025-04-28,2025-04-30,2213.28,2,Paid
LP0006209,L00325,C00679,2025-05-28,2025-06-06,2257.26,9,Late
LP0006210,L00325,C00679,2025-06-28,2025-07-04,2243.35,6,Late
LP0006211,L00325,C00679,2025-07-28,2025-08-02,2188.33,5,Paid
LP0006212,L00325,C00679,2025-08-28,2025-08-30,2257.91,2,Paid
LP0006213,L00326,C00062,2025-04-28,2025-04-28,47541.98,0,Paid
LP0006214,L00326,C00062,2025-05-28,2025-06-04,46858.77,7,Late
LP0006215,L00326,C00062,2025-06-28,2025-07-01,47584.57,3,Paid
LP0006216,L00326,C00062,2025-07-28,2025-07-31,45693.41,3,Paid
LP0006217,L00326,C00062,2025-08-28,2025-09-03,46325.5,6,Late
LP0006218,L00326,C00062,2025-09-28,2025-10-08,46454.91,10,Late
LP0006219,L00326,C00062,2025-10-28,2025-11-01,45965.08,4,Paid
LP0006220,L00326,C00062,2025-11-28,2025-11-29,45189.82,1,Paid
LP0006221,L00326,C00062,2025-12-28,2026-01-07,46654.88,10,Late
LP0006222,L00326,C00062,2026-01-28,2026-02-19,44213.37,22,Partial
LP0006223,L00326,C00062,2026-02-28,,0,120,Missed
LP0006224,L00326,C00062,2026-03-28,2026-04-29,28309.32,32,Partial
LP0006225,L00326,C00062,2026-04-28,2026-06-14,28952.63,47,Partial
LP0006226,L00326,C00062,2026-05-28,2026-07-13,39149.69,46,Partial
LP0006227,L00326,C00062,2026-06-28,2026-07-16,44653.16,18,Partial
LP0006228,L00326,C00062,2026-07-28,,0,31,Missed
LP0006229,L00326,C00062,2026-08-28,,0,66,Missed
LP0006230,L00327,C00493,2023-08-28,2023-09-03,41013.57,6,Late
LP0006231,L00327,C00493,2023-09-28,2023-09-29,41354.49,1,Paid
LP0006232,L00327,C00493,2023-10-28,2023-11-05,41572.21,8,Late
LP0006233,L00327,C00493,2023-11-28,2023-12-05,40542.99,7,Late
LP0006234,L00327,C00493,2023-12-28,2024-01-05,40517.72,8,Late
LP0006235,L00327,C00493,2024-01-28,2024-02-07,40818.75,10,Late
LP0006236,L00327,C00493,2024-02-28,2024-03-07,40641.06,8,Late
LP0006237,L00327,C00493,2024-03-28,2024-04-01,40156.13,4,Paid
LP0006238,L00327,C00493,2024-04-28,2024-05-06,40827.34,8,Late
LP0006239,L00327,C00493,2024-05-28,2024-06-04,40811.52,7,Late
LP0006240,L00327,C00493,2024-06-28,2024-07-03,40437.15,5,Paid
LP0006241,L00327,C00493,2024-07-28,2024-08-06,40465.96,9,Late
LP0006242,L00327,C00493,2024-08-28,2024-08-29,40016.61,1,Paid
LP0006243,L00327,C00493,2024-09-28,2024-10-07,39516.57,9,Late
LP0006244,L00327,C00493,2024-10-28,2024-11-06,41354.67,9,Late
LP0006245,L00327,C00493,2024-11-28,2024-12-04,39469.0,6,Late
LP0006246,L00327,C00493,2024-12-28,2025-01-06,39437.69,9,Late
LP0006247,L00327,C00493,2025-01-28,2025-02-03,40737.82,6,Late
LP0006248,L00327,C00493,2025-02-28,2025-03-02,41250.85,2,Paid
LP0006249,L00327,C00493,2025-03-28,2025-04-07,41051.08,10,Late
LP0006250,L00327,C00493,2025-04-28,2025-05-03,39540.47,5,Paid
LP0006251,L00327,C00493,2025-05-28,2025-06-05,41397.67,8,Late
LP0006252,L00327,C00493,2025-06-28,2025-07-01,41611.5,3,Paid
LP0006253,L00327,C00493,2025-07-28,2025-08-04,40936.46,7,Late
LP0006254,L00328,C00088,2022-11-28,2022-12-04,2536.83,6,Late
LP0006255,L00328,C00088,2022-12-28,2023-01-03,2559.73,6,Late
LP0006256,L00328,C00088,2023-01-28,2023-02-07,2627.22,10,Late
LP0006257,L00328,C00088,2023-02-28,2023-03-09,2557.15,9,Late
LP0006258,L00328,C00088,2023-03-28,2023-03-30,2479.42,2,Paid
LP0006259,L00328,C00088,2023-04-28,2023-05-01,2505.39,3,Paid
LP0006260,L00328,C00088,2023-05-28,2023-06-03,2620.6,6,Late
LP0006261,L00328,C00088,2023-06-28,2023-07-03,2485.96,5,Paid
LP0006262,L00328,C00088,2023-07-28,2023-07-31,2629.29,3,Paid
LP0006263,L00328,C00088,2023-08-28,2023-09-02,2617.01,5,Paid
LP0006264,L00328,C00088,2023-09-28,2023-10-02,2491.07,4,Paid
LP0006265,L00328,C00088,2023-10-28,2023-11-01,2592.35,4,Paid
LP0006266,L00328,C00088,2023-11-28,2023-11-28,2589.2,0,Paid
LP0006267,L00328,C00088,2023-12-28,2024-01-03,2533.98,6,Late
LP0006268,L00328,C00088,2024-01-28,2024-01-29,2629.66,1,Paid
LP0006269,L00328,C00088,2024-02-28,2024-03-02,2509.79,3,Paid
LP0006270,L00328,C00088,2024-03-28,2024-03-30,2605.26,2,Paid
LP0006271,L00328,C00088,2024-04-28,2024-05-02,2568.65,4,Paid
LP0006272,L00328,C00088,2024-05-28,2024-06-04,2543.69,7,Late
LP0006273,L00328,C00088,2024-06-28,2024-07-01,2585.78,3,Paid
LP0006274,L00328,C00088,2024-07-28,2024-08-07,2592.08,10,Late
LP0006275,L00328,C00088,2024-08-28,2024-09-03,2608.89,6,Late
LP0006276,L00328,C00088,2024-09-28,2024-09-29,2628.95,1,Paid
LP0006277,L00328,C00088,2024-10-28,2024-11-05,2518.14,8,Late
LP0006278,L00329,C00652,2022-01-28,2022-02-07,11616.98,10,Late
LP0006279,L00329,C00652,2022-02-28,2022-03-02,11669.01,2,Paid
LP0006280,L00329,C00652,2022-03-28,2022-04-06,11477.78,9,Late
LP0006281,L00329,C00652,2022-04-28,2022-05-02,11681.15,4,Paid
LP0006282,L00329,C00652,2022-05-28,2022-05-31,11507.88,3,Paid
LP0006283,L00329,C00652,2022-06-28,2022-07-04,11522.53,6,Late
LP0006284,L00329,C00652,2022-07-28,2022-08-03,11196.43,6,Late
LP0006285,L00329,C00652,2022-08-28,2022-09-06,11457.64,9,Late
LP0006286,L00329,C00652,2022-09-28,2022-10-05,11408.06,7,Late
LP0006287,L00329,C00652,2022-10-28,2022-10-29,11803.25,1,Paid
LP0006288,L00329,C00652,2022-11-28,2022-12-01,11379.46,3,Paid
LP0006289,L00329,C00652,2022-12-28,2023-01-07,11369.52,10,Late
LP0006290,L00329,C00652,2023-01-28,2023-01-29,11833.02,1,Paid
LP0006291,L00329,C00652,2023-02-28,2023-03-03,11828.98,3,Paid
LP0006292,L00329,C00652,2023-03-28,2023-03-29,11385.78,1,Paid
LP0006293,L00329,C00652,2023-04-28,2023-05-01,11792.68,3,Paid
LP0006294,L00329,C00652,2023-05-28,2023-06-05,11580.58,8,Late
LP0006295,L00329,C00652,2023-06-28,2023-07-08,11754.68,10,Late
LP0006296,L00329,C00652,2023-07-28,2023-08-05,11715.86,8,Late
LP0006297,L00329,C00652,2023-08-28,2023-09-07,11545.72,10,Late
LP0006298,L00329,C00652,2023-09-28,2023-10-07,11640.08,9,Late
LP0006299,L00329,C00652,2023-10-28,2023-11-02,11317.22,5,Paid
LP0006300,L00329,C00652,2023-11-28,2023-11-29,11271.18,1,Paid
LP0006301,L00329,C00652,2023-12-28,2023-12-28,11170.25,0,Paid
LP0006302,L00330,C00555,2022-02-28,2022-03-05,5850.84,5,Paid
LP0006303,L00330,C00555,2022-03-28,2022-03-28,5758.18,0,Paid
LP0006304,L00330,C00555,2022-04-28,2022-04-28,5952.41,0,Paid
LP0006305,L00330,C00555,2022-05-28,2022-06-01,5685.56,4,Paid
LP0006306,L00330,C00555,2022-06-28,2022-07-08,5806.87,10,Late
LP0006307,L00330,C00555,2022-07-28,2022-07-31,5790.55,3,Paid
LP0006308,L00330,C00555,2022-08-28,2022-09-01,5713.28,4,Paid
LP0006309,L00330,C00555,2022-09-28,2022-10-01,5928.15,3,Paid
LP0006310,L00330,C00555,2022-10-28,2022-10-31,5725.3,3,Paid
LP0006311,L00330,C00555,2022-11-28,2022-12-01,5753.68,3,Paid
LP0006312,L00330,C00555,2022-12-28,2023-01-07,5701.32,10,Late
LP0006313,L00330,C00555,2023-01-28,2023-01-29,5751.38,1,Paid
LP0006314,L00330,C00555,2023-02-28,2023-03-10,5802.91,10,Late
LP0006315,L00330,C00555,2023-03-28,2023-04-05,5849.22,8,Late
LP0006316,L00330,C00555,2023-04-28,2023-05-05,5953.62,7,Late
LP0006317,L00330,C00555,2023-05-28,2023-06-03,5705.99,6,Late
LP0006318,L00330,C00555,2023-06-28,2023-06-29,5914.67,1,Paid
LP0006319,L00330,C00555,2023-07-28,2023-08-04,5860.82,7,Late
LP0006320,L00330,C00555,2023-08-28,2023-09-07,5933.87,10,Late
LP0006321,L00330,C00555,2023-09-28,2023-10-02,5903.46,4,Paid
LP0006322,L00330,C00555,2023-10-28,2023-11-07,5862.27,10,Late
LP0006323,L00330,C00555,2023-11-28,2023-11-29,5661.47,1,Paid
LP0006324,L00330,C00555,2023-12-28,2023-12-29,5822.2,1,Paid
LP0006325,L00330,C00555,2024-01-28,2024-02-04,5961.04,7,Late
LP0006326,L00331,C00123,2024-09-28,2024-10-06,24643.5,8,Late
LP0006327,L00331,C00123,2024-10-28,2024-10-29,24558.48,1,Paid
LP0006328,L00331,C00123,2024-11-28,2024-11-29,24841.37,1,Paid
LP0006329,L00331,C00123,2024-12-28,2025-01-02,24960.18,5,Paid
LP0006330,L00331,C00123,2025-01-28,2025-02-04,24522.57,7,Late
LP0006331,L00331,C00123,2025-02-28,2025-03-06,23870.72,6,Late
LP0006332,L00331,C00123,2025-03-28,2025-03-31,23736.58,3,Paid
LP0006333,L00331,C00123,2025-04-28,2025-05-08,23615.2,10,Late
LP0006334,L00331,C00123,2025-05-28,2025-06-01,24381.29,4,Paid
LP0006335,L00331,C00123,2025-06-28,2025-06-29,24433.01,1,Paid
LP0006336,L00331,C00123,2025-07-28,2025-08-03,24544.74,6,Late
LP0006337,L00331,C00123,2025-08-28,2025-09-07,23991.57,10,Late
LP0006338,L00331,C00123,2025-09-28,2025-10-07,24104.22,9,Late
LP0006339,L00331,C00123,2025-10-28,2025-10-30,24227.97,2,Paid
LP0006340,L00331,C00123,2025-11-28,2025-12-02,24038.01,4,Paid
LP0006341,L00331,C00123,2025-12-28,2025-12-28,24966.75,0,Paid
LP0006342,L00331,C00123,2026-01-28,2026-02-02,24874.98,5,Paid
LP0006343,L00331,C00123,2026-02-28,2026-03-08,24839.65,8,Late
LP0006344,L00331,C00123,2026-03-28,2026-04-03,24660.84,6,Late
LP0006345,L00331,C00123,2026-04-28,2026-05-04,23764.43,6,Late
LP0006346,L00331,C00123,2026-05-28,2026-05-31,24170.16,3,Paid
LP0006347,L00331,C00123,2026-06-28,2026-07-03,24540.67,5,Paid
LP0006348,L00331,C00123,2026-07-28,2026-08-04,24200.41,7,Late
LP0006349,L00331,C00123,2026-08-28,2026-09-07,24814.21,10,Late
LP0006350,L00332,C00164,2024-07-28,2024-08-04,13365.44,7,Late
LP0006351,L00332,C00164,2024-08-28,2024-08-29,13736.5,1,Paid
LP0006352,L00332,C00164,2024-09-28,2024-10-07,14058.29,9,Late
LP0006353,L00332,C00164,2024-10-28,2024-11-07,13979.8,10,Late
LP0006354,L00332,C00164,2024-11-28,2024-11-29,13668.75,1,Paid
LP0006355,L00332,C00164,2024-12-28,2025-01-04,13265.39,7,Late
LP0006356,L00332,C00164,2025-01-28,2025-02-04,13787.13,7,Late
LP0006357,L00332,C00164,2025-02-28,2025-02-28,13368.7,0,Paid
LP0006358,L00332,C00164,2025-03-28,2025-04-07,13624.36,10,Late
LP0006359,L00332,C00164,2025-04-28,2025-05-04,13900.31,6,Late
LP0006360,L00332,C00164,2025-05-28,2025-06-01,13515.67,4,Paid
LP0006361,L00332,C00164,2025-06-28,2025-06-30,13627.56,2,Paid
LP0006362,L00332,C00164,2025-07-28,2025-08-01,14043.18,4,Paid
LP0006363,L00332,C00164,2025-08-28,2025-08-28,13838.38,0,Paid
LP0006364,L00332,C00164,2025-09-28,2025-09-28,13444.56,0,Paid
LP0006365,L00332,C00164,2025-10-28,2025-11-05,13672.3,8,Late
LP0006366,L00332,C00164,2025-11-28,2025-12-08,13883.77,10,Late
LP0006367,L00332,C00164,2025-12-28,2026-01-03,14074.85,6,Late
LP0006368,L00332,C00164,2026-01-28,2026-02-01,13612.12,4,Paid
LP0006369,L00332,C00164,2026-02-28,2026-03-05,13948.41,5,Paid
LP0006370,L00332,C00164,2026-03-28,2026-04-01,13869.88,4,Paid
LP0006371,L00332,C00164,2026-04-28,2026-04-29,13804.98,1,Paid
LP0006372,L00332,C00164,2026-05-28,2026-06-05,13604.72,8,Late
LP0006373,L00332,C00164,2026-06-28,2026-07-08,13865.61,10,Late
LP0006374,L00333,C00852,2025-12-28,2026-01-01,32325.0,4,Paid
LP0006375,L00333,C00852,2026-01-28,2026-02-05,32104.29,8,Late
LP0006376,L00333,C00852,2026-02-28,2026-03-04,32327.25,4,Paid
LP0006377,L00333,C00852,2026-03-28,2026-03-31,32513.39,3,Paid
LP0006378,L00333,C00852,2026-04-28,2026-04-28,31570.2,0,Paid
LP0006379,L00333,C00852,2026-05-28,2026-06-06,31438.53,9,Late
LP0006380,L00333,C00852,2026-06-28,2026-07-04,32232.19,6,Late
LP0006381,L00333,C00852,2026-07-28,2026-08-03,32132.52,6,Late
LP0006382,L00333,C00852,2026-08-28,2026-08-28,32415.84,0,Paid
LP0006383,L00334,C00187,2023-05-28,2023-05-31,31318.77,3,Paid
LP0006384,L00334,C00187,2023-06-28,2023-07-03,32259.38,5,Paid
LP0006385,L00334,C00187,2023-07-28,2023-08-04,31433.34,7,Late
LP0006386,L00334,C00187,2023-08-28,2023-09-01,31050.03,4,Paid
LP0006387,L00334,C00187,2023-09-28,2023-10-04,32102.6,6,Late
LP0006388,L00334,C00187,2023-10-28,2023-10-31,30441.2,3,Paid
LP0006389,L00334,C00187,2023-11-28,2023-11-30,30923.87,2,Paid
LP0006390,L00334,C00187,2023-12-28,2024-01-03,30975.09,6,Late
LP0006391,L00334,C00187,2024-01-28,2024-01-28,32148.15,0,Paid
LP0006392,L00334,C00187,2024-02-28,2024-02-29,30852.04,1,Paid
LP0006393,L00334,C00187,2024-03-28,2024-03-30,30759.43,2,Paid
LP0006394,L00334,C00187,2024-04-28,2024-05-05,31130.91,7,Late
LP0006395,L00334,C00187,2024-05-28,2024-06-01,30576.3,4,Paid
LP0006396,L00334,C00187,2024-06-28,2024-06-30,31226.76,2,Paid
LP0006397,L00334,C00187,2024-07-28,2024-08-01,31849.68,4,Paid
LP0006398,L00334,C00187,2024-08-28,2024-09-02,31809.12,5,Paid
LP0006399,L00334,C00187,2024-09-28,2024-09-28,31509.95,0,Paid
LP0006400,L00334,C00187,2024-10-28,2024-11-02,31129.45,5,Paid
LP0006401,L00334,C00187,2024-11-28,2024-12-08,31646.06,10,Late
LP0006402,L00334,C00187,2024-12-28,2024-12-31,30617.75,3,Paid
LP0006403,L00334,C00187,2025-01-28,2025-02-06,30716.86,9,Late
LP0006404,L00334,C00187,2025-02-28,2025-03-06,31227.38,6,Late
LP0006405,L00334,C00187,2025-03-28,2025-03-30,31954.13,2,Paid
LP0006406,L00334,C00187,2025-04-28,2025-05-02,31358.07,4,Paid
LP0006407,L00335,C00870,2025-05-28,2025-06-03,3686.83,6,Late
LP0006408,L00335,C00870,2025-06-28,2025-07-06,3720.98,8,Late
LP0006409,L00335,C00870,2025-07-28,2025-08-07,3906.71,10,Late
LP0006410,L00335,C00870,2025-08-28,2025-08-28,3796.01,0,Paid
LP0006411,L00335,C00870,2025-09-28,2025-09-29,3700.15,1,Paid
LP0006412,L00335,C00870,2025-10-28,2025-10-30,3744.43,2,Paid
LP0006413,L00335,C00870,2025-11-28,2025-12-06,3862.42,8,Late
LP0006414,L00335,C00870,2025-12-28,2026-01-05,3840.63,8,Late
LP0006415,L00335,C00870,2026-01-28,2026-02-03,3748.48,6,Late
LP0006416,L00335,C00870,2026-02-28,2026-04-22,3016.54,53,Partial
LP0006417,L00335,C00870,2026-03-28,2026-05-20,3064.18,53,Partial
LP0006418,L00335,C00870,2026-04-28,2026-06-22,3338.23,55,Partial
LP0006419,L00335,C00870,2026-05-28,2026-06-24,3064.57,27,Partial
LP0006420,L00335,C00870,2026-06-28,2026-08-15,3276.69,48,Partial
LP0006421,L00335,C00870,2026-07-28,2026-08-25,2952.66,28,Partial
LP0006422,L00335,C00870,2026-08-28,2026-10-19,2657.46,52,Partial
LP0006423,L00336,C00409,2024-03-28,2024-04-05,60404.25,8,Late
LP0006424,L00336,C00409,2024-04-28,2024-05-06,60304.7,8,Late
LP0006425,L00336,C00409,2024-05-28,2024-06-04,60629.13,7,Late
LP0006426,L00336,C00409,2024-06-28,2024-07-04,63429.27,6,Late
LP0006427,L00336,C00409,2024-07-28,2024-07-29,63223.01,1,Paid
LP0006428,L00336,C00409,2024-08-28,2024-09-03,61140.75,6,Late
LP0006429,L00336,C00409,2024-09-28,2024-09-30,60773.81,2,Paid
LP0006430,L00336,C00409,2024-10-28,2024-10-28,61668.53,0,Paid
LP0006431,L00336,C00409,2024-11-28,2024-12-08,62083.36,10,Late
LP0006432,L00336,C00409,2024-12-28,2025-01-07,62129.58,10,Late
LP0006433,L00336,C00409,2025-01-28,2025-02-04,61862.01,7,Late
LP0006434,L00336,C00409,2025-02-28,2025-03-07,60712.24,7,Late
LP0006435,L00336,C00409,2025-03-28,2025-04-07,61182.64,10,Late
LP0006436,L00336,C00409,2025-04-28,2025-04-29,61996.56,1,Paid
LP0006437,L00336,C00409,2025-05-28,2025-06-05,59943.03,8,Late
LP0006438,L00336,C00409,2025-06-28,2025-07-06,60796.67,8,Late
LP0006439,L00336,C00409,2025-07-28,2025-08-06,61345.41,9,Late
LP0006440,L00336,C00409,2025-08-28,2025-09-07,60579.43,10,Late
LP0006441,L00336,C00409,2025-09-28,2025-10-01,63290.07,3,Paid
LP0006442,L00336,C00409,2025-10-28,2025-10-30,62050.21,2,Paid
LP0006443,L00336,C00409,2025-11-28,2025-12-07,62533.12,9,Late
LP0006444,L00336,C00409,2025-12-28,2025-12-28,61853.73,0,Paid
LP0006445,L00336,C00409,2026-01-28,2026-02-04,60420.23,7,Late
LP0006446,L00336,C00409,2026-02-28,2026-03-02,61361.88,2,Paid
LP0006447,L00337,C00098,2022-02-28,2022-03-10,7077.13,10,Late
LP0006448,L00337,C00098,2022-03-28,2022-04-05,6929.73,8,Late
LP0006449,L00337,C00098,2022-04-28,2022-04-28,7083.78,0,Paid
LP0006450,L00337,C00098,2022-05-28,2022-06-04,7086.93,7,Late
LP0006451,L00337,C00098,2022-06-28,2022-07-05,7235.98,7,Late
LP0006452,L00337,C00098,2022-07-28,2022-08-05,7255.95,8,Late
LP0006453,L00337,C00098,2022-08-28,2022-09-04,7178.07,7,Late
LP0006454,L00337,C00098,2022-09-28,2022-10-01,7191.09,3,Paid
LP0006455,L00337,C00098,2022-10-28,2022-11-04,6924.22,7,Late
LP0006456,L00337,C00098,2022-11-28,2022-11-29,7311.34,1,Paid
LP0006457,L00337,C00098,2022-12-28,2022-12-28,7045.14,0,Paid
LP0006458,L00337,C00098,2023-01-28,2023-02-06,7078.8,9,Late
LP0006459,L00337,C00098,2023-02-28,2023-03-06,7105.89,6,Late
LP0006460,L00337,C00098,2023-03-28,2023-04-06,7273.57,9,Late
LP0006461,L00337,C00098,2023-04-28,2023-05-01,6984.74,3,Paid
LP0006462,L00337,C00098,2023-05-28,2023-06-02,6984.03,5,Paid
LP0006463,L00337,C00098,2023-06-28,2023-07-05,7011.78,7,Late
LP0006464,L00337,C00098,2023-07-28,2023-08-07,7073.1,10,Late
LP0006465,L00337,C00098,2023-08-28,2023-09-01,6951.95,4,Paid
LP0006466,L00337,C00098,2023-09-28,2023-09-29,6915.73,1,Paid
LP0006467,L00337,C00098,2023-10-28,2023-10-31,6995.14,3,Paid
LP0006468,L00337,C00098,2023-11-28,2023-12-02,7311.6,4,Paid
LP0006469,L00337,C00098,2023-12-28,2024-01-04,7104.49,7,Late
LP0006470,L00337,C00098,2024-01-28,2024-02-03,7041.43,6,Late
LP0006471,L00338,C00753,2025-12-28,2026-01-05,18097.34,8,Late
LP0006472,L00338,C00753,2026-01-28,2026-02-06,17636.31,9,Late
LP0006473,L00338,C00753,2026-02-28,2026-03-08,18408.59,8,Late
LP0006474,L00338,C00753,2026-03-28,2026-04-03,17603.84,6,Late
LP0006475,L00338,C00753,2026-04-28,2026-04-30,18144.76,2,Paid
LP0006476,L00338,C00753,2026-05-28,2026-05-28,17949.63,0,Paid
LP0006477,L00338,C00753,2026-06-28,2026-07-03,18568.86,5,Paid
LP0006478,L00338,C00753,2026-07-28,2026-07-30,17802.49,2,Paid
LP0006479,L00338,C00753,2026-08-28,2026-09-03,18435.3,6,Late
LP0006480,L00339,C00584,2023-04-28,2023-05-07,11457.31,9,Late
LP0006481,L00339,C00584,2023-05-28,2023-06-04,11604.49,7,Late
LP0006482,L00339,C00584,2023-06-28,2023-07-04,11532.55,6,Late
LP0006483,L00339,C00584,2023-07-28,2023-08-05,11301.1,8,Late
LP0006484,L00339,C00584,2023-08-28,2023-08-28,11398.6,0,Paid
LP0006485,L00339,C00584,2023-09-28,2023-10-06,11716.38,8,Late
LP0006486,L00339,C00584,2023-10-28,2023-11-01,11657.95,4,Paid
LP0006487,L00339,C00584,2023-11-28,2023-12-06,11524.2,8,Late
LP0006488,L00339,C00584,2023-12-28,2024-01-02,11439.45,5,Paid
LP0006489,L00339,C00584,2024-01-28,2024-01-28,11098.38,0,Paid
LP0006490,L00339,C00584,2024-02-28,2024-03-08,11636.23,9,Late
LP0006491,L00339,C00584,2024-03-28,2024-04-05,11373.7,8,Late
LP0006492,L00339,C00584,2024-04-28,2024-05-08,11719.19,10,Late
LP0006493,L00339,C00584,2024-05-28,2024-06-06,11190.24,9,Late
LP0006494,L00339,C00584,2024-06-28,2024-07-02,11521.83,4,Paid
LP0006495,L00339,C00584,2024-07-28,2024-08-02,11552.82,5,Paid
LP0006496,L00339,C00584,2024-08-28,2024-09-02,11124.27,5,Paid
LP0006497,L00339,C00584,2024-09-28,2024-10-02,11502.28,4,Paid
LP0006498,L00339,C00584,2024-10-28,2024-11-01,11424.75,4,Paid
LP0006499,L00339,C00584,2024-11-28,2024-12-05,11592.26,7,Late
LP0006500,L00339,C00584,2024-12-28,2025-01-02,11573.89,5,Paid
LP0006501,L00339,C00584,2025-01-28,2025-02-04,11336.67,7,Late
LP0006502,L00339,C00584,2025-02-28,2025-03-03,11653.05,3,Paid
LP0006503,L00339,C00584,2025-03-28,2025-04-02,11240.82,5,Paid
LP0006504,L00340,C00788,2023-01-28,2023-02-03,40204.19,6,Late
LP0006505,L00340,C00788,2023-02-28,2023-03-09,39552.84,9,Late
LP0006506,L00340,C00788,2023-03-28,2023-03-29,39908.56,1,Paid
LP0006507,L00340,C00788,2023-04-28,2023-05-05,39397.13,7,Late
LP0006508,L00340,C00788,2023-05-28,2023-06-06,39647.07,9,Late
LP0006509,L00340,C00788,2023-06-28,2023-07-05,39295.62,7,Late
LP0006510,L00340,C00788,2023-07-28,2023-07-30,38596.32,2,Paid
LP0006511,L00340,C00788,2023-08-28,2023-09-03,38943.28,6,Late
LP0006512,L00340,C00788,2023-09-28,2023-10-04,39943.18,6,Late
LP0006513,L00340,C00788,2023-10-28,2023-10-29,40004.03,1,Paid
LP0006514,L00340,C00788,2023-11-28,2023-12-03,40425.09,5,Paid
LP0006515,L00340,C00788,2023-12-28,2023-12-31,40461.68,3,Paid
LP0006516,L00340,C00788,2024-01-28,2024-01-28,38565.73,0,Paid
LP0006517,L00340,C00788,2024-02-28,2024-02-28,38537.48,0,Paid
LP0006518,L00340,C00788,2024-03-28,2024-04-02,39970.81,5,Paid
LP0006519,L00340,C00788,2024-04-28,2024-05-05,40207.72,7,Late
LP0006520,L00340,C00788,2024-05-28,2024-06-06,39328.35,9,Late
LP0006521,L00340,C00788,2024-06-28,2024-07-04,39856.5,6,Late
LP0006522,L00340,C00788,2024-07-28,2024-07-31,40240.85,3,Paid
LP0006523,L00340,C00788,2024-08-28,2024-08-28,40337.14,0,Paid
LP0006524,L00340,C00788,2024-09-28,2024-09-29,38812.48,1,Paid
LP0006525,L00340,C00788,2024-10-28,2024-10-31,40275.02,3,Paid
LP0006526,L00340,C00788,2024-11-28,2024-12-04,39750.81,6,Late
LP0006527,L00340,C00788,2024-12-28,2025-01-07,38239.53,10,Late
LP0006528,L00341,C00131,2024-10-28,2024-11-03,11348.89,6,Late
LP0006529,L00341,C00131,2024-11-28,2024-11-29,11103.45,1,Paid
LP0006530,L00341,C00131,2024-12-28,2024-12-28,11336.8,0,Paid
LP0006531,L00341,C00131,2025-01-28,2025-01-28,11035.23,0,Paid
LP0006532,L00341,C00131,2025-02-28,2025-03-06,11414.29,6,Late
LP0006533,L00341,C00131,2025-03-28,2025-04-06,11463.42,9,Late
LP0006534,L00341,C00131,2025-04-28,2025-05-03,11247.0,5,Paid
LP0006535,L00341,C00131,2025-05-28,2025-06-02,11629.32,5,Paid
LP0006536,L00341,C00131,2025-06-28,2025-07-01,11587.6,3,Paid
LP0006537,L00341,C00131,2025-07-28,2025-08-07,11104.7,10,Late
LP0006538,L00341,C00131,2025-08-28,2025-08-30,11587.61,2,Paid
LP0006539,L00341,C00131,2025-09-28,2025-10-02,11214.93,4,Paid
LP0006540,L00341,C00131,2025-10-28,2025-11-03,11228.47,6,Late
LP0006541,L00341,C00131,2025-11-28,2025-12-01,11121.52,3,Paid
LP0006542,L00341,C00131,2025-12-28,2025-12-29,11204.65,1,Paid
LP0006543,L00341,C00131,2026-01-28,2026-02-05,11668.55,8,Late
LP0006544,L00341,C00131,2026-02-28,2026-03-04,11188.28,4,Paid
LP0006545,L00341,C00131,2026-03-28,2026-03-29,11126.98,1,Paid
LP0006546,L00341,C00131,2026-04-28,2026-05-07,11388.93,9,Late
LP0006547,L00341,C00131,2026-05-28,2026-06-07,11056.14,10,Late
LP0006548,L00341,C00131,2026-06-28,2026-07-05,11271.54,7,Late
LP0006549,L00341,C00131,2026-07-28,2026-08-06,11133.47,9,Late
LP0006550,L00341,C00131,2026-08-28,2026-08-28,11160.27,0,Paid
LP0006551,L00342,C00193,2022-11-28,2022-11-29,47020.95,1,Paid
LP0006552,L00342,C00193,2022-12-28,2023-01-06,47050.38,9,Late
LP0006553,L00342,C00193,2023-01-28,2023-01-28,47491.04,0,Paid
LP0006554,L00342,C00193,2023-02-28,2023-03-05,48222.4,5,Paid
LP0006555,L00342,C00193,2023-03-28,2023-04-07,48296.19,10,Late
LP0006556,L00342,C00193,2023-04-28,2023-05-07,47170.72,9,Late
LP0006557,L00342,C00193,2023-05-28,2023-05-29,46154.29,1,Paid
LP0006558,L00342,C00193,2023-06-28,2023-07-04,48462.63,6,Late
LP0006559,L00342,C00193,2023-07-28,2023-07-31,47290.16,3,Paid
LP0006560,L00342,C00193,2023-08-28,2023-08-29,47973.6,1,Paid
LP0006561,L00342,C00193,2023-09-28,2023-09-29,48421.58,1,Paid
LP0006562,L00342,C00193,2023-10-28,2023-11-05,48546.42,8,Late
LP0006563,L00342,C00193,2023-11-28,2023-12-02,46234.22,4,Paid
LP0006564,L00342,C00193,2023-12-28,2024-01-05,47966.01,8,Late
LP0006565,L00342,C00193,2024-01-28,2024-01-29,47410.46,1,Paid
LP0006566,L00342,C00193,2024-02-28,2024-03-02,48917.0,3,Paid
LP0006567,L00342,C00193,2024-03-28,2024-04-07,47189.04,10,Late
LP0006568,L00342,C00193,2024-04-28,2024-05-07,46770.98,9,Late
LP0006569,L00342,C00193,2024-05-28,2024-06-05,46531.54,8,Late
LP0006570,L00342,C00193,2024-06-28,2024-07-02,47012.79,4,Paid
LP0006571,L00342,C00193,2024-07-28,2024-08-05,47374.6,8,Late
LP0006572,L00342,C00193,2024-08-28,2024-09-05,47780.24,8,Late
LP0006573,L00342,C00193,2024-09-28,2024-10-07,48652.55,9,Late
LP0006574,L00342,C00193,2024-10-28,2024-11-03,46502.13,6,Late
LP0006575,L00343,C00504,2022-01-28,2022-02-06,14572.01,9,Late
LP0006576,L00343,C00504,2022-02-28,2022-03-03,13760.12,3,Paid
LP0006577,L00343,C00504,2022-03-28,2022-04-07,13912.95,10,Late
LP0006578,L00343,C00504,2022-04-28,2022-05-02,13801.77,4,Paid
LP0006579,L00343,C00504,2022-05-28,2022-05-30,13817.35,2,Paid
LP0006580,L00343,C00504,2022-06-28,2022-07-03,13794.06,5,Paid
LP0006581,L00343,C00504,2022-07-28,2022-08-03,14489.14,6,Late
LP0006582,L00343,C00504,2022-08-28,2022-09-05,14549.82,8,Late
LP0006583,L00343,C00504,2022-09-28,2022-09-29,14239.53,1,Paid
LP0006584,L00343,C00504,2022-10-28,2022-10-30,14308.99,2,Paid
LP0006585,L00343,C00504,2022-11-28,2022-11-28,13977.25,0,Paid
LP0006586,L00343,C00504,2022-12-28,2023-01-05,14054.85,8,Late
LP0006587,L00344,C00716,2025-07-28,2025-08-05,5902.04,8,Late
LP0006588,L00344,C00716,2025-08-28,2025-09-02,5794.89,5,Paid
LP0006589,L00344,C00716,2025-09-28,2025-10-06,5725.94,8,Late
LP0006590,L00344,C00716,2025-10-28,2025-11-01,5798.02,4,Paid
LP0006591,L00344,C00716,2025-11-28,2025-11-28,5911.56,0,Paid
LP0006592,L00344,C00716,2025-12-28,2025-12-31,5893.7,3,Paid
LP0006593,L00344,C00716,2026-01-28,2026-02-03,5826.55,6,Late
LP0006594,L00344,C00716,2026-02-28,2026-03-04,5863.88,4,Paid
LP0006595,L00344,C00716,2026-03-28,2026-04-06,5973.82,9,Late
LP0006596,L00344,C00716,2026-04-28,2026-05-05,5928.22,7,Late
LP0006597,L00344,C00716,2026-05-28,2026-05-28,5944.39,0,Paid
LP0006598,L00344,C00716,2026-06-28,2026-07-03,5791.38,5,Paid
LP0006599,L00344,C00716,2026-07-28,2026-08-04,5809.92,7,Late
LP0006600,L00344,C00716,2026-08-28,2026-09-04,5715.0,7,Late
LP0006601,L00345,C00907,2023-01-28,2023-02-03,162353.37,6,Late
LP0006602,L00345,C00907,2023-02-28,2023-03-03,158888.79,3,Paid
LP0006603,L00345,C00907,2023-03-28,2023-03-28,166799.17,0,Paid
LP0006604,L00345,C00907,2023-04-28,2023-05-04,168397.51,6,Late
LP0006605,L00345,C00907,2023-05-28,2023-06-06,164984.45,9,Late
LP0006606,L00345,C00907,2023-06-28,2023-07-02,161290.32,4,Paid
LP0006607,L00345,C00907,2023-07-28,2023-08-03,167171.24,6,Late
LP0006608,L00345,C00907,2023-08-28,,0,42,Missed
LP0006609,L00345,C00907,2023-09-28,2023-11-25,155990.92,58,Partial
LP0006610,L00345,C00907,2023-10-28,2023-12-07,86066.21,40,Partial
LP0006611,L00345,C00907,2023-11-28,,0,78,Missed
LP0006612,L00345,C00907,2023-12-28,2024-02-04,150969.78,38,Partial
LP0006613,L00346,C00993,2025-06-28,2025-06-28,75044.47,0,Paid
LP0006614,L00346,C00993,2025-07-28,2025-08-06,70827.87,9,Late
LP0006615,L00346,C00993,2025-08-28,2025-09-05,74467.17,8,Late
LP0006616,L00346,C00993,2025-09-28,2025-10-08,72367.13,10,Late
LP0006617,L00346,C00993,2025-10-28,2025-11-04,72610.35,7,Late
LP0006618,L00346,C00993,2025-11-28,2025-12-05,73090.02,7,Late
LP0006619,L00346,C00993,2025-12-28,2026-01-06,71667.7,9,Late
LP0006620,L00346,C00993,2026-01-28,2026-02-04,73243.63,7,Late
LP0006621,L00346,C00993,2026-02-28,2026-03-03,73290.46,3,Paid
LP0006622,L00346,C00993,2026-03-28,2026-04-06,72086.09,9,Late
LP0006623,L00346,C00993,2026-04-28,2026-05-02,71724.54,4,Paid
LP0006624,L00346,C00993,2026-05-28,2026-05-30,74571.18,2,Paid
LP0006625,L00346,C00993,2026-06-28,2026-07-07,70919.09,9,Late
LP0006626,L00346,C00993,2026-07-28,2026-07-31,72161.46,3,Paid
LP0006627,L00346,C00993,2026-08-28,2026-08-30,71098.4,2,Paid
LP0006628,L00347,C00613,2025-11-28,2025-12-07,44119.34,9,Late
LP0006629,L00347,C00613,2025-12-28,2026-01-03,44318.03,6,Late
LP0006630,L00347,C00613,2026-01-28,2026-01-28,43755.29,0,Paid
LP0006631,L00347,C00613,2026-02-28,2026-02-28,42568.92,0,Paid
LP0006632,L00347,C00613,2026-03-28,2026-04-03,44575.17,6,Late
LP0006633,L00347,C00613,2026-04-28,2026-05-02,43506.22,4,Paid
LP0006634,L00347,C00613,2026-05-28,,0,116,Missed
LP0006635,L00347,C00613,2026-06-28,,0,40,Missed
LP0006636,L00347,C00613,2026-07-28,,0,110,Missed
LP0006637,L00347,C00613,2026-08-28,,0,85,Missed
LP0006638,L00348,C00603,2023-03-28,2023-04-07,6846.8,10,Late
LP0006639,L00348,C00603,2023-04-28,2023-05-08,6730.01,10,Late
LP0006640,L00348,C00603,2023-05-28,2023-06-04,6860.62,7,Late
LP0006641,L00348,C00603,2023-06-28,2023-07-08,7059.54,10,Late
LP0006642,L00348,C00603,2023-07-28,2023-07-29,6998.02,1,Paid
LP0006643,L00348,C00603,2023-08-28,2023-08-31,6677.89,3,Paid
LP0006644,L00348,C00603,2023-09-28,2023-10-06,6775.3,8,Late
LP0006645,L00348,C00603,2023-10-28,2023-11-01,6827.58,4,Paid
LP0006646,L00348,C00603,2023-11-28,2023-11-30,6778.0,2,Paid
LP0006647,L00348,C00603,2023-12-28,2024-01-05,7055.23,8,Late
LP0006648,L00348,C00603,2024-01-28,2024-01-28,6760.41,0,Paid
LP0006649,L00348,C00603,2024-02-28,2024-03-05,6764.36,6,Late
LP0006650,L00348,C00603,2024-03-28,2024-03-31,6979.44,3,Paid
LP0006651,L00348,C00603,2024-04-28,2024-04-30,6887.44,2,Paid
LP0006652,L00348,C00603,2024-05-28,2024-06-01,6936.2,4,Paid
LP0006653,L00348,C00603,2024-06-28,2024-07-03,6846.93,5,Paid
LP0006654,L00348,C00603,2024-07-28,2024-08-03,7073.0,6,Late
LP0006655,L00348,C00603,2024-08-28,2024-09-05,6836.95,8,Late
LP0006656,L00348,C00603,2024-09-28,2024-10-06,6688.89,8,Late
LP0006657,L00348,C00603,2024-10-28,2024-11-07,7070.54,10,Late
LP0006658,L00348,C00603,2024-11-28,2024-12-06,6691.64,8,Late
LP0006659,L00348,C00603,2024-12-28,2024-12-28,6970.25,0,Paid
LP0006660,L00348,C00603,2025-01-28,2025-02-05,6912.54,8,Late
LP0006661,L00348,C00603,2025-02-28,2025-03-05,7054.98,5,Paid
LP0006662,L00349,C00534,2022-08-28,2022-08-31,10881.61,3,Paid
LP0006663,L00349,C00534,2022-09-28,2022-10-03,10832.54,5,Paid
LP0006664,L00349,C00534,2022-10-28,2022-11-02,11090.43,5,Paid
LP0006665,L00349,C00534,2022-11-28,2022-11-28,11121.49,0,Paid
LP0006666,L00349,C00534,2022-12-28,2023-01-02,10702.6,5,Paid
LP0006667,L00349,C00534,2023-01-28,2023-02-07,10880.97,10,Late
LP0006668,L00349,C00534,2023-02-28,2023-03-05,10822.73,5,Paid
LP0006669,L00349,C00534,2023-03-28,2023-03-29,10891.6,1,Paid
LP0006670,L00349,C00534,2023-04-28,2023-04-28,11153.08,0,Paid
LP0006671,L00349,C00534,2023-05-28,2023-06-04,10931.44,7,Late
LP0006672,L00349,C00534,2023-06-28,2023-07-02,10930.28,4,Paid
LP0006673,L00349,C00534,2023-07-28,2023-07-29,11047.42,1,Paid
LP0006674,L00349,C00534,2023-08-28,2023-09-05,11165.12,8,Late
LP0006675,L00349,C00534,2023-09-28,2023-09-29,10753.38,1,Paid
LP0006676,L00349,C00534,2023-10-28,2023-11-07,11166.9,10,Late
LP0006677,L00349,C00534,2023-11-28,2023-11-29,11149.04,1,Paid
LP0006678,L00349,C00534,2023-12-28,2024-01-01,10805.56,4,Paid
LP0006679,L00349,C00534,2024-01-28,2024-01-29,11105.69,1,Paid
LP0006680,L00349,C00534,2024-02-28,2024-03-09,10913.8,10,Late
LP0006681,L00349,C00534,2024-03-28,2024-04-01,10599.04,4,Paid
LP0006682,L00349,C00534,2024-04-28,2024-04-29,10550.21,1,Paid
LP0006683,L00349,C00534,2024-05-28,2024-06-03,11125.3,6,Late
LP0006684,L00349,C00534,2024-06-28,2024-07-04,11076.27,6,Late
LP0006685,L00349,C00534,2024-07-28,2024-08-03,10781.6,6,Late
LP0006686,L00350,C00305,2025-07-28,2025-08-05,15929.34,8,Late
LP0006687,L00350,C00305,2025-08-28,2025-09-01,16218.38,4,Paid
LP0006688,L00350,C00305,2025-09-28,2025-10-03,16037.72,5,Paid
LP0006689,L00350,C00305,2025-10-28,2025-10-31,16142.74,3,Paid
LP0006690,L00350,C00305,2025-11-28,2025-12-08,16054.8,10,Late
LP0006691,L00350,C00305,2025-12-28,2025-12-31,15876.31,3,Paid
LP0006692,L00350,C00305,2026-01-28,2026-02-04,15807.65,7,Late
LP0006693,L00350,C00305,2026-02-28,2026-03-05,15978.12,5,Paid
LP0006694,L00350,C00305,2026-03-28,2026-04-02,15991.26,5,Paid
LP0006695,L00350,C00305,2026-04-28,2026-04-28,15562.92,0,Paid
LP0006696,L00350,C00305,2026-05-28,2026-05-31,15664.72,3,Paid
LP0006697,L00350,C00305,2026-06-28,2026-06-30,15624.19,2,Paid
LP0006698,L00350,C00305,2026-07-28,2026-08-05,15499.66,8,Late
LP0006699,L00350,C00305,2026-08-28,2026-09-03,15574.66,6,Late
LP0006700,L00351,C00105,2023-01-28,2023-02-03,33207.04,6,Late
LP0006701,L00351,C00105,2023-02-28,2023-03-04,33369.78,4,Paid
LP0006702,L00351,C00105,2023-03-28,2023-04-01,33576.94,4,Paid
LP0006703,L00351,C00105,2023-04-28,2023-04-29,33402.04,1,Paid
LP0006704,L00351,C00105,2023-05-28,2023-06-03,32542.04,6,Late
LP0006705,L00351,C00105,2023-06-28,2023-07-04,34122.39,6,Late
LP0006706,L00351,C00105,2023-07-28,2023-08-05,33382.5,8,Late
LP0006707,L00351,C00105,2023-08-28,2023-09-03,32784.61,6,Late
LP0006708,L00351,C00105,2023-09-28,2023-10-03,33424.06,5,Paid
LP0006709,L00351,C00105,2023-10-28,2023-10-28,33667.59,0,Paid
LP0006710,L00351,C00105,2023-11-28,2023-12-01,32750.28,3,Paid
LP0006711,L00351,C00105,2023-12-28,2024-01-07,33070.43,10,Late
LP0006712,L00351,C00105,2024-01-28,2024-02-07,32748.07,10,Late
LP0006713,L00351,C00105,2024-02-28,2024-03-09,34306.38,10,Late
LP0006714,L00351,C00105,2024-03-28,2024-04-02,33210.91,5,Paid
LP0006715,L00351,C00105,2024-04-28,2024-04-29,34241.93,1,Paid
LP0006716,L00351,C00105,2024-05-28,2024-05-28,32676.42,0,Paid
LP0006717,L00351,C00105,2024-06-28,2024-07-06,32927.89,8,Late
LP0006718,L00351,C00105,2024-07-28,2024-07-31,32943.05,3,Paid
LP0006719,L00351,C00105,2024-08-28,2024-09-04,34305.54,7,Late
LP0006720,L00351,C00105,2024-09-28,2024-10-07,33926.74,9,Late
LP0006721,L00351,C00105,2024-10-28,2024-11-04,32690.34,7,Late
LP0006722,L00351,C00105,2024-11-28,2024-11-30,32802.1,2,Paid
LP0006723,L00351,C00105,2024-12-28,2025-01-06,34127.17,9,Late
LP0006724,L00352,C00213,2023-02-28,2023-03-01,38941.13,1,Paid
LP0006725,L00352,C00213,2023-03-28,2023-04-03,37990.5,6,Late
LP0006726,L00352,C00213,2023-04-28,2023-05-04,39116.5,6,Late
LP0006727,L00352,C00213,2023-05-28,2023-05-30,38622.24,2,Paid
LP0006728,L00352,C00213,2023-06-28,2023-07-06,38610.27,8,Late
LP0006729,L00352,C00213,2023-07-28,2023-08-05,40125.96,8,Late
LP0006730,L00352,C00213,2023-08-28,2023-09-01,39359.66,4,Paid
LP0006731,L00352,C00213,2023-09-28,2023-09-29,38316.36,1,Paid
LP0006732,L00352,C00213,2023-10-28,2023-11-02,39440.8,5,Paid
LP0006733,L00352,C00213,2023-11-28,2023-12-08,38971.52,10,Late
LP0006734,L00352,C00213,2023-12-28,2023-12-28,39046.7,0,Paid
LP0006735,L00352,C00213,2024-01-28,2024-02-01,38857.86,4,Paid
LP0006736,L00352,C00213,2024-02-28,2024-02-28,39836.16,0,Paid
LP0006737,L00352,C00213,2024-03-28,2024-03-31,39239.33,3,Paid
LP0006738,L00352,C00213,2024-04-28,2024-04-30,39156.59,2,Paid
LP0006739,L00352,C00213,2024-05-28,2024-06-03,38056.48,6,Late
LP0006740,L00352,C00213,2024-06-28,2024-07-05,38624.5,7,Late
LP0006741,L00352,C00213,2024-07-28,2024-08-02,38839.86,5,Paid
LP0006742,L00352,C00213,2024-08-28,2024-09-06,39149.65,9,Late
LP0006743,L00352,C00213,2024-09-28,2024-09-28,38712.57,0,Paid
LP0006744,L00352,C00213,2024-10-28,2024-11-05,39913.24,8,Late
LP0006745,L00352,C00213,2024-11-28,2024-12-02,38426.47,4,Paid
LP0006746,L00352,C00213,2024-12-28,2025-01-02,38103.18,5,Paid
LP0006747,L00352,C00213,2025-01-28,2025-02-05,37900.3,8,Late
LP0006748,L00353,C00255,2024-02-28,2024-03-04,12362.81,5,Paid
LP0006749,L00353,C00255,2024-03-28,2024-04-02,12225.26,5,Paid
LP0006750,L00353,C00255,2024-04-28,2024-05-08,12261.47,10,Late
LP0006751,L00353,C00255,2024-05-28,2024-05-29,12444.41,1,Paid
LP0006752,L00353,C00255,2024-06-28,2024-06-30,12553.34,2,Paid
LP0006753,L00353,C00255,2024-07-28,2024-08-03,12344.89,6,Late
LP0006754,L00353,C00255,2024-08-28,2024-09-05,12355.59,8,Late
LP0006755,L00353,C00255,2024-09-28,2024-10-18,11570.18,20,Partial
LP0006756,L00353,C00255,2024-10-28,2024-12-23,11857.75,56,Partial
LP0006757,L00353,C00255,2024-11-28,,0,107,Missed
LP0006758,L00353,C00255,2024-12-28,,0,71,Missed
LP0006759,L00353,C00255,2025-01-28,2025-03-06,9358.6,37,Partial
LP0006760,L00354,C00511,2023-04-28,2023-04-30,7877.13,2,Paid
LP0006761,L00354,C00511,2023-05-28,2023-06-02,8052.85,5,Paid
LP0006762,L00354,C00511,2023-06-28,2023-06-29,8001.72,1,Paid
LP0006763,L00354,C00511,2023-07-28,2023-08-07,7920.49,10,Late
LP0006764,L00354,C00511,2023-08-28,2023-09-07,8327.28,10,Late
LP0006765,L00354,C00511,2023-09-28,2023-09-29,8038.03,1,Paid
LP0006766,L00354,C00511,2023-10-28,2023-11-04,7978.27,7,Late
LP0006767,L00354,C00511,2023-11-28,2023-12-05,8074.41,7,Late
LP0006768,L00354,C00511,2023-12-28,2024-01-05,7998.82,8,Late
LP0006769,L00354,C00511,2024-01-28,2024-02-06,7910.49,9,Late
LP0006770,L00354,C00511,2024-02-28,2024-03-03,7902.25,4,Paid
LP0006771,L00354,C00511,2024-03-28,2024-04-04,8114.0,7,Late
LP0006772,L00354,C00511,2024-04-28,2024-04-28,8168.42,0,Paid
LP0006773,L00354,C00511,2024-05-28,2024-06-04,7921.51,7,Late
LP0006774,L00354,C00511,2024-06-28,2024-07-03,8101.88,5,Paid
LP0006775,L00354,C00511,2024-07-28,2024-07-29,8187.08,1,Paid
LP0006776,L00354,C00511,2024-08-28,2024-09-01,8307.1,4,Paid
LP0006777,L00354,C00511,2024-09-28,2024-09-29,8019.01,1,Paid
LP0006778,L00354,C00511,2024-10-28,2024-11-02,7915.36,5,Paid
LP0006779,L00354,C00511,2024-11-28,2024-12-07,8284.48,9,Late
LP0006780,L00354,C00511,2024-12-28,2025-01-07,8042.13,10,Late
LP0006781,L00354,C00511,2025-01-28,2025-02-05,8244.41,8,Late
LP0006782,L00354,C00511,2025-02-28,2025-03-08,8104.03,8,Late
LP0006783,L00354,C00511,2025-03-28,2025-03-31,8054.06,3,Paid
LP0006784,L00355,C00422,2022-12-28,2022-12-28,84789.75,0,Paid
LP0006785,L00355,C00422,2023-01-28,2023-02-04,80922.98,7,Late
LP0006786,L00355,C00422,2023-02-28,2023-03-06,82168.4,6,Late
LP0006787,L00355,C00422,2023-03-28,2023-03-29,84241.13,1,Paid
LP0006788,L00355,C00422,2023-04-28,2023-05-06,80302.86,8,Late
LP0006789,L00355,C00422,2023-05-28,2023-06-01,81251.81,4,Paid
LP0006790,L00355,C00422,2023-06-28,2023-07-06,82625.18,8,Late
LP0006791,L00355,C00422,2023-07-28,,0,99,Missed
LP0006792,L00355,C00422,2023-08-28,2023-10-27,76656.62,60,Partial
LP0006793,L00355,C00422,2023-09-28,2023-10-14,68178.17,16,Partial
LP0006794,L00355,C00422,2023-10-28,2023-11-13,60070.73,16,Partial
LP0006795,L00355,C00422,2023-11-28,2023-12-29,57161.15,31,Partial
LP0006796,L00356,C00933,2023-03-28,2023-04-02,20596.3,5,Paid
LP0006797,L00356,C00933,2023-04-28,2023-04-28,21436.71,0,Paid
LP0006798,L00356,C00933,2023-05-28,2023-06-03,21447.62,6,Late
LP0006799,L00356,C00933,2023-06-28,2023-07-02,21047.73,4,Paid
LP0006800,L00356,C00933,2023-07-28,2023-07-29,21450.82,1,Paid
LP0006801,L00356,C00933,2023-08-28,2023-09-06,20652.82,9,Late
LP0006802,L00356,C00933,2023-09-28,2023-09-29,21660.43,1,Paid
LP0006803,L00356,C00933,2023-10-28,2023-11-04,20886.16,7,Late
LP0006804,L00356,C00933,2023-11-28,2023-11-28,20628.55,0,Paid
LP0006805,L00356,C00933,2023-12-28,2024-01-04,21405.06,7,Late
LP0006806,L00356,C00933,2024-01-28,2024-02-03,20896.84,6,Late
LP0006807,L00356,C00933,2024-02-28,2024-03-01,21621.11,2,Paid
LP0006808,L00356,C00933,2024-03-28,2024-04-04,20825.75,7,Late
LP0006809,L00356,C00933,2024-04-28,2024-05-01,21588.5,3,Paid
LP0006810,L00356,C00933,2024-05-28,2024-05-31,21652.9,3,Paid
LP0006811,L00356,C00933,2024-06-28,2024-07-07,21683.95,9,Late
LP0006812,L00356,C00933,2024-07-28,2024-07-28,20925.58,0,Paid
LP0006813,L00356,C00933,2024-08-28,2024-08-31,20778.36,3,Paid
LP0006814,L00356,C00933,2024-09-28,2024-10-08,21083.68,10,Late
LP0006815,L00356,C00933,2024-10-28,2024-10-28,21015.04,0,Paid
LP0006816,L00356,C00933,2024-11-28,2024-11-28,20923.86,0,Paid
LP0006817,L00356,C00933,2024-12-28,2024-12-31,21046.48,3,Paid
LP0006818,L00356,C00933,2025-01-28,2025-02-02,21666.43,5,Paid
LP0006819,L00356,C00933,2025-02-28,2025-03-02,21125.06,2,Paid
LP0006820,L00357,C00457,2024-06-28,2024-07-08,14264.77,10,Late
LP0006821,L00357,C00457,2024-07-28,2024-08-01,13996.5,4,Paid
LP0006822,L00357,C00457,2024-08-28,2024-08-28,14310.26,0,Paid
LP0006823,L00357,C00457,2024-09-28,2024-10-03,14223.29,5,Paid
LP0006824,L00357,C00457,2024-10-28,2024-11-06,13895.04,9,Late
LP0006825,L00357,C00457,2024-11-28,2024-12-01,14146.15,3,Paid
LP0006826,L00357,C00457,2024-12-28,2025-01-02,13584.57,5,Paid
LP0006827,L00357,C00457,2025-01-28,2025-02-07,14054.04,10,Late
LP0006828,L00357,C00457,2025-02-28,2025-03-09,13994.58,9,Late
LP0006829,L00357,C00457,2025-03-28,2025-04-01,13625.1,4,Paid
LP0006830,L00357,C00457,2025-04-28,2025-04-28,14033.04,0,Paid
LP0006831,L00357,C00457,2025-05-28,2025-05-28,14101.17,0,Paid
LP0006832,L00358,C00010,2023-01-28,2023-02-06,108698.04,9,Late
LP0006833,L00358,C00010,2023-02-28,2023-03-07,106064.27,7,Late
LP0006834,L00358,C00010,2023-03-28,2023-04-01,110782.68,4,Paid
LP0006835,L00358,C00010,2023-04-28,2023-05-03,105631.38,5,Paid
LP0006836,L00358,C00010,2023-05-28,2023-06-07,109591.83,10,Late
LP0006837,L00358,C00010,2023-06-28,2023-06-29,111006.06,1,Paid
LP0006838,L00358,C00010,2023-07-28,2023-08-03,106939.04,6,Late
LP0006839,L00358,C00010,2023-08-28,2023-10-26,100425.31,59,Partial
LP0006840,L00358,C00010,2023-09-28,,0,83,Missed
LP0006841,L00358,C00010,2023-10-28,2023-11-22,106860.31,25,Partial
LP0006842,L00358,C00010,2023-11-28,2023-12-24,102082.14,26,Partial
LP0006843,L00358,C00010,2023-12-28,,0,82,Missed
LP0006844,L00359,C00678,2026-05-28,2026-05-30,29294.83,2,Paid
LP0006845,L00359,C00678,2026-06-28,2026-07-08,29356.48,10,Late
LP0006846,L00359,C00678,2026-07-28,2026-07-30,28641.2,2,Paid
LP0006847,L00359,C00678,2026-08-28,2026-09-05,28803.39,8,Late
LP0006848,L00360,C00518,2023-03-28,2023-04-02,5997.15,5,Paid
LP0006849,L00360,C00518,2023-04-28,2023-05-07,6019.1,9,Late
LP0006850,L00360,C00518,2023-05-28,2023-05-31,5886.79,3,Paid
LP0006851,L00360,C00518,2023-06-28,2023-07-07,5809.76,9,Late
LP0006852,L00360,C00518,2023-07-28,2023-08-06,5803.21,9,Late
LP0006853,L00360,C00518,2023-08-28,2023-09-05,5896.47,8,Late
LP0006854,L00360,C00518,2023-09-28,2023-09-30,5812.17,2,Paid
LP0006855,L00360,C00518,2023-10-28,2023-11-07,5867.34,10,Late
LP0006856,L00360,C00518,2023-11-28,2023-12-05,5810.78,7,Late
LP0006857,L00360,C00518,2023-12-28,2024-01-06,5792.7,9,Late
LP0006858,L00360,C00518,2024-01-28,2024-02-04,5858.83,7,Late
LP0006859,L00360,C00518,2024-02-28,2024-03-05,5826.33,6,Late
LP0006860,L00360,C00518,2024-03-28,2024-03-29,5754.5,1,Paid
LP0006861,L00360,C00518,2024-04-28,2024-05-06,5934.51,8,Late
LP0006862,L00360,C00518,2024-05-28,2024-06-06,5933.84,9,Late
LP0006863,L00360,C00518,2024-06-28,2024-07-04,5768.41,6,Late
LP0006864,L00360,C00518,2024-07-28,2024-07-31,5848.16,3,Paid
LP0006865,L00360,C00518,2024-08-28,2024-09-03,5846.49,6,Late
LP0006866,L00360,C00518,2024-09-28,2024-10-05,5717.8,7,Late
LP0006867,L00360,C00518,2024-10-28,2024-10-29,5956.36,1,Paid
LP0006868,L00360,C00518,2024-11-28,2024-11-29,5756.36,1,Paid
LP0006869,L00360,C00518,2024-12-28,2025-01-07,5722.43,10,Late
LP0006870,L00360,C00518,2025-01-28,2025-01-31,5924.23,3,Paid
LP0006871,L00360,C00518,2025-02-28,2025-03-08,5871.02,8,Late
LP0006872,L00361,C00012,2023-07-28,2023-07-31,23270.62,3,Paid
LP0006873,L00361,C00012,2023-08-28,2023-09-07,23470.21,10,Late
LP0006874,L00361,C00012,2023-09-28,2023-09-30,22485.16,2,Paid
LP0006875,L00361,C00012,2023-10-28,2023-11-01,23403.65,4,Paid
LP0006876,L00361,C00012,2023-11-28,2023-12-01,23524.7,3,Paid
LP0006877,L00361,C00012,2023-12-28,2024-01-02,22782.59,5,Paid
LP0006878,L00361,C00012,2024-01-28,2024-02-02,23427.78,5,Paid
LP0006879,L00361,C00012,2024-02-28,2024-03-06,22782.62,7,Late
LP0006880,L00361,C00012,2024-03-28,2024-04-05,23111.91,8,Late
LP0006881,L00361,C00012,2024-04-28,2024-05-08,22703.05,10,Late
LP0006882,L00361,C00012,2024-05-28,2024-06-03,23609.22,6,Late
LP0006883,L00361,C00012,2024-06-28,2024-07-01,23161.13,3,Paid
LP0006884,L00361,C00012,2024-07-28,2024-07-30,22884.35,2,Paid
LP0006885,L00361,C00012,2024-08-28,2024-10-21,14019.8,54,Partial
LP0006886,L00361,C00012,2024-09-28,2024-11-03,19490.04,36,Partial
LP0006887,L00361,C00012,2024-10-28,2024-12-13,15598.64,46,Partial
LP0006888,L00361,C00012,2024-11-28,2025-01-06,14843.57,39,Partial
LP0006889,L00361,C00012,2024-12-28,2025-02-08,11782.89,42,Partial
LP0006890,L00361,C00012,2025-01-28,2025-03-29,18925.52,60,Partial
LP0006891,L00361,C00012,2025-02-28,2025-03-21,14488.52,21,Partial
LP0006892,L00361,C00012,2025-03-28,2025-04-18,15240.03,21,Partial
LP0006893,L00361,C00012,2025-04-28,2025-05-17,19204.06,19,Partial
LP0006894,L00361,C00012,2025-05-28,2025-06-22,20989.98,25,Partial
LP0006895,L00361,C00012,2025-06-28,2025-07-26,19795.7,28,Partial
LP0006896,L00362,C00909,2024-10-28,2024-11-06,30307.57,9,Late
LP0006897,L00362,C00909,2024-11-28,2024-12-03,29882.22,5,Paid
LP0006898,L00362,C00909,2024-12-28,2024-12-29,31265.95,1,Paid
LP0006899,L00362,C00909,2025-01-28,2025-02-03,30781.45,6,Late
LP0006900,L00362,C00909,2025-02-28,2025-03-03,29936.92,3,Paid
LP0006901,L00362,C00909,2025-03-28,2025-03-30,30706.48,2,Paid
LP0006902,L00362,C00909,2025-04-28,2025-05-02,29867.73,4,Paid
LP0006903,L00362,C00909,2025-05-28,2025-05-30,31404.25,2,Paid
LP0006904,L00362,C00909,2025-06-28,2025-07-04,31190.07,6,Late
LP0006905,L00362,C00909,2025-07-28,2025-08-07,29930.79,10,Late
LP0006906,L00362,C00909,2025-08-28,2025-08-30,29895.4,2,Paid
LP0006907,L00362,C00909,2025-09-28,2025-10-02,30273.01,4,Paid
LP0006908,L00362,C00909,2025-10-28,2025-11-04,29881.84,7,Late
LP0006909,L00362,C00909,2025-11-28,2025-12-08,29753.2,10,Late
LP0006910,L00362,C00909,2025-12-28,2026-01-02,29915.32,5,Paid
LP0006911,L00362,C00909,2026-01-28,2026-02-06,30407.68,9,Late
LP0006912,L00362,C00909,2026-02-28,2026-03-08,31269.09,8,Late
LP0006913,L00362,C00909,2026-03-28,2026-04-04,30697.23,7,Late
LP0006914,L00362,C00909,2026-04-28,2026-04-28,31092.64,0,Paid
LP0006915,L00362,C00909,2026-05-28,2026-05-29,30933.27,1,Paid
LP0006916,L00362,C00909,2026-06-28,2026-07-08,30334.57,10,Late
LP0006917,L00362,C00909,2026-07-28,2026-08-06,29870.85,9,Late
LP0006918,L00362,C00909,2026-08-28,2026-08-30,30462.68,2,Paid
LP0006919,L00363,C00593,2023-05-28,2023-06-01,38010.63,4,Paid
LP0006920,L00363,C00593,2023-06-28,2023-06-30,39219.46,2,Paid
LP0006921,L00363,C00593,2023-07-28,2023-08-03,38019.86,6,Late
LP0006922,L00363,C00593,2023-08-28,2023-09-02,39421.29,5,Paid
LP0006923,L00363,C00593,2023-09-28,2023-10-04,38997.63,6,Late
LP0006924,L00363,C00593,2023-10-28,2023-10-28,38060.42,0,Paid
LP0006925,L00363,C00593,2023-11-28,2023-12-04,39489.52,6,Late
LP0006926,L00363,C00593,2023-12-28,2024-01-06,39218.15,9,Late
LP0006927,L00363,C00593,2024-01-28,2024-01-29,37659.4,1,Paid
LP0006928,L00363,C00593,2024-02-28,2024-03-04,38610.86,5,Paid
LP0006929,L00363,C00593,2024-03-28,2024-04-06,38635.4,9,Late
LP0006930,L00363,C00593,2024-04-28,2024-04-30,38043.29,2,Paid
LP0006931,L00363,C00593,2024-05-28,2024-06-05,37810.72,8,Late
LP0006932,L00363,C00593,2024-06-28,2024-07-02,38369.82,4,Paid
LP0006933,L00363,C00593,2024-07-28,2024-07-30,38633.26,2,Paid
LP0006934,L00363,C00593,2024-08-28,2024-09-05,39273.66,8,Late
LP0006935,L00363,C00593,2024-09-28,2024-10-04,39062.74,6,Late
LP0006936,L00363,C00593,2024-10-28,2024-10-30,39042.2,2,Paid
LP0006937,L00363,C00593,2024-11-28,2024-11-28,39622.08,0,Paid
LP0006938,L00363,C00593,2024-12-28,2024-12-31,38344.25,3,Paid
LP0006939,L00363,C00593,2025-01-28,2025-02-01,37628.73,4,Paid
LP0006940,L00363,C00593,2025-02-28,2025-03-10,38933.59,10,Late
LP0006941,L00363,C00593,2025-03-28,2025-03-28,39024.84,0,Paid
LP0006942,L00363,C00593,2025-04-28,2025-05-07,38819.22,9,Late
LP0006943,L00364,C00068,2025-08-28,2025-09-05,202295.91,8,Late
LP0006944,L00364,C00068,2025-09-28,2025-09-29,202207.55,1,Paid
LP0006945,L00364,C00068,2025-10-28,2025-11-02,195125.06,5,Paid
LP0006946,L00364,C00068,2025-11-28,2025-12-06,200240.75,8,Late
LP0006947,L00364,C00068,2025-12-28,2026-01-06,206929.08,9,Late
LP0006948,L00364,C00068,2026-01-28,2026-02-06,201866.55,9,Late
LP0006949,L00364,C00068,2026-02-28,2026-03-09,197595.9,9,Late
LP0006950,L00364,C00068,2026-03-28,2026-04-05,206440.63,8,Late
LP0006951,L00364,C00068,2026-04-28,2026-05-07,207013.37,9,Late
LP0006952,L00364,C00068,2026-05-28,2026-05-29,205671.38,1,Paid
LP0006953,L00364,C00068,2026-06-28,2026-07-08,201827.0,10,Late
LP0006954,L00364,C00068,2026-07-28,2026-08-05,206673.78,8,Late
LP0006955,L00365,C00729,2023-11-28,2023-12-08,3927.85,10,Late
LP0006956,L00365,C00729,2023-12-28,2024-01-03,3846.96,6,Late
LP0006957,L00365,C00729,2024-01-28,2024-01-31,4046.7,3,Paid
LP0006958,L00365,C00729,2024-02-28,2024-02-29,3960.57,1,Paid
LP0006959,L00365,C00729,2024-03-28,2024-04-07,3821.23,10,Late
LP0006960,L00365,C00729,2024-04-28,2024-04-30,3887.44,2,Paid
LP0006961,L00365,C00729,2024-05-28,2024-06-02,3898.73,5,Paid
LP0006962,L00365,C00729,2024-06-28,2024-07-05,4019.5,7,Late
LP0006963,L00365,C00729,2024-07-28,2024-08-02,3941.93,5,Paid
LP0006964,L00365,C00729,2024-08-28,2024-09-03,4033.19,6,Late
LP0006965,L00365,C00729,2024-09-28,2024-10-05,3868.94,7,Late
LP0006966,L00365,C00729,2024-10-28,2024-10-31,3867.04,3,Paid
LP0006967,L00365,C00729,2024-11-28,2024-12-05,3827.25,7,Late
LP0006968,L00365,C00729,2024-12-28,2025-02-06,3136.31,40,Partial
LP0006969,L00365,C00729,2025-01-28,2025-03-18,2956.15,49,Partial
LP0006970,L00365,C00729,2025-02-28,2025-04-01,3609.16,32,Partial
LP0006971,L00365,C00729,2025-03-28,,0,79,Missed
LP0006972,L00365,C00729,2025-04-28,2025-06-24,2085.52,57,Partial
LP0006973,L00365,C00729,2025-05-28,,0,40,Missed
LP0006974,L00365,C00729,2025-06-28,2025-08-11,2466.81,44,Partial
LP0006975,L00365,C00729,2025-07-28,2025-09-04,3809.07,38,Partial
LP0006976,L00365,C00729,2025-08-28,2025-09-17,3443.24,20,Partial
LP0006977,L00365,C00729,2025-09-28,,0,86,Missed
LP0006978,L00365,C00729,2025-10-28,,0,35,Missed
LP0006979,L00366,C00415,2023-05-28,2023-05-31,7175.39,3,Paid
LP0006980,L00366,C00415,2023-06-28,2023-07-08,7214.67,10,Late
LP0006981,L00366,C00415,2023-07-28,2023-08-04,7026.41,7,Late
LP0006982,L00366,C00415,2023-08-28,2023-09-03,6903.3,6,Late
LP0006983,L00366,C00415,2023-09-28,2023-10-08,7118.09,10,Late
LP0006984,L00366,C00415,2023-10-28,2023-11-06,7210.74,9,Late
LP0006985,L00366,C00415,2023-11-28,2023-12-06,7048.78,8,Late
LP0006986,L00366,C00415,2023-12-28,2024-01-04,7144.55,7,Late
LP0006987,L00366,C00415,2024-01-28,2024-02-02,7255.18,5,Paid
LP0006988,L00366,C00415,2024-02-28,2024-03-03,6972.44,4,Paid
LP0006989,L00366,C00415,2024-03-28,2024-03-30,6965.85,2,Paid
LP0006990,L00366,C00415,2024-04-28,2024-05-02,7127.28,4,Paid
LP0006991,L00366,C00415,2024-05-28,2024-06-02,6956.79,5,Paid
LP0006992,L00366,C00415,2024-06-28,2024-06-29,6957.54,1,Paid
LP0006993,L00366,C00415,2024-07-28,2024-08-05,7070.16,8,Late
LP0006994,L00366,C00415,2024-08-28,2024-09-03,6944.81,6,Late
LP0006995,L00366,C00415,2024-09-28,2024-09-28,7207.88,0,Paid
LP0006996,L00366,C00415,2024-10-28,2024-11-05,6931.41,8,Late
LP0006997,L00366,C00415,2024-11-28,2024-11-28,7176.16,0,Paid
LP0006998,L00366,C00415,2024-12-28,2024-12-28,7163.87,0,Paid
LP0006999,L00366,C00415,2025-01-28,2025-02-06,7134.69,9,Late
LP0007000,L00366,C00415,2025-02-28,2025-03-05,6938.5,5,Paid
LP0007001,L00366,C00415,2025-03-28,2025-04-01,7203.01,4,Paid
LP0007002,L00366,C00415,2025-04-28,2025-05-02,6886.54,4,Paid
LP0007003,L00367,C00655,2022-09-28,2022-09-28,9165.78,0,Paid
LP0007004,L00367,C00655,2022-10-28,2022-10-28,9224.35,0,Paid
LP0007005,L00367,C00655,2022-11-28,2022-12-01,9229.43,3,Paid
LP0007006,L00367,C00655,2022-12-28,2023-01-04,9204.63,7,Late
LP0007007,L00367,C00655,2023-01-28,2023-01-30,9391.52,2,Paid
LP0007008,L00367,C00655,2023-02-28,2023-03-06,9357.87,6,Late
LP0007009,L00367,C00655,2023-03-28,2023-04-03,8999.35,6,Late
LP0007010,L00367,C00655,2023-04-28,2023-04-30,8953.91,2,Paid
LP0007011,L00367,C00655,2023-05-28,2023-06-03,9025.95,6,Late
LP0007012,L00367,C00655,2023-06-28,2023-06-30,9035.3,2,Paid
LP0007013,L00367,C00655,2023-07-28,2023-08-01,9237.55,4,Paid
LP0007014,L00367,C00655,2023-08-28,2023-09-06,9265.22,9,Late
LP0007015,L00367,C00655,2023-09-28,2023-09-30,9016.18,2,Paid
LP0007016,L00367,C00655,2023-10-28,2023-10-31,9188.44,3,Paid
LP0007017,L00367,C00655,2023-11-28,2023-12-04,8866.97,6,Late
LP0007018,L00367,C00655,2023-12-28,2024-01-01,8929.11,4,Paid
LP0007019,L00367,C00655,2024-01-28,2024-01-28,9154.0,0,Paid
LP0007020,L00367,C00655,2024-02-28,2024-02-29,9108.34,1,Paid
LP0007021,L00367,C00655,2024-03-28,2024-04-07,9011.29,10,Late
LP0007022,L00367,C00655,2024-04-28,2024-05-03,9228.44,5,Paid
LP0007023,L00367,C00655,2024-05-28,2024-06-06,9243.02,9,Late
LP0007024,L00367,C00655,2024-06-28,2024-07-04,9149.1,6,Late
LP0007025,L00367,C00655,2024-07-28,2024-08-02,9271.61,5,Paid
LP0007026,L00367,C00655,2024-08-28,2024-08-30,9107.61,2,Paid
LP0007027,L00368,C00980,2024-02-28,2024-03-05,14750.0,6,Late
LP0007028,L00368,C00980,2024-03-28,2024-03-30,14321.78,2,Paid
LP0007029,L00368,C00980,2024-04-28,2024-04-29,14789.79,1,Paid
LP0007030,L00368,C00980,2024-05-28,2024-06-05,14395.17,8,Late
LP0007031,L00368,C00980,2024-06-28,2024-06-30,14576.17,2,Paid
LP0007032,L00368,C00980,2024-07-28,2024-08-03,14649.73,6,Late
LP0007033,L00368,C00980,2024-08-28,2024-09-01,15086.77,4,Paid
LP0007034,L00368,C00980,2024-09-28,2024-10-06,14339.44,8,Late
LP0007035,L00368,C00980,2024-10-28,2024-11-04,14306.24,7,Late
LP0007036,L00368,C00980,2024-11-28,2024-11-28,14842.78,0,Paid
LP0007037,L00368,C00980,2024-12-28,2025-01-04,14824.15,7,Late
LP0007038,L00368,C00980,2025-01-28,2025-01-28,14842.27,0,Paid
LP0007039,L00368,C00980,2025-02-28,2025-03-10,14523.23,10,Late
LP0007040,L00368,C00980,2025-03-28,2025-05-21,12434.05,54,Partial
LP0007041,L00368,C00980,2025-04-28,,0,73,Missed
LP0007042,L00368,C00980,2025-05-28,,0,45,Missed
LP0007043,L00368,C00980,2025-06-28,,0,115,Missed
LP0007044,L00368,C00980,2025-07-28,2025-09-19,9137.71,53,Partial
LP0007045,L00368,C00980,2025-08-28,,0,79,Missed
LP0007046,L00368,C00980,2025-09-28,,0,112,Missed
LP0007047,L00368,C00980,2025-10-28,2025-12-04,10902.62,37,Partial
LP0007048,L00368,C00980,2025-11-28,2025-12-25,13041.31,27,Partial
LP0007049,L00368,C00980,2025-12-28,,0,47,Missed
LP0007050,L00368,C00980,2026-01-28,2026-02-27,9757.74,30,Partial
LP0007051,L00369,C00782,2024-04-28,2024-05-01,8807.77,3,Paid
LP0007052,L00369,C00782,2024-05-28,2024-05-31,9297.43,3,Paid
LP0007053,L00369,C00782,2024-06-28,2024-06-30,8977.41,2,Paid
LP0007054,L00369,C00782,2024-07-28,2024-08-03,9107.27,6,Late
LP0007055,L00369,C00782,2024-08-28,2024-09-03,8942.02,6,Late
LP0007056,L00369,C00782,2024-09-28,2024-10-02,9292.66,4,Paid
LP0007057,L00369,C00782,2024-10-28,2024-10-29,8898.09,1,Paid
LP0007058,L00369,C00782,2024-11-28,,0,42,Missed
LP0007059,L00369,C00782,2024-12-28,,0,83,Missed
LP0007060,L00369,C00782,2025-01-28,,0,67,Missed
LP0007061,L00369,C00782,2025-02-28,2025-03-25,7671.66,25,Partial
LP0007062,L00369,C00782,2025-03-28,,0,85,Missed
LP0007063,L00370,C00706,2026-01-28,2026-01-31,52531.21,3,Paid
LP0007064,L00370,C00706,2026-02-28,2026-03-04,55105.18,4,Paid
LP0007065,L00370,C00706,2026-03-28,2026-03-28,54166.9,0,Paid
LP0007066,L00370,C00706,2026-04-28,2026-05-07,52345.18,9,Late
LP0007067,L00370,C00706,2026-05-28,2026-05-31,54325.34,3,Paid
LP0007068,L00370,C00706,2026-06-28,2026-07-08,55300.42,10,Late
LP0007069,L00370,C00706,2026-07-28,2026-08-06,52630.06,9,Late
LP0007070,L00370,C00706,2026-08-28,2026-08-29,53400.19,1,Paid
LP0007071,L00371,C00274,2025-03-28,2025-04-03,18486.29,6,Late
LP0007072,L00371,C00274,2025-04-28,2025-05-01,18726.37,3,Paid
LP0007073,L00371,C00274,2025-05-28,2025-06-03,18256.97,6,Late
LP0007074,L00371,C00274,2025-06-28,2025-06-29,18009.55,1,Paid
LP0007075,L00371,C00274,2025-07-28,2025-08-01,18242.24,4,Paid
LP0007076,L00371,C00274,2025-08-28,2025-08-31,18143.24,3,Paid
LP0007077,L00371,C00274,2025-09-28,2025-10-02,18138.97,4,Paid
LP0007078,L00371,C00274,2025-10-28,2025-10-30,18348.19,2,Paid
LP0007079,L00371,C00274,2025-11-28,2025-12-08,17930.93,10,Late
LP0007080,L00371,C00274,2025-12-28,2025-12-30,18751.1,2,Paid
LP0007081,L00371,C00274,2026-01-28,2026-02-07,18019.65,10,Late
LP0007082,L00371,C00274,2026-02-28,2026-03-04,18344.31,4,Paid
LP0007083,L00371,C00274,2026-03-28,2026-04-02,18579.32,5,Paid
LP0007084,L00371,C00274,2026-04-28,2026-05-07,18273.2,9,Late
LP0007085,L00371,C00274,2026-05-28,2026-06-06,18406.58,9,Late
LP0007086,L00371,C00274,2026-06-28,2026-07-02,18437.34,4,Paid
LP0007087,L00371,C00274,2026-07-28,2026-08-03,18172.48,6,Late
LP0007088,L00371,C00274,2026-08-28,2026-09-04,18283.34,7,Late
LP0007089,L00372,C00042,2022-04-28,2022-05-06,11939.38,8,Late
LP0007090,L00372,C00042,2022-05-28,2022-06-07,11925.78,10,Late
LP0007091,L00372,C00042,2022-06-28,2022-06-30,11851.61,2,Paid
LP0007092,L00372,C00042,2022-07-28,2022-08-06,12125.89,9,Late
LP0007093,L00372,C00042,2022-08-28,2022-09-07,12046.84,10,Late
LP0007094,L00372,C00042,2022-09-28,2022-09-28,12459.48,0,Paid
LP0007095,L00372,C00042,2022-10-28,2022-11-01,11829.08,4,Paid
LP0007096,L00372,C00042,2022-11-28,2022-12-01,12441.31,3,Paid
LP0007097,L00372,C00042,2022-12-28,2023-01-07,11820.32,10,Late
LP0007098,L00372,C00042,2023-01-28,2023-02-01,11794.57,4,Paid
LP0007099,L00372,C00042,2023-02-28,2023-03-04,11954.95,4,Paid
LP0007100,L00372,C00042,2023-03-28,2023-04-04,12130.87,7,Late
LP0007101,L00372,C00042,2023-04-28,2023-04-28,12407.75,0,Paid
LP0007102,L00372,C00042,2023-05-28,2023-06-04,12412.45,7,Late
LP0007103,L00372,C00042,2023-06-28,2023-06-28,11842.7,0,Paid
LP0007104,L00372,C00042,2023-07-28,2023-07-31,11867.95,3,Paid
LP0007105,L00372,C00042,2023-08-28,2023-09-07,11780.03,10,Late
LP0007106,L00372,C00042,2023-09-28,2023-10-01,12238.36,3,Paid
LP0007107,L00372,C00042,2023-10-28,2023-11-06,11848.51,9,Late
LP0007108,L00372,C00042,2023-11-28,2023-11-29,12394.76,1,Paid
LP0007109,L00372,C00042,2023-12-28,2024-01-07,12016.77,10,Late
LP0007110,L00372,C00042,2024-01-28,2024-02-03,12455.07,6,Late
LP0007111,L00372,C00042,2024-02-28,2024-03-09,12053.61,10,Late
LP0007112,L00372,C00042,2024-03-28,2024-04-03,12444.74,6,Late
LP0007113,L00373,C00972,2023-05-28,2023-05-30,52551.36,2,Paid
LP0007114,L00373,C00972,2023-06-28,2023-06-30,53391.54,2,Paid
LP0007115,L00373,C00972,2023-07-28,2023-07-30,53963.02,2,Paid
LP0007116,L00373,C00972,2023-08-28,2023-09-03,54076.75,6,Late
LP0007117,L00373,C00972,2023-09-28,2023-10-02,53245.74,4,Paid
LP0007118,L00373,C00972,2023-10-28,2023-11-01,51724.24,4,Paid
LP0007119,L00373,C00972,2023-11-28,2023-12-05,52405.12,7,Late
LP0007120,L00373,C00972,2023-12-28,2024-01-07,54067.84,10,Late
LP0007121,L00373,C00972,2024-01-28,2024-02-04,53015.04,7,Late
LP0007122,L00373,C00972,2024-02-28,2024-03-05,52596.56,6,Late
LP0007123,L00373,C00972,2024-03-28,2024-04-01,52315.67,4,Paid
LP0007124,L00373,C00972,2024-04-28,2024-05-08,53787.0,10,Late
LP0007125,L00374,C00864,2023-11-28,2023-11-30,4435.94,2,Paid
LP0007126,L00374,C00864,2023-12-28,2024-01-05,4441.82,8,Late
LP0007127,L00374,C00864,2024-01-28,2024-01-31,4333.67,3,Paid
LP0007128,L00374,C00864,2024-02-28,2024-02-29,4517.54,1,Paid
LP0007129,L00374,C00864,2024-03-28,2024-03-31,4391.51,3,Paid
LP0007130,L00374,C00864,2024-04-28,2024-05-05,4497.21,7,Late
LP0007131,L00374,C00864,2024-05-28,2024-06-05,4529.8,8,Late
LP0007132,L00374,C00864,2024-06-28,2024-07-06,4586.76,8,Late
LP0007133,L00374,C00864,2024-07-28,2024-07-29,4554.78,1,Paid
LP0007134,L00374,C00864,2024-08-28,2024-08-28,4378.22,0,Paid
LP0007135,L00374,C00864,2024-09-28,2024-10-04,4510.94,6,Late
LP0007136,L00374,C00864,2024-10-28,2024-11-04,4364.71,7,Late
LP0007137,L00374,C00864,2024-11-28,2024-12-07,4435.51,9,Late
LP0007138,L00374,C00864,2024-12-28,2025-01-01,4561.98,4,Paid
LP0007139,L00374,C00864,2025-01-28,2025-02-01,4499.37,4,Paid
LP0007140,L00374,C00864,2025-02-28,2025-03-08,4426.67,8,Late
LP0007141,L00374,C00864,2025-03-28,2025-04-01,4529.29,4,Paid
LP0007142,L00374,C00864,2025-04-28,2025-05-03,4445.6,5,Paid
LP0007143,L00374,C00864,2025-05-28,2025-05-29,4593.58,1,Paid
LP0007144,L00374,C00864,2025-06-28,2025-06-28,4545.76,0,Paid
LP0007145,L00374,C00864,2025-07-28,2025-08-05,4408.27,8,Late
LP0007146,L00374,C00864,2025-08-28,2025-09-02,4593.59,5,Paid
LP0007147,L00374,C00864,2025-09-28,2025-09-30,4439.13,2,Paid
LP0007148,L00374,C00864,2025-10-28,2025-11-03,4470.52,6,Late
LP0007149,L00375,C00466,2023-11-28,2023-11-30,48196.24,2,Paid
LP0007150,L00375,C00466,2023-12-28,2024-01-05,47112.98,8,Late
LP0007151,L00375,C00466,2024-01-28,2024-02-02,47827.88,5,Paid
LP0007152,L00375,C00466,2024-02-28,2024-02-29,46683.45,1,Paid
LP0007153,L00375,C00466,2024-03-28,2024-03-29,47948.69,1,Paid
LP0007154,L00375,C00466,2024-04-28,2024-05-07,48402.89,9,Late
LP0007155,L00375,C00466,2024-05-28,2024-06-03,46012.07,6,Late
LP0007156,L00375,C00466,2024-06-28,2024-07-03,47556.74,5,Paid
LP0007157,L00375,C00466,2024-07-28,2024-08-06,48308.62,9,Late
LP0007158,L00375,C00466,2024-08-28,2024-08-30,47887.46,2,Paid
LP0007159,L00375,C00466,2024-09-28,2024-10-05,47309.67,7,Late
LP0007160,L00375,C00466,2024-10-28,2024-10-28,48395.81,0,Paid
LP0007161,L00375,C00466,2024-11-28,2024-12-06,46763.19,8,Late
LP0007162,L00375,C00466,2024-12-28,,0,31,Missed
LP0007163,L00375,C00466,2025-01-28,,0,120,Missed
LP0007164,L00375,C00466,2025-02-28,,0,91,Missed
LP0007165,L00375,C00466,2025-03-28,,0,36,Missed
LP0007166,L00375,C00466,2025-04-28,2025-06-23,24194.37,56,Partial
LP0007167,L00375,C00466,2025-05-28,2025-07-22,44237.97,55,Partial
LP0007168,L00375,C00466,2025-06-28,2025-08-26,43272.82,59,Partial
LP0007169,L00375,C00466,2025-07-28,2025-09-21,26904.93,55,Partial
LP0007170,L00375,C00466,2025-08-28,2025-09-21,24446.5,24,Partial
LP0007171,L00375,C00466,2025-09-28,,0,56,Missed
LP0007172,L00375,C00466,2025-10-28,,0,100,Missed
LP0007173,L00376,C00680,2024-07-28,2024-07-30,14079.12,2,Paid
LP0007174,L00376,C00680,2024-08-28,2024-09-06,14352.6,9,Late
LP0007175,L00376,C00680,2024-09-28,2024-10-08,14196.63,10,Late
LP0007176,L00376,C00680,2024-10-28,2024-10-29,14488.16,1,Paid
LP0007177,L00376,C00680,2024-11-28,2024-12-01,14426.08,3,Paid
LP0007178,L00376,C00680,2024-12-28,2025-01-06,14388.36,9,Late
LP0007179,L00376,C00680,2025-01-28,2025-02-04,14677.67,7,Late
LP0007180,L00376,C00680,2025-02-28,2025-03-03,14352.72,3,Paid
LP0007181,L00376,C00680,2025-03-28,2025-04-07,14281.12,10,Late
LP0007182,L00376,C00680,2025-04-28,2025-04-30,14265.03,2,Paid
LP0007183,L00376,C00680,2025-05-28,2025-06-04,14222.95,7,Late
LP0007184,L00376,C00680,2025-06-28,2025-07-05,14697.29,7,Late
LP0007185,L00377,C00210,2025-09-28,2025-09-30,83323.18,2,Paid
LP0007186,L00377,C00210,2025-10-28,2025-10-28,85297.81,0,Paid
LP0007187,L00377,C00210,2025-11-28,2025-12-02,83000.7,4,Paid
LP0007188,L00377,C00210,2025-12-28,2026-01-06,85986.03,9,Late
LP0007189,L00377,C00210,2026-01-28,2026-02-03,83745.42,6,Late
LP0007190,L00377,C00210,2026-02-28,2026-03-04,83373.28,4,Paid
LP0007191,L00377,C00210,2026-03-28,2026-04-01,86117.37,4,Paid
LP0007192,L00377,C00210,2026-04-28,2026-05-04,83795.04,6,Late
LP0007193,L00377,C00210,2026-05-28,2026-06-01,83079.95,4,Paid
LP0007194,L00377,C00210,2026-06-28,2026-07-04,82863.02,6,Late
LP0007195,L00377,C00210,2026-07-28,2026-07-28,84014.95,0,Paid
LP0007196,L00377,C00210,2026-08-28,2026-08-29,83645.87,1,Paid
LP0007197,L00378,C00551,2024-06-28,2024-07-08,15289.56,10,Late
LP0007198,L00378,C00551,2024-07-28,2024-08-05,14988.38,8,Late
LP0007199,L00378,C00551,2024-08-28,2024-09-06,14969.15,9,Late
LP0007200,L00378,C00551,2024-09-28,2024-09-29,14945.25,1,Paid
LP0007201,L00378,C00551,2024-10-28,2024-11-04,14547.06,7,Late
LP0007202,L00378,C00551,2024-11-28,2024-11-30,15173.03,2,Paid
LP0007203,L00378,C00551,2024-12-28,2025-01-05,14491.68,8,Late
LP0007204,L00378,C00551,2025-01-28,2025-01-31,14430.09,3,Paid
LP0007205,L00378,C00551,2025-02-28,2025-02-28,14882.91,0,Paid
LP0007206,L00378,C00551,2025-03-28,2025-03-31,15243.62,3,Paid
LP0007207,L00378,C00551,2025-04-28,2025-05-01,14942.93,3,Paid
LP0007208,L00378,C00551,2025-05-28,2025-06-01,15222.51,4,Paid
LP0007209,L00378,C00551,2025-06-28,2025-07-07,15050.37,9,Late
LP0007210,L00378,C00551,2025-07-28,2025-07-29,15094.39,1,Paid
LP0007211,L00378,C00551,2025-08-28,2025-08-29,15046.17,1,Paid
LP0007212,L00378,C00551,2025-09-28,2025-10-08,14811.81,10,Late
LP0007213,L00378,C00551,2025-10-28,2025-11-03,14643.37,6,Late
LP0007214,L00378,C00551,2025-11-28,2025-12-01,14439.95,3,Paid
LP0007215,L00378,C00551,2025-12-28,2026-01-02,15309.28,5,Paid
LP0007216,L00378,C00551,2026-01-28,2026-02-04,15092.82,7,Late
LP0007217,L00378,C00551,2026-02-28,2026-03-04,14930.84,4,Paid
LP0007218,L00378,C00551,2026-03-28,2026-04-02,14468.18,5,Paid
LP0007219,L00378,C00551,2026-04-28,2026-05-02,14673.42,4,Paid
LP0007220,L00378,C00551,2026-05-28,2026-05-30,14814.49,2,Paid
LP0007221,L00379,C00309,2025-08-28,2025-09-06,2839.27,9,Late
LP0007222,L00379,C00309,2025-09-28,2025-10-06,2964.57,8,Late
LP0007223,L00379,C00309,2025-10-28,2025-10-28,2835.1,0,Paid
LP0007224,L00379,C00309,2025-11-28,2025-12-06,2859.24,8,Late
LP0007225,L00379,C00309,2025-12-28,2026-01-07,2856.24,10,Late
LP0007226,L00379,C00309,2026-01-28,2026-01-29,2948.81,1,Paid
LP0007227,L00379,C00309,2026-02-28,2026-03-06,2825.43,6,Late
LP0007228,L00379,C00309,2026-03-28,2026-04-03,2913.3,6,Late
LP0007229,L00379,C00309,2026-04-28,2026-05-08,2977.56,10,Late
LP0007230,L00379,C00309,2026-05-28,2026-05-30,2857.86,2,Paid
LP0007231,L00379,C00309,2026-06-28,2026-06-28,2900.73,0,Paid
LP0007232,L00379,C00309,2026-07-28,2026-08-05,2943.68,8,Late
LP0007233,L00379,C00309,2026-08-28,2026-08-29,2974.58,1,Paid
LP0007234,L00380,C00833,2024-10-28,2024-11-07,44519.51,10,Late
LP0007235,L00380,C00833,2024-11-28,2024-12-01,43145.74,3,Paid
LP0007236,L00380,C00833,2024-12-28,2025-01-05,43069.11,8,Late
LP0007237,L00380,C00833,2025-01-28,2025-02-04,42831.35,7,Late
LP0007238,L00380,C00833,2025-02-28,2025-03-05,44072.38,5,Paid
LP0007239,L00380,C00833,2025-03-28,2025-04-07,43573.34,10,Late
LP0007240,L00380,C00833,2025-04-28,2025-04-28,43437.4,0,Paid
LP0007241,L00380,C00833,2025-05-28,2025-06-03,45248.8,6,Late
LP0007242,L00380,C00833,2025-06-28,2025-06-30,43891.37,2,Paid
LP0007243,L00380,C00833,2025-07-28,2025-08-02,44385.27,5,Paid
LP0007244,L00380,C00833,2025-08-28,2025-08-29,44696.95,1,Paid
LP0007245,L00380,C00833,2025-09-28,2025-09-30,43747.71,2,Paid
LP0007246,L00380,C00833,2025-10-28,2025-11-05,43351.2,8,Late
LP0007247,L00380,C00833,2025-11-28,2025-12-03,43015.91,5,Paid
LP0007248,L00380,C00833,2025-12-28,2026-01-03,43414.56,6,Late
LP0007249,L00380,C00833,2026-01-28,2026-02-04,44163.03,7,Late
LP0007250,L00380,C00833,2026-02-28,2026-03-01,43883.35,1,Paid
LP0007251,L00380,C00833,2026-03-28,2026-04-01,44685.93,4,Paid
LP0007252,L00380,C00833,2026-04-28,2026-05-04,44971.68,6,Late
LP0007253,L00380,C00833,2026-05-28,2026-06-01,44927.75,4,Paid
LP0007254,L00380,C00833,2026-06-28,2026-06-29,44973.24,1,Paid
LP0007255,L00380,C00833,2026-07-28,2026-07-30,44606.69,2,Paid
LP0007256,L00380,C00833,2026-08-28,2026-09-06,42949.82,9,Late
LP0007257,L00381,C00544,2024-08-28,2024-08-29,6418.48,1,Paid
LP0007258,L00381,C00544,2024-09-28,2024-09-30,6439.69,2,Paid
LP0007259,L00381,C00544,2024-10-28,2024-11-07,6162.75,10,Late
LP0007260,L00381,C00544,2024-11-28,2024-12-03,6322.01,5,Paid
LP0007261,L00381,C00544,2024-12-28,2025-01-07,6451.06,10,Late
LP0007262,L00381,C00544,2025-01-28,2025-02-07,6170.24,10,Late
LP0007263,L00381,C00544,2025-02-28,2025-03-01,6333.19,1,Paid
LP0007264,L00381,C00544,2025-03-28,2025-04-05,6155.25,8,Late
LP0007265,L00381,C00544,2025-04-28,2025-04-29,6437.64,1,Paid
LP0007266,L00381,C00544,2025-05-28,2025-05-28,6160.0,0,Paid
LP0007267,L00381,C00544,2025-06-28,2025-07-04,6141.77,6,Late
LP0007268,L00381,C00544,2025-07-28,2025-07-31,6414.63,3,Paid
LP0007269,L00381,C00544,2025-08-28,2025-09-02,6219.18,5,Paid
LP0007270,L00381,C00544,2025-09-28,2025-10-03,6364.61,5,Paid
LP0007271,L00381,C00544,2025-10-28,2025-11-06,6492.58,9,Late
LP0007272,L00381,C00544,2025-11-28,2025-12-06,6186.24,8,Late
LP0007273,L00381,C00544,2025-12-28,2026-01-06,6130.07,9,Late
LP0007274,L00381,C00544,2026-01-28,2026-02-01,6488.86,4,Paid
LP0007275,L00381,C00544,2026-02-28,2026-03-08,6167.55,8,Late
LP0007276,L00381,C00544,2026-03-28,2026-03-30,6387.11,2,Paid
LP0007277,L00381,C00544,2026-04-28,2026-05-03,6286.93,5,Paid
LP0007278,L00381,C00544,2026-05-28,2026-05-29,6275.68,1,Paid
LP0007279,L00381,C00544,2026-06-28,2026-07-04,6274.2,6,Late
LP0007280,L00381,C00544,2026-07-28,2026-07-30,6296.09,2,Paid
LP0007281,L00382,C00276,2023-02-28,2023-03-06,9623.02,6,Late
LP0007282,L00382,C00276,2023-03-28,2023-03-30,9566.75,2,Paid
LP0007283,L00382,C00276,2023-04-28,2023-05-08,9619.44,10,Late
LP0007284,L00382,C00276,2023-05-28,2023-06-01,9801.27,4,Paid
LP0007285,L00382,C00276,2023-06-28,2023-07-06,9744.11,8,Late
LP0007286,L00382,C00276,2023-07-28,2023-08-04,9851.61,7,Late
LP0007287,L00382,C00276,2023-08-28,2023-09-05,9344.43,8,Late
LP0007288,L00382,C00276,2023-09-28,2023-10-07,9414.64,9,Late
LP0007289,L00382,C00276,2023-10-28,2023-11-05,9432.36,8,Late
LP0007290,L00382,C00276,2023-11-28,2023-12-05,9685.45,7,Late
LP0007291,L00382,C00276,2023-12-28,2024-01-04,9730.13,7,Late
LP0007292,L00382,C00276,2024-01-28,2024-02-02,9861.1,5,Paid
LP0007293,L00382,C00276,2024-02-28,2024-02-28,9673.31,0,Paid
LP0007294,L00382,C00276,2024-03-28,2024-04-01,9573.17,4,Paid
LP0007295,L00382,C00276,2024-04-28,2024-04-28,9869.74,0,Paid
LP0007296,L00382,C00276,2024-05-28,2024-06-05,9317.92,8,Late
LP0007297,L00382,C00276,2024-06-28,2024-07-06,9395.0,8,Late
LP0007298,L00382,C00276,2024-07-28,2024-07-29,9424.31,1,Paid
LP0007299,L00382,C00276,2024-08-28,2024-08-29,9701.41,1,Paid
LP0007300,L00382,C00276,2024-09-28,2024-10-06,9399.65,8,Late
LP0007301,L00382,C00276,2024-10-28,2024-11-07,9809.97,10,Late
LP0007302,L00382,C00276,2024-11-28,2024-11-29,9778.36,1,Paid
LP0007303,L00382,C00276,2024-12-28,2025-01-01,9724.84,4,Paid
LP0007304,L00382,C00276,2025-01-28,2025-01-28,9457.94,0,Paid
LP0007305,L00383,C00525,2023-05-28,2023-06-01,58348.51,4,Paid
LP0007306,L00383,C00525,2023-06-28,2023-07-07,58898.53,9,Late
LP0007307,L00383,C00525,2023-07-28,2023-08-07,59338.59,10,Late
LP0007308,L00383,C00525,2023-08-28,2023-08-30,60074.18,2,Paid
LP0007309,L00383,C00525,2023-09-28,2023-10-07,58715.29,9,Late
LP0007310,L00383,C00525,2023-10-28,2023-11-01,59306.51,4,Paid
LP0007311,L00383,C00525,2023-11-28,2023-11-28,59947.83,0,Paid
LP0007312,L00383,C00525,2023-12-28,2023-12-29,59345.83,1,Paid
LP0007313,L00383,C00525,2024-01-28,2024-02-03,59116.38,6,Late
LP0007314,L00383,C00525,2024-02-28,2024-03-08,58054.37,9,Late
LP0007315,L00383,C00525,2024-03-28,2024-04-01,58527.6,4,Paid
LP0007316,L00383,C00525,2024-04-28,2024-04-28,58168.56,0,Paid
LP0007317,L00383,C00525,2024-05-28,2024-06-06,58542.93,9,Late
LP0007318,L00383,C00525,2024-06-28,2024-07-08,57560.59,10,Late
LP0007319,L00383,C00525,2024-07-28,2024-08-07,57408.78,10,Late
LP0007320,L00383,C00525,2024-08-28,2024-08-28,58823.64,0,Paid
LP0007321,L00383,C00525,2024-09-28,2024-10-04,60295.58,6,Late
LP0007322,L00383,C00525,2024-10-28,2024-10-29,58941.97,1,Paid
LP0007323,L00383,C00525,2024-11-28,2024-12-04,59742.82,6,Late
LP0007324,L00383,C00525,2024-12-28,2024-12-29,58626.93,1,Paid
LP0007325,L00383,C00525,2025-01-28,2025-02-03,59224.05,6,Late
LP0007326,L00383,C00525,2025-02-28,2025-03-04,60280.99,4,Paid
LP0007327,L00383,C00525,2025-03-28,2025-04-01,60073.37,4,Paid
LP0007328,L00383,C00525,2025-04-28,2025-05-06,59642.1,8,Late
LP0007329,L00384,C00987,2025-02-28,2025-03-02,61574.93,2,Paid
LP0007330,L00384,C00987,2025-03-28,2025-03-28,62065.77,0,Paid
LP0007331,L00384,C00987,2025-04-28,2025-05-06,60459.91,8,Late
LP0007332,L00384,C00987,2025-05-28,2025-06-05,59809.31,8,Late
LP0007333,L00384,C00987,2025-06-28,2025-07-06,62020.39,8,Late
LP0007334,L00384,C00987,2025-07-28,2025-07-29,60543.91,1,Paid
LP0007335,L00384,C00987,2025-08-28,2025-09-05,60098.66,8,Late
LP0007336,L00384,C00987,2025-09-28,2025-10-04,60879.61,6,Late
LP0007337,L00384,C00987,2025-10-28,2025-10-31,61519.85,3,Paid
LP0007338,L00384,C00987,2025-11-28,2025-12-02,61941.09,4,Paid
LP0007339,L00384,C00987,2025-12-28,2025-12-28,59871.18,0,Paid
LP0007340,L00384,C00987,2026-01-28,2026-02-04,59201.86,7,Late
LP0007341,L00385,C00011,2023-04-28,2023-05-02,76254.13,4,Paid
LP0007342,L00385,C00011,2023-05-28,2023-06-04,74756.36,7,Late
LP0007343,L00385,C00011,2023-06-28,2023-07-01,77544.74,3,Paid
LP0007344,L00385,C00011,2023-07-28,2023-08-03,77878.46,6,Late
LP0007345,L00385,C00011,2023-08-28,2023-09-07,78389.13,10,Late
LP0007346,L00385,C00011,2023-09-28,2023-09-30,74090.47,2,Paid
LP0007347,L00385,C00011,2023-10-28,2023-11-06,74313.67,9,Late
LP0007348,L00385,C00011,2023-11-28,2023-11-28,78321.75,0,Paid
LP0007349,L00385,C00011,2023-12-28,2024-01-01,76646.49,4,Paid
LP0007350,L00385,C00011,2024-01-28,2024-02-01,78329.97,4,Paid
LP0007351,L00385,C00011,2024-02-28,2024-03-06,77339.22,7,Late
LP0007352,L00385,C00011,2024-03-28,2024-03-30,77927.84,2,Paid
LP0007353,L00385,C00011,2024-04-28,2024-04-29,78065.24,1,Paid
LP0007354,L00385,C00011,2024-05-28,2024-05-28,74259.47,0,Paid
LP0007355,L00385,C00011,2024-06-28,2024-06-28,77170.6,0,Paid
LP0007356,L00385,C00011,2024-07-28,2024-08-03,75911.02,6,Late
LP0007357,L00385,C00011,2024-08-28,2024-09-05,78190.59,8,Late
LP0007358,L00385,C00011,2024-09-28,2024-10-01,77715.08,3,Paid
LP0007359,L00385,C00011,2024-10-28,2024-10-30,74430.3,2,Paid
LP0007360,L00385,C00011,2024-11-28,2024-12-06,77605.35,8,Late
LP0007361,L00385,C00011,2024-12-28,2025-01-05,76608.74,8,Late
LP0007362,L00385,C00011,2025-01-28,2025-02-02,76323.38,5,Paid
LP0007363,L00385,C00011,2025-02-28,2025-03-04,77298.22,4,Paid
LP0007364,L00385,C00011,2025-03-28,2025-04-07,74206.69,10,Late
LP0007365,L00386,C00234,2026-05-28,2026-06-01,5568.45,4,Paid
LP0007366,L00386,C00234,2026-06-28,2026-07-03,5639.49,5,Paid
LP0007367,L00386,C00234,2026-07-28,2026-07-29,5684.02,1,Paid
LP0007368,L00386,C00234,2026-08-28,2026-10-04,3672.67,37,Partial
LP0007369,L00387,C00261,2025-11-28,2025-12-04,5871.94,6,Late
LP0007370,L00387,C00261,2025-12-28,2026-01-01,5611.14,4,Paid
LP0007371,L00387,C00261,2026-01-28,2026-02-03,5685.19,6,Late
LP0007372,L00387,C00261,2026-02-28,2026-03-06,5721.09,6,Late
LP0007373,L00387,C00261,2026-03-28,2026-03-29,5691.97,1,Paid
LP0007374,L00387,C00261,2026-04-28,2026-04-29,5911.33,1,Paid
LP0007375,L00387,C00261,2026-05-28,2026-05-29,5624.77,1,Paid
LP0007376,L00387,C00261,2026-06-28,2026-07-05,5582.55,7,Late
LP0007377,L00387,C00261,2026-07-28,2026-08-05,5813.93,8,Late
LP0007378,L00387,C00261,2026-08-28,2026-08-28,5815.25,0,Paid
LP0007379,L00388,C00530,2023-02-28,2023-03-10,111679.13,10,Late
LP0007380,L00388,C00530,2023-03-28,2023-04-06,109439.92,9,Late
LP0007381,L00388,C00530,2023-04-28,2023-05-03,111968.22,5,Paid
LP0007382,L00388,C00530,2023-05-28,2023-06-04,112379.45,7,Late
LP0007383,L00388,C00530,2023-06-28,2023-06-30,113535.88,2,Paid
LP0007384,L00388,C00530,2023-07-28,2023-08-03,109377.42,6,Late
LP0007385,L00388,C00530,2023-08-28,2023-09-02,109075.2,5,Paid
LP0007386,L00388,C00530,2023-09-28,2023-10-05,110973.74,7,Late
LP0007387,L00388,C00530,2023-10-28,2023-11-02,108346.18,5,Paid
LP0007388,L00388,C00530,2023-11-28,2023-12-01,109411.62,3,Paid
LP0007389,L00388,C00530,2023-12-28,2024-01-06,113496.37,9,Late
LP0007390,L00388,C00530,2024-01-28,2024-02-05,112476.23,8,Late
LP0007391,L00388,C00530,2024-02-28,2024-03-07,108472.58,8,Late
LP0007392,L00388,C00530,2024-03-28,2024-04-05,110952.07,8,Late
LP0007393,L00388,C00530,2024-04-28,2024-05-06,111041.21,8,Late
LP0007394,L00388,C00530,2024-05-28,2024-06-07,112781.2,10,Late
LP0007395,L00388,C00530,2024-06-28,2024-07-06,113110.56,8,Late
LP0007396,L00388,C00530,2024-07-28,2024-07-31,113186.9,3,Paid
LP0007397,L00388,C00530,2024-08-28,2024-09-01,109522.82,4,Paid
LP0007398,L00388,C00530,2024-09-28,2024-09-30,109234.45,2,Paid
LP0007399,L00388,C00530,2024-10-28,2024-11-06,114005.63,9,Late
LP0007400,L00388,C00530,2024-11-28,2024-12-05,111770.91,7,Late
LP0007401,L00388,C00530,2024-12-28,2024-12-31,109031.93,3,Paid
LP0007402,L00388,C00530,2025-01-28,2025-01-29,112779.47,1,Paid
LP0007403,L00389,C00900,2023-09-28,2023-09-28,21458.12,0,Paid
LP0007404,L00389,C00900,2023-10-28,2023-10-31,21662.31,3,Paid
LP0007405,L00389,C00900,2023-11-28,2023-12-07,22092.15,9,Late
LP0007406,L00389,C00900,2023-12-28,2023-12-31,21385.48,3,Paid
LP0007407,L00389,C00900,2024-01-28,2024-01-28,21743.71,0,Paid
LP0007408,L00389,C00900,2024-02-28,2024-02-28,21699.69,0,Paid
LP0007409,L00389,C00900,2024-03-28,2024-04-03,21828.48,6,Late
LP0007410,L00389,C00900,2024-04-28,2024-05-02,22474.97,4,Paid
LP0007411,L00389,C00900,2024-05-28,2024-06-07,22122.7,10,Late
LP0007412,L00389,C00900,2024-06-28,2024-06-28,21512.97,0,Paid
LP0007413,L00389,C00900,2024-07-28,2024-08-01,21428.81,4,Paid
LP0007414,L00389,C00900,2024-08-28,2024-09-02,21944.76,5,Paid
LP0007415,L00389,C00900,2024-09-28,2024-09-28,21568.52,0,Paid
LP0007416,L00389,C00900,2024-10-28,2024-12-25,16398.03,58,Partial
LP0007417,L00389,C00900,2024-11-28,,0,71,Missed
LP0007418,L00389,C00900,2024-12-28,,0,117,Missed
LP0007419,L00389,C00900,2025-01-28,2025-03-01,17226.33,32,Partial
LP0007420,L00389,C00900,2025-02-28,,0,107,Missed
LP0007421,L00389,C00900,2025-03-28,2025-04-19,19419.49,22,Partial
LP0007422,L00389,C00900,2025-04-28,2025-06-08,19481.87,41,Partial
LP0007423,L00389,C00900,2025-05-28,2025-07-06,16974.65,39,Partial
LP0007424,L00389,C00900,2025-06-28,,0,83,Missed
LP0007425,L00389,C00900,2025-07-28,,0,54,Missed
LP0007426,L00389,C00900,2025-08-28,2025-10-12,18417.71,45,Partial
LP0007427,L00390,C00474,2025-03-28,2025-03-29,4922.24,1,Paid
LP0007428,L00390,C00474,2025-04-28,2025-05-05,4881.63,7,Late
LP0007429,L00390,C00474,2025-05-28,2025-06-06,4909.1,9,Late
LP0007430,L00390,C00474,2025-06-28,2025-07-08,4956.33,10,Late
LP0007431,L00390,C00474,2025-07-28,2025-08-01,5063.77,4,Paid
LP0007432,L00390,C00474,2025-08-28,2025-08-30,4991.39,2,Paid
LP0007433,L00390,C00474,2025-09-28,2025-10-07,4816.77,9,Late
LP0007434,L00390,C00474,2025-10-28,2025-11-01,4996.83,4,Paid
LP0007435,L00390,C00474,2025-11-28,2025-12-08,4969.23,10,Late
LP0007436,L00390,C00474,2025-12-28,2026-01-05,4948.53,8,Late
LP0007437,L00390,C00474,2026-01-28,2026-01-29,4986.26,1,Paid
LP0007438,L00390,C00474,2026-02-28,2026-03-04,4815.89,4,Paid
LP0007439,L00390,C00474,2026-03-28,2026-03-30,4863.72,2,Paid
LP0007440,L00390,C00474,2026-04-28,2026-04-30,5022.77,2,Paid
LP0007441,L00390,C00474,2026-05-28,2026-06-04,4797.87,7,Late
LP0007442,L00390,C00474,2026-06-28,2026-06-28,5022.08,0,Paid
LP0007443,L00390,C00474,2026-07-28,2026-08-04,4887.42,7,Late
LP0007444,L00390,C00474,2026-08-28,2026-09-02,4799.5,5,Paid
LP0007445,L00391,C00219,2025-07-28,2025-08-03,146462.77,6,Late
LP0007446,L00391,C00219,2025-08-28,2025-09-01,152557.8,4,Paid
LP0007447,L00391,C00219,2025-09-28,2025-10-06,145721.12,8,Late
LP0007448,L00391,C00219,2025-10-28,2025-11-05,149779.76,8,Late
LP0007449,L00391,C00219,2025-11-28,2025-12-04,148963.96,6,Late
LP0007450,L00391,C00219,2025-12-28,2026-01-06,151419.01,9,Late
LP0007451,L00391,C00219,2026-01-28,2026-01-28,145910.15,0,Paid
LP0007452,L00391,C00219,2026-02-28,2026-03-09,146013.07,9,Late
LP0007453,L00391,C00219,2026-03-28,2026-04-06,146802.39,9,Late
LP0007454,L00391,C00219,2026-04-28,2026-05-05,145558.68,7,Late
LP0007455,L00391,C00219,2026-05-28,2026-06-01,152515.82,4,Paid
LP0007456,L00391,C00219,2026-06-28,2026-06-29,147680.5,1,Paid
LP0007457,L00392,C00677,2022-06-28,2022-06-30,18368.5,2,Paid
LP0007458,L00392,C00677,2022-07-28,2022-07-31,18657.31,3,Paid
LP0007459,L00392,C00677,2022-08-28,2022-09-06,19268.97,9,Late
LP0007460,L00392,C00677,2022-09-28,2022-10-06,19317.65,8,Late
LP0007461,L00392,C00677,2022-10-28,2022-10-31,18970.04,3,Paid
LP0007462,L00392,C00677,2022-11-28,2022-11-30,18962.92,2,Paid
LP0007463,L00392,C00677,2022-12-28,2022-12-29,19405.19,1,Paid
LP0007464,L00392,C00677,2023-01-28,2023-02-01,18362.49,4,Paid
LP0007465,L00392,C00677,2023-02-28,2023-03-06,18544.31,6,Late
LP0007466,L00392,C00677,2023-03-28,2023-04-04,18948.31,7,Late
LP0007467,L00392,C00677,2023-04-28,2023-05-08,19169.23,10,Late
LP0007468,L00392,C00677,2023-05-28,2023-06-02,19297.48,5,Paid
LP0007469,L00392,C00677,2023-06-28,2023-06-30,18588.29,2,Paid
LP0007470,L00392,C00677,2023-07-28,2023-08-07,18528.04,10,Late
LP0007471,L00392,C00677,2023-08-28,2023-08-31,18607.52,3,Paid
LP0007472,L00392,C00677,2023-09-28,2023-10-06,19093.42,8,Late
LP0007473,L00392,C00677,2023-10-28,2023-10-28,18618.06,0,Paid
LP0007474,L00392,C00677,2023-11-28,2023-12-03,19224.73,5,Paid
LP0007475,L00392,C00677,2023-12-28,2024-01-01,18793.79,4,Paid
LP0007476,L00392,C00677,2024-01-28,2024-02-05,18665.05,8,Late
LP0007477,L00392,C00677,2024-02-28,2024-03-02,19437.62,3,Paid
LP0007478,L00392,C00677,2024-03-28,2024-03-30,19291.14,2,Paid
LP0007479,L00392,C00677,2024-04-28,2024-04-28,19325.38,0,Paid
LP0007480,L00392,C00677,2024-05-28,2024-06-06,18708.81,9,Late
LP0007481,L00393,C00337,2023-05-28,2023-06-06,30700.29,9,Late
LP0007482,L00393,C00337,2023-06-28,2023-07-04,30171.16,6,Late
LP0007483,L00393,C00337,2023-07-28,2023-08-04,31470.21,7,Late
LP0007484,L00393,C00337,2023-08-28,2023-09-07,30331.52,10,Late
LP0007485,L00393,C00337,2023-09-28,2023-10-05,31032.71,7,Late
LP0007486,L00393,C00337,2023-10-28,2023-10-28,31044.99,0,Paid
LP0007487,L00393,C00337,2023-11-28,2023-11-29,31271.6,1,Paid
LP0007488,L00393,C00337,2023-12-28,2024-01-06,31115.35,9,Late
LP0007489,L00393,C00337,2024-01-28,2024-02-07,31191.71,10,Late
LP0007490,L00393,C00337,2024-02-28,2024-03-07,31549.98,8,Late
LP0007491,L00393,C00337,2024-03-28,2024-04-01,30718.4,4,Paid
LP0007492,L00393,C00337,2024-04-28,2024-05-04,30108.9,6,Late
LP0007493,L00393,C00337,2024-05-28,2024-05-28,31089.13,0,Paid
LP0007494,L00393,C00337,2024-06-28,2024-07-03,30201.54,5,Paid
LP0007495,L00393,C00337,2024-07-28,2024-07-28,30381.96,0,Paid
LP0007496,L00393,C00337,2024-08-28,2024-09-02,30731.7,5,Paid
LP0007497,L00393,C00337,2024-09-28,2024-09-30,30573.22,2,Paid
LP0007498,L00393,C00337,2024-10-28,2024-11-03,30229.16,6,Late
LP0007499,L00393,C00337,2024-11-28,2024-11-28,31798.7,0,Paid
LP0007500,L00393,C00337,2024-12-28,2025-01-07,31086.14,10,Late
LP0007501,L00393,C00337,2025-01-28,2025-01-30,30959.27,2,Paid
LP0007502,L00393,C00337,2025-02-28,2025-03-05,30823.81,5,Paid
LP0007503,L00393,C00337,2025-03-28,2025-04-06,31788.77,9,Late
LP0007504,L00393,C00337,2025-04-28,2025-05-03,30675.42,5,Paid
LP0007505,L00394,C00292,2026-01-28,2026-01-28,78365.05,0,Paid
LP0007506,L00394,C00292,2026-02-28,2026-03-04,76027.0,4,Paid
LP0007507,L00394,C00292,2026-03-28,2026-03-29,76242.03,1,Paid
LP0007508,L00394,C00292,2026-04-28,2026-05-04,77791.41,6,Late
LP0007509,L00394,C00292,2026-05-28,2026-05-28,79015.97,0,Paid
LP0007510,L00394,C00292,2026-06-28,2026-07-03,78009.13,5,Paid
LP0007511,L00394,C00292,2026-07-28,2026-07-30,76946.17,2,Paid
LP0007512,L00394,C00292,2026-08-28,2026-09-03,75366.4,6,Late
LP0007513,L00395,C00824,2025-03-28,2025-03-30,56372.88,2,Paid
LP0007514,L00395,C00824,2025-04-28,2025-04-29,57867.69,1,Paid
LP0007515,L00395,C00824,2025-05-28,2025-06-05,58275.96,8,Late
LP0007516,L00395,C00824,2025-06-28,2025-07-06,57035.81,8,Late
LP0007517,L00395,C00824,2025-07-28,2025-07-28,57412.98,0,Paid
LP0007518,L00395,C00824,2025-08-28,2025-09-04,56398.99,7,Late
LP0007519,L00395,C00824,2025-09-28,2025-10-01,58533.05,3,Paid
LP0007520,L00395,C00824,2025-10-28,2025-11-03,58743.17,6,Late
LP0007521,L00395,C00824,2025-11-28,2025-11-28,59663.24,0,Paid
LP0007522,L00395,C00824,2025-12-28,2026-01-07,57886.47,10,Late
LP0007523,L00395,C00824,2026-01-28,2026-01-28,58636.48,0,Paid
LP0007524,L00395,C00824,2026-02-28,2026-03-03,56828.77,3,Paid
LP0007525,L00395,C00824,2026-03-28,2026-04-01,58105.92,4,Paid
LP0007526,L00395,C00824,2026-04-28,2026-05-07,56970.29,9,Late
LP0007527,L00395,C00824,2026-05-28,2026-05-30,57089.14,2,Paid
LP0007528,L00395,C00824,2026-06-28,2026-07-05,59400.48,7,Late
LP0007529,L00395,C00824,2026-07-28,2026-08-04,59488.95,7,Late
LP0007530,L00395,C00824,2026-08-28,2026-09-03,58008.84,6,Late
LP0007531,L00396,C00765,2022-06-28,2022-07-07,3327.87,9,Late
LP0007532,L00396,C00765,2022-07-28,2022-08-03,3223.5,6,Late
LP0007533,L00396,C00765,2022-08-28,2022-09-05,3211.27,8,Late
LP0007534,L00396,C00765,2022-09-28,2022-09-30,3201.94,2,Paid
LP0007535,L00396,C00765,2022-10-28,2022-11-01,3246.35,4,Paid
LP0007536,L00396,C00765,2022-11-28,2022-11-30,3229.45,2,Paid
LP0007537,L00396,C00765,2022-12-28,2023-01-05,3265.62,8,Late
LP0007538,L00396,C00765,2023-01-28,2023-02-05,3289.74,8,Late
LP0007539,L00396,C00765,2023-02-28,2023-03-07,3233.88,7,Late
LP0007540,L00396,C00765,2023-03-28,2023-04-04,3317.01,7,Late
LP0007541,L00396,C00765,2023-04-28,2023-05-02,3233.08,4,Paid
LP0007542,L00396,C00765,2023-05-28,2023-06-02,3251.08,5,Paid
LP0007543,L00396,C00765,2023-06-28,2023-07-08,3293.95,10,Late
LP0007544,L00396,C00765,2023-07-28,2023-08-05,3220.33,8,Late
LP0007545,L00396,C00765,2023-08-28,2023-09-01,3219.35,4,Paid
LP0007546,L00396,C00765,2023-09-28,2023-10-07,3182.9,9,Late
LP0007547,L00396,C00765,2023-10-28,2023-10-30,3235.27,2,Paid
LP0007548,L00396,C00765,2023-11-28,2023-12-01,3199.62,3,Paid
LP0007549,L00396,C00765,2023-12-28,2024-01-05,3280.64,8,Late
LP0007550,L00396,C00765,2024-01-28,2024-02-07,3268.08,10,Late
LP0007551,L00396,C00765,2024-02-28,2024-03-07,3333.45,8,Late
LP0007552,L00396,C00765,2024-03-28,2024-03-29,3225.55,1,Paid
LP0007553,L00396,C00765,2024-04-28,2024-04-30,3183.7,2,Paid
LP0007554,L00396,C00765,2024-05-28,2024-06-05,3243.47,8,Late
LP0007555,L00397,C00718,2023-11-28,2023-12-01,22968.86,3,Paid
LP0007556,L00397,C00718,2023-12-28,2023-12-29,23281.55,1,Paid
LP0007557,L00397,C00718,2024-01-28,2024-02-04,23253.04,7,Late
LP0007558,L00397,C00718,2024-02-28,2024-03-02,22876.04,3,Paid
LP0007559,L00397,C00718,2024-03-28,2024-04-07,22609.17,10,Late
LP0007560,L00397,C00718,2024-04-28,2024-05-02,23294.12,4,Paid
LP0007561,L00397,C00718,2024-05-28,2024-06-04,23440.83,7,Late
LP0007562,L00397,C00718,2024-06-28,2024-07-05,22933.12,7,Late
LP0007563,L00397,C00718,2024-07-28,2024-08-03,23597.39,6,Late
LP0007564,L00397,C00718,2024-08-28,2024-09-06,23135.33,9,Late
LP0007565,L00397,C00718,2024-09-28,2024-09-29,23843.14,1,Paid
LP0007566,L00397,C00718,2024-10-28,2024-10-28,22783.68,0,Paid
LP0007567,L00398,C00861,2022-02-28,2022-03-08,43641.78,8,Late
LP0007568,L00398,C00861,2022-03-28,2022-03-30,43538.38,2,Paid
LP0007569,L00398,C00861,2022-04-28,2022-05-07,44718.42,9,Late
LP0007570,L00398,C00861,2022-05-28,2022-05-28,44524.89,0,Paid
LP0007571,L00398,C00861,2022-06-28,2022-07-08,43648.27,10,Late
LP0007572,L00398,C00861,2022-07-28,2022-08-05,43989.26,8,Late
LP0007573,L00398,C00861,2022-08-28,2022-09-04,43983.36,7,Late
LP0007574,L00398,C00861,2022-09-28,2022-10-13,25576.77,15,Partial
LP0007575,L00398,C00861,2022-10-28,2022-12-02,22434.83,35,Partial
LP0007576,L00398,C00861,2022-11-28,2022-12-24,28218.06,26,Partial
LP0007577,L00398,C00861,2022-12-28,2023-01-28,30596.1,31,Partial
LP0007578,L00398,C00861,2023-01-28,,0,98,Missed
LP0007579,L00399,C00931,2024-02-28,2024-03-05,7694.87,6,Late
LP0007580,L00399,C00931,2024-03-28,2024-03-29,7463.72,1,Paid
LP0007581,L00399,C00931,2024-04-28,2024-04-29,7367.21,1,Paid
LP0007582,L00399,C00931,2024-05-28,2024-06-01,7710.52,4,Paid
LP0007583,L00399,C00931,2024-06-28,2024-07-08,7695.37,10,Late
LP0007584,L00399,C00931,2024-07-28,2024-08-05,7363.92,8,Late
LP0007585,L00399,C00931,2024-08-28,2024-09-06,7534.07,9,Late
LP0007586,L00399,C00931,2024-09-28,2024-10-05,7589.09,7,Late
LP0007587,L00399,C00931,2024-10-28,2024-11-05,7645.69,8,Late
LP0007588,L00399,C00931,2024-11-28,2024-12-04,7606.0,6,Late
LP0007589,L00399,C00931,2024-12-28,2025-01-03,7449.61,6,Late
LP0007590,L00399,C00931,2025-01-28,2025-01-29,7723.43,1,Paid
LP0007591,L00399,C00931,2025-02-28,2025-03-04,7504.65,4,Paid
LP0007592,L00399,C00931,2025-03-28,2025-04-03,7672.37,6,Late
LP0007593,L00399,C00931,2025-04-28,2025-04-29,7530.61,1,Paid
LP0007594,L00399,C00931,2025-05-28,2025-06-02,7563.4,5,Paid
LP0007595,L00399,C00931,2025-06-28,2025-07-07,7494.74,9,Late
LP0007596,L00399,C00931,2025-07-28,2025-07-28,7355.63,0,Paid
LP0007597,L00399,C00931,2025-08-28,2025-09-02,7474.32,5,Paid
LP0007598,L00399,C00931,2025-09-28,2025-09-30,7390.42,2,Paid
LP0007599,L00399,C00931,2025-10-28,2025-11-01,7342.45,4,Paid
LP0007600,L00399,C00931,2025-11-28,2025-11-30,7426.12,2,Paid
LP0007601,L00399,C00931,2025-12-28,2026-01-03,7739.73,6,Late
LP0007602,L00399,C00931,2026-01-28,2026-02-02,7458.61,5,Paid
LP0007603,L00400,C00190,2024-05-28,2024-06-07,17690.87,10,Late
LP0007604,L00400,C00190,2024-06-28,2024-07-07,17097.23,9,Late
LP0007605,L00400,C00190,2024-07-28,2024-08-04,17304.05,7,Late
LP0007606,L00400,C00190,2024-08-28,2024-08-31,17674.75,3,Paid
LP0007607,L00400,C00190,2024-09-28,2024-09-29,17115.95,1,Paid
LP0007608,L00400,C00190,2024-10-28,2024-10-31,16867.87,3,Paid
LP0007609,L00400,C00190,2024-11-28,2024-11-30,16888.08,2,Paid
LP0007610,L00400,C00190,2024-12-28,2025-01-04,17464.77,7,Late
LP0007611,L00400,C00190,2025-01-28,2025-01-29,16945.18,1,Paid
LP0007612,L00400,C00190,2025-02-28,2025-03-01,17241.21,1,Paid
LP0007613,L00400,C00190,2025-03-28,2025-03-28,16871.54,0,Paid
LP0007614,L00400,C00190,2025-04-28,2025-05-02,17344.94,4,Paid
LP0007615,L00401,C00527,2025-07-28,2025-07-28,4818.25,0,Paid
LP0007616,L00401,C00527,2025-08-28,2025-09-05,4884.32,8,Late
LP0007617,L00401,C00527,2025-09-28,2025-10-08,4902.48,10,Late
LP0007618,L00401,C00527,2025-10-28,2025-11-02,4915.82,5,Paid
LP0007619,L00401,C00527,2025-11-28,2025-12-08,4953.29,10,Late
LP0007620,L00401,C00527,2025-12-28,2026-01-01,5013.01,4,Paid
LP0007621,L00401,C00527,2026-01-28,2026-01-31,4853.29,3,Paid
LP0007622,L00401,C00527,2026-02-28,2026-03-02,4876.85,2,Paid
LP0007623,L00401,C00527,2026-03-28,2026-04-06,4829.08,9,Late
LP0007624,L00401,C00527,2026-04-28,2026-04-30,5104.5,2,Paid
LP0007625,L00401,C00527,2026-05-28,2026-05-29,4972.3,1,Paid
LP0007626,L00401,C00527,2026-06-28,2026-07-08,4880.46,10,Late
LP0007627,L00401,C00527,2026-07-28,2026-08-03,4981.33,6,Late
LP0007628,L00401,C00527,2026-08-28,2026-09-01,4994.28,4,Paid
LP0007629,L00402,C00060,2024-11-28,2024-12-01,16598.9,3,Paid
LP0007630,L00402,C00060,2024-12-28,2025-01-05,16882.98,8,Late
LP0007631,L00402,C00060,2025-01-28,2025-02-05,16511.73,8,Late
LP0007632,L00402,C00060,2025-02-28,2025-03-09,16757.23,9,Late
LP0007633,L00402,C00060,2025-03-28,2025-04-04,16446.21,7,Late
LP0007634,L00402,C00060,2025-04-28,2025-05-07,17223.86,9,Late
LP0007635,L00402,C00060,2025-05-28,2025-06-04,17135.52,7,Late
LP0007636,L00402,C00060,2025-06-28,2025-07-06,16513.07,8,Late
LP0007637,L00402,C00060,2025-07-28,2025-08-02,16667.88,5,Paid
LP0007638,L00402,C00060,2025-08-28,2025-09-04,16346.48,7,Late
LP0007639,L00402,C00060,2025-09-28,2025-10-08,16429.38,10,Late
LP0007640,L00402,C00060,2025-10-28,2025-10-28,16866.9,0,Paid
LP0007641,L00403,C00806,2026-05-28,2026-06-01,9161.09,4,Paid
LP0007642,L00403,C00806,2026-06-28,2026-07-04,9125.99,6,Late
LP0007643,L00403,C00806,2026-07-28,2026-08-05,8818.83,8,Late
LP0007644,L00403,C00806,2026-08-28,2026-09-06,8961.06,9,Late
LP0007645,L00404,C00813,2026-01-28,2026-02-06,9732.11,9,Late
LP0007646,L00404,C00813,2026-02-28,2026-03-09,9349.0,9,Late
LP0007647,L00404,C00813,2026-03-28,2026-04-03,9849.47,6,Late
LP0007648,L00404,C00813,2026-04-28,2026-04-28,9644.19,0,Paid
LP0007649,L00404,C00813,2026-05-28,2026-06-04,9615.84,7,Late
LP0007650,L00404,C00813,2026-06-28,2026-08-09,5506.82,42,Partial
LP0007651,L00404,C00813,2026-07-28,,0,72,Missed
LP0007652,L00404,C00813,2026-08-28,2026-10-19,9227.29,52,Partial
LP0007653,L00405,C00121,2025-02-28,2025-03-08,4765.92,8,Late
LP0007654,L00405,C00121,2025-03-28,2025-04-01,4699.64,4,Paid
LP0007655,L00405,C00121,2025-04-28,2025-05-02,4734.22,4,Paid
LP0007656,L00405,C00121,2025-05-28,2025-05-31,4646.51,3,Paid
LP0007657,L00405,C00121,2025-06-28,2025-07-06,4818.72,8,Late
LP0007658,L00405,C00121,2025-07-28,2025-07-30,4819.58,2,Paid
LP0007659,L00405,C00121,2025-08-28,2025-08-28,4788.66,0,Paid
LP0007660,L00405,C00121,2025-09-28,2025-09-30,4754.15,2,Paid
LP0007661,L00405,C00121,2025-10-28,2025-11-06,4693.28,9,Late
LP0007662,L00405,C00121,2025-11-28,2025-12-07,4859.58,9,Late
LP0007663,L00405,C00121,2025-12-28,2026-01-06,4770.49,9,Late
LP0007664,L00405,C00121,2026-01-28,2026-02-07,4645.9,10,Late
LP0007665,L00405,C00121,2026-02-28,2026-03-02,4633.91,2,Paid
LP0007666,L00405,C00121,2026-03-28,2026-03-29,4720.61,1,Paid
LP0007667,L00405,C00121,2026-04-28,2026-04-29,4905.48,1,Paid
LP0007668,L00405,C00121,2026-05-28,2026-06-07,4818.84,10,Late
LP0007669,L00405,C00121,2026-06-28,2026-07-03,4645.41,5,Paid
LP0007670,L00405,C00121,2026-07-28,2026-08-03,4768.76,6,Late
LP0007671,L00405,C00121,2026-08-28,2026-08-28,4715.88,0,Paid
LP0007672,L00406,C00995,2024-03-28,2024-03-29,4542.69,1,Paid
LP0007673,L00406,C00995,2024-04-28,2024-05-08,4439.58,10,Late
LP0007674,L00406,C00995,2024-05-28,2024-05-31,4481.73,3,Paid
LP0007675,L00406,C00995,2024-06-28,2024-06-28,4556.49,0,Paid
LP0007676,L00406,C00995,2024-07-28,2024-08-04,4484.31,7,Late
LP0007677,L00406,C00995,2024-08-28,2024-09-02,4371.07,5,Paid
LP0007678,L00406,C00995,2024-09-28,2024-09-28,4552.33,0,Paid
LP0007679,L00406,C00995,2024-10-28,2024-10-31,4397.6,3,Paid
LP0007680,L00406,C00995,2024-11-28,2024-12-04,4357.42,6,Late
LP0007681,L00406,C00995,2024-12-28,2024-12-31,4427.48,3,Paid
LP0007682,L00406,C00995,2025-01-28,2025-02-04,4487.36,7,Late
LP0007683,L00406,C00995,2025-02-28,2025-03-04,4414.8,4,Paid
LP0007684,L00406,C00995,2025-03-28,2025-04-03,4476.12,6,Late
LP0007685,L00406,C00995,2025-04-28,2025-05-02,4587.24,4,Paid
LP0007686,L00406,C00995,2025-05-28,2025-06-01,4463.88,4,Paid
LP0007687,L00406,C00995,2025-06-28,2025-07-08,4409.26,10,Late
LP0007688,L00406,C00995,2025-07-28,2025-07-28,4570.12,0,Paid
LP0007689,L00406,C00995,2025-08-28,2025-08-31,4388.03,3,Paid
LP0007690,L00406,C00995,2025-09-28,2025-10-01,4496.85,3,Paid
LP0007691,L00406,C00995,2025-10-28,2025-11-07,4567.7,10,Late
LP0007692,L00406,C00995,2025-11-28,2025-12-02,4415.58,4,Paid
LP0007693,L00406,C00995,2025-12-28,2026-01-03,4608.2,6,Late
LP0007694,L00406,C00995,2026-01-28,2026-02-04,4413.8,7,Late
LP0007695,L00406,C00995,2026-02-28,2026-03-05,4497.72,5,Paid
LP0007696,L00407,C00872,2025-06-28,2025-07-06,62247.8,8,Late
LP0007697,L00407,C00872,2025-07-28,2025-08-06,63195.59,9,Late
LP0007698,L00407,C00872,2025-08-28,2025-09-01,64487.83,4,Paid
LP0007699,L00407,C00872,2025-09-28,2025-10-07,65240.99,9,Late
LP0007700,L00407,C00872,2025-10-28,2025-11-03,63663.0,6,Late
LP0007701,L00407,C00872,2025-11-28,2025-11-30,62618.88,2,Paid
LP0007702,L00407,C00872,2025-12-28,2025-12-29,65057.25,1,Paid
LP0007703,L00407,C00872,2026-01-28,2026-02-07,64119.27,10,Late
LP0007704,L00407,C00872,2026-02-28,2026-03-01,62153.46,1,Paid
LP0007705,L00407,C00872,2026-03-28,2026-04-02,65173.53,5,Paid
LP0007706,L00407,C00872,2026-04-28,2026-05-06,63921.72,8,Late
LP0007707,L00407,C00872,2026-05-28,2026-05-31,64386.48,3,Paid
LP0007708,L00407,C00872,2026-06-28,2026-06-30,64210.77,2,Paid
LP0007709,L00407,C00872,2026-07-28,2026-07-28,63402.66,0,Paid
LP0007710,L00407,C00872,2026-08-28,2026-08-29,62602.88,1,Paid
LP0007711,L00408,C00519,2022-05-28,2022-05-30,146399.25,2,Paid
LP0007712,L00408,C00519,2022-06-28,2022-07-03,142494.94,5,Paid
LP0007713,L00408,C00519,2022-07-28,2022-08-07,142025.45,10,Late
LP0007714,L00408,C00519,2022-08-28,2022-08-28,142408.42,0,Paid
LP0007715,L00408,C00519,2022-09-28,2022-10-07,144517.44,9,Late
LP0007716,L00408,C00519,2022-10-28,2022-11-07,145491.45,10,Late
LP0007717,L00408,C00519,2022-11-28,2022-11-30,145701.2,2,Paid
LP0007718,L00408,C00519,2022-12-28,2023-01-01,140664.2,4,Paid
LP0007719,L00408,C00519,2023-01-28,2023-02-02,141064.99,5,Paid
LP0007720,L00408,C00519,2023-02-28,2023-03-07,141282.89,7,Late
LP0007721,L00408,C00519,2023-03-28,2023-04-06,146747.32,9,Late
LP0007722,L00408,C00519,2023-04-28,2023-04-29,139374.48,1,Paid
LP0007723,L00409,C00251,2024-09-28,2024-09-29,26143.36,1,Paid
LP0007724,L00409,C00251,2024-10-28,2024-11-03,26817.55,6,Late
LP0007725,L00409,C00251,2024-11-28,2024-12-05,25885.77,7,Late
LP0007726,L00409,C00251,2024-12-28,2025-01-07,25618.03,10,Late
LP0007727,L00409,C00251,2025-01-28,2025-02-01,25801.09,4,Paid
LP0007728,L00409,C00251,2025-02-28,2025-03-04,26053.95,4,Paid
LP0007729,L00409,C00251,2025-03-28,2025-04-03,26952.89,6,Late
LP0007730,L00409,C00251,2025-04-28,2025-05-07,27047.23,9,Late
LP0007731,L00409,C00251,2025-05-28,2025-06-03,26387.49,6,Late
LP0007732,L00409,C00251,2025-06-28,2025-07-03,26364.15,5,Paid
LP0007733,L00409,C00251,2025-07-28,2025-07-29,26828.68,1,Paid
LP0007734,L00409,C00251,2025-08-28,2025-09-06,25575.47,9,Late
LP0007735,L00409,C00251,2025-09-28,2025-10-03,26429.33,5,Paid
LP0007736,L00409,C00251,2025-10-28,2025-11-02,26348.14,5,Paid
LP0007737,L00409,C00251,2025-11-28,2025-12-05,25766.21,7,Late
LP0007738,L00409,C00251,2025-12-28,2025-12-31,26629.23,3,Paid
LP0007739,L00409,C00251,2026-01-28,2026-02-04,26105.6,7,Late
LP0007740,L00409,C00251,2026-02-28,2026-03-02,26328.31,2,Paid
LP0007741,L00409,C00251,2026-03-28,2026-03-29,26510.18,1,Paid
LP0007742,L00409,C00251,2026-04-28,2026-05-04,26035.62,6,Late
LP0007743,L00409,C00251,2026-05-28,2026-05-29,26731.39,1,Paid
LP0007744,L00409,C00251,2026-06-28,2026-06-30,25924.4,2,Paid
LP0007745,L00409,C00251,2026-07-28,2026-08-04,26839.18,7,Late
LP0007746,L00409,C00251,2026-08-28,2026-09-05,27060.92,8,Late
LP0007747,L00410,C00400,2022-12-28,2023-01-05,6445.38,8,Late
LP0007748,L00410,C00400,2023-01-28,2023-01-31,6606.02,3,Paid
LP0007749,L00410,C00400,2023-02-28,2023-03-06,6804.61,6,Late
LP0007750,L00410,C00400,2023-03-28,2023-04-07,6555.43,10,Late
LP0007751,L00410,C00400,2023-04-28,2023-05-05,6449.7,7,Late
LP0007752,L00410,C00400,2023-05-28,2023-06-07,6681.74,10,Late
LP0007753,L00410,C00400,2023-06-28,2023-07-03,6663.36,5,Paid
LP0007754,L00410,C00400,2023-07-28,2023-08-06,6434.09,9,Late
LP0007755,L00410,C00400,2023-08-28,2023-09-07,6684.01,10,Late
LP0007756,L00410,C00400,2023-09-28,2023-10-07,6760.0,9,Late
LP0007757,L00410,C00400,2023-10-28,2023-11-07,6683.96,10,Late
LP0007758,L00410,C00400,2023-11-28,2023-12-02,6520.83,4,Paid
LP0007759,L00410,C00400,2023-12-28,2024-01-07,6828.98,10,Late
LP0007760,L00410,C00400,2024-01-28,2024-01-31,6570.52,3,Paid
LP0007761,L00410,C00400,2024-02-28,2024-03-01,6508.21,2,Paid
LP0007762,L00410,C00400,2024-03-28,2024-04-02,6746.68,5,Paid
LP0007763,L00410,C00400,2024-04-28,2024-04-30,6462.15,2,Paid
LP0007764,L00410,C00400,2024-05-28,2024-05-29,6776.06,1,Paid
LP0007765,L00410,C00400,2024-06-28,2024-07-06,6620.7,8,Late
LP0007766,L00410,C00400,2024-07-28,2024-08-07,6450.61,10,Late
LP0007767,L00410,C00400,2024-08-28,2024-08-28,6448.99,0,Paid
LP0007768,L00410,C00400,2024-09-28,2024-09-30,6504.18,2,Paid
LP0007769,L00410,C00400,2024-10-28,2024-10-28,6575.87,0,Paid
LP0007770,L00410,C00400,2024-11-28,2024-11-30,6731.4,2,Paid
LP0007771,L00411,C00263,2025-11-28,2025-11-28,16203.21,0,Paid
LP0007772,L00411,C00263,2025-12-28,2025-12-31,16236.25,3,Paid
LP0007773,L00411,C00263,2026-01-28,2026-02-02,16049.68,5,Paid
LP0007774,L00411,C00263,2026-02-28,2026-02-28,16190.94,0,Paid
LP0007775,L00411,C00263,2026-03-28,2026-04-05,15707.2,8,Late
LP0007776,L00411,C00263,2026-04-28,2026-05-04,16049.19,6,Late
LP0007777,L00411,C00263,2026-05-28,,0,31,Missed
LP0007778,L00411,C00263,2026-06-28,,0,98,Missed
LP0007779,L00411,C00263,2026-07-28,,0,89,Missed
LP0007780,L00411,C00263,2026-08-28,2026-09-18,13042.06,21,Partial
LP0007781,L00412,C00252,2023-10-28,2023-10-29,72804.74,1,Paid
LP0007782,L00412,C00252,2023-11-28,2023-12-01,71368.23,3,Paid
LP0007783,L00412,C00252,2023-12-28,2024-01-03,70732.72,6,Late
LP0007784,L00412,C00252,2024-01-28,2024-01-28,72086.8,0,Paid
LP0007785,L00412,C00252,2024-02-28,2024-03-07,71210.96,8,Late
LP0007786,L00412,C00252,2024-03-28,2024-04-05,70503.92,8,Late
LP0007787,L00412,C00252,2024-04-28,2024-05-04,72268.57,6,Late
LP0007788,L00412,C00252,2024-05-28,2024-05-30,70929.45,2,Paid
LP0007789,L00412,C00252,2024-06-28,2024-07-01,69463.54,3,Paid
LP0007790,L00412,C00252,2024-07-28,2024-07-28,69964.68,0,Paid
LP0007791,L00412,C00252,2024-08-28,2024-09-02,69173.89,5,Paid
LP0007792,L00412,C00252,2024-09-28,2024-10-02,72784.05,4,Paid
LP0007793,L00412,C00252,2024-10-28,2024-11-02,69013.57,5,Paid
LP0007794,L00412,C00252,2024-11-28,2024-12-01,69487.1,3,Paid
LP0007795,L00412,C00252,2024-12-28,2025-01-04,72293.11,7,Late
LP0007796,L00412,C00252,2025-01-28,2025-01-28,72926.77,0,Paid
LP0007797,L00412,C00252,2025-02-28,2025-03-10,70437.41,10,Late
LP0007798,L00412,C00252,2025-03-28,2025-04-01,72848.78,4,Paid
LP0007799,L00412,C00252,2025-04-28,2025-05-08,73086.19,10,Late
LP0007800,L00412,C00252,2025-05-28,2025-06-03,71541.75,6,Late
LP0007801,L00412,C00252,2025-06-28,2025-07-02,72264.67,4,Paid
LP0007802,L00412,C00252,2025-07-28,2025-08-07,72116.48,10,Late
LP0007803,L00412,C00252,2025-08-28,2025-09-03,72773.9,6,Late
LP0007804,L00412,C00252,2025-09-28,2025-10-04,71236.58,6,Late
LP0007805,L00413,C00085,2024-06-28,2024-07-04,71831.73,6,Late
LP0007806,L00413,C00085,2024-07-28,2024-08-07,73842.26,10,Late
LP0007807,L00413,C00085,2024-08-28,2024-09-01,71593.9,4,Paid
LP0007808,L00413,C00085,2024-09-28,2024-09-29,71016.59,1,Paid
LP0007809,L00413,C00085,2024-10-28,2024-11-05,71133.02,8,Late
LP0007810,L00413,C00085,2024-11-28,2024-11-28,69837.61,0,Paid
LP0007811,L00413,C00085,2024-12-28,2024-12-28,73429.93,0,Paid
LP0007812,L00413,C00085,2025-01-28,2025-01-29,70730.16,1,Paid
LP0007813,L00413,C00085,2025-02-28,2025-03-07,70951.98,7,Late
LP0007814,L00413,C00085,2025-03-28,2025-04-04,72020.76,7,Late
LP0007815,L00413,C00085,2025-04-28,2025-05-05,72975.51,7,Late
LP0007816,L00413,C00085,2025-05-28,2025-05-28,73088.92,0,Paid
LP0007817,L00413,C00085,2025-06-28,2025-07-01,72008.07,3,Paid
LP0007818,L00413,C00085,2025-07-28,2025-07-30,70638.39,2,Paid
LP0007819,L00413,C00085,2025-08-28,2025-08-30,70451.8,2,Paid
LP0007820,L00413,C00085,2025-09-28,2025-10-08,72774.48,10,Late
LP0007821,L00413,C00085,2025-10-28,2025-10-31,70779.72,3,Paid
LP0007822,L00413,C00085,2025-11-28,2025-12-04,73185.95,6,Late
LP0007823,L00413,C00085,2025-12-28,2025-12-30,72589.15,2,Paid
LP0007824,L00413,C00085,2026-01-28,2026-01-30,73576.91,2,Paid
LP0007825,L00413,C00085,2026-02-28,2026-03-03,72928.07,3,Paid
LP0007826,L00413,C00085,2026-03-28,2026-04-01,71238.78,4,Paid
LP0007827,L00413,C00085,2026-04-28,2026-04-29,71294.09,1,Paid
LP0007828,L00413,C00085,2026-05-28,2026-05-29,71848.6,1,Paid
LP0007829,L00414,C00439,2023-07-28,2023-08-03,3675.18,6,Late
LP0007830,L00414,C00439,2023-08-28,2023-09-05,3815.23,8,Late
LP0007831,L00414,C00439,2023-09-28,2023-10-04,3610.6,6,Late
LP0007832,L00414,C00439,2023-10-28,2023-11-07,3604.37,10,Late
LP0007833,L00414,C00439,2023-11-28,2023-11-28,3790.33,0,Paid
LP0007834,L00414,C00439,2023-12-28,2024-01-06,3612.33,9,Late
LP0007835,L00414,C00439,2024-01-28,2024-01-29,3710.87,1,Paid
LP0007836,L00414,C00439,2024-02-28,2024-03-05,3629.31,6,Late
LP0007837,L00414,C00439,2024-03-28,2024-04-01,3704.19,4,Paid
LP0007838,L00414,C00439,2024-04-28,2024-05-01,3731.65,3,Paid
LP0007839,L00414,C00439,2024-05-28,2024-06-07,3805.31,10,Late
LP0007840,L00414,C00439,2024-06-28,2024-07-02,3706.1,4,Paid
LP0007841,L00414,C00439,2024-07-28,2024-08-06,3612.1,9,Late
LP0007842,L00414,C00439,2024-08-28,,0,105,Missed
LP0007843,L00414,C00439,2024-09-28,2024-10-27,3637.21,29,Partial
LP0007844,L00414,C00439,2024-10-28,2024-12-04,3648.98,37,Partial
LP0007845,L00414,C00439,2024-11-28,,0,97,Missed
LP0007846,L00414,C00439,2024-12-28,2025-02-04,2784.46,38,Partial
LP0007847,L00414,C00439,2025-01-28,2025-02-18,2705.84,21,Partial
LP0007848,L00414,C00439,2025-02-28,,0,58,Missed
LP0007849,L00414,C00439,2025-03-28,,0,54,Missed
LP0007850,L00414,C00439,2025-04-28,,0,98,Missed
LP0007851,L00414,C00439,2025-05-28,,0,79,Missed
LP0007852,L00414,C00439,2025-06-28,2025-07-19,2444.24,21,Partial
LP0007853,L00415,C00906,2024-06-28,2024-07-08,12480.8,10,Late
LP0007854,L00415,C00906,2024-07-28,2024-08-05,12396.6,8,Late
LP0007855,L00415,C00906,2024-08-28,2024-09-05,12609.56,8,Late
LP0007856,L00415,C00906,2024-09-28,2024-10-08,12557.29,10,Late
LP0007857,L00415,C00906,2024-10-28,2024-10-29,12748.58,1,Paid
LP0007858,L00415,C00906,2024-11-28,2024-12-02,12464.72,4,Paid
LP0007859,L00415,C00906,2024-12-28,2024-12-31,12452.42,3,Paid
LP0007860,L00415,C00906,2025-01-28,2025-02-03,12894.02,6,Late
LP0007861,L00415,C00906,2025-02-28,2025-03-05,12675.68,5,Paid
LP0007862,L00415,C00906,2025-03-28,2025-03-29,12688.16,1,Paid
LP0007863,L00415,C00906,2025-04-28,2025-05-05,12520.12,7,Late
LP0007864,L00415,C00906,2025-05-28,2025-06-04,12833.96,7,Late
LP0007865,L00415,C00906,2025-06-28,2025-06-29,12365.77,1,Paid
LP0007866,L00415,C00906,2025-07-28,2025-08-02,12476.64,5,Paid
LP0007867,L00415,C00906,2025-08-28,2025-08-28,12593.64,0,Paid
LP0007868,L00415,C00906,2025-09-28,2025-10-07,12700.71,9,Late
LP0007869,L00415,C00906,2025-10-28,2025-10-30,12690.48,2,Paid
LP0007870,L00415,C00906,2025-11-28,2025-12-01,12390.02,3,Paid
LP0007871,L00415,C00906,2025-12-28,2025-12-28,12737.02,0,Paid
LP0007872,L00415,C00906,2026-01-28,2026-02-03,12455.62,6,Late
LP0007873,L00415,C00906,2026-02-28,2026-03-10,12696.22,10,Late
LP0007874,L00415,C00906,2026-03-28,2026-04-02,12648.86,5,Paid
LP0007875,L00415,C00906,2026-04-28,2026-05-07,12791.53,9,Late
LP0007876,L00415,C00906,2026-05-28,2026-06-06,12901.39,9,Late
LP0007877,L00416,C00532,2024-05-28,2024-06-03,74720.2,6,Late
LP0007878,L00416,C00532,2024-06-28,2024-07-02,72152.88,4,Paid
LP0007879,L00416,C00532,2024-07-28,2024-08-03,74370.35,6,Late
LP0007880,L00416,C00532,2024-08-28,2024-09-03,71686.95,6,Late
LP0007881,L00416,C00532,2024-09-28,2024-10-03,73342.21,5,Paid
LP0007882,L00416,C00532,2024-10-28,2024-10-29,72016.01,1,Paid
LP0007883,L00416,C00532,2024-11-28,2024-12-06,72467.69,8,Late
LP0007884,L00416,C00532,2024-12-28,2025-01-06,72214.18,9,Late
LP0007885,L00416,C00532,2025-01-28,2025-01-29,74768.75,1,Paid
LP0007886,L00416,C00532,2025-02-28,2025-03-07,73027.54,7,Late
LP0007887,L00416,C00532,2025-03-28,2025-04-03,72987.7,6,Late
LP0007888,L00416,C00532,2025-04-28,2025-05-03,74130.4,5,Paid
LP0007889,L00416,C00532,2025-05-28,2025-05-31,71738.69,3,Paid
LP0007890,L00416,C00532,2025-06-28,2025-07-05,73065.49,7,Late
LP0007891,L00416,C00532,2025-07-28,2025-07-31,74701.95,3,Paid
LP0007892,L00416,C00532,2025-08-28,2025-08-31,72139.83,3,Paid
LP0007893,L00416,C00532,2025-09-28,2025-10-02,74202.03,4,Paid
LP0007894,L00416,C00532,2025-10-28,2025-10-30,73862.33,2,Paid
LP0007895,L00416,C00532,2025-11-28,2025-12-07,73447.86,9,Late
LP0007896,L00416,C00532,2025-12-28,2026-01-06,72058.12,9,Late
LP0007897,L00416,C00532,2026-01-28,2026-02-07,73431.13,10,Late
LP0007898,L00416,C00532,2026-02-28,2026-03-10,73743.88,10,Late
LP0007899,L00416,C00532,2026-03-28,2026-04-07,73388.61,10,Late
LP0007900,L00416,C00532,2026-04-28,2026-05-04,72605.39,6,Late
LP0007901,L00417,C00334,2023-10-28,2023-11-02,58480.63,5,Paid
LP0007902,L00417,C00334,2023-11-28,2023-12-07,59522.63,9,Late
LP0007903,L00417,C00334,2023-12-28,2024-01-01,58508.16,4,Paid
LP0007904,L00417,C00334,2024-01-28,2024-01-30,56787.89,2,Paid
LP0007905,L00417,C00334,2024-02-28,2024-03-05,59000.68,6,Late
LP0007906,L00417,C00334,2024-03-28,2024-04-06,59284.46,9,Late
LP0007907,L00417,C00334,2024-04-28,2024-05-07,58497.25,9,Late
LP0007908,L00417,C00334,2024-05-28,2024-06-02,58877.45,5,Paid
LP0007909,L00417,C00334,2024-06-28,2024-07-06,58877.59,8,Late
LP0007910,L00417,C00334,2024-07-28,2024-07-28,56225.9,0,Paid
LP0007911,L00417,C00334,2024-08-28,2024-09-02,58046.6,5,Paid
LP0007912,L00417,C00334,2024-09-28,2024-10-08,58630.98,10,Late
LP0007913,L00417,C00334,2024-10-28,2024-11-05,58889.06,8,Late
LP0007914,L00417,C00334,2024-11-28,2024-12-03,57598.3,5,Paid
LP0007915,L00417,C00334,2024-12-28,2024-12-31,57070.86,3,Paid
LP0007916,L00417,C00334,2025-01-28,2025-02-01,58333.0,4,Paid
LP0007917,L00417,C00334,2025-02-28,2025-02-28,57950.17,0,Paid
LP0007918,L00417,C00334,2025-03-28,2025-04-02,59117.46,5,Paid
LP0007919,L00417,C00334,2025-04-28,2025-05-02,59597.78,4,Paid
LP0007920,L00417,C00334,2025-05-28,2025-06-05,57022.34,8,Late
LP0007921,L00417,C00334,2025-06-28,2025-06-29,59294.16,1,Paid
LP0007922,L00417,C00334,2025-07-28,2025-07-30,57719.72,2,Paid
LP0007923,L00417,C00334,2025-08-28,2025-08-30,59440.58,2,Paid
LP0007924,L00417,C00334,2025-09-28,2025-10-05,57947.1,7,Late
LP0007925,L00418,C00515,2024-02-28,2024-03-02,22899.88,3,Paid
LP0007926,L00418,C00515,2024-03-28,2024-04-04,23309.57,7,Late
LP0007927,L00418,C00515,2024-04-28,2024-05-08,23369.92,10,Late
LP0007928,L00418,C00515,2024-05-28,2024-05-31,22689.93,3,Paid
LP0007929,L00418,C00515,2024-06-28,2024-07-06,22608.25,8,Late
LP0007930,L00418,C00515,2024-07-28,2024-08-05,22622.08,8,Late
LP0007931,L00418,C00515,2024-08-28,2024-09-07,23157.72,10,Late
LP0007932,L00418,C00515,2024-09-28,2024-10-05,23127.23,7,Late
LP0007933,L00418,C00515,2024-10-28,2024-10-29,22664.21,1,Paid
LP0007934,L00418,C00515,2024-11-28,2024-12-01,22894.23,3,Paid
LP0007935,L00418,C00515,2024-12-28,2024-12-30,22572.45,2,Paid
LP0007936,L00418,C00515,2025-01-28,2025-02-04,23711.45,7,Late
LP0007937,L00418,C00515,2025-02-28,2025-03-06,22590.23,6,Late
LP0007938,L00418,C00515,2025-03-28,2025-04-01,22942.73,4,Paid
LP0007939,L00418,C00515,2025-04-28,2025-05-02,22645.11,4,Paid
LP0007940,L00418,C00515,2025-05-28,2025-06-07,23351.87,10,Late
LP0007941,L00418,C00515,2025-06-28,2025-07-06,22876.84,8,Late
LP0007942,L00418,C00515,2025-07-28,2025-08-05,22506.34,8,Late
LP0007943,L00418,C00515,2025-08-28,2025-08-28,22537.66,0,Paid
LP0007944,L00418,C00515,2025-09-28,2025-09-28,23718.06,0,Paid
LP0007945,L00418,C00515,2025-10-28,2025-10-29,22815.14,1,Paid
LP0007946,L00418,C00515,2025-11-28,2025-11-28,23658.28,0,Paid
LP0007947,L00418,C00515,2025-12-28,2026-01-07,23386.44,10,Late
LP0007948,L00418,C00515,2026-01-28,2026-01-29,22882.81,1,Paid
LP0007949,L00419,C00630,2023-12-28,2024-01-05,4503.77,8,Late
LP0007950,L00419,C00630,2024-01-28,2024-02-01,4591.65,4,Paid
LP0007951,L00419,C00630,2024-02-28,2024-02-29,4370.69,1,Paid
LP0007952,L00419,C00630,2024-03-28,2024-03-31,4569.87,3,Paid
LP0007953,L00419,C00630,2024-04-28,2024-05-08,4498.92,10,Late
LP0007954,L00419,C00630,2024-05-28,2024-05-29,4441.0,1,Paid
LP0007955,L00419,C00630,2024-06-28,2024-07-08,4495.65,10,Late
LP0007956,L00419,C00630,2024-07-28,2024-07-29,4501.47,1,Paid
LP0007957,L00419,C00630,2024-08-28,2024-09-04,4551.91,7,Late
LP0007958,L00419,C00630,2024-09-28,2024-09-30,4417.16,2,Paid
LP0007959,L00419,C00630,2024-10-28,2024-10-31,4518.91,3,Paid
LP0007960,L00419,C00630,2024-11-28,2024-12-04,4601.02,6,Late
LP0007961,L00419,C00630,2024-12-28,2025-01-02,4446.96,5,Paid
LP0007962,L00419,C00630,2025-01-28,2025-02-05,4542.12,8,Late
LP0007963,L00419,C00630,2025-02-28,2025-03-04,4460.09,4,Paid
LP0007964,L00419,C00630,2025-03-28,2025-04-06,4584.6,9,Late
LP0007965,L00419,C00630,2025-04-28,2025-05-03,4588.46,5,Paid
LP0007966,L00419,C00630,2025-05-28,2025-06-07,4492.1,10,Late
LP0007967,L00419,C00630,2025-06-28,2025-07-01,4400.98,3,Paid
LP0007968,L00419,C00630,2025-07-28,2025-08-03,4599.26,6,Late
LP0007969,L00419,C00630,2025-08-28,2025-09-06,4549.85,9,Late
LP0007970,L00419,C00630,2025-09-28,2025-10-02,4476.52,4,Paid
LP0007971,L00419,C00630,2025-10-28,2025-10-28,4595.62,0,Paid
LP0007972,L00419,C00630,2025-11-28,2025-12-08,4604.28,10,Late
LP0007973,L00420,C00268,2022-11-28,2022-11-29,11383.56,1,Paid
LP0007974,L00420,C00268,2022-12-28,2023-01-04,11695.24,7,Late
LP0007975,L00420,C00268,2023-01-28,2023-01-29,11599.19,1,Paid
LP0007976,L00420,C00268,2023-02-28,2023-03-10,11603.14,10,Late
LP0007977,L00420,C00268,2023-03-28,2023-03-28,11780.72,0,Paid
LP0007978,L00420,C00268,2023-04-28,2023-05-01,11336.03,3,Paid
LP0007979,L00420,C00268,2023-05-28,2023-06-05,11796.14,8,Late
LP0007980,L00420,C00268,2023-06-28,2023-07-04,11422.32,6,Late
LP0007981,L00420,C00268,2023-07-28,2023-07-29,11573.81,1,Paid
LP0007982,L00420,C00268,2023-08-28,2023-09-05,11621.18,8,Late
LP0007983,L00420,C00268,2023-09-28,2023-10-07,11443.8,9,Late
LP0007984,L00420,C00268,2023-10-28,2023-10-29,11275.74,1,Paid
LP0007985,L00420,C00268,2023-11-28,2023-12-04,11466.51,6,Late
LP0007986,L00420,C00268,2023-12-28,2024-01-06,11583.29,9,Late
LP0007987,L00420,C00268,2024-01-28,2024-02-03,11686.62,6,Late
LP0007988,L00420,C00268,2024-02-28,2024-03-08,11765.64,9,Late
LP0007989,L00420,C00268,2024-03-28,2024-03-30,11685.96,2,Paid
LP0007990,L00420,C00268,2024-04-28,2024-05-05,11783.2,7,Late
LP0007991,L00420,C00268,2024-05-28,2024-06-07,11200.48,10,Late
LP0007992,L00420,C00268,2024-06-28,2024-07-06,11743.45,8,Late
LP0007993,L00420,C00268,2024-07-28,2024-08-03,11663.36,6,Late
LP0007994,L00420,C00268,2024-08-28,2024-09-03,11427.54,6,Late
LP0007995,L00420,C00268,2024-09-28,2024-10-02,11822.64,4,Paid
LP0007996,L00420,C00268,2024-10-28,2024-11-03,11438.65,6,Late
LP0007997,L00421,C00582,2025-10-28,2025-11-06,21558.91,9,Late
LP0007998,L00421,C00582,2025-11-28,2025-12-08,22212.27,10,Late
LP0007999,L00421,C00582,2025-12-28,2026-01-06,22154.03,9,Late
LP0008000,L00421,C00582,2026-01-28,2026-02-04,21611.49,7,Late
LP0008001,L00421,C00582,2026-02-28,2026-03-07,21252.75,7,Late
LP0008002,L00421,C00582,2026-03-28,2026-04-07,22003.12,10,Late
LP0008003,L00421,C00582,2026-04-28,2026-05-08,21632.92,10,Late
LP0008004,L00421,C00582,2026-05-28,2026-05-28,22146.04,0,Paid
LP0008005,L00421,C00582,2026-06-28,2026-07-03,21019.28,5,Paid
LP0008006,L00421,C00582,2026-07-28,2026-08-03,21655.65,6,Late
LP0008007,L00421,C00582,2026-08-28,2026-08-31,21825.84,3,Paid
LP0008008,L00422,C00043,2026-01-28,2026-01-31,42316.47,3,Paid
LP0008009,L00422,C00043,2026-02-28,2026-03-03,42460.1,3,Paid
LP0008010,L00422,C00043,2026-03-28,2026-03-31,41781.09,3,Paid
LP0008011,L00422,C00043,2026-04-28,2026-05-02,41535.62,4,Paid
LP0008012,L00422,C00043,2026-05-28,2026-06-01,42093.91,4,Paid
LP0008013,L00422,C00043,2026-06-28,2026-07-08,42163.04,10,Late
LP0008014,L00422,C00043,2026-07-28,2026-08-03,41613.36,6,Late
LP0008015,L00422,C00043,2026-08-28,2026-09-05,41377.59,8,Late
LP0008016,L00423,C00565,2026-03-28,2026-04-02,24873.99,5,Paid
LP0008017,L00423,C00565,2026-04-28,2026-05-05,24570.22,7,Late
LP0008018,L00423,C00565,2026-05-28,2026-06-05,25556.5,8,Late
LP0008019,L00423,C00565,2026-06-28,2026-07-03,24593.62,5,Paid
LP0008020,L00423,C00565,2026-07-28,2026-08-03,24206.64,6,Late
LP0008021,L00423,C00565,2026-08-28,2026-09-02,24434.78,5,Paid
LP0008022,L00424,C00576,2026-05-28,2026-06-04,3522.33,7,Late
LP0008023,L00424,C00576,2026-06-28,2026-07-01,3345.89,3,Paid
LP0008024,L00424,C00576,2026-07-28,2026-07-31,3362.83,3,Paid
LP0008025,L00424,C00576,2026-08-28,2026-09-07,3386.31,10,Late
LP0008026,L00425,C00324,2023-11-28,2023-12-05,6807.56,7,Late
LP0008027,L00425,C00324,2023-12-28,2024-01-06,6600.28,9,Late
LP0008028,L00425,C00324,2024-01-28,2024-02-07,6737.85,10,Late
LP0008029,L00425,C00324,2024-02-28,2024-02-28,6929.88,0,Paid
LP0008030,L00425,C00324,2024-03-28,2024-04-07,6913.43,10,Late
LP0008031,L00425,C00324,2024-04-28,2024-05-07,6797.91,9,Late
LP0008032,L00425,C00324,2024-05-28,2024-06-02,6667.44,5,Paid
LP0008033,L00425,C00324,2024-06-28,2024-07-05,6693.58,7,Late
LP0008034,L00425,C00324,2024-07-28,2024-07-31,6554.9,3,Paid
LP0008035,L00425,C00324,2024-08-28,2024-09-05,6749.79,8,Late
LP0008036,L00425,C00324,2024-09-28,2024-10-05,6861.61,7,Late
LP0008037,L00425,C00324,2024-10-28,2024-10-28,6709.85,0,Paid
LP0008038,L00425,C00324,2024-11-28,2024-12-07,6825.82,9,Late
LP0008039,L00425,C00324,2024-12-28,2025-01-07,6775.55,10,Late
LP0008040,L00425,C00324,2025-01-28,2025-01-28,6701.29,0,Paid
LP0008041,L00425,C00324,2025-02-28,2025-03-03,6809.4,3,Paid
LP0008042,L00425,C00324,2025-03-28,2025-04-07,6566.19,10,Late
LP0008043,L00425,C00324,2025-04-28,2025-05-02,6623.47,4,Paid
LP0008044,L00425,C00324,2025-05-28,2025-06-01,6651.25,4,Paid
LP0008045,L00425,C00324,2025-06-28,2025-06-29,6760.09,1,Paid
LP0008046,L00425,C00324,2025-07-28,2025-08-04,6657.99,7,Late
LP0008047,L00425,C00324,2025-08-28,2025-09-04,6533.84,7,Late
LP0008048,L00425,C00324,2025-09-28,2025-10-06,6925.2,8,Late
LP0008049,L00425,C00324,2025-10-28,2025-11-01,6751.31,4,Paid
LP0008050,L00426,C00702,2025-06-28,2025-07-04,42866.57,6,Late
LP0008051,L00426,C00702,2025-07-28,2025-07-29,43420.64,1,Paid
LP0008052,L00426,C00702,2025-08-28,2025-08-30,42365.07,2,Paid
LP0008053,L00426,C00702,2025-09-28,2025-10-06,43235.27,8,Late
LP0008054,L00426,C00702,2025-10-28,2025-11-06,42581.24,9,Late
LP0008055,L00426,C00702,2025-11-28,2025-12-02,42130.58,4,Paid
LP0008056,L00426,C00702,2025-12-28,2026-01-02,43747.81,5,Paid
LP0008057,L00426,C00702,2026-01-28,2026-01-28,44106.99,0,Paid
LP0008058,L00426,C00702,2026-02-28,,0,48,Missed
LP0008059,L00426,C00702,2026-03-28,2026-05-07,36336.55,40,Partial
LP0008060,L00426,C00702,2026-04-28,,0,31,Missed
LP0008061,L00426,C00702,2026-05-28,2026-07-24,24965.32,57,Partial
LP0008062,L00426,C00702,2026-06-28,,0,61,Missed
LP0008063,L00426,C00702,2026-07-28,2026-09-06,29431.65,40,Partial
LP0008064,L00426,C00702,2026-08-28,,0,38,Missed
LP0008065,L00427,C00859,2022-05-28,2022-06-07,181920.98,10,Late
LP0008066,L00427,C00859,2022-06-28,2022-06-29,178129.67,1,Paid
LP0008067,L00427,C00859,2022-07-28,2022-07-29,177637.88,1,Paid
LP0008068,L00427,C00859,2022-08-28,2022-08-28,175533.72,0,Paid
LP0008069,L00427,C00859,2022-09-28,2022-10-03,180319.26,5,Paid
LP0008070,L00427,C00859,2022-10-28,2022-11-06,181240.94,9,Late
LP0008071,L00427,C00859,2022-11-28,2022-11-30,180325.79,2,Paid
LP0008072,L00427,C00859,2022-12-28,2023-02-14,95995.04,48,Partial
LP0008073,L00427,C00859,2023-01-28,2023-02-13,148493.37,16,Partial
LP0008074,L00427,C00859,2023-02-28,,0,61,Missed
LP0008075,L00427,C00859,2023-03-28,2023-05-07,140864.63,40,Partial
LP0008076,L00427,C00859,2023-04-28,,0,54,Missed
LP0008077,L00428,C00205,2025-03-28,2025-04-01,5995.38,4,Paid
LP0008078,L00428,C00205,2025-04-28,2025-05-08,5888.55,10,Late
LP0008079,L00428,C00205,2025-05-28,2025-05-31,5962.99,3,Paid
LP0008080,L00428,C00205,2025-06-28,2025-07-05,6181.68,7,Late
LP0008081,L00428,C00205,2025-07-28,2025-08-01,6186.09,4,Paid
LP0008082,L00428,C00205,2025-08-28,2025-09-01,6003.68,4,Paid
LP0008083,L00428,C00205,2025-09-28,2025-10-03,5987.92,5,Paid
LP0008084,L00428,C00205,2025-10-28,2025-11-02,5887.11,5,Paid
LP0008085,L00428,C00205,2025-11-28,2025-11-30,6203.13,2,Paid
LP0008086,L00428,C00205,2025-12-28,2025-12-31,6194.17,3,Paid
LP0008087,L00428,C00205,2026-01-28,2026-02-02,5987.91,5,Paid
LP0008088,L00428,C00205,2026-02-28,2026-03-01,6006.33,1,Paid
LP0008089,L00428,C00205,2026-03-28,2026-04-01,6126.22,4,Paid
LP0008090,L00428,C00205,2026-04-28,2026-04-29,5982.39,1,Paid
LP0008091,L00428,C00205,2026-05-28,2026-06-03,6003.12,6,Late
LP0008092,L00428,C00205,2026-06-28,2026-06-28,6106.03,0,Paid
LP0008093,L00428,C00205,2026-07-28,2026-08-03,5928.37,6,Late
LP0008094,L00428,C00205,2026-08-28,2026-09-05,6005.26,8,Late
LP0008095,L00429,C00684,2025-05-28,2025-06-01,16053.0,4,Paid
LP0008096,L00429,C00684,2025-06-28,2025-07-03,15581.39,5,Paid
LP0008097,L00429,C00684,2025-07-28,2025-08-04,16465.28,7,Late
LP0008098,L00429,C00684,2025-08-28,2025-09-01,15764.03,4,Paid
LP0008099,L00429,C00684,2025-09-28,2025-09-30,16428.76,2,Paid
LP0008100,L00429,C00684,2025-10-28,2025-11-02,16378.6,5,Paid
LP0008101,L00429,C00684,2025-11-28,2025-11-28,15624.93,0,Paid
LP0008102,L00429,C00684,2025-12-28,2026-01-06,15647.39,9,Late
LP0008103,L00429,C00684,2026-01-28,2026-02-02,15785.41,5,Paid
LP0008104,L00429,C00684,2026-02-28,2026-03-04,16006.85,4,Paid
LP0008105,L00429,C00684,2026-03-28,2026-04-03,16190.0,6,Late
LP0008106,L00429,C00684,2026-04-28,2026-05-07,15974.09,9,Late
LP0008107,L00429,C00684,2026-05-28,2026-06-07,16313.65,10,Late
LP0008108,L00429,C00684,2026-06-28,2026-07-05,16030.35,7,Late
LP0008109,L00429,C00684,2026-07-28,2026-08-07,15658.41,10,Late
LP0008110,L00429,C00684,2026-08-28,2026-08-31,15817.89,3,Paid
LP0008111,L00430,C00035,2024-06-28,2024-07-02,11643.52,4,Paid
LP0008112,L00430,C00035,2024-07-28,2024-07-30,11284.73,2,Paid
LP0008113,L00430,C00035,2024-08-28,2024-09-01,11472.47,4,Paid
LP0008114,L00430,C00035,2024-09-28,2024-10-04,11285.19,6,Late
LP0008115,L00430,C00035,2024-10-28,2024-11-06,11141.13,9,Late
LP0008116,L00430,C00035,2024-11-28,2024-12-03,11244.95,5,Paid
LP0008117,L00430,C00035,2024-12-28,2024-12-28,11488.39,0,Paid
LP0008118,L00430,C00035,2025-01-28,2025-02-07,11278.86,10,Late
LP0008119,L00430,C00035,2025-02-28,2025-03-05,11601.04,5,Paid
LP0008120,L00430,C00035,2025-03-28,2025-03-29,11668.72,1,Paid
LP0008121,L00430,C00035,2025-04-28,2025-05-02,11123.59,4,Paid
LP0008122,L00430,C00035,2025-05-28,2025-06-03,11740.62,6,Late
LP0008123,L00430,C00035,2025-06-28,2025-07-07,11201.94,9,Late
LP0008124,L00430,C00035,2025-07-28,2025-08-18,8030.92,21,Partial
LP0008125,L00430,C00035,2025-08-28,,0,88,Missed
LP0008126,L00430,C00035,2025-09-28,,0,68,Missed
LP0008127,L00430,C00035,2025-10-28,2025-11-23,6313.12,26,Partial
LP0008128,L00430,C00035,2025-11-28,2025-12-30,11400.83,32,Partial
LP0008129,L00430,C00035,2025-12-28,2026-02-11,7237.3,45,Partial
LP0008130,L00430,C00035,2026-01-28,2026-03-20,8928.3,51,Partial
LP0008131,L00430,C00035,2026-02-28,2026-04-22,7792.65,53,Partial
LP0008132,L00430,C00035,2026-03-28,2026-04-27,10632.31,30,Partial
LP0008133,L00430,C00035,2026-04-28,2026-06-24,11108.74,57,Partial
LP0008134,L00430,C00035,2026-05-28,2026-06-20,10299.95,23,Partial
LP0008135,L00431,C00688,2023-06-28,2023-07-03,9057.89,5,Paid
LP0008136,L00431,C00688,2023-07-28,2023-07-31,8815.38,3,Paid
LP0008137,L00431,C00688,2023-08-28,2023-09-05,8974.59,8,Late
LP0008138,L00431,C00688,2023-09-28,2023-10-05,9146.72,7,Late
LP0008139,L00431,C00688,2023-10-28,2023-10-29,8802.96,1,Paid
LP0008140,L00431,C00688,2023-11-28,2023-12-07,8834.17,9,Late
LP0008141,L00431,C00688,2023-12-28,2024-01-01,9272.09,4,Paid
LP0008142,L00431,C00688,2024-01-28,2024-01-29,8818.57,1,Paid
LP0008143,L00431,C00688,2024-02-28,2024-03-02,8744.27,3,Paid
LP0008144,L00431,C00688,2024-03-28,2024-03-28,8974.11,0,Paid
LP0008145,L00431,C00688,2024-04-28,2024-05-01,9152.87,3,Paid
LP0008146,L00431,C00688,2024-05-28,2024-05-29,9019.93,1,Paid
LP0008147,L00431,C00688,2024-06-28,2024-07-08,9079.56,10,Late
LP0008148,L00431,C00688,2024-07-28,,0,83,Missed
LP0008149,L00431,C00688,2024-08-28,2024-10-07,6730.92,40,Partial
LP0008150,L00431,C00688,2024-09-28,2024-10-13,7089.32,15,Partial
LP0008151,L00431,C00688,2024-10-28,2024-12-12,4891.41,45,Partial
LP0008152,L00431,C00688,2024-11-28,2024-12-22,8633.07,24,Partial
LP0008153,L00431,C00688,2024-12-28,,0,120,Missed
LP0008154,L00431,C00688,2025-01-28,2025-02-25,5628.35,28,Partial
LP0008155,L00431,C00688,2025-02-28,,0,77,Missed
LP0008156,L00431,C00688,2025-03-28,,0,51,Missed
LP0008157,L00431,C00688,2025-04-28,2025-06-27,7749.29,60,Partial
LP0008158,L00431,C00688,2025-05-28,2025-07-22,7652.51,55,Partial
LP0008159,L00432,C00978,2023-01-28,2023-01-28,58715.57,0,Paid
LP0008160,L00432,C00978,2023-02-28,2023-02-28,58032.98,0,Paid
LP0008161,L00432,C00978,2023-03-28,2023-03-29,56965.12,1,Paid
LP0008162,L00432,C00978,2023-04-28,2023-05-05,58347.1,7,Late
LP0008163,L00432,C00978,2023-05-28,2023-05-29,58662.26,1,Paid
LP0008164,L00432,C00978,2023-06-28,2023-07-04,57950.13,6,Late
LP0008165,L00432,C00978,2023-07-28,2023-08-05,58350.79,8,Late
LP0008166,L00432,C00978,2023-08-28,2023-09-05,56641.83,8,Late
LP0008167,L00432,C00978,2023-09-28,2023-10-06,58296.49,8,Late
LP0008168,L00432,C00978,2023-10-28,2023-11-01,57030.9,4,Paid
LP0008169,L00432,C00978,2023-11-28,2023-12-06,56599.72,8,Late
LP0008170,L00432,C00978,2023-12-28,2023-12-29,57428.66,1,Paid
LP0008171,L00432,C00978,2024-01-28,2024-02-03,56492.69,6,Late
LP0008172,L00432,C00978,2024-02-28,2024-03-06,56055.0,7,Late
LP0008173,L00432,C00978,2024-03-28,2024-04-05,57536.7,8,Late
LP0008174,L00432,C00978,2024-04-28,2024-05-08,57028.85,10,Late
LP0008175,L00432,C00978,2024-05-28,2024-06-07,58256.57,10,Late
LP0008176,L00432,C00978,2024-06-28,2024-07-05,59085.54,7,Late
LP0008177,L00432,C00978,2024-07-28,2024-07-30,59407.23,2,Paid
LP0008178,L00432,C00978,2024-08-28,2024-08-30,56796.11,2,Paid
LP0008179,L00432,C00978,2024-09-28,2024-09-30,59362.35,2,Paid
LP0008180,L00432,C00978,2024-10-28,2024-11-01,56591.64,4,Paid
LP0008181,L00432,C00978,2024-11-28,2024-12-04,56734.58,6,Late
LP0008182,L00432,C00978,2024-12-28,2025-01-05,58554.79,8,Late
LP0008183,L00433,C00730,2025-12-28,2026-01-03,30235.14,6,Late
LP0008184,L00433,C00730,2026-01-28,2026-01-29,29593.63,1,Paid
LP0008185,L00433,C00730,2026-02-28,2026-03-04,29494.78,4,Paid
LP0008186,L00433,C00730,2026-03-28,2026-04-02,31117.52,5,Paid
LP0008187,L00433,C00730,2026-04-28,2026-05-06,30716.26,8,Late
LP0008188,L00433,C00730,2026-05-28,,0,74,Missed
LP0008189,L00433,C00730,2026-06-28,,0,63,Missed
LP0008190,L00433,C00730,2026-07-28,,0,41,Missed
LP0008191,L00433,C00730,2026-08-28,,0,57,Missed
LP0008192,L00434,C00924,2025-10-28,2025-11-01,2849.15,4,Paid
LP0008193,L00434,C00924,2025-11-28,2025-11-28,2862.21,0,Paid
LP0008194,L00434,C00924,2025-12-28,2026-01-06,2854.47,9,Late
LP0008195,L00434,C00924,2026-01-28,2026-01-28,2869.58,0,Paid
LP0008196,L00434,C00924,2026-02-28,2026-03-05,2834.18,5,Paid
LP0008197,L00434,C00924,2026-03-28,2026-04-02,2840.15,5,Paid
LP0008198,L00434,C00924,2026-04-28,,0,46,Missed
LP0008199,L00434,C00924,2026-05-28,,0,64,Missed
LP0008200,L00434,C00924,2026-06-28,2026-08-05,1779.67,38,Partial
LP0008201,L00434,C00924,2026-07-28,2026-09-01,2292.93,35,Partial
LP0008202,L00434,C00924,2026-08-28,2026-10-20,2386.63,53,Partial
LP0008203,L00435,C00351,2024-05-28,2024-06-04,22559.78,7,Late
LP0008204,L00435,C00351,2024-06-28,2024-07-02,22575.07,4,Paid
LP0008205,L00435,C00351,2024-07-28,2024-08-05,22968.12,8,Late
LP0008206,L00435,C00351,2024-08-28,2024-09-02,22811.79,5,Paid
LP0008207,L00435,C00351,2024-09-28,2024-09-28,23140.79,0,Paid
LP0008208,L00435,C00351,2024-10-28,2024-11-03,22146.66,6,Late
LP0008209,L00435,C00351,2024-11-28,2024-11-28,22045.85,0,Paid
LP0008210,L00435,C00351,2024-12-28,2025-01-03,23177.71,6,Late
LP0008211,L00435,C00351,2025-01-28,2025-01-30,21941.17,2,Paid
LP0008212,L00435,C00351,2025-02-28,2025-03-03,22799.01,3,Paid
LP0008213,L00435,C00351,2025-03-28,2025-04-04,22506.56,7,Late
LP0008214,L00435,C00351,2025-04-28,2025-04-29,22256.57,1,Paid
LP0008215,L00435,C00351,2025-05-28,2025-06-01,22648.02,4,Paid
LP0008216,L00435,C00351,2025-06-28,,0,96,Missed
LP0008217,L00435,C00351,2025-07-28,2025-08-19,12751.7,22,Partial
LP0008218,L00435,C00351,2025-08-28,,0,96,Missed
LP0008219,L00435,C00351,2025-09-28,2025-11-02,13975.2,35,Partial
LP0008220,L00435,C00351,2025-10-28,2025-12-17,19513.35,50,Partial
LP0008221,L00435,C00351,2025-11-28,2026-01-12,11532.38,45,Partial
LP0008222,L00435,C00351,2025-12-28,2026-02-13,11340.24,47,Partial
LP0008223,L00435,C00351,2026-01-28,2026-02-14,13222.91,17,Partial
LP0008224,L00435,C00351,2026-02-28,2026-04-24,15316.03,55,Partial
LP0008225,L00435,C00351,2026-03-28,,0,120,Missed
LP0008226,L00435,C00351,2026-04-28,,0,48,Missed
LP0008227,L00436,C00159,2025-01-28,2025-01-31,7650.49,3,Paid
LP0008228,L00436,C00159,2025-02-28,2025-03-10,7479.29,10,Late
LP0008229,L00436,C00159,2025-03-28,2025-04-06,7398.59,9,Late
LP0008230,L00436,C00159,2025-04-28,2025-04-28,7693.54,0,Paid
LP0008231,L00436,C00159,2025-05-28,2025-06-04,7755.26,7,Late
LP0008232,L00436,C00159,2025-06-28,2025-07-07,7420.77,9,Late
LP0008233,L00436,C00159,2025-07-28,2025-08-06,7366.37,9,Late
LP0008234,L00436,C00159,2025-08-28,2025-09-02,7400.83,5,Paid
LP0008235,L00436,C00159,2025-09-28,2025-09-28,7723.37,0,Paid
LP0008236,L00436,C00159,2025-10-28,2025-10-30,7438.37,2,Paid
LP0008237,L00436,C00159,2025-11-28,2025-12-07,7616.89,9,Late
LP0008238,L00436,C00159,2025-12-28,2025-12-30,7745.53,2,Paid
LP0008239,L00436,C00159,2026-01-28,2026-02-04,7621.78,7,Late
LP0008240,L00436,C00159,2026-02-28,2026-03-09,7738.38,9,Late
LP0008241,L00436,C00159,2026-03-28,2026-04-05,7474.01,8,Late
LP0008242,L00436,C00159,2026-04-28,2026-05-07,7676.03,9,Late
LP0008243,L00436,C00159,2026-05-28,2026-06-07,7475.38,10,Late
LP0008244,L00436,C00159,2026-06-28,2026-07-01,7438.13,3,Paid
LP0008245,L00436,C00159,2026-07-28,2026-07-28,7466.9,0,Paid
LP0008246,L00436,C00159,2026-08-28,2026-08-30,7497.69,2,Paid
LP0008247,L00437,C00434,2026-01-28,2026-02-05,3149.56,8,Late
LP0008248,L00437,C00434,2026-02-28,2026-03-10,3239.81,10,Late
LP0008249,L00437,C00434,2026-03-28,2026-04-07,3154.95,10,Late
LP0008250,L00437,C00434,2026-04-28,2026-05-01,3242.41,3,Paid
LP0008251,L00437,C00434,2026-05-28,2026-06-05,3168.98,8,Late
LP0008252,L00437,C00434,2026-06-28,2026-06-29,3301.97,1,Paid
LP0008253,L00437,C00434,2026-07-28,2026-07-28,3323.25,0,Paid
LP0008254,L00437,C00434,2026-08-28,2026-09-05,3212.53,8,Late
LP0008255,L00438,C00056,2024-02-28,2024-03-03,10448.02,4,Paid
LP0008256,L00438,C00056,2024-03-28,2024-04-05,10529.38,8,Late
LP0008257,L00438,C00056,2024-04-28,2024-05-06,10710.02,8,Late
LP0008258,L00438,C00056,2024-05-28,2024-06-02,10726.21,5,Paid
LP0008259,L00438,C00056,2024-06-28,2024-06-30,10810.55,2,Paid
LP0008260,L00438,C00056,2024-07-28,2024-07-28,10549.12,0,Paid
LP0008261,L00438,C00056,2024-08-28,2024-08-29,10804.65,1,Paid
LP0008262,L00438,C00056,2024-09-28,2024-09-29,10700.26,1,Paid
LP0008263,L00438,C00056,2024-10-28,2024-10-30,10615.27,2,Paid
LP0008264,L00438,C00056,2024-11-28,2024-12-06,10470.38,8,Late
LP0008265,L00438,C00056,2024-12-28,2025-01-03,10814.93,6,Late
LP0008266,L00438,C00056,2025-01-28,2025-01-28,10815.8,0,Paid
LP0008267,L00438,C00056,2025-02-28,2025-03-09,10600.79,9,Late
LP0008268,L00438,C00056,2025-03-28,2025-04-04,10817.68,7,Late
LP0008269,L00438,C00056,2025-04-28,2025-05-02,10572.16,4,Paid
LP0008270,L00438,C00056,2025-05-28,2025-05-29,10272.23,1,Paid
LP0008271,L00438,C00056,2025-06-28,2025-07-05,10276.76,7,Late
LP0008272,L00438,C00056,2025-07-28,2025-08-06,10774.34,9,Late
LP0008273,L00438,C00056,2025-08-28,2025-08-31,10463.51,3,Paid
LP0008274,L00438,C00056,2025-09-28,2025-10-06,10662.33,8,Late
LP0008275,L00438,C00056,2025-10-28,2025-10-31,10504.85,3,Paid
LP0008276,L00438,C00056,2025-11-28,2025-12-03,10594.78,5,Paid
LP0008277,L00438,C00056,2025-12-28,2026-01-07,10698.05,10,Late
LP0008278,L00438,C00056,2026-01-28,2026-01-29,10299.5,1,Paid
LP0008279,L00439,C00128,2025-06-28,2025-07-07,25936.17,9,Late
LP0008280,L00439,C00128,2025-07-28,2025-08-05,25476.81,8,Late
LP0008281,L00439,C00128,2025-08-28,2025-08-31,25461.0,3,Paid
LP0008282,L00439,C00128,2025-09-28,2025-10-01,26126.46,3,Paid
LP0008283,L00439,C00128,2025-10-28,2025-11-06,26486.79,9,Late
LP0008284,L00439,C00128,2025-11-28,2025-12-05,25882.21,7,Late
LP0008285,L00439,C00128,2025-12-28,2026-01-07,25704.7,10,Late
LP0008286,L00439,C00128,2026-01-28,2026-02-04,25159.44,7,Late
LP0008287,L00439,C00128,2026-02-28,2026-03-04,26558.97,4,Paid
LP0008288,L00439,C00128,2026-03-28,2026-04-07,26377.02,10,Late
LP0008289,L00439,C00128,2026-04-28,2026-05-07,26112.89,9,Late
LP0008290,L00439,C00128,2026-05-28,2026-06-02,26086.97,5,Paid
LP0008291,L00440,C00992,2022-08-28,2022-09-06,27126.5,9,Late
LP0008292,L00440,C00992,2022-09-28,2022-10-03,27197.59,5,Paid
LP0008293,L00440,C00992,2022-10-28,2022-10-29,27172.65,1,Paid
LP0008294,L00440,C00992,2022-11-28,2022-12-02,26614.39,4,Paid
LP0008295,L00440,C00992,2022-12-28,2023-01-07,26706.33,10,Late
LP0008296,L00440,C00992,2023-01-28,2023-01-28,26659.93,0,Paid
LP0008297,L00440,C00992,2023-02-28,2023-03-01,26872.23,1,Paid
LP0008298,L00440,C00992,2023-03-28,2023-03-29,27099.04,1,Paid
LP0008299,L00440,C00992,2023-04-28,2023-04-28,26282.42,0,Paid
LP0008300,L00440,C00992,2023-05-28,2023-05-31,26261.21,3,Paid
LP0008301,L00440,C00992,2023-06-28,2023-07-01,27357.11,3,Paid
LP0008302,L00440,C00992,2023-07-28,2023-08-06,26148.38,9,Late
LP0008303,L00441,C00163,2025-01-28,2025-02-07,69441.74,10,Late
LP0008304,L00441,C00163,2025-02-28,2025-03-02,66471.41,2,Paid
LP0008305,L00441,C00163,2025-03-28,2025-03-28,69540.11,0,Paid
LP0008306,L00441,C00163,2025-04-28,2025-05-08,66003.04,10,Late
LP0008307,L00441,C00163,2025-05-28,2025-06-02,67815.92,5,Paid
LP0008308,L00441,C00163,2025-06-28,2025-07-06,68273.34,8,Late
LP0008309,L00441,C00163,2025-07-28,2025-08-03,67358.6,6,Late
LP0008310,L00441,C00163,2025-08-28,2025-08-29,69644.72,1,Paid
LP0008311,L00441,C00163,2025-09-28,2025-10-08,66756.06,10,Late
LP0008312,L00441,C00163,2025-10-28,2025-10-31,67852.02,3,Paid
LP0008313,L00441,C00163,2025-11-28,2025-11-28,67175.52,0,Paid
LP0008314,L00441,C00163,2025-12-28,2025-12-29,67043.41,1,Paid
LP0008315,L00442,C00212,2024-01-28,2024-01-30,18212.73,2,Paid
LP0008316,L00442,C00212,2024-02-28,2024-02-29,17414.87,1,Paid
LP0008317,L00442,C00212,2024-03-28,2024-04-05,18107.46,8,Late
LP0008318,L00442,C00212,2024-04-28,2024-05-07,18156.71,9,Late
LP0008319,L00442,C00212,2024-05-28,2024-06-06,17569.3,9,Late
LP0008320,L00442,C00212,2024-06-28,2024-06-29,17962.09,1,Paid
LP0008321,L00442,C00212,2024-07-28,2024-08-03,17642.53,6,Late
LP0008322,L00442,C00212,2024-08-28,2024-09-06,17653.83,9,Late
LP0008323,L00442,C00212,2024-09-28,2024-10-05,17514.21,7,Late
LP0008324,L00442,C00212,2024-10-28,2024-11-03,17994.43,6,Late
LP0008325,L00442,C00212,2024-11-28,2024-12-04,17621.38,6,Late
LP0008326,L00442,C00212,2024-12-28,2024-12-29,17592.63,1,Paid
LP0008327,L00442,C00212,2025-01-28,2025-01-29,17527.81,1,Paid
LP0008328,L00442,C00212,2025-02-28,2025-03-07,18258.75,7,Late
LP0008329,L00442,C00212,2025-03-28,2025-03-28,18354.97,0,Paid
LP0008330,L00442,C00212,2025-04-28,2025-04-28,18043.37,0,Paid
LP0008331,L00442,C00212,2025-05-28,2025-06-06,17879.56,9,Late
LP0008332,L00442,C00212,2025-06-28,2025-06-29,18177.99,1,Paid
LP0008333,L00442,C00212,2025-07-28,2025-07-28,18254.28,0,Paid
LP0008334,L00442,C00212,2025-08-28,2025-08-31,17888.56,3,Paid
LP0008335,L00442,C00212,2025-09-28,2025-09-30,17587.39,2,Paid
LP0008336,L00442,C00212,2025-10-28,2025-11-01,17546.21,4,Paid
LP0008337,L00442,C00212,2025-11-28,2025-12-04,17666.16,6,Late
LP0008338,L00442,C00212,2025-12-28,2026-01-01,18327.27,4,Paid
LP0008339,L00443,C00755,2022-02-28,2022-03-09,24923.91,9,Late
LP0008340,L00443,C00755,2022-03-28,2022-04-02,23834.31,5,Paid
LP0008341,L00443,C00755,2022-04-28,2022-05-06,24608.24,8,Late
LP0008342,L00443,C00755,2022-05-28,2022-06-07,24451.62,10,Late
LP0008343,L00443,C00755,2022-06-28,2022-07-08,24566.32,10,Late
LP0008344,L00443,C00755,2022-07-28,2022-08-05,24675.83,8,Late
LP0008345,L00443,C00755,2022-08-28,2022-09-02,24976.25,5,Paid
LP0008346,L00443,C00755,2022-09-28,2022-09-29,25170.1,1,Paid
LP0008347,L00443,C00755,2022-10-28,2022-11-06,23881.98,9,Late
LP0008348,L00443,C00755,2022-11-28,2022-12-02,24996.5,4,Paid
LP0008349,L00443,C00755,2022-12-28,2023-01-03,24566.07,6,Late
LP0008350,L00443,C00755,2023-01-28,2023-01-28,25025.83,0,Paid
LP0008351,L00443,C00755,2023-02-28,2023-03-03,24112.2,3,Paid
LP0008352,L00443,C00755,2023-03-28,2023-04-06,24763.53,9,Late
LP0008353,L00443,C00755,2023-04-28,2023-05-06,25118.1,8,Late
LP0008354,L00443,C00755,2023-05-28,2023-05-31,23758.5,3,Paid
LP0008355,L00443,C00755,2023-06-28,2023-07-02,24621.69,4,Paid
LP0008356,L00443,C00755,2023-07-28,2023-07-28,24485.98,0,Paid
LP0008357,L00443,C00755,2023-08-28,2023-09-06,25005.18,9,Late
LP0008358,L00443,C00755,2023-09-28,2023-09-28,25118.9,0,Paid
LP0008359,L00443,C00755,2023-10-28,2023-11-03,24577.0,6,Late
LP0008360,L00443,C00755,2023-11-28,2023-12-04,24616.12,6,Late
LP0008361,L00443,C00755,2023-12-28,2023-12-29,24600.94,1,Paid
LP0008362,L00443,C00755,2024-01-28,2024-01-31,23992.62,3,Paid
LP0008363,L00444,C00134,2023-10-28,2023-10-31,9079.22,3,Paid
LP0008364,L00444,C00134,2023-11-28,2023-12-05,9360.41,7,Late
LP0008365,L00444,C00134,2023-12-28,2023-12-30,9248.82,2,Paid
LP0008366,L00444,C00134,2024-01-28,2024-02-03,9192.23,6,Late
LP0008367,L00444,C00134,2024-02-28,2024-03-02,9426.61,3,Paid
LP0008368,L00444,C00134,2024-03-28,2024-04-04,9225.15,7,Late
LP0008369,L00444,C00134,2024-04-28,2024-05-03,9346.34,5,Paid
LP0008370,L00444,C00134,2024-05-28,2024-06-06,9347.99,9,Late
LP0008371,L00444,C00134,2024-06-28,2024-07-08,9559.99,10,Late
LP0008372,L00444,C00134,2024-07-28,2024-08-01,9042.81,4,Paid
LP0008373,L00444,C00134,2024-08-28,2024-08-29,9064.93,1,Paid
LP0008374,L00444,C00134,2024-09-28,2024-10-05,9092.91,7,Late
LP0008375,L00445,C00412,2023-08-28,2023-09-06,43836.0,9,Late
LP0008376,L00445,C00412,2023-09-28,2023-10-07,44566.87,9,Late
LP0008377,L00445,C00412,2023-10-28,2023-10-29,43601.88,1,Paid
LP0008378,L00445,C00412,2023-11-28,2023-12-03,45185.06,5,Paid
LP0008379,L00445,C00412,2023-12-28,2023-12-28,45009.94,0,Paid
LP0008380,L00445,C00412,2024-01-28,2024-02-02,44133.91,5,Paid
LP0008381,L00445,C00412,2024-02-28,2024-03-06,44333.72,7,Late
LP0008382,L00445,C00412,2024-03-28,2024-04-01,44507.65,4,Paid
LP0008383,L00445,C00412,2024-04-28,2024-05-03,45474.64,5,Paid
LP0008384,L00445,C00412,2024-05-28,2024-05-31,45154.46,3,Paid
LP0008385,L00445,C00412,2024-06-28,2024-06-29,44969.32,1,Paid
LP0008386,L00445,C00412,2024-07-28,2024-08-03,44592.11,6,Late
LP0008387,L00445,C00412,2024-08-28,2024-09-02,44244.22,5,Paid
LP0008388,L00445,C00412,2024-09-28,2024-10-07,46152.94,9,Late
LP0008389,L00445,C00412,2024-10-28,2024-11-01,46029.27,4,Paid
LP0008390,L00445,C00412,2024-11-28,2024-12-06,43839.87,8,Late
LP0008391,L00445,C00412,2024-12-28,2024-12-30,45625.95,2,Paid
LP0008392,L00445,C00412,2025-01-28,2025-02-03,44947.72,6,Late
LP0008393,L00445,C00412,2025-02-28,2025-03-08,45526.59,8,Late
LP0008394,L00445,C00412,2025-03-28,2025-03-28,44817.73,0,Paid
LP0008395,L00445,C00412,2025-04-28,2025-05-08,45551.89,10,Late
LP0008396,L00445,C00412,2025-05-28,2025-06-03,46230.22,6,Late
LP0008397,L00445,C00412,2025-06-28,2025-07-08,45363.72,10,Late
LP0008398,L00445,C00412,2025-07-28,2025-07-30,43713.06,2,Paid
LP0008399,L00446,C00391,2024-07-28,2024-08-06,5245.08,9,Late
LP0008400,L00446,C00391,2024-08-28,2024-09-07,5355.81,10,Late
LP0008401,L00446,C00391,2024-09-28,2024-09-28,5253.33,0,Paid
LP0008402,L00446,C00391,2024-10-28,2024-11-05,5136.69,8,Late
LP0008403,L00446,C00391,2024-11-28,2024-12-04,5139.18,6,Late
LP0008404,L00446,C00391,2024-12-28,2024-12-30,5201.78,2,Paid
LP0008405,L00446,C00391,2025-01-28,2025-02-05,5270.28,8,Late
LP0008406,L00446,C00391,2025-02-28,2025-03-01,5302.63,1,Paid
LP0008407,L00446,C00391,2025-03-28,2025-04-06,5303.71,9,Late
LP0008408,L00446,C00391,2025-04-28,2025-04-30,5331.29,2,Paid
LP0008409,L00446,C00391,2025-05-28,2025-06-04,5230.66,7,Late
LP0008410,L00446,C00391,2025-06-28,2025-07-03,5367.11,5,Paid
LP0008411,L00446,C00391,2025-07-28,2025-08-05,5107.93,8,Late
LP0008412,L00446,C00391,2025-08-28,2025-09-28,3445.67,31,Partial
LP0008413,L00446,C00391,2025-09-28,2025-10-14,4686.51,16,Partial
LP0008414,L00446,C00391,2025-10-28,,0,114,Missed
LP0008415,L00446,C00391,2025-11-28,2026-01-10,3535.43,43,Partial
LP0008416,L00446,C00391,2025-12-28,,0,41,Missed
LP0008417,L00446,C00391,2026-01-28,,0,68,Missed
LP0008418,L00446,C00391,2026-02-28,2026-04-12,4723.92,43,Partial
LP0008419,L00446,C00391,2026-03-28,2026-04-17,4727.53,20,Partial
LP0008420,L00446,C00391,2026-04-28,,0,62,Missed
LP0008421,L00446,C00391,2026-05-28,2026-06-16,4245.21,19,Partial
LP0008422,L00446,C00391,2026-06-28,2026-08-19,2701.88,52,Partial
LP0008423,L00447,C00617,2023-12-28,2023-12-28,56358.29,0,Paid
LP0008424,L00447,C00617,2024-01-28,2024-02-07,56242.07,10,Late
LP0008425,L00447,C00617,2024-02-28,2024-03-08,56659.01,9,Late
LP0008426,L00447,C00617,2024-03-28,2024-04-07,57754.53,10,Late
LP0008427,L00447,C00617,2024-04-28,2024-05-03,55709.18,5,Paid
LP0008428,L00447,C00617,2024-05-28,2024-05-29,56652.95,1,Paid
LP0008429,L00447,C00617,2024-06-28,2024-07-01,57099.18,3,Paid
LP0008430,L00447,C00617,2024-07-28,2024-08-06,56775.04,9,Late
LP0008431,L00447,C00617,2024-08-28,2024-08-31,57927.4,3,Paid
LP0008432,L00447,C00617,2024-09-28,2024-10-08,55379.53,10,Late
LP0008433,L00447,C00617,2024-10-28,2024-11-03,56548.34,6,Late
LP0008434,L00447,C00617,2024-11-28,2024-12-04,56875.16,6,Late
LP0008435,L00447,C00617,2024-12-28,2024-12-30,58107.37,2,Paid
LP0008436,L00447,C00617,2025-01-28,2025-02-07,56231.16,10,Late
LP0008437,L00447,C00617,2025-02-28,2025-02-28,58518.97,0,Paid
LP0008438,L00447,C00617,2025-03-28,2025-03-31,55569.54,3,Paid
LP0008439,L00447,C00617,2025-04-28,2025-05-03,56857.23,5,Paid
LP0008440,L00447,C00617,2025-05-28,2025-06-06,56901.68,9,Late
LP0008441,L00447,C00617,2025-06-28,2025-07-04,58360.85,6,Late
LP0008442,L00447,C00617,2025-07-28,2025-08-02,57891.33,5,Paid
LP0008443,L00447,C00617,2025-08-28,2025-08-29,55565.03,1,Paid
LP0008444,L00447,C00617,2025-09-28,2025-09-30,56162.68,2,Paid
LP0008445,L00447,C00617,2025-10-28,2025-10-28,57932.68,0,Paid
LP0008446,L00447,C00617,2025-11-28,2025-12-05,57095.78,7,Late
LP0008447,L00448,C00225,2022-11-28,2022-12-04,201075.96,6,Late
LP0008448,L00448,C00225,2022-12-28,2022-12-28,206619.45,0,Paid
LP0008449,L00448,C00225,2023-01-28,2023-02-06,203502.2,9,Late
LP0008450,L00448,C00225,2023-02-28,2023-03-08,198929.96,8,Late
LP0008451,L00448,C00225,2023-03-28,2023-03-29,205309.39,1,Paid
LP0008452,L00448,C00225,2023-04-28,2023-04-30,203968.51,2,Paid
LP0008453,L00448,C00225,2023-05-28,2023-06-03,203423.9,6,Late
LP0008454,L00448,C00225,2023-06-28,2023-07-01,208839.17,3,Paid
LP0008455,L00448,C00225,2023-07-28,2023-08-06,206257.92,9,Late
LP0008456,L00448,C00225,2023-08-28,2023-09-02,200541.96,5,Paid
LP0008457,L00448,C00225,2023-09-28,2023-10-04,198346.16,6,Late
LP0008458,L00448,C00225,2023-10-28,2023-11-04,210567.01,7,Late
LP0008459,L00449,C00734,2025-04-28,2025-05-05,226088.05,7,Late
LP0008460,L00449,C00734,2025-05-28,2025-06-03,228439.01,6,Late
LP0008461,L00449,C00734,2025-06-28,2025-07-06,224620.49,8,Late
LP0008462,L00449,C00734,2025-07-28,2025-07-31,225448.44,3,Paid
LP0008463,L00449,C00734,2025-08-28,2025-09-03,225052.92,6,Late
LP0008464,L00449,C00734,2025-09-28,2025-10-03,232761.15,5,Paid
LP0008465,L00449,C00734,2025-10-28,2025-11-01,236663.99,4,Paid
LP0008466,L00449,C00734,2025-11-28,2025-12-05,236424.18,7,Late
LP0008467,L00449,C00734,2025-12-28,2025-12-28,224826.62,0,Paid
LP0008468,L00449,C00734,2026-01-28,2026-02-05,225460.03,8,Late
LP0008469,L00449,C00734,2026-02-28,2026-03-03,232628.68,3,Paid
LP0008470,L00449,C00734,2026-03-28,2026-03-30,232594.53,2,Paid
LP0008471,L00450,C00170,2025-04-28,2025-04-28,3564.59,0,Paid
LP0008472,L00450,C00170,2025-05-28,2025-06-02,3742.78,5,Paid
LP0008473,L00450,C00170,2025-06-28,2025-07-08,3602.22,10,Late
LP0008474,L00450,C00170,2025-07-28,2025-08-01,3735.69,4,Paid
LP0008475,L00450,C00170,2025-08-28,2025-09-03,3656.8,6,Late
LP0008476,L00450,C00170,2025-09-28,2025-10-02,3557.02,4,Paid
LP0008477,L00450,C00170,2025-10-28,2025-11-04,3573.9,7,Late
LP0008478,L00450,C00170,2025-11-28,2025-12-03,3601.64,5,Paid
LP0008479,L00450,C00170,2025-12-28,2025-12-29,3720.34,1,Paid
LP0008480,L00450,C00170,2026-01-28,2026-02-02,3641.97,5,Paid
LP0008481,L00450,C00170,2026-02-28,2026-03-08,3601.6,8,Late
LP0008482,L00450,C00170,2026-03-28,2026-04-03,3592.32,6,Late
LP0008483,L00450,C00170,2026-04-28,2026-05-06,3747.07,8,Late
LP0008484,L00450,C00170,2026-05-28,2026-06-02,3595.76,5,Paid
LP0008485,L00450,C00170,2026-06-28,2026-06-29,3723.96,1,Paid
LP0008486,L00450,C00170,2026-07-28,2026-08-01,3672.59,4,Paid
LP0008487,L00450,C00170,2026-08-28,2026-08-31,3605.52,3,Paid
LP0008488,L00451,C00589,2023-08-28,2023-09-01,11574.87,4,Paid
LP0008489,L00451,C00589,2023-09-28,2023-09-29,11423.98,1,Paid
LP0008490,L00451,C00589,2023-10-28,2023-11-06,11472.64,9,Late
LP0008491,L00451,C00589,2023-11-28,2023-12-03,11843.69,5,Paid
LP0008492,L00451,C00589,2023-12-28,2024-01-04,11705.61,7,Late
LP0008493,L00451,C00589,2024-01-28,2024-02-03,11451.22,6,Late
LP0008494,L00451,C00589,2024-02-28,2024-03-09,11608.64,10,Late
LP0008495,L00451,C00589,2024-03-28,2024-03-28,11329.1,0,Paid
LP0008496,L00451,C00589,2024-04-28,2024-04-30,11296.92,2,Paid
LP0008497,L00451,C00589,2024-05-28,2024-06-03,11710.1,6,Late
LP0008498,L00451,C00589,2024-06-28,2024-07-06,11678.79,8,Late
LP0008499,L00451,C00589,2024-07-28,2024-08-05,11217.6,8,Late
LP0008500,L00451,C00589,2024-08-28,2024-08-28,11251.72,0,Paid
LP0008501,L00451,C00589,2024-09-28,2024-09-30,11787.02,2,Paid
LP0008502,L00451,C00589,2024-10-28,2024-10-29,11761.06,1,Paid
LP0008503,L00451,C00589,2024-11-28,2024-12-03,11418.16,5,Paid
LP0008504,L00451,C00589,2024-12-28,2025-01-01,11855.9,4,Paid
LP0008505,L00451,C00589,2025-01-28,2025-02-07,11246.15,10,Late
LP0008506,L00451,C00589,2025-02-28,2025-03-02,11841.39,2,Paid
LP0008507,L00451,C00589,2025-03-28,2025-04-02,11255.02,5,Paid
LP0008508,L00451,C00589,2025-04-28,2025-04-29,11562.43,1,Paid
LP0008509,L00451,C00589,2025-05-28,2025-05-31,11851.59,3,Paid
LP0008510,L00451,C00589,2025-06-28,2025-07-01,11386.44,3,Paid
LP0008511,L00451,C00589,2025-07-28,2025-08-07,11239.47,10,Late
LP0008512,L00452,C00367,2022-12-28,2023-01-06,3312.02,9,Late
LP0008513,L00452,C00367,2023-01-28,2023-02-06,3348.95,9,Late
LP0008514,L00452,C00367,2023-02-28,2023-03-04,3367.05,4,Paid
LP0008515,L00452,C00367,2023-03-28,2023-04-02,3295.57,5,Paid
LP0008516,L00452,C00367,2023-04-28,2023-05-05,3347.76,7,Late
LP0008517,L00452,C00367,2023-05-28,2023-06-03,3354.13,6,Late
LP0008518,L00452,C00367,2023-06-28,2023-07-04,3201.59,6,Late
LP0008519,L00452,C00367,2023-07-28,2023-07-31,3252.69,3,Paid
LP0008520,L00452,C00367,2023-08-28,2023-08-29,3192.15,1,Paid
LP0008521,L00452,C00367,2023-09-28,2023-09-29,3319.17,1,Paid
LP0008522,L00452,C00367,2023-10-28,2023-10-28,3216.82,0,Paid
LP0008523,L00452,C00367,2023-11-28,2023-12-03,3307.43,5,Paid
LP0008524,L00452,C00367,2023-12-28,2024-01-04,3307.82,7,Late
LP0008525,L00452,C00367,2024-01-28,2024-01-29,3296.07,1,Paid
LP0008526,L00452,C00367,2024-02-28,2024-03-06,3238.92,7,Late
LP0008527,L00452,C00367,2024-03-28,2024-04-02,3364.24,5,Paid
LP0008528,L00452,C00367,2024-04-28,2024-05-07,3313.55,9,Late
LP0008529,L00452,C00367,2024-05-28,2024-05-30,3212.9,2,Paid
LP0008530,L00452,C00367,2024-06-28,2024-06-28,3181.34,0,Paid
LP0008531,L00452,C00367,2024-07-28,2024-07-30,3208.34,2,Paid
LP0008532,L00452,C00367,2024-08-28,2024-08-30,3197.38,2,Paid
LP0008533,L00452,C00367,2024-09-28,2024-10-05,3190.02,7,Late
LP0008534,L00452,C00367,2024-10-28,2024-11-03,3233.1,6,Late
LP0008535,L00452,C00367,2024-11-28,2024-12-01,3301.96,3,Paid
LP0008536,L00453,C00410,2024-10-28,2024-10-31,41255.6,3,Paid
LP0008537,L00453,C00410,2024-11-28,2024-12-03,41695.31,5,Paid
LP0008538,L00453,C00410,2024-12-28,2025-01-06,40978.83,9,Late
LP0008539,L00453,C00410,2025-01-28,2025-02-04,40989.36,7,Late
LP0008540,L00453,C00410,2025-02-28,2025-03-02,41699.53,2,Paid
LP0008541,L00453,C00410,2025-03-28,2025-03-29,39626.99,1,Paid
LP0008542,L00453,C00410,2025-04-28,2025-04-30,41798.94,2,Paid
LP0008543,L00453,C00410,2025-05-28,2025-06-06,39853.93,9,Late
LP0008544,L00453,C00410,2025-06-28,2025-06-28,41505.72,0,Paid
LP0008545,L00453,C00410,2025-07-28,2025-08-06,41732.01,9,Late
LP0008546,L00453,C00410,2025-08-28,2025-09-06,39977.5,9,Late
LP0008547,L00453,C00410,2025-09-28,2025-09-28,40488.49,0,Paid
LP0008548,L00453,C00410,2025-10-28,2025-11-04,40506.29,7,Late
LP0008549,L00453,C00410,2025-11-28,2025-12-02,39766.04,4,Paid
LP0008550,L00453,C00410,2025-12-28,2026-01-07,41780.95,10,Late
LP0008551,L00453,C00410,2026-01-28,2026-01-29,41235.42,1,Paid
LP0008552,L00453,C00410,2026-02-28,2026-03-01,40676.41,1,Paid
LP0008553,L00453,C00410,2026-03-28,2026-03-31,39642.73,3,Paid
LP0008554,L00453,C00410,2026-04-28,2026-04-29,39557.21,1,Paid
LP0008555,L00453,C00410,2026-05-28,2026-05-29,39534.66,1,Paid
LP0008556,L00453,C00410,2026-06-28,2026-07-08,41328.87,10,Late
LP0008557,L00453,C00410,2026-07-28,2026-08-03,39546.82,6,Late
LP0008558,L00453,C00410,2026-08-28,2026-09-02,39913.12,5,Paid
LP0008559,L00454,C00362,2026-04-28,2026-04-28,70732.96,0,Paid
LP0008560,L00454,C00362,2026-05-28,2026-06-02,72950.98,5,Paid
LP0008561,L00454,C00362,2026-06-28,2026-07-04,71692.37,6,Late
LP0008562,L00454,C00362,2026-07-28,2026-08-24,38953.13,27,Partial
LP0008563,L00454,C00362,2026-08-28,2026-10-12,48588.91,45,Partial
LP0008564,L00455,C00880,2025-10-28,2025-11-07,56684.01,10,Late
LP0008565,L00455,C00880,2025-11-28,2025-11-30,56098.51,2,Paid
LP0008566,L00455,C00880,2025-12-28,2026-01-05,55324.89,8,Late
LP0008567,L00455,C00880,2026-01-28,2026-02-06,57604.94,9,Late
LP0008568,L00455,C00880,2026-02-28,2026-03-09,54576.05,9,Late
LP0008569,L00455,C00880,2026-03-28,2026-04-02,57211.5,5,Paid
LP0008570,L00455,C00880,2026-04-28,2026-04-30,55586.07,2,Paid
LP0008571,L00455,C00880,2026-05-28,2026-06-05,56383.36,8,Late
LP0008572,L00455,C00880,2026-06-28,2026-06-28,56207.63,0,Paid
LP0008573,L00455,C00880,2026-07-28,2026-08-03,56568.17,6,Late
LP0008574,L00455,C00880,2026-08-28,2026-09-03,55752.73,6,Late
LP0008575,L00456,C00004,2022-02-28,2022-03-07,3308.27,7,Late
LP0008576,L00456,C00004,2022-03-28,2022-04-02,3214.16,5,Paid
LP0008577,L00456,C00004,2022-04-28,2022-05-07,3222.09,9,Late
LP0008578,L00456,C00004,2022-05-28,2022-06-06,3339.6,9,Late
LP0008579,L00456,C00004,2022-06-28,2022-07-06,3263.89,8,Late
LP0008580,L00456,C00004,2022-07-28,2022-08-01,3235.98,4,Paid
LP0008581,L00456,C00004,2022-08-28,2022-08-29,3185.75,1,Paid
LP0008582,L00456,C00004,2022-09-28,2022-10-08,3303.76,10,Late
LP0008583,L00456,C00004,2022-10-28,2022-11-02,3286.7,5,Paid
LP0008584,L00456,C00004,2022-11-28,2022-12-02,3241.81,4,Paid
LP0008585,L00456,C00004,2022-12-28,2023-01-06,3290.53,9,Late
LP0008586,L00456,C00004,2023-01-28,2023-01-29,3338.46,1,Paid
LP0008587,L00456,C00004,2023-02-28,2023-03-06,3159.98,6,Late
LP0008588,L00456,C00004,2023-03-28,2023-04-05,3205.09,8,Late
LP0008589,L00456,C00004,2023-04-28,2023-05-05,3259.47,7,Late
LP0008590,L00456,C00004,2023-05-28,2023-05-29,3262.18,1,Paid
LP0008591,L00456,C00004,2023-06-28,2023-06-30,3185.2,2,Paid
LP0008592,L00456,C00004,2023-07-28,2023-08-07,3292.54,10,Late
LP0008593,L00456,C00004,2023-08-28,2023-09-07,3206.2,10,Late
LP0008594,L00456,C00004,2023-09-28,2023-10-07,3309.05,9,Late
LP0008595,L00456,C00004,2023-10-28,2023-11-01,3241.91,4,Paid
LP0008596,L00456,C00004,2023-11-28,2023-12-08,3308.7,10,Late
LP0008597,L00456,C00004,2023-12-28,2024-01-05,3212.58,8,Late
LP0008598,L00456,C00004,2024-01-28,2024-02-02,3306.48,5,Paid
LP0008599,L00457,C00592,2024-10-28,2024-11-03,36985.61,6,Late
LP0008600,L00457,C00592,2024-11-28,2024-12-02,35944.27,4,Paid
LP0008601,L00457,C00592,2024-12-28,2025-01-02,35462.25,5,Paid
LP0008602,L00457,C00592,2025-01-28,2025-02-01,35673.42,4,Paid
LP0008603,L00457,C00592,2025-02-28,2025-03-10,36090.0,10,Late
LP0008604,L00457,C00592,2025-03-28,2025-03-30,36641.48,2,Paid
LP0008605,L00457,C00592,2025-04-28,2025-05-07,35489.92,9,Late
LP0008606,L00457,C00592,2025-05-28,2025-05-30,36115.0,2,Paid
LP0008607,L00457,C00592,2025-06-28,2025-06-28,36333.74,0,Paid
LP0008608,L00457,C00592,2025-07-28,2025-07-31,35729.86,3,Paid
LP0008609,L00457,C00592,2025-08-28,2025-09-06,35473.04,9,Late
LP0008610,L00457,C00592,2025-09-28,2025-10-01,37258.94,3,Paid
LP0008611,L00457,C00592,2025-10-28,2025-10-30,36248.67,2,Paid
LP0008612,L00457,C00592,2025-11-28,2025-12-02,36734.21,4,Paid
LP0008613,L00457,C00592,2025-12-28,2025-12-29,37342.53,1,Paid
LP0008614,L00457,C00592,2026-01-28,2026-01-30,35748.59,2,Paid
LP0008615,L00457,C00592,2026-02-28,2026-03-09,36054.24,9,Late
LP0008616,L00457,C00592,2026-03-28,2026-04-01,36087.68,4,Paid
LP0008617,L00457,C00592,2026-04-28,2026-05-08,37296.05,10,Late
LP0008618,L00457,C00592,2026-05-28,2026-06-02,36867.94,5,Paid
LP0008619,L00457,C00592,2026-06-28,2026-06-29,37111.47,1,Paid
LP0008620,L00457,C00592,2026-07-28,2026-08-04,35663.97,7,Late
LP0008621,L00457,C00592,2026-08-28,2026-08-28,37085.57,0,Paid
LP0008622,L00458,C00632,2022-01-28,2022-02-04,5488.88,7,Late
LP0008623,L00458,C00632,2022-02-28,2022-03-10,5414.96,10,Late
LP0008624,L00458,C00632,2022-03-28,2022-04-06,5661.12,9,Late
LP0008625,L00458,C00632,2022-04-28,2022-05-05,5528.62,7,Late
LP0008626,L00458,C00632,2022-05-28,2022-05-31,5624.89,3,Paid
LP0008627,L00458,C00632,2022-06-28,2022-07-07,5582.56,9,Late
LP0008628,L00458,C00632,2022-07-28,2022-08-01,5475.31,4,Paid
LP0008629,L00458,C00632,2022-08-28,2022-09-03,5396.18,6,Late
LP0008630,L00458,C00632,2022-09-28,2022-10-05,5456.58,7,Late
LP0008631,L00458,C00632,2022-10-28,2022-10-31,5529.13,3,Paid
LP0008632,L00458,C00632,2022-11-28,2022-12-07,5371.83,9,Late
LP0008633,L00458,C00632,2022-12-28,2023-01-07,5601.83,10,Late
LP0008634,L00458,C00632,2023-01-28,2023-02-06,5657.58,9,Late
LP0008635,L00458,C00632,2023-02-28,2023-03-08,5651.23,8,Late
LP0008636,L00458,C00632,2023-03-28,2023-04-05,5651.97,8,Late
LP0008637,L00458,C00632,2023-04-28,2023-05-07,5615.05,9,Late
LP0008638,L00458,C00632,2023-05-28,2023-06-05,5620.8,8,Late
LP0008639,L00458,C00632,2023-06-28,2023-07-01,5634.95,3,Paid
LP0008640,L00458,C00632,2023-07-28,2023-08-02,5347.35,5,Paid
LP0008641,L00458,C00632,2023-08-28,2023-08-31,5548.7,3,Paid
LP0008642,L00458,C00632,2023-09-28,2023-10-02,5518.9,4,Paid
LP0008643,L00458,C00632,2023-10-28,2023-11-02,5455.28,5,Paid
LP0008644,L00458,C00632,2023-11-28,2023-12-03,5355.17,5,Paid
LP0008645,L00458,C00632,2023-12-28,2024-01-05,5382.32,8,Late
LP0008646,L00459,C00451,2022-12-28,2022-12-29,46834.26,1,Paid
LP0008647,L00459,C00451,2023-01-28,2023-02-01,46083.37,4,Paid
LP0008648,L00459,C00451,2023-02-28,2023-03-07,47624.96,7,Late
LP0008649,L00459,C00451,2023-03-28,2023-04-02,46029.93,5,Paid
LP0008650,L00459,C00451,2023-04-28,2023-05-08,46062.44,10,Late
LP0008651,L00459,C00451,2023-05-28,2023-05-29,46236.14,1,Paid
LP0008652,L00459,C00451,2023-06-28,2023-07-04,47504.85,6,Late
LP0008653,L00459,C00451,2023-07-28,2023-08-07,46215.47,10,Late
LP0008654,L00459,C00451,2023-08-28,2023-08-30,45792.25,2,Paid
LP0008655,L00459,C00451,2023-09-28,2023-10-06,47233.13,8,Late
LP0008656,L00459,C00451,2023-10-28,2023-11-01,45679.32,4,Paid
LP0008657,L00459,C00451,2023-11-28,2023-12-03,46069.54,5,Paid
LP0008658,L00459,C00451,2023-12-28,2024-01-02,45162.81,5,Paid
LP0008659,L00459,C00451,2024-01-28,2024-02-01,46578.8,4,Paid
LP0008660,L00459,C00451,2024-02-28,2024-03-06,45884.5,7,Late
LP0008661,L00459,C00451,2024-03-28,2024-04-07,45028.54,10,Late
LP0008662,L00459,C00451,2024-04-28,2024-05-02,45652.81,4,Paid
LP0008663,L00459,C00451,2024-05-28,2024-05-31,45609.79,3,Paid
LP0008664,L00459,C00451,2024-06-28,2024-07-02,45824.72,4,Paid
LP0008665,L00459,C00451,2024-07-28,2024-08-01,45858.62,4,Paid
LP0008666,L00459,C00451,2024-08-28,2024-08-28,45179.41,0,Paid
LP0008667,L00459,C00451,2024-09-28,2024-10-08,45326.77,10,Late
LP0008668,L00459,C00451,2024-10-28,2024-10-29,47453.59,1,Paid
LP0008669,L00459,C00451,2024-11-28,2024-12-08,47154.1,10,Late
LP0008670,L00460,C00769,2022-09-28,2022-10-08,132637.17,10,Late
LP0008671,L00460,C00769,2022-10-28,2022-11-01,129537.06,4,Paid
LP0008672,L00460,C00769,2022-11-28,2022-12-01,125812.45,3,Paid
LP0008673,L00460,C00769,2022-12-28,2022-12-28,132633.26,0,Paid
LP0008674,L00460,C00769,2023-01-28,2023-02-06,127099.14,9,Late
LP0008675,L00460,C00769,2023-02-28,2023-03-08,129646.14,8,Late
LP0008676,L00460,C00769,2023-03-28,2023-04-06,130719.24,9,Late
LP0008677,L00460,C00769,2023-04-28,2023-04-28,132924.12,0,Paid
LP0008678,L00460,C00769,2023-05-28,2023-05-30,130264.1,2,Paid
LP0008679,L00460,C00769,2023-06-28,2023-06-30,126374.97,2,Paid
LP0008680,L00460,C00769,2023-07-28,2023-07-28,126478.62,0,Paid
LP0008681,L00460,C00769,2023-08-28,2023-09-01,131993.04,4,Paid
LP0008682,L00460,C00769,2023-09-28,2023-10-05,128506.13,7,Late
LP0008683,L00460,C00769,2023-10-28,2023-11-06,128598.63,9,Late
LP0008684,L00460,C00769,2023-11-28,2023-12-08,128329.04,10,Late
LP0008685,L00460,C00769,2023-12-28,2024-01-05,126760.52,8,Late
LP0008686,L00460,C00769,2024-01-28,2024-02-05,126432.02,8,Late
LP0008687,L00460,C00769,2024-02-28,2024-03-01,128129.95,2,Paid
LP0008688,L00460,C00769,2024-03-28,2024-04-03,128673.74,6,Late
LP0008689,L00460,C00769,2024-04-28,2024-04-28,130496.09,0,Paid
LP0008690,L00460,C00769,2024-05-28,2024-05-28,130360.99,0,Paid
LP0008691,L00460,C00769,2024-06-28,2024-07-07,132520.26,9,Late
LP0008692,L00460,C00769,2024-07-28,2024-08-07,128925.35,10,Late
LP0008693,L00460,C00769,2024-08-28,2024-08-31,127739.57,3,Paid
LP0008694,L00461,C00727,2022-04-28,2022-05-02,22915.33,4,Paid
LP0008695,L00461,C00727,2022-05-28,2022-06-03,22374.77,6,Late
LP0008696,L00461,C00727,2022-06-28,2022-07-08,23255.77,10,Late
LP0008697,L00461,C00727,2022-07-28,2022-08-02,22930.22,5,Paid
LP0008698,L00461,C00727,2022-08-28,2022-08-29,22314.34,1,Paid
LP0008699,L00461,C00727,2022-09-28,2022-10-01,22619.64,3,Paid
LP0008700,L00461,C00727,2022-10-28,2022-10-31,22192.11,3,Paid
LP0008701,L00461,C00727,2022-11-28,2022-11-30,22583.87,2,Paid
LP0008702,L00461,C00727,2022-12-28,2023-01-01,23057.95,4,Paid
LP0008703,L00461,C00727,2023-01-28,2023-01-31,22711.88,3,Paid
LP0008704,L00461,C00727,2023-02-28,2023-03-04,22653.3,4,Paid
LP0008705,L00461,C00727,2023-03-28,2023-04-06,22425.9,9,Late
LP0008706,L00461,C00727,2023-04-28,2023-04-28,22704.4,0,Paid
LP0008707,L00461,C00727,2023-05-28,2023-06-07,22570.4,10,Late
LP0008708,L00461,C00727,2023-06-28,2023-07-04,22529.6,6,Late
LP0008709,L00461,C00727,2023-07-28,2023-07-28,22409.31,0,Paid
LP0008710,L00461,C00727,2023-08-28,2023-08-29,22487.78,1,Paid
LP0008711,L00461,C00727,2023-09-28,2023-09-30,22372.3,2,Paid
LP0008712,L00461,C00727,2023-10-28,2023-10-29,22969.0,1,Paid
LP0008713,L00461,C00727,2023-11-28,2023-12-02,23366.05,4,Paid
LP0008714,L00461,C00727,2023-12-28,2024-01-02,23424.54,5,Paid
LP0008715,L00461,C00727,2024-01-28,2024-02-04,22368.28,7,Late
LP0008716,L00461,C00727,2024-02-28,2024-03-04,22634.33,5,Paid
LP0008717,L00461,C00727,2024-03-28,2024-03-31,22343.9,3,Paid
LP0008718,L00462,C00827,2025-11-28,2025-12-04,13767.66,6,Late
LP0008719,L00462,C00827,2025-12-28,2026-01-07,13845.36,10,Late
LP0008720,L00462,C00827,2026-01-28,2026-02-05,13791.46,8,Late
LP0008721,L00462,C00827,2026-02-28,2026-03-05,13367.65,5,Paid
LP0008722,L00462,C00827,2026-03-28,2026-03-30,13424.66,2,Paid
LP0008723,L00462,C00827,2026-04-28,2026-05-07,13341.64,9,Late
LP0008724,L00462,C00827,2026-05-28,2026-06-02,13121.55,5,Paid
LP0008725,L00462,C00827,2026-06-28,2026-07-06,13772.46,8,Late
LP0008726,L00462,C00827,2026-07-28,2026-08-03,13154.02,6,Late
LP0008727,L00462,C00827,2026-08-28,2026-08-30,13231.07,2,Paid
LP0008728,L00463,C00675,2022-03-28,2022-04-05,41653.42,8,Late
LP0008729,L00463,C00675,2022-04-28,2022-05-07,41837.61,9,Late
LP0008730,L00463,C00675,2022-05-28,2022-06-06,40771.07,9,Late
LP0008731,L00463,C00675,2022-06-28,2022-07-06,41981.69,8,Late
LP0008732,L00463,C00675,2022-07-28,2022-08-05,42223.03,8,Late
LP0008733,L00463,C00675,2022-08-28,2022-09-03,42586.95,6,Late
LP0008734,L00463,C00675,2022-09-28,2022-10-06,41842.33,8,Late
LP0008735,L00463,C00675,2022-10-28,2022-10-28,40641.58,0,Paid
LP0008736,L00463,C00675,2022-11-28,2022-12-04,41977.1,6,Late
LP0008737,L00463,C00675,2022-12-28,2023-01-02,42747.14,5,Paid
LP0008738,L00463,C00675,2023-01-28,2023-01-30,41721.74,2,Paid
LP0008739,L00463,C00675,2023-02-28,2023-03-04,42783.26,4,Paid
LP0008740,L00463,C00675,2023-03-28,2023-03-31,40476.74,3,Paid
LP0008741,L00463,C00675,2023-04-28,2023-06-09,36373.87,42,Partial
LP0008742,L00463,C00675,2023-05-28,2023-06-18,38900.34,21,Partial
LP0008743,L00463,C00675,2023-06-28,2023-07-27,40246.8,29,Partial
LP0008744,L00463,C00675,2023-07-28,,0,88,Missed
LP0008745,L00463,C00675,2023-08-28,,0,63,Missed
LP0008746,L00463,C00675,2023-09-28,2023-11-24,21761.84,57,Partial
LP0008747,L00463,C00675,2023-10-28,2023-12-23,21925.55,56,Partial
LP0008748,L00463,C00675,2023-11-28,,0,30,Missed
LP0008749,L00463,C00675,2023-12-28,2024-02-19,41557.96,53,Partial
LP0008750,L00463,C00675,2024-01-28,2024-02-17,32503.77,20,Partial
LP0008751,L00463,C00675,2024-02-28,2024-04-20,31397.42,52,Partial
LP0008752,L00464,C00185,2025-03-28,2025-03-29,39543.52,1,Paid
LP0008753,L00464,C00185,2025-04-28,2025-05-07,37431.4,9,Late
LP0008754,L00464,C00185,2025-05-28,2025-06-02,39372.29,5,Paid
LP0008755,L00464,C00185,2025-06-28,2025-06-30,39413.31,2,Paid
LP0008756,L00464,C00185,2025-07-28,2025-08-01,38659.9,4,Paid
LP0008757,L00464,C00185,2025-08-28,2025-09-04,38582.65,7,Late
LP0008758,L00464,C00185,2025-09-28,2025-10-08,37476.06,10,Late
LP0008759,L00464,C00185,2025-10-28,2025-10-29,39149.04,1,Paid
LP0008760,L00464,C00185,2025-11-28,2025-12-05,39611.68,7,Late
LP0008761,L00464,C00185,2025-12-28,2026-01-01,37388.91,4,Paid
LP0008762,L00464,C00185,2026-01-28,2026-02-05,39361.32,8,Late
LP0008763,L00464,C00185,2026-02-28,2026-03-08,38444.48,8,Late
LP0008764,L00464,C00185,2026-03-28,2026-04-06,39129.82,9,Late
LP0008765,L00464,C00185,2026-04-28,2026-04-29,38121.57,1,Paid
LP0008766,L00464,C00185,2026-05-28,2026-06-03,38784.15,6,Late
LP0008767,L00464,C00185,2026-06-28,2026-06-30,37683.56,2,Paid
LP0008768,L00464,C00185,2026-07-28,2026-07-29,39535.81,1,Paid
LP0008769,L00464,C00185,2026-08-28,2026-08-31,38428.66,3,Paid
LP0008770,L00465,C00475,2025-04-28,2025-05-07,9278.89,9,Late
LP0008771,L00465,C00475,2025-05-28,2025-05-29,9487.43,1,Paid
LP0008772,L00465,C00475,2025-06-28,2025-07-06,9420.98,8,Late
LP0008773,L00465,C00475,2025-07-28,2025-07-28,9435.99,0,Paid
LP0008774,L00465,C00475,2025-08-28,2025-09-04,9744.49,7,Late
LP0008775,L00465,C00475,2025-09-28,2025-10-01,9391.09,3,Paid
LP0008776,L00465,C00475,2025-10-28,2025-11-06,9655.6,9,Late
LP0008777,L00465,C00475,2025-11-28,2025-12-07,9436.97,9,Late
LP0008778,L00465,C00475,2025-12-28,2026-01-07,9601.07,10,Late
LP0008779,L00465,C00475,2026-01-28,2026-02-01,9318.19,4,Paid
LP0008780,L00465,C00475,2026-02-28,2026-03-05,9634.34,5,Paid
LP0008781,L00465,C00475,2026-03-28,2026-04-06,9366.01,9,Late
LP0008782,L00465,C00475,2026-04-28,2026-05-06,9432.45,8,Late
LP0008783,L00465,C00475,2026-05-28,2026-06-04,9763.18,7,Late
LP0008784,L00465,C00475,2026-06-28,2026-07-04,9540.33,6,Late
LP0008785,L00465,C00475,2026-07-28,2026-08-04,9418.81,7,Late
LP0008786,L00465,C00475,2026-08-28,2026-09-03,9452.01,6,Late
LP0008787,L00466,C00214,2024-03-28,2024-04-04,35188.49,7,Late
LP0008788,L00466,C00214,2024-04-28,2024-05-04,36162.11,6,Late
LP0008789,L00466,C00214,2024-05-28,2024-06-04,35778.76,7,Late
LP0008790,L00466,C00214,2024-06-28,2024-07-04,35030.27,6,Late
LP0008791,L00466,C00214,2024-07-28,2024-08-04,34806.37,7,Late
LP0008792,L00466,C00214,2024-08-28,2024-09-01,35095.69,4,Paid
LP0008793,L00466,C00214,2024-09-28,2024-09-29,35986.83,1,Paid
LP0008794,L00466,C00214,2024-10-28,2024-10-29,34791.53,1,Paid
LP0008795,L00466,C00214,2024-11-28,2024-12-04,36312.17,6,Late
LP0008796,L00466,C00214,2024-12-28,2025-01-02,35846.89,5,Paid
LP0008797,L00466,C00214,2025-01-28,2025-02-02,36708.96,5,Paid
LP0008798,L00466,C00214,2025-02-28,2025-03-02,35254.36,2,Paid
LP0008799,L00466,C00214,2025-03-28,2025-04-04,34841.33,7,Late
LP0008800,L00466,C00214,2025-04-28,2025-05-06,35646.36,8,Late
LP0008801,L00466,C00214,2025-05-28,2025-06-04,35761.28,7,Late
LP0008802,L00466,C00214,2025-06-28,2025-07-03,35459.88,5,Paid
LP0008803,L00466,C00214,2025-07-28,2025-07-31,35173.41,3,Paid
LP0008804,L00466,C00214,2025-08-28,2025-08-31,34960.33,3,Paid
LP0008805,L00466,C00214,2025-09-28,2025-09-29,34611.11,1,Paid
LP0008806,L00466,C00214,2025-10-28,2025-10-29,34647.49,1,Paid
LP0008807,L00466,C00214,2025-11-28,2025-12-08,36566.33,10,Late
LP0008808,L00466,C00214,2025-12-28,2026-01-05,35709.49,8,Late
LP0008809,L00466,C00214,2026-01-28,2026-01-29,36269.01,1,Paid
LP0008810,L00466,C00214,2026-02-28,2026-03-09,36016.54,9,Late
LP0008811,L00467,C00168,2025-03-28,2025-03-29,5787.07,1,Paid
LP0008812,L00467,C00168,2025-04-28,2025-04-28,5721.93,0,Paid
LP0008813,L00467,C00168,2025-05-28,2025-05-30,5708.06,2,Paid
LP0008814,L00467,C00168,2025-06-28,2025-06-29,5919.84,1,Paid
LP0008815,L00467,C00168,2025-07-28,2025-08-01,5856.63,4,Paid
LP0008816,L00467,C00168,2025-08-28,2025-09-05,5724.89,8,Late
LP0008817,L00467,C00168,2025-09-28,2025-10-03,5933.78,5,Paid
LP0008818,L00467,C00168,2025-10-28,2025-11-06,5845.63,9,Late
LP0008819,L00467,C00168,2025-11-28,2025-12-07,5998.31,9,Late
LP0008820,L00467,C00168,2025-12-28,2026-01-01,6004.05,4,Paid
LP0008821,L00467,C00168,2026-01-28,2026-01-31,5966.23,3,Paid
LP0008822,L00467,C00168,2026-02-28,2026-02-28,5757.58,0,Paid
LP0008823,L00467,C00168,2026-03-28,2026-03-29,5752.9,1,Paid
LP0008824,L00467,C00168,2026-04-28,2026-05-03,5975.02,5,Paid
LP0008825,L00467,C00168,2026-05-28,2026-06-05,5746.32,8,Late
LP0008826,L00467,C00168,2026-06-28,2026-07-05,5955.96,7,Late
LP0008827,L00467,C00168,2026-07-28,2026-08-05,6033.05,8,Late
LP0008828,L00467,C00168,2026-08-28,2026-09-04,5707.27,7,Late
LP0008829,L00468,C00027,2026-03-28,2026-03-30,44619.88,2,Paid
LP0008830,L00468,C00027,2026-04-28,2026-05-08,45492.33,10,Late
LP0008831,L00468,C00027,2026-05-28,2026-06-04,44104.35,7,Late
LP0008832,L00468,C00027,2026-06-28,2026-07-01,44481.36,3,Paid
LP0008833,L00468,C00027,2026-07-28,2026-08-01,43820.87,4,Paid
LP0008834,L00468,C00027,2026-08-28,2026-09-01,43860.79,4,Paid
LP0008835,L00469,C00625,2024-10-28,2024-11-01,61473.88,4,Paid
LP0008836,L00469,C00625,2024-11-28,2024-11-28,62453.28,0,Paid
LP0008837,L00469,C00625,2024-12-28,2025-01-03,61275.28,6,Late
LP0008838,L00469,C00625,2025-01-28,2025-01-29,61292.68,1,Paid
LP0008839,L00469,C00625,2025-02-28,2025-03-10,60062.64,10,Late
LP0008840,L00469,C00625,2025-03-28,2025-04-03,60588.68,6,Late
LP0008841,L00469,C00625,2025-04-28,2025-05-08,59476.47,10,Late
LP0008842,L00469,C00625,2025-05-28,2025-05-28,60761.72,0,Paid
LP0008843,L00469,C00625,2025-06-28,2025-06-30,61082.56,2,Paid
LP0008844,L00469,C00625,2025-07-28,2025-07-30,59476.27,2,Paid
LP0008845,L00469,C00625,2025-08-28,2025-08-31,61553.6,3,Paid
LP0008846,L00469,C00625,2025-09-28,2025-10-06,61360.78,8,Late
LP0008847,L00469,C00625,2025-10-28,2025-10-28,60852.89,0,Paid
LP0008848,L00469,C00625,2025-11-28,2025-12-04,62433.86,6,Late
LP0008849,L00469,C00625,2025-12-28,2025-12-31,59755.6,3,Paid
LP0008850,L00469,C00625,2026-01-28,2026-02-01,61751.08,4,Paid
LP0008851,L00469,C00625,2026-02-28,2026-03-04,60274.96,4,Paid
LP0008852,L00469,C00625,2026-03-28,2026-04-06,60599.97,9,Late
LP0008853,L00469,C00625,2026-04-28,2026-05-03,62186.17,5,Paid
LP0008854,L00469,C00625,2026-05-28,2026-05-28,60999.46,0,Paid
LP0008855,L00469,C00625,2026-06-28,2026-07-07,62257.12,9,Late
LP0008856,L00469,C00625,2026-07-28,2026-07-28,61507.68,0,Paid
LP0008857,L00469,C00625,2026-08-28,2026-09-05,61621.13,8,Late
LP0008858,L00470,C00150,2022-06-28,2022-07-03,5437.0,5,Paid
LP0008859,L00470,C00150,2022-07-28,2022-08-06,5473.86,9,Late
LP0008860,L00470,C00150,2022-08-28,2022-08-30,5492.09,2,Paid
LP0008861,L00470,C00150,2022-09-28,2022-10-02,5309.76,4,Paid
LP0008862,L00470,C00150,2022-10-28,2022-10-30,5457.15,2,Paid
LP0008863,L00470,C00150,2022-11-28,2022-12-01,5447.02,3,Paid
LP0008864,L00470,C00150,2022-12-28,2022-12-30,5525.55,2,Paid
LP0008865,L00470,C00150,2023-01-28,2023-02-05,5627.53,8,Late
LP0008866,L00470,C00150,2023-02-28,2023-03-04,5512.06,4,Paid
LP0008867,L00470,C00150,2023-03-28,2023-04-01,5344.86,4,Paid
LP0008868,L00470,C00150,2023-04-28,2023-05-08,5598.67,10,Late
LP0008869,L00470,C00150,2023-05-28,2023-06-04,5505.99,7,Late
LP0008870,L00470,C00150,2023-06-28,2023-07-02,5403.17,4,Paid
LP0008871,L00470,C00150,2023-07-28,2023-08-02,5336.04,5,Paid
LP0008872,L00470,C00150,2023-08-28,2023-08-31,5603.27,3,Paid
LP0008873,L00470,C00150,2023-09-28,2023-10-08,5508.01,10,Late
LP0008874,L00470,C00150,2023-10-28,2023-11-03,5602.7,6,Late
LP0008875,L00470,C00150,2023-11-28,2023-11-28,5583.84,0,Paid
LP0008876,L00470,C00150,2023-12-28,2024-01-03,5316.05,6,Late
LP0008877,L00470,C00150,2024-01-28,2024-02-05,5562.09,8,Late
LP0008878,L00470,C00150,2024-02-28,2024-03-01,5390.94,2,Paid
LP0008879,L00470,C00150,2024-03-28,2024-04-05,5357.26,8,Late
LP0008880,L00470,C00150,2024-04-28,2024-05-08,5314.48,10,Late
LP0008881,L00470,C00150,2024-05-28,2024-06-07,5518.15,10,Late
LP0008882,L00471,C00366,2026-04-28,2026-05-07,5049.01,9,Late
LP0008883,L00471,C00366,2026-05-28,2026-05-28,5033.43,0,Paid
LP0008884,L00471,C00366,2026-06-28,2026-07-05,5127.35,7,Late
LP0008885,L00471,C00366,2026-07-28,,0,64,Missed
LP0008886,L00471,C00366,2026-08-28,,0,70,Missed
LP0008887,L00472,C00575,2023-05-28,2023-05-31,4618.16,3,Paid
LP0008888,L00472,C00575,2023-06-28,2023-06-30,4659.42,2,Paid
LP0008889,L00472,C00575,2023-07-28,2023-07-30,4651.34,2,Paid
LP0008890,L00472,C00575,2023-08-28,2023-09-05,4773.18,8,Late
LP0008891,L00472,C00575,2023-09-28,2023-10-04,4794.84,6,Late
LP0008892,L00472,C00575,2023-10-28,2023-10-31,4843.79,3,Paid
LP0008893,L00472,C00575,2023-11-28,2023-12-03,4850.86,5,Paid
LP0008894,L00472,C00575,2023-12-28,2023-12-31,4837.72,3,Paid
LP0008895,L00472,C00575,2024-01-28,2024-01-30,4821.53,2,Paid
LP0008896,L00472,C00575,2024-02-28,2024-03-01,4681.81,2,Paid
LP0008897,L00472,C00575,2024-03-28,2024-04-04,4657.82,7,Late
LP0008898,L00472,C00575,2024-04-28,2024-05-02,4690.78,4,Paid
LP0008899,L00472,C00575,2024-05-28,2024-06-01,4637.19,4,Paid
LP0008900,L00472,C00575,2024-06-28,2024-07-04,4859.44,6,Late
LP0008901,L00472,C00575,2024-07-28,2024-08-05,4677.99,8,Late
LP0008902,L00472,C00575,2024-08-28,2024-09-05,4883.56,8,Late
LP0008903,L00472,C00575,2024-09-28,2024-10-08,4640.07,10,Late
LP0008904,L00472,C00575,2024-10-28,2024-11-05,4783.61,8,Late
LP0008905,L00472,C00575,2024-11-28,2024-12-07,4694.2,9,Late
LP0008906,L00472,C00575,2024-12-28,2025-01-07,4664.42,10,Late
LP0008907,L00472,C00575,2025-01-28,2025-02-07,4663.66,10,Late
LP0008908,L00472,C00575,2025-02-28,2025-03-10,4889.69,10,Late
LP0008909,L00472,C00575,2025-03-28,2025-03-30,4667.19,2,Paid
LP0008910,L00472,C00575,2025-04-28,2025-05-02,4738.16,4,Paid
LP0008911,L00473,C00096,2022-01-28,2022-02-03,61554.53,6,Late
LP0008912,L00473,C00096,2022-02-28,2022-03-09,63246.31,9,Late
LP0008913,L00473,C00096,2022-03-28,2022-03-29,61274.6,1,Paid
LP0008914,L00473,C00096,2022-04-28,2022-04-29,63998.49,1,Paid
LP0008915,L00473,C00096,2022-05-28,2022-06-03,61846.86,6,Late
LP0008916,L00473,C00096,2022-06-28,2022-06-29,62009.69,1,Paid
LP0008917,L00473,C00096,2022-07-28,2022-07-31,62789.05,3,Paid
LP0008918,L00473,C00096,2022-08-28,2022-09-02,63807.98,5,Paid
LP0008919,L00473,C00096,2022-09-28,2022-10-08,64336.21,10,Late
LP0008920,L00473,C00096,2022-10-28,2022-10-29,64047.84,1,Paid
LP0008921,L00473,C00096,2022-11-28,2022-12-03,63605.13,5,Paid
LP0008922,L00473,C00096,2022-12-28,2023-01-01,62075.71,4,Paid
LP0008923,L00473,C00096,2023-01-28,2023-01-30,61686.33,2,Paid
LP0008924,L00473,C00096,2023-02-28,2023-02-28,63803.21,0,Paid
LP0008925,L00473,C00096,2023-03-28,2023-04-01,64846.8,4,Paid
LP0008926,L00473,C00096,2023-04-28,2023-05-07,64574.12,9,Late
LP0008927,L00473,C00096,2023-05-28,2023-06-07,63439.42,10,Late
LP0008928,L00473,C00096,2023-06-28,2023-07-05,64134.76,7,Late
LP0008929,L00473,C00096,2023-07-28,2023-08-01,61727.78,4,Paid
LP0008930,L00473,C00096,2023-08-28,2023-08-30,63588.57,2,Paid
LP0008931,L00473,C00096,2023-09-28,2023-10-07,63684.09,9,Late
LP0008932,L00473,C00096,2023-10-28,2023-11-04,61861.35,7,Late
LP0008933,L00473,C00096,2023-11-28,2023-12-01,62961.12,3,Paid
LP0008934,L00473,C00096,2023-12-28,2024-01-05,64352.22,8,Late
LP0008935,L00474,C00335,2026-02-28,2026-03-05,7082.64,5,Paid
LP0008936,L00474,C00335,2026-03-28,2026-04-05,6899.1,8,Late
LP0008937,L00474,C00335,2026-04-28,2026-05-05,7163.55,7,Late
LP0008938,L00474,C00335,2026-05-28,2026-05-31,6870.89,3,Paid
LP0008939,L00474,C00335,2026-06-28,2026-06-28,7126.45,0,Paid
LP0008940,L00474,C00335,2026-07-28,2026-07-28,6978.34,0,Paid
LP0008941,L00474,C00335,2026-08-28,2026-08-28,7159.71,0,Paid
LP0008942,L00475,C00960,2022-01-28,2022-02-05,21011.45,8,Late
LP0008943,L00475,C00960,2022-02-28,2022-03-10,21913.17,10,Late
LP0008944,L00475,C00960,2022-03-28,2022-04-04,21007.15,7,Late
LP0008945,L00475,C00960,2022-04-28,2022-05-04,21651.71,6,Late
LP0008946,L00475,C00960,2022-05-28,2022-06-03,21314.16,6,Late
LP0008947,L00475,C00960,2022-06-28,2022-07-03,21917.51,5,Paid
LP0008948,L00475,C00960,2022-07-28,2022-08-02,21440.35,5,Paid
LP0008949,L00475,C00960,2022-08-28,2022-09-04,21854.17,7,Late
LP0008950,L00475,C00960,2022-09-28,2022-09-29,21626.78,1,Paid
LP0008951,L00475,C00960,2022-10-28,2022-11-02,21294.73,5,Paid
LP0008952,L00475,C00960,2022-11-28,2022-12-01,20985.54,3,Paid
LP0008953,L00475,C00960,2022-12-28,2023-01-02,21970.67,5,Paid
LP0008954,L00476,C00707,2022-02-28,2022-03-08,17508.1,8,Late
LP0008955,L00476,C00707,2022-03-28,2022-04-06,18314.77,9,Late
LP0008956,L00476,C00707,2022-04-28,2022-04-30,17545.27,2,Paid
LP0008957,L00476,C00707,2022-05-28,2022-06-06,18259.21,9,Late
LP0008958,L00476,C00707,2022-06-28,2022-07-02,18116.83,4,Paid
LP0008959,L00476,C00707,2022-07-28,2022-07-28,17630.66,0,Paid
LP0008960,L00476,C00707,2022-08-28,2022-09-06,18063.47,9,Late
LP0008961,L00476,C00707,2022-09-28,2022-10-08,18170.52,10,Late
LP0008962,L00476,C00707,2022-10-28,2022-11-03,18096.24,6,Late
LP0008963,L00476,C00707,2022-11-28,2022-12-07,17462.03,9,Late
LP0008964,L00476,C00707,2022-12-28,2023-01-05,17409.68,8,Late
LP0008965,L00476,C00707,2023-01-28,2023-02-07,18245.27,10,Late
LP0008966,L00476,C00707,2023-02-28,2023-03-07,17928.98,7,Late
LP0008967,L00476,C00707,2023-03-28,2023-04-03,17447.03,6,Late
LP0008968,L00476,C00707,2023-04-28,2023-05-06,17320.08,8,Late
LP0008969,L00476,C00707,2023-05-28,2023-06-06,18134.19,9,Late
LP0008970,L00476,C00707,2023-06-28,2023-07-03,17450.81,5,Paid
LP0008971,L00476,C00707,2023-07-28,2023-08-01,17983.95,4,Paid
LP0008972,L00476,C00707,2023-08-28,2023-09-04,17631.94,7,Late
LP0008973,L00476,C00707,2023-09-28,2023-09-29,18211.7,1,Paid
LP0008974,L00476,C00707,2023-10-28,2023-10-31,18241.5,3,Paid
LP0008975,L00476,C00707,2023-11-28,2023-12-05,17443.27,7,Late
LP0008976,L00476,C00707,2023-12-28,2023-12-29,17790.35,1,Paid
LP0008977,L00476,C00707,2024-01-28,2024-01-28,17349.65,0,Paid
LP0008978,L00477,C00300,2023-02-28,2023-03-07,43921.87,7,Late
LP0008979,L00477,C00300,2023-03-28,2023-04-02,43953.21,5,Paid
LP0008980,L00477,C00300,2023-04-28,2023-05-04,44277.48,6,Late
LP0008981,L00477,C00300,2023-05-28,2023-06-01,44344.73,4,Paid
LP0008982,L00477,C00300,2023-06-28,2023-07-03,43364.32,5,Paid
LP0008983,L00477,C00300,2023-07-28,2023-08-03,44273.82,6,Late
LP0008984,L00477,C00300,2023-08-28,2023-09-01,45374.55,4,Paid
LP0008985,L00477,C00300,2023-09-28,2023-10-02,44908.77,4,Paid
LP0008986,L00477,C00300,2023-10-28,2023-11-06,45171.27,9,Late
LP0008987,L00477,C00300,2023-11-28,2023-12-07,45697.56,9,Late
LP0008988,L00477,C00300,2023-12-28,2024-01-04,45594.84,7,Late
LP0008989,L00477,C00300,2024-01-28,2024-02-03,44366.8,6,Late
LP0008990,L00477,C00300,2024-02-28,2024-03-06,44449.82,7,Late
LP0008991,L00477,C00300,2024-03-28,,0,32,Missed
LP0008992,L00477,C00300,2024-04-28,2024-06-18,44046.36,51,Partial
LP0008993,L00477,C00300,2024-05-28,,0,116,Missed
LP0008994,L00477,C00300,2024-06-28,2024-07-26,22414.61,28,Partial
LP0008995,L00477,C00300,2024-07-28,,0,98,Missed
LP0008996,L00477,C00300,2024-08-28,2024-10-02,24872.07,35,Partial
LP0008997,L00477,C00300,2024-09-28,2024-10-25,22604.3,27,Partial
LP0008998,L00477,C00300,2024-10-28,2024-11-26,23415.02,29,Partial
LP0008999,L00477,C00300,2024-11-28,2024-12-25,42976.9,27,Partial
LP0009000,L00477,C00300,2024-12-28,,0,43,Missed
LP0009001,L00477,C00300,2025-01-28,,0,58,Missed
LP0009002,L00478,C00132,2026-03-28,2026-03-29,20546.56,1,Paid
LP0009003,L00478,C00132,2026-04-28,2026-05-07,20821.24,9,Late
LP0009004,L00478,C00132,2026-05-28,2026-05-28,21357.14,0,Paid
LP0009005,L00478,C00132,2026-06-28,2026-07-02,21050.0,4,Paid
LP0009006,L00478,C00132,2026-07-28,2026-09-15,20715.98,49,Partial
LP0009007,L00478,C00132,2026-08-28,2026-10-26,16170.93,59,Partial
LP0009008,L00479,C00911,2025-12-28,2026-01-02,2795.75,5,Paid
LP0009009,L00479,C00911,2026-01-28,2026-02-06,2778.59,9,Late
LP0009010,L00479,C00911,2026-02-28,2026-03-02,2817.31,2,Paid
LP0009011,L00479,C00911,2026-03-28,2026-04-07,2798.78,10,Late
LP0009012,L00479,C00911,2026-04-28,2026-05-05,2789.07,7,Late
LP0009013,L00479,C00911,2026-05-28,2026-06-06,2799.97,9,Late
LP0009014,L00479,C00911,2026-06-28,2026-07-06,2740.63,8,Late
LP0009015,L00479,C00911,2026-07-28,2026-08-07,2797.4,10,Late
LP0009016,L00479,C00911,2026-08-28,2026-09-05,2767.5,8,Late
LP0009017,L00480,C00877,2025-08-28,2025-09-06,11604.67,9,Late
LP0009018,L00480,C00877,2025-09-28,2025-09-28,11836.9,0,Paid
LP0009019,L00480,C00877,2025-10-28,2025-10-28,11734.76,0,Paid
LP0009020,L00480,C00877,2025-11-28,2025-12-04,12130.16,6,Late
LP0009021,L00480,C00877,2025-12-28,2026-01-05,11833.47,8,Late
LP0009022,L00480,C00877,2026-01-28,2026-01-31,12185.34,3,Paid
LP0009023,L00480,C00877,2026-02-28,2026-03-03,11924.89,3,Paid
LP0009024,L00480,C00877,2026-03-28,2026-04-03,11950.55,6,Late
LP0009025,L00480,C00877,2026-04-28,2026-05-07,12075.98,9,Late
LP0009026,L00480,C00877,2026-05-28,2026-06-05,11817.9,8,Late
LP0009027,L00480,C00877,2026-06-28,2026-06-28,11871.25,0,Paid
LP0009028,L00480,C00877,2026-07-28,2026-08-03,12035.98,6,Late
LP0009029,L00480,C00877,2026-08-28,2026-09-05,12072.57,8,Late
LP0009030,L00481,C00144,2022-03-28,2022-04-01,65204.37,4,Paid
LP0009031,L00481,C00144,2022-04-28,2022-05-02,66449.97,4,Paid
LP0009032,L00481,C00144,2022-05-28,2022-05-29,66287.76,1,Paid
LP0009033,L00481,C00144,2022-06-28,2022-06-29,64290.96,1,Paid
LP0009034,L00481,C00144,2022-07-28,2022-08-02,65165.33,5,Paid
LP0009035,L00481,C00144,2022-08-28,2022-08-30,65869.87,2,Paid
LP0009036,L00481,C00144,2022-09-28,2022-09-30,65404.13,2,Paid
LP0009037,L00481,C00144,2022-10-28,2022-11-04,65029.8,7,Late
LP0009038,L00481,C00144,2022-11-28,2022-11-29,68057.49,1,Paid
LP0009039,L00481,C00144,2022-12-28,2022-12-28,66207.32,0,Paid
LP0009040,L00481,C00144,2023-01-28,2023-01-30,65461.78,2,Paid
LP0009041,L00481,C00144,2023-02-28,2023-03-04,64819.03,4,Paid
LP0009042,L00481,C00144,2023-03-28,2023-03-31,64188.71,3,Paid
LP0009043,L00481,C00144,2023-04-28,2023-04-30,66664.34,2,Paid
LP0009044,L00481,C00144,2023-05-28,2023-06-04,67802.05,7,Late
LP0009045,L00481,C00144,2023-06-28,2023-06-30,66046.15,2,Paid
LP0009046,L00481,C00144,2023-07-28,2023-08-02,64750.87,5,Paid
LP0009047,L00481,C00144,2023-08-28,2023-09-07,65487.08,10,Late
LP0009048,L00481,C00144,2023-09-28,2023-09-30,66055.5,2,Paid
LP0009049,L00481,C00144,2023-10-28,2023-11-07,64707.08,10,Late
LP0009050,L00481,C00144,2023-11-28,2023-11-29,67555.31,1,Paid
LP0009051,L00481,C00144,2023-12-28,2024-01-01,65002.24,4,Paid
LP0009052,L00481,C00144,2024-01-28,2024-01-29,67011.74,1,Paid
LP0009053,L00481,C00144,2024-02-28,2024-03-05,67923.67,6,Late
LP0009054,L00482,C00040,2024-09-28,2024-10-01,45935.73,3,Paid
LP0009055,L00482,C00040,2024-10-28,2024-11-03,45715.45,6,Late
LP0009056,L00482,C00040,2024-11-28,2024-12-03,46629.86,5,Paid
LP0009057,L00482,C00040,2024-12-28,2025-01-04,44807.77,7,Late
LP0009058,L00482,C00040,2025-01-28,2025-02-04,45726.84,7,Late
LP0009059,L00482,C00040,2025-02-28,2025-03-10,46017.36,10,Late
LP0009060,L00482,C00040,2025-03-28,2025-04-01,45565.28,4,Paid
LP0009061,L00482,C00040,2025-04-28,2025-05-03,44964.03,5,Paid
LP0009062,L00482,C00040,2025-05-28,2025-06-01,47064.28,4,Paid
LP0009063,L00482,C00040,2025-06-28,2025-07-03,46200.41,5,Paid
LP0009064,L00482,C00040,2025-07-28,2025-08-04,45232.76,7,Late
LP0009065,L00482,C00040,2025-08-28,2025-08-28,46132.61,0,Paid
LP0009066,L00482,C00040,2025-09-28,2025-10-06,45083.83,8,Late
LP0009067,L00482,C00040,2025-10-28,2025-11-07,45913.27,10,Late
LP0009068,L00482,C00040,2025-11-28,2025-12-04,46593.21,6,Late
LP0009069,L00482,C00040,2025-12-28,2026-01-06,45830.78,9,Late
LP0009070,L00482,C00040,2026-01-28,2026-01-29,45619.46,1,Paid
LP0009071,L00482,C00040,2026-02-28,2026-03-04,46525.43,4,Paid
LP0009072,L00482,C00040,2026-03-28,2026-04-03,46613.4,6,Late
LP0009073,L00482,C00040,2026-04-28,2026-05-07,44791.21,9,Late
LP0009074,L00482,C00040,2026-05-28,2026-05-29,46543.69,1,Paid
LP0009075,L00482,C00040,2026-06-28,2026-07-05,46512.35,7,Late
LP0009076,L00482,C00040,2026-07-28,2026-08-03,46558.11,6,Late
LP0009077,L00482,C00040,2026-08-28,2026-09-02,45109.03,5,Paid
LP0009078,L00483,C00394,2024-11-28,2024-12-07,5553.69,9,Late
LP0009079,L00483,C00394,2024-12-28,2025-01-05,5865.55,8,Late
LP0009080,L00483,C00394,2025-01-28,2025-01-29,5821.64,1,Paid
LP0009081,L00483,C00394,2025-02-28,2025-02-28,5563.98,0,Paid
LP0009082,L00483,C00394,2025-03-28,2025-04-04,5738.63,7,Late
LP0009083,L00483,C00394,2025-04-28,2025-04-29,5893.73,1,Paid
LP0009084,L00483,C00394,2025-05-28,2025-06-05,5838.7,8,Late
LP0009085,L00483,C00394,2025-06-28,2025-06-30,5804.58,2,Paid
LP0009086,L00483,C00394,2025-07-28,2025-07-31,5716.7,3,Paid
LP0009087,L00483,C00394,2025-08-28,2025-09-01,5577.28,4,Paid
LP0009088,L00483,C00394,2025-09-28,2025-10-06,5719.47,8,Late
LP0009089,L00483,C00394,2025-10-28,2025-10-28,5624.37,0,Paid
LP0009090,L00483,C00394,2025-11-28,2025-11-30,5616.88,2,Paid
LP0009091,L00483,C00394,2025-12-28,2025-12-28,5804.82,0,Paid
LP0009092,L00483,C00394,2026-01-28,2026-01-29,5767.5,1,Paid
LP0009093,L00483,C00394,2026-02-28,2026-03-03,5767.67,3,Paid
LP0009094,L00483,C00394,2026-03-28,2026-03-30,5608.26,2,Paid
LP0009095,L00483,C00394,2026-04-28,2026-05-02,5775.73,4,Paid
LP0009096,L00483,C00394,2026-05-28,2026-06-02,5644.05,5,Paid
LP0009097,L00483,C00394,2026-06-28,2026-07-03,5802.53,5,Paid
LP0009098,L00483,C00394,2026-07-28,2026-08-01,5817.04,4,Paid
LP0009099,L00483,C00394,2026-08-28,2026-09-04,5878.35,7,Late
LP0009100,L00484,C00130,2023-07-28,2023-08-04,3448.27,7,Late
LP0009101,L00484,C00130,2023-08-28,2023-09-04,3487.6,7,Late
LP0009102,L00484,C00130,2023-09-28,2023-09-30,3401.04,2,Paid
LP0009103,L00484,C00130,2023-10-28,2023-11-04,3509.81,7,Late
LP0009104,L00484,C00130,2023-11-28,2023-12-08,3436.08,10,Late
LP0009105,L00484,C00130,2023-12-28,2023-12-29,3435.23,1,Paid
LP0009106,L00484,C00130,2024-01-28,2024-01-28,3425.4,0,Paid
LP0009107,L00484,C00130,2024-02-28,2024-03-05,3456.41,6,Late
LP0009108,L00484,C00130,2024-03-28,2024-04-04,3458.56,7,Late
LP0009109,L00484,C00130,2024-04-28,2024-05-07,3495.19,9,Late
LP0009110,L00484,C00130,2024-05-28,2024-05-30,3520.32,2,Paid
LP0009111,L00484,C00130,2024-06-28,2024-07-08,3500.59,10,Late
LP0009112,L00484,C00130,2024-07-28,2024-07-29,3386.28,1,Paid
LP0009113,L00484,C00130,2024-08-28,2024-09-03,3466.99,6,Late
LP0009114,L00484,C00130,2024-09-28,2024-10-06,3520.58,8,Late
LP0009115,L00484,C00130,2024-10-28,2024-10-31,3434.62,3,Paid
LP0009116,L00484,C00130,2024-11-28,2024-11-29,3511.0,1,Paid
LP0009117,L00484,C00130,2024-12-28,2024-12-30,3406.62,2,Paid
LP0009118,L00484,C00130,2025-01-28,2025-02-06,3518.15,9,Late
LP0009119,L00484,C00130,2025-02-28,2025-03-03,3529.55,3,Paid
LP0009120,L00484,C00130,2025-03-28,2025-04-05,3442.83,8,Late
LP0009121,L00484,C00130,2025-04-28,2025-05-05,3457.58,7,Late
LP0009122,L00484,C00130,2025-05-28,2025-06-06,3355.54,9,Late
LP0009123,L00484,C00130,2025-06-28,2025-07-06,3544.18,8,Late
LP0009124,L00485,C00793,2022-11-28,2022-11-30,17261.32,2,Paid
LP0009125,L00485,C00793,2022-12-28,2022-12-30,17212.72,2,Paid
LP0009126,L00485,C00793,2023-01-28,2023-01-31,16625.47,3,Paid
LP0009127,L00485,C00793,2023-02-28,2023-03-08,16419.28,8,Late
LP0009128,L00485,C00793,2023-03-28,2023-04-03,16789.06,6,Late
LP0009129,L00485,C00793,2023-04-28,2023-04-28,16481.14,0,Paid
LP0009130,L00485,C00793,2023-05-28,2023-06-03,16479.51,6,Late
LP0009131,L00485,C00793,2023-06-28,2023-07-03,17069.15,5,Paid
LP0009132,L00485,C00793,2023-07-28,2023-07-29,16919.76,1,Paid
LP0009133,L00485,C00793,2023-08-28,2023-08-31,16626.33,3,Paid
LP0009134,L00485,C00793,2023-09-28,2023-09-30,17110.55,2,Paid
LP0009135,L00485,C00793,2023-10-28,2023-11-05,17179.39,8,Late
LP0009136,L00485,C00793,2023-11-28,2023-12-02,16538.47,4,Paid
LP0009137,L00485,C00793,2023-12-28,2024-01-07,16491.54,10,Late
LP0009138,L00485,C00793,2024-01-28,2024-02-05,16491.85,8,Late
LP0009139,L00485,C00793,2024-02-28,2024-03-07,16563.0,8,Late
LP0009140,L00485,C00793,2024-03-28,2024-03-29,17181.14,1,Paid
LP0009141,L00485,C00793,2024-04-28,2024-05-03,17200.08,5,Paid
LP0009142,L00485,C00793,2024-05-28,2024-05-30,16365.54,2,Paid
LP0009143,L00485,C00793,2024-06-28,2024-07-02,16554.36,4,Paid
LP0009144,L00485,C00793,2024-07-28,2024-07-28,16874.04,0,Paid
LP0009145,L00485,C00793,2024-08-28,2024-08-29,16852.2,1,Paid
LP0009146,L00485,C00793,2024-09-28,2024-10-06,17075.18,8,Late
LP0009147,L00485,C00793,2024-10-28,2024-10-29,16461.47,1,Paid
LP0009148,L00486,C00810,2025-07-28,2025-08-04,22605.16,7,Late
LP0009149,L00486,C00810,2025-08-28,2025-09-03,22266.71,6,Late
LP0009150,L00486,C00810,2025-09-28,2025-10-04,22601.76,6,Late
LP0009151,L00486,C00810,2025-10-28,2025-11-07,22012.57,10,Late
LP0009152,L00486,C00810,2025-11-28,2025-12-01,21429.63,3,Paid
LP0009153,L00486,C00810,2025-12-28,2025-12-29,22043.94,1,Paid
LP0009154,L00486,C00810,2026-01-28,2026-02-06,22382.13,9,Late
LP0009155,L00486,C00810,2026-02-28,2026-02-28,22209.16,0,Paid
LP0009156,L00486,C00810,2026-03-28,2026-04-17,16273.31,20,Partial
LP0009157,L00486,C00810,2026-04-28,2026-06-25,20805.59,58,Partial
LP0009158,L00486,C00810,2026-05-28,2026-06-19,13872.36,22,Partial
LP0009159,L00486,C00810,2026-06-28,2026-08-20,12150.15,53,Partial
LP0009160,L00486,C00810,2026-07-28,2026-08-18,17807.67,21,Partial
LP0009161,L00486,C00810,2026-08-28,,0,71,Missed
LP0009162,L00487,C00562,2022-05-28,2022-05-29,2699.39,1,Paid
LP0009163,L00487,C00562,2022-06-28,2022-06-28,2680.92,0,Paid
LP0009164,L00487,C00562,2022-07-28,2022-08-01,2758.59,4,Paid
LP0009165,L00487,C00562,2022-08-28,2022-09-03,2655.44,6,Late
LP0009166,L00487,C00562,2022-09-28,2022-10-06,2653.14,8,Late
LP0009167,L00487,C00562,2022-10-28,2022-11-06,2641.31,9,Late
LP0009168,L00487,C00562,2022-11-28,2022-12-03,2749.63,5,Paid
LP0009169,L00487,C00562,2022-12-28,2023-01-05,2645.75,8,Late
LP0009170,L00487,C00562,2023-01-28,2023-02-07,2654.91,10,Late
LP0009171,L00487,C00562,2023-02-28,2023-03-09,2735.37,9,Late
LP0009172,L00487,C00562,2023-03-28,2023-04-01,2607.89,4,Paid
LP0009173,L00487,C00562,2023-04-28,2023-04-29,2606.68,1,Paid
LP0009174,L00487,C00562,2023-05-28,2023-06-04,2657.58,7,Late
LP0009175,L00487,C00562,2023-06-28,2023-06-30,2687.36,2,Paid
LP0009176,L00487,C00562,2023-07-28,2023-08-06,2698.35,9,Late
LP0009177,L00487,C00562,2023-08-28,2023-08-30,2621.5,2,Paid
LP0009178,L00487,C00562,2023-09-28,2023-10-03,2675.1,5,Paid
LP0009179,L00487,C00562,2023-10-28,2023-11-07,2712.76,10,Late
LP0009180,L00487,C00562,2023-11-28,2023-11-28,2619.83,0,Paid
LP0009181,L00487,C00562,2023-12-28,2023-12-30,2653.2,2,Paid
LP0009182,L00487,C00562,2024-01-28,2024-01-31,2742.92,3,Paid
LP0009183,L00487,C00562,2024-02-28,2024-02-29,2705.57,1,Paid
LP0009184,L00487,C00562,2024-03-28,2024-03-30,2753.27,2,Paid
LP0009185,L00487,C00562,2024-04-28,2024-04-30,2659.06,2,Paid
LP0009186,L00488,C00897,2023-08-28,2023-09-01,19501.37,4,Paid
LP0009187,L00488,C00897,2023-09-28,2023-10-07,19653.84,9,Late
LP0009188,L00488,C00897,2023-10-28,2023-11-02,19440.88,5,Paid
LP0009189,L00488,C00897,2023-11-28,2023-12-01,19505.43,3,Paid
LP0009190,L00488,C00897,2023-12-28,2024-01-04,19384.58,7,Late
LP0009191,L00488,C00897,2024-01-28,2024-02-05,18870.47,8,Late
LP0009192,L00488,C00897,2024-02-28,2024-03-03,19621.97,4,Paid
LP0009193,L00488,C00897,2024-03-28,2024-04-04,19836.34,7,Late
LP0009194,L00488,C00897,2024-04-28,2024-04-30,18992.27,2,Paid
LP0009195,L00488,C00897,2024-05-28,2024-06-03,19228.47,6,Late
LP0009196,L00488,C00897,2024-06-28,2024-07-05,19319.27,7,Late
LP0009197,L00488,C00897,2024-07-28,2024-08-06,18729.71,9,Late
LP0009198,L00488,C00897,2024-08-28,2024-09-04,19086.77,7,Late
LP0009199,L00488,C00897,2024-09-28,2024-09-29,19188.39,1,Paid
LP0009200,L00488,C00897,2024-10-28,2024-11-05,18722.23,8,Late
LP0009201,L00488,C00897,2024-11-28,2024-12-04,18926.63,6,Late
LP0009202,L00488,C00897,2024-12-28,2025-01-04,19436.62,7,Late
LP0009203,L00488,C00897,2025-01-28,2025-02-01,18732.13,4,Paid
LP0009204,L00488,C00897,2025-02-28,2025-03-09,19684.99,9,Late
LP0009205,L00488,C00897,2025-03-28,2025-03-28,19248.45,0,Paid
LP0009206,L00488,C00897,2025-04-28,2025-05-05,19550.93,7,Late
LP0009207,L00488,C00897,2025-05-28,2025-05-30,19431.71,2,Paid
LP0009208,L00488,C00897,2025-06-28,2025-06-29,19295.39,1,Paid
LP0009209,L00488,C00897,2025-07-28,2025-08-01,19333.91,4,Paid
LP0009210,L00489,C00244,2023-05-28,2023-05-31,6227.28,3,Paid
LP0009211,L00489,C00244,2023-06-28,2023-07-02,6315.41,4,Paid
LP0009212,L00489,C00244,2023-07-28,2023-08-02,6191.09,5,Paid
LP0009213,L00489,C00244,2023-08-28,2023-08-28,6332.1,0,Paid
LP0009214,L00489,C00244,2023-09-28,2023-09-30,6300.63,2,Paid
LP0009215,L00489,C00244,2023-10-28,2023-11-06,6213.03,9,Late
LP0009216,L00489,C00244,2023-11-28,2023-12-03,6084.2,5,Paid
LP0009217,L00489,C00244,2023-12-28,2024-01-02,6357.9,5,Paid
LP0009218,L00489,C00244,2024-01-28,2024-02-01,6287.59,4,Paid
LP0009219,L00489,C00244,2024-02-28,2024-02-29,6445.65,1,Paid
LP0009220,L00489,C00244,2024-03-28,2024-04-01,6291.43,4,Paid
LP0009221,L00489,C00244,2024-04-28,2024-04-30,6279.07,2,Paid
LP0009222,L00489,C00244,2024-05-28,2024-06-02,6344.99,5,Paid
LP0009223,L00489,C00244,2024-06-28,2024-06-28,6343.47,0,Paid
LP0009224,L00489,C00244,2024-07-28,2024-07-30,6391.71,2,Paid
LP0009225,L00489,C00244,2024-08-28,2024-08-31,6443.64,3,Paid
LP0009226,L00489,C00244,2024-09-28,2024-09-29,6107.76,1,Paid
LP0009227,L00489,C00244,2024-10-28,2024-11-04,6367.6,7,Late
LP0009228,L00489,C00244,2024-11-28,2024-12-06,6315.53,8,Late
LP0009229,L00489,C00244,2024-12-28,2024-12-31,6233.13,3,Paid
LP0009230,L00489,C00244,2025-01-28,2025-01-31,6424.86,3,Paid
LP0009231,L00489,C00244,2025-02-28,2025-02-28,6208.54,0,Paid
LP0009232,L00489,C00244,2025-03-28,2025-04-01,6224.16,4,Paid
LP0009233,L00489,C00244,2025-04-28,2025-04-28,6255.32,0,Paid
LP0009234,L00490,C00843,2024-10-28,2024-11-07,23413.69,10,Late
LP0009235,L00490,C00843,2024-11-28,2024-12-02,22432.96,4,Paid
LP0009236,L00490,C00843,2024-12-28,2025-01-07,23074.86,10,Late
LP0009237,L00490,C00843,2025-01-28,2025-02-04,22632.34,7,Late
LP0009238,L00490,C00843,2025-02-28,2025-03-03,22229.81,3,Paid
LP0009239,L00490,C00843,2025-03-28,2025-03-30,22697.34,2,Paid
LP0009240,L00490,C00843,2025-04-28,2025-04-29,23323.97,1,Paid
LP0009241,L00490,C00843,2025-05-28,2025-05-28,22860.2,0,Paid
LP0009242,L00490,C00843,2025-06-28,2025-07-02,22566.69,4,Paid
LP0009243,L00490,C00843,2025-07-28,2025-07-31,23384.46,3,Paid
LP0009244,L00490,C00843,2025-08-28,2025-08-29,23153.52,1,Paid
LP0009245,L00490,C00843,2025-09-28,2025-10-02,22731.23,4,Paid
LP0009246,L00490,C00843,2025-10-28,2025-11-23,12587.64,26,Partial
LP0009247,L00490,C00843,2025-11-28,,0,97,Missed
LP0009248,L00490,C00843,2025-12-28,2026-02-04,18304.81,38,Partial
LP0009249,L00490,C00843,2026-01-28,2026-03-14,15050.93,45,Partial
LP0009250,L00490,C00843,2026-02-28,2026-04-18,16839.2,49,Partial
LP0009251,L00490,C00843,2026-03-28,2026-05-08,16257.55,41,Partial
LP0009252,L00490,C00843,2026-04-28,2026-06-03,18515.53,36,Partial
LP0009253,L00490,C00843,2026-05-28,,0,100,Missed
LP0009254,L00490,C00843,2026-06-28,2026-08-01,14661.01,34,Partial
LP0009255,L00490,C00843,2026-07-28,,0,53,Missed
LP0009256,L00490,C00843,2026-08-28,2026-10-14,16562.39,47,Partial
LP0009257,L00491,C00496,2023-12-28,2024-01-02,4591.41,5,Paid
LP0009258,L00491,C00496,2024-01-28,2024-02-04,4589.13,7,Late
LP0009259,L00491,C00496,2024-02-28,2024-03-06,4767.23,7,Late
LP0009260,L00491,C00496,2024-03-28,2024-04-04,4516.09,7,Late
LP0009261,L00491,C00496,2024-04-28,2024-04-28,4654.88,0,Paid
LP0009262,L00491,C00496,2024-05-28,2024-06-07,4731.3,10,Late
LP0009263,L00491,C00496,2024-06-28,2024-07-03,4663.59,5,Paid
LP0009264,L00491,C00496,2024-07-28,2024-08-05,4696.43,8,Late
LP0009265,L00491,C00496,2024-08-28,2024-09-01,4660.29,4,Paid
LP0009266,L00491,C00496,2024-09-28,2024-10-03,4749.98,5,Paid
LP0009267,L00491,C00496,2024-10-28,2024-11-01,4719.56,4,Paid
LP0009268,L00491,C00496,2024-11-28,2024-12-01,4768.67,3,Paid
LP0009269,L00491,C00496,2024-12-28,2025-01-04,4706.52,7,Late
LP0009270,L00491,C00496,2025-01-28,2025-02-01,4532.54,4,Paid
LP0009271,L00491,C00496,2025-02-28,2025-03-01,4712.1,1,Paid
LP0009272,L00491,C00496,2025-03-28,2025-04-02,4628.35,5,Paid
LP0009273,L00491,C00496,2025-04-28,2025-04-30,4641.46,2,Paid
LP0009274,L00491,C00496,2025-05-28,2025-05-28,4764.41,0,Paid
LP0009275,L00491,C00496,2025-06-28,2025-07-08,4605.61,10,Late
LP0009276,L00491,C00496,2025-07-28,2025-08-03,4554.73,6,Late
LP0009277,L00491,C00496,2025-08-28,2025-09-03,4757.21,6,Late
LP0009278,L00491,C00496,2025-09-28,2025-10-07,4667.04,9,Late
LP0009279,L00491,C00496,2025-10-28,2025-10-29,4660.16,1,Paid
LP0009280,L00491,C00496,2025-11-28,2025-12-03,4544.67,5,Paid
LP0009281,L00492,C00029,2023-07-28,2023-08-06,3934.44,9,Late
LP0009282,L00492,C00029,2023-08-28,2023-08-28,4033.01,0,Paid
LP0009283,L00492,C00029,2023-09-28,2023-10-02,3994.37,4,Paid
LP0009284,L00492,C00029,2023-10-28,2023-10-29,4000.24,1,Paid
LP0009285,L00492,C00029,2023-11-28,2023-12-02,4123.2,4,Paid
LP0009286,L00492,C00029,2023-12-28,2024-01-03,3907.81,6,Late
LP0009287,L00492,C00029,2024-01-28,2024-02-07,3995.29,10,Late
LP0009288,L00492,C00029,2024-02-28,2024-03-03,4034.42,4,Paid
LP0009289,L00492,C00029,2024-03-28,2024-03-31,4106.27,3,Paid
LP0009290,L00492,C00029,2024-04-28,2024-05-01,4015.31,3,Paid
LP0009291,L00492,C00029,2024-05-28,2024-06-02,4065.87,5,Paid
LP0009292,L00492,C00029,2024-06-28,2024-07-06,3949.17,8,Late
LP0009293,L00492,C00029,2024-07-28,2024-08-05,3947.02,8,Late
LP0009294,L00492,C00029,2024-08-28,2024-08-31,3953.07,3,Paid
LP0009295,L00492,C00029,2024-09-28,2024-09-29,3961.91,1,Paid
LP0009296,L00492,C00029,2024-10-28,2024-10-31,4055.34,3,Paid
LP0009297,L00492,C00029,2024-11-28,2024-12-03,4103.58,5,Paid
LP0009298,L00492,C00029,2024-12-28,2025-01-05,3976.69,8,Late
LP0009299,L00492,C00029,2025-01-28,2025-02-06,4063.76,9,Late
LP0009300,L00492,C00029,2025-02-28,2025-03-08,4091.58,8,Late
LP0009301,L00492,C00029,2025-03-28,2025-04-07,3940.31,10,Late
LP0009302,L00492,C00029,2025-04-28,2025-04-28,4125.26,0,Paid
LP0009303,L00492,C00029,2025-05-28,2025-06-03,4001.99,6,Late
LP0009304,L00492,C00029,2025-06-28,2025-07-03,3948.46,5,Paid
LP0009305,L00493,C00770,2023-01-28,2023-02-04,20740.02,7,Late
LP0009306,L00493,C00770,2023-02-28,2023-03-01,20028.48,1,Paid
LP0009307,L00493,C00770,2023-03-28,2023-03-28,20011.77,0,Paid
LP0009308,L00493,C00770,2023-04-28,2023-05-06,21138.36,8,Late
LP0009309,L00493,C00770,2023-05-28,2023-05-28,20033.78,0,Paid
LP0009310,L00493,C00770,2023-06-28,2023-07-01,21092.75,3,Paid
LP0009311,L00493,C00770,2023-07-28,2023-08-03,20478.73,6,Late
LP0009312,L00493,C00770,2023-08-28,2023-08-29,20561.94,1,Paid
LP0009313,L00493,C00770,2023-09-28,2023-09-28,20613.41,0,Paid
LP0009314,L00493,C00770,2023-10-28,2023-11-05,21005.12,8,Late
LP0009315,L00493,C00770,2023-11-28,2023-12-02,20366.55,4,Paid
LP0009316,L00493,C00770,2023-12-28,2024-01-06,21121.23,9,Late
LP0009317,L00493,C00770,2024-01-28,2024-02-06,21088.94,9,Late
LP0009318,L00493,C00770,2024-02-28,2024-03-05,21187.93,6,Late
LP0009319,L00493,C00770,2024-03-28,2024-03-30,21163.84,2,Paid
LP0009320,L00493,C00770,2024-04-28,2024-05-05,20947.22,7,Late
LP0009321,L00493,C00770,2024-05-28,2024-06-02,19989.61,5,Paid
LP0009322,L00493,C00770,2024-06-28,2024-07-07,20928.68,9,Late
LP0009323,L00493,C00770,2024-07-28,2024-07-30,20423.45,2,Paid
LP0009324,L00493,C00770,2024-08-28,2024-08-29,20175.79,1,Paid
LP0009325,L00493,C00770,2024-09-28,2024-10-07,20129.19,9,Late
LP0009326,L00493,C00770,2024-10-28,2024-10-31,20440.71,3,Paid
LP0009327,L00493,C00770,2024-11-28,2024-12-05,20390.36,7,Late
LP0009328,L00493,C00770,2024-12-28,2025-01-06,21196.98,9,Late
LP0009329,L00494,C00492,2025-01-28,2025-01-30,23668.7,2,Paid
LP0009330,L00494,C00492,2025-02-28,2025-03-01,23644.87,1,Paid
LP0009331,L00494,C00492,2025-03-28,2025-04-04,23514.2,7,Late
LP0009332,L00494,C00492,2025-04-28,2025-05-04,23574.59,6,Late
LP0009333,L00494,C00492,2025-05-28,2025-06-03,22551.75,6,Late
LP0009334,L00494,C00492,2025-06-28,2025-06-30,23157.61,2,Paid
LP0009335,L00494,C00492,2025-07-28,2025-07-31,22614.41,3,Paid
LP0009336,L00494,C00492,2025-08-28,2025-08-28,22471.92,0,Paid
LP0009337,L00494,C00492,2025-09-28,2025-10-08,22387.77,10,Late
LP0009338,L00494,C00492,2025-10-28,2025-11-04,23539.61,7,Late
LP0009339,L00494,C00492,2025-11-28,2025-11-28,22480.45,0,Paid
LP0009340,L00494,C00492,2025-12-28,2026-01-04,23362.6,7,Late
LP0009341,L00494,C00492,2026-01-28,2026-02-01,22746.82,4,Paid
LP0009342,L00494,C00492,2026-02-28,2026-02-28,23065.37,0,Paid
LP0009343,L00494,C00492,2026-03-28,2026-04-01,23688.57,4,Paid
LP0009344,L00494,C00492,2026-04-28,2026-05-04,22687.21,6,Late
LP0009345,L00494,C00492,2026-05-28,2026-05-29,22993.77,1,Paid
LP0009346,L00494,C00492,2026-06-28,2026-07-03,22334.03,5,Paid
LP0009347,L00494,C00492,2026-07-28,2026-08-05,23368.87,8,Late
LP0009348,L00494,C00492,2026-08-28,2026-08-31,22452.26,3,Paid
LP0009349,L00495,C00178,2024-03-28,2024-03-30,4388.81,2,Paid
LP0009350,L00495,C00178,2024-04-28,2024-05-01,4172.24,3,Paid
LP0009351,L00495,C00178,2024-05-28,2024-06-02,4361.47,5,Paid
LP0009352,L00495,C00178,2024-06-28,2024-07-01,4212.58,3,Paid
LP0009353,L00495,C00178,2024-07-28,2024-08-04,4239.38,7,Late
LP0009354,L00495,C00178,2024-08-28,2024-08-29,4357.18,1,Paid
LP0009355,L00495,C00178,2024-09-28,2024-10-02,4161.02,4,Paid
LP0009356,L00495,C00178,2024-10-28,2024-10-28,4357.87,0,Paid
LP0009357,L00495,C00178,2024-11-28,2024-12-08,4199.4,10,Late
LP0009358,L00495,C00178,2024-12-28,2025-01-02,4169.5,5,Paid
LP0009359,L00495,C00178,2025-01-28,2025-01-29,4240.01,1,Paid
LP0009360,L00495,C00178,2025-02-28,2025-03-08,4330.48,8,Late
LP0009361,L00495,C00178,2025-03-28,2025-04-03,4320.72,6,Late
LP0009362,L00495,C00178,2025-04-28,2025-05-06,4318.3,8,Late
LP0009363,L00495,C00178,2025-05-28,2025-06-05,4190.62,8,Late
LP0009364,L00495,C00178,2025-06-28,2025-07-01,4298.89,3,Paid
LP0009365,L00495,C00178,2025-07-28,2025-08-04,4315.4,7,Late
LP0009366,L00495,C00178,2025-08-28,2025-08-31,4386.98,3,Paid
LP0009367,L00495,C00178,2025-09-28,2025-09-30,4256.79,2,Paid
LP0009368,L00495,C00178,2025-10-28,2025-11-03,4150.93,6,Late
LP0009369,L00495,C00178,2025-11-28,2025-12-06,4216.97,8,Late
LP0009370,L00495,C00178,2025-12-28,2026-01-06,4383.28,9,Late
LP0009371,L00495,C00178,2026-01-28,2026-02-03,4197.9,6,Late
LP0009372,L00495,C00178,2026-02-28,2026-03-05,4236.58,5,Paid
LP0009373,L00496,C00153,2024-02-28,2024-03-04,47394.45,5,Paid
LP0009374,L00496,C00153,2024-03-28,2024-03-28,45739.24,0,Paid
LP0009375,L00496,C00153,2024-04-28,2024-04-29,47400.62,1,Paid
LP0009376,L00496,C00153,2024-05-28,2024-06-07,47808.78,10,Late
LP0009377,L00496,C00153,2024-06-28,2024-06-29,46287.29,1,Paid
LP0009378,L00496,C00153,2024-07-28,2024-08-07,47215.71,10,Late
LP0009379,L00496,C00153,2024-08-28,2024-09-06,46528.08,9,Late
LP0009380,L00496,C00153,2024-09-28,2024-10-03,46086.61,5,Paid
LP0009381,L00496,C00153,2024-10-28,2024-11-02,47172.35,5,Paid
LP0009382,L00496,C00153,2024-11-28,2024-12-01,48206.52,3,Paid
LP0009383,L00496,C00153,2024-12-28,2024-12-29,47727.49,1,Paid
LP0009384,L00496,C00153,2025-01-28,2025-02-03,46575.36,6,Late
LP0009385,L00496,C00153,2025-02-28,2025-03-09,47605.36,9,Late
LP0009386,L00496,C00153,2025-03-28,2025-03-28,46496.3,0,Paid
LP0009387,L00496,C00153,2025-04-28,2025-05-07,47970.11,9,Late
LP0009388,L00496,C00153,2025-05-28,2025-06-01,46564.18,4,Paid
LP0009389,L00496,C00153,2025-06-28,2025-07-08,47202.54,10,Late
LP0009390,L00496,C00153,2025-07-28,2025-07-29,46279.52,1,Paid
LP0009391,L00496,C00153,2025-08-28,2025-08-30,47718.67,2,Paid
LP0009392,L00496,C00153,2025-09-28,2025-09-29,45560.34,1,Paid
LP0009393,L00496,C00153,2025-10-28,2025-10-28,47350.42,0,Paid
LP0009394,L00496,C00153,2025-11-28,2025-12-01,46968.63,3,Paid
LP0009395,L00496,C00153,2025-12-28,2026-01-07,46889.59,10,Late
LP0009396,L00496,C00153,2026-01-28,2026-02-07,46821.16,10,Late
LP0009397,L00497,C00772,2024-02-28,2024-03-02,4164.89,3,Paid
LP0009398,L00497,C00772,2024-03-28,2024-04-07,4065.01,10,Late
LP0009399,L00497,C00772,2024-04-28,2024-05-02,4190.64,4,Paid
LP0009400,L00497,C00772,2024-05-28,2024-05-29,3994.38,1,Paid
LP0009401,L00497,C00772,2024-06-28,2024-06-29,4156.85,1,Paid
LP0009402,L00497,C00772,2024-07-28,2024-07-28,3968.1,0,Paid
LP0009403,L00497,C00772,2024-08-28,2024-09-03,4092.39,6,Late
LP0009404,L00497,C00772,2024-09-28,2024-10-07,4075.3,9,Late
LP0009405,L00497,C00772,2024-10-28,2024-10-30,3979.61,2,Paid
LP0009406,L00497,C00772,2024-11-28,2024-11-28,4088.7,0,Paid
LP0009407,L00497,C00772,2024-12-28,2025-01-05,4065.52,8,Late
LP0009408,L00497,C00772,2025-01-28,2025-02-01,4002.74,4,Paid
LP0009409,L00497,C00772,2025-02-28,2025-03-10,4190.45,10,Late
LP0009410,L00497,C00772,2025-03-28,2025-04-03,4190.29,6,Late
LP0009411,L00497,C00772,2025-04-28,2025-05-06,4053.8,8,Late
LP0009412,L00497,C00772,2025-05-28,2025-05-30,4004.58,2,Paid
LP0009413,L00497,C00772,2025-06-28,2025-07-07,3973.31,9,Late
LP0009414,L00497,C00772,2025-07-28,2025-08-07,4038.73,10,Late
LP0009415,L00497,C00772,2025-08-28,2025-09-01,4029.17,4,Paid
LP0009416,L00497,C00772,2025-09-28,2025-09-29,4072.47,1,Paid
LP0009417,L00497,C00772,2025-10-28,2025-10-28,4044.84,0,Paid
LP0009418,L00497,C00772,2025-11-28,2025-12-04,4081.75,6,Late
LP0009419,L00497,C00772,2025-12-28,2026-01-06,4139.12,9,Late
LP0009420,L00497,C00772,2026-01-28,2026-02-06,4012.83,9,Late
LP0009421,L00498,C00148,2024-06-28,2024-07-08,10149.95,10,Late
LP0009422,L00498,C00148,2024-07-28,2024-08-06,10409.51,9,Late
LP0009423,L00498,C00148,2024-08-28,2024-09-04,10503.76,7,Late
LP0009424,L00498,C00148,2024-09-28,2024-10-04,10051.8,6,Late
LP0009425,L00498,C00148,2024-10-28,2024-11-05,10293.6,8,Late
LP0009426,L00498,C00148,2024-11-28,2024-11-30,10335.73,2,Paid
LP0009427,L00498,C00148,2024-12-28,2025-01-02,10362.55,5,Paid
LP0009428,L00498,C00148,2025-01-28,2025-03-20,8330.2,51,Partial
LP0009429,L00498,C00148,2025-02-28,2025-03-20,9619.22,20,Partial
LP0009430,L00498,C00148,2025-03-28,2025-04-15,8345.34,18,Partial
LP0009431,L00498,C00148,2025-04-28,2025-06-01,5220.46,34,Partial
LP0009432,L00498,C00148,2025-05-28,,0,30,Missed
LP0009433,L00499,C00875,2022-11-28,2022-12-08,30297.65,10,Late
LP0009434,L00499,C00875,2022-12-28,2023-01-03,28847.18,6,Late
LP0009435,L00499,C00875,2023-01-28,2023-01-31,30171.09,3,Paid
LP0009436,L00499,C00875,2023-02-28,2023-03-05,29224.41,5,Paid
LP0009437,L00499,C00875,2023-03-28,2023-04-05,28896.5,8,Late
LP0009438,L00499,C00875,2023-04-28,2023-05-02,28999.83,4,Paid
LP0009439,L00499,C00875,2023-05-28,2023-05-31,28893.61,3,Paid
LP0009440,L00499,C00875,2023-06-28,2023-07-04,29967.41,6,Late
LP0009441,L00499,C00875,2023-07-28,2023-07-30,30150.65,2,Paid
LP0009442,L00499,C00875,2023-08-28,2023-09-02,28720.84,5,Paid
LP0009443,L00499,C00875,2023-09-28,2023-10-01,29155.76,3,Paid
LP0009444,L00499,C00875,2023-10-28,2023-10-31,29423.73,3,Paid
LP0009445,L00500,C00230,2024-06-28,2024-07-08,52305.2,10,Late
LP0009446,L00500,C00230,2024-07-28,2024-07-31,52666.28,3,Paid
LP0009447,L00500,C00230,2024-08-28,2024-08-29,50820.03,1,Paid
LP0009448,L00500,C00230,2024-09-28,2024-10-04,50809.33,6,Late
LP0009449,L00500,C00230,2024-10-28,2024-11-04,51139.92,7,Late
LP0009450,L00500,C00230,2024-11-28,2024-11-28,50785.68,0,Paid
LP0009451,L00500,C00230,2024-12-28,2024-12-28,52471.72,0,Paid
LP0009452,L00500,C00230,2025-01-28,2025-02-02,52303.71,5,Paid
LP0009453,L00500,C00230,2025-02-28,2025-03-01,51690.5,1,Paid
LP0009454,L00500,C00230,2025-03-28,2025-03-30,50206.32,2,Paid
LP0009455,L00500,C00230,2025-04-28,2025-05-07,51546.82,9,Late
LP0009456,L00500,C00230,2025-05-28,2025-05-28,52533.97,0,Paid
LP0009457,L00500,C00230,2025-06-28,2025-06-29,52156.75,1,Paid
LP0009458,L00500,C00230,2025-07-28,2025-07-28,50870.09,0,Paid
LP0009459,L00500,C00230,2025-08-28,2025-09-01,50684.86,4,Paid
LP0009460,L00500,C00230,2025-09-28,2025-09-28,51140.22,0,Paid
LP0009461,L00500,C00230,2025-10-28,2025-10-28,51821.91,0,Paid
LP0009462,L00500,C00230,2025-11-28,2025-11-28,52544.94,0,Paid
LP0009463,L00500,C00230,2025-12-28,2026-01-06,52784.28,9,Late
LP0009464,L00500,C00230,2026-01-28,2026-01-31,52552.14,3,Paid
LP0009465,L00500,C00230,2026-02-28,2026-02-28,52068.47,0,Paid
LP0009466,L00500,C00230,2026-03-28,2026-04-03,52171.39,6,Late
LP0009467,L00500,C00230,2026-04-28,2026-04-28,52270.97,0,Paid
LP0009468,L00500,C00230,2026-05-28,2026-06-04,52729.1,7,Late
LP0009469,L00501,C00112,2024-01-28,2024-02-03,17820.01,6,Late
LP0009470,L00501,C00112,2024-02-28,2024-03-09,17844.49,10,Late
LP0009471,L00501,C00112,2024-03-28,2024-04-02,17631.37,5,Paid
LP0009472,L00501,C00112,2024-04-28,2024-05-08,17605.53,10,Late
LP0009473,L00501,C00112,2024-05-28,2024-05-30,17657.23,2,Paid
LP0009474,L00501,C00112,2024-06-28,2024-07-05,17751.62,7,Late
LP0009475,L00501,C00112,2024-07-28,2024-08-05,17657.36,8,Late
LP0009476,L00501,C00112,2024-08-28,2024-09-02,17672.91,5,Paid
LP0009477,L00501,C00112,2024-09-28,2024-10-04,18180.93,6,Late
LP0009478,L00501,C00112,2024-10-28,2024-11-01,17614.65,4,Paid
LP0009479,L00501,C00112,2024-11-28,2024-11-30,17902.84,2,Paid
LP0009480,L00501,C00112,2024-12-28,2025-01-04,17809.18,7,Late
LP0009481,L00501,C00112,2025-01-28,2025-01-28,17373.83,0,Paid
LP0009482,L00501,C00112,2025-02-28,2025-03-03,17437.97,3,Paid
LP0009483,L00501,C00112,2025-03-28,2025-04-02,17420.93,5,Paid
LP0009484,L00501,C00112,2025-04-28,2025-05-04,18163.04,6,Late
LP0009485,L00501,C00112,2025-05-28,2025-06-01,17933.28,4,Paid
LP0009486,L00501,C00112,2025-06-28,2025-06-30,18198.72,2,Paid
LP0009487,L00501,C00112,2025-07-28,2025-07-30,17377.83,2,Paid
LP0009488,L00501,C00112,2025-08-28,2025-09-03,17343.46,6,Late
LP0009489,L00501,C00112,2025-09-28,2025-10-03,17468.18,5,Paid
LP0009490,L00501,C00112,2025-10-28,2025-11-05,18128.09,8,Late
LP0009491,L00501,C00112,2025-11-28,2025-12-02,17932.52,4,Paid
LP0009492,L00501,C00112,2025-12-28,2026-01-04,17362.38,7,Late
LP0009493,L00502,C00469,2024-10-28,2024-11-01,3973.12,4,Paid
LP0009494,L00502,C00469,2024-11-28,2024-11-28,4106.67,0,Paid
LP0009495,L00502,C00469,2024-12-28,2024-12-31,4090.48,3,Paid
LP0009496,L00502,C00469,2025-01-28,2025-02-04,4143.13,7,Late
LP0009497,L00502,C00469,2025-02-28,2025-03-07,4080.34,7,Late
LP0009498,L00502,C00469,2025-03-28,2025-03-29,3971.95,1,Paid
LP0009499,L00502,C00469,2025-04-28,2025-04-28,3999.43,0,Paid
LP0009500,L00502,C00469,2025-05-28,2025-05-31,4054.7,3,Paid
LP0009501,L00502,C00469,2025-06-28,2025-07-01,4020.12,3,Paid
LP0009502,L00502,C00469,2025-07-28,2025-07-31,4170.71,3,Paid
LP0009503,L00502,C00469,2025-08-28,2025-09-04,4011.1,7,Late
LP0009504,L00502,C00469,2025-09-28,2025-10-03,3978.57,5,Paid
LP0009505,L00502,C00469,2025-10-28,2025-11-04,3977.61,7,Late
LP0009506,L00502,C00469,2025-11-28,2025-12-02,4150.83,4,Paid
LP0009507,L00502,C00469,2025-12-28,2026-01-04,4086.99,7,Late
LP0009508,L00502,C00469,2026-01-28,2026-01-31,3944.14,3,Paid
LP0009509,L00502,C00469,2026-02-28,2026-03-06,4006.81,6,Late
LP0009510,L00502,C00469,2026-03-28,2026-04-05,4015.5,8,Late
LP0009511,L00502,C00469,2026-04-28,2026-04-30,4039.32,2,Paid
LP0009512,L00502,C00469,2026-05-28,2026-06-03,4169.88,6,Late
LP0009513,L00502,C00469,2026-06-28,2026-07-02,4153.48,4,Paid
LP0009514,L00502,C00469,2026-07-28,2026-08-07,4122.17,10,Late
LP0009515,L00502,C00469,2026-08-28,2026-09-06,4071.58,9,Late
LP0009516,L00503,C00959,2023-02-28,2023-03-01,44614.05,1,Paid
LP0009517,L00503,C00959,2023-03-28,2023-04-07,46059.91,10,Late
LP0009518,L00503,C00959,2023-04-28,2023-05-07,45003.21,9,Late
LP0009519,L00503,C00959,2023-05-28,2023-06-07,43758.17,10,Late
LP0009520,L00503,C00959,2023-06-28,2023-07-01,45606.07,3,Paid
LP0009521,L00503,C00959,2023-07-28,2023-08-05,46185.28,8,Late
LP0009522,L00503,C00959,2023-08-28,2023-09-05,46196.39,8,Late
LP0009523,L00503,C00959,2023-09-28,2023-10-02,45489.58,4,Paid
LP0009524,L00503,C00959,2023-10-28,2023-11-07,45555.76,10,Late
LP0009525,L00503,C00959,2023-11-28,2023-12-08,44523.98,10,Late
LP0009526,L00503,C00959,2023-12-28,2023-12-30,46232.84,2,Paid
LP0009527,L00503,C00959,2024-01-28,2024-02-05,45989.14,8,Late
LP0009528,L00503,C00959,2024-02-28,2024-03-02,44784.1,3,Paid
LP0009529,L00503,C00959,2024-03-28,,0,109,Missed
LP0009530,L00503,C00959,2024-04-28,2024-06-07,23047.02,40,Partial
LP0009531,L00503,C00959,2024-05-28,,0,74,Missed
LP0009532,L00503,C00959,2024-06-28,,0,42,Missed
LP0009533,L00503,C00959,2024-07-28,2024-09-19,29248.61,53,Partial
LP0009534,L00503,C00959,2024-08-28,2024-10-07,35179.1,40,Partial
LP0009535,L00503,C00959,2024-09-28,2024-10-18,42455.52,20,Partial
LP0009536,L00503,C00959,2024-10-28,2024-11-16,36209.69,19,Partial
LP0009537,L00503,C00959,2024-11-28,,0,94,Missed
LP0009538,L00503,C00959,2024-12-28,2025-01-12,35860.96,15,Partial
LP0009539,L00503,C00959,2025-01-28,2025-03-16,42379.88,47,Partial
LP0009540,L00504,C00733,2023-07-28,2023-07-31,4285.45,3,Paid
LP0009541,L00504,C00733,2023-08-28,2023-09-02,4315.17,5,Paid
LP0009542,L00504,C00733,2023-09-28,2023-09-30,4287.08,2,Paid
LP0009543,L00504,C00733,2023-10-28,2023-11-01,4169.28,4,Paid
LP0009544,L00504,C00733,2023-11-28,2023-12-04,4134.21,6,Late
LP0009545,L00504,C00733,2023-12-28,2024-01-07,4345.27,10,Late
LP0009546,L00504,C00733,2024-01-28,2024-01-29,4320.2,1,Paid
LP0009547,L00504,C00733,2024-02-28,2024-03-05,4281.18,6,Late
LP0009548,L00504,C00733,2024-03-28,2024-04-04,4228.27,7,Late
LP0009549,L00504,C00733,2024-04-28,2024-04-28,4209.36,0,Paid
LP0009550,L00504,C00733,2024-05-28,2024-05-31,4206.91,3,Paid
LP0009551,L00504,C00733,2024-06-28,2024-06-30,4339.66,2,Paid
LP0009552,L00504,C00733,2024-07-28,2024-08-05,4322.54,8,Late
LP0009553,L00504,C00733,2024-08-28,2024-08-29,4275.99,1,Paid
LP0009554,L00504,C00733,2024-09-28,2024-10-02,4302.93,4,Paid
LP0009555,L00504,C00733,2024-10-28,2024-10-29,4270.21,1,Paid
LP0009556,L00504,C00733,2024-11-28,2024-11-28,4298.37,0,Paid
LP0009557,L00504,C00733,2024-12-28,2025-01-07,4184.88,10,Late
LP0009558,L00504,C00733,2025-01-28,2025-02-04,4301.9,7,Late
LP0009559,L00504,C00733,2025-02-28,2025-02-28,4361.67,0,Paid
LP0009560,L00504,C00733,2025-03-28,2025-04-04,4321.13,7,Late
LP0009561,L00504,C00733,2025-04-28,2025-04-30,4208.54,2,Paid
LP0009562,L00504,C00733,2025-05-28,2025-06-04,4215.01,7,Late
LP0009563,L00504,C00733,2025-06-28,2025-06-30,4152.53,2,Paid
LP0009564,L00505,C00228,2022-04-28,2022-04-30,38802.05,2,Paid
LP0009565,L00505,C00228,2022-05-28,2022-05-28,40142.58,0,Paid
LP0009566,L00505,C00228,2022-06-28,2022-07-01,40269.55,3,Paid
LP0009567,L00505,C00228,2022-07-28,2022-08-05,39684.37,8,Late
LP0009568,L00505,C00228,2022-08-28,2022-09-07,38379.52,10,Late
LP0009569,L00505,C00228,2022-09-28,2022-10-04,39920.07,6,Late
LP0009570,L00505,C00228,2022-10-28,2022-10-31,40585.0,3,Paid
LP0009571,L00505,C00228,2022-11-28,2022-11-29,39281.59,1,Paid
LP0009572,L00505,C00228,2022-12-28,2022-12-29,39977.55,1,Paid
LP0009573,L00505,C00228,2023-01-28,2023-02-07,39781.03,10,Late
LP0009574,L00505,C00228,2023-02-28,2023-03-06,38729.77,6,Late
LP0009575,L00505,C00228,2023-03-28,2023-03-29,40103.65,1,Paid
LP0009576,L00505,C00228,2023-04-28,2023-05-06,39870.57,8,Late
LP0009577,L00505,C00228,2023-05-28,2023-06-04,40295.44,7,Late
LP0009578,L00505,C00228,2023-06-28,2023-07-08,38391.81,10,Late
LP0009579,L00505,C00228,2023-07-28,2023-08-05,39404.75,8,Late
LP0009580,L00505,C00228,2023-08-28,2023-08-31,39061.53,3,Paid
LP0009581,L00505,C00228,2023-09-28,2023-10-08,38989.76,10,Late
LP0009582,L00505,C00228,2023-10-28,2023-11-01,39089.47,4,Paid
LP0009583,L00505,C00228,2023-11-28,2023-12-01,38492.6,3,Paid
LP0009584,L00505,C00228,2023-12-28,2023-12-29,38760.08,1,Paid
LP0009585,L00505,C00228,2024-01-28,2024-01-29,38585.73,1,Paid
LP0009586,L00505,C00228,2024-02-28,2024-03-03,40367.65,4,Paid
LP0009587,L00505,C00228,2024-03-28,2024-03-28,40502.17,0,Paid
LP0009588,L00506,C00932,2023-03-28,2023-04-06,71418.62,9,Late
LP0009589,L00506,C00932,2023-04-28,2023-05-01,70035.78,3,Paid
LP0009590,L00506,C00932,2023-05-28,2023-05-29,69950.72,1,Paid
LP0009591,L00506,C00932,2023-06-28,2023-07-08,72554.57,10,Late
LP0009592,L00506,C00932,2023-07-28,2023-07-28,72920.75,0,Paid
LP0009593,L00506,C00932,2023-08-28,2023-09-01,71897.6,4,Paid
LP0009594,L00506,C00932,2023-09-28,2023-10-05,72775.82,7,Late
LP0009595,L00506,C00932,2023-10-28,2023-11-03,70028.29,6,Late
LP0009596,L00506,C00932,2023-11-28,2023-12-05,69411.7,7,Late
LP0009597,L00506,C00932,2023-12-28,2024-01-05,72510.12,8,Late
LP0009598,L00506,C00932,2024-01-28,2024-02-03,71894.69,6,Late
LP0009599,L00506,C00932,2024-02-28,2024-03-09,71449.04,10,Late
LP0009600,L00506,C00932,2024-03-28,2024-03-31,70688.81,3,Paid
LP0009601,L00506,C00932,2024-04-28,,0,67,Missed
LP0009602,L00506,C00932,2024-05-28,2024-07-21,69043.36,54,Partial
LP0009603,L00506,C00932,2024-06-28,2024-08-11,35834.48,44,Partial
LP0009604,L00506,C00932,2024-07-28,2024-09-09,64624.8,43,Partial
LP0009605,L00506,C00932,2024-08-28,2024-10-04,61460.44,37,Partial
LP0009606,L00506,C00932,2024-09-28,2024-11-16,45383.14,49,Partial
LP0009607,L00506,C00932,2024-10-28,,0,46,Missed
LP0009608,L00506,C00932,2024-11-28,,0,91,Missed
LP0009609,L00506,C00932,2024-12-28,2025-02-16,40145.14,50,Partial
LP0009610,L00506,C00932,2025-01-28,,0,85,Missed
LP0009611,L00506,C00932,2025-02-28,,0,52,Missed
LP0009612,L00507,C00423,2023-07-28,2023-08-04,45875.93,7,Late
LP0009613,L00507,C00423,2023-08-28,2023-09-01,44955.54,4,Paid
LP0009614,L00507,C00423,2023-09-28,2023-10-02,45219.58,4,Paid
LP0009615,L00507,C00423,2023-10-28,2023-10-29,46208.65,1,Paid
LP0009616,L00507,C00423,2023-11-28,2023-12-07,44363.67,9,Late
LP0009617,L00507,C00423,2023-12-28,2024-01-04,45597.12,7,Late
LP0009618,L00507,C00423,2024-01-28,2024-02-07,44652.5,10,Late
LP0009619,L00507,C00423,2024-02-28,2024-02-28,46588.01,0,Paid
LP0009620,L00507,C00423,2024-03-28,2024-04-05,44785.35,8,Late
LP0009621,L00507,C00423,2024-04-28,2024-05-04,44830.05,6,Late
LP0009622,L00507,C00423,2024-05-28,2024-06-01,45067.29,4,Paid
LP0009623,L00507,C00423,2024-06-28,2024-07-05,44540.52,7,Late
LP0009624,L00507,C00423,2024-07-28,2024-08-07,46093.88,10,Late
LP0009625,L00507,C00423,2024-08-28,2024-09-01,44716.39,4,Paid
LP0009626,L00507,C00423,2024-09-28,2024-10-05,46655.48,7,Late
LP0009627,L00507,C00423,2024-10-28,2024-11-02,46989.91,5,Paid
LP0009628,L00507,C00423,2024-11-28,2024-11-30,46479.94,2,Paid
LP0009629,L00507,C00423,2024-12-28,2025-01-04,46951.37,7,Late
LP0009630,L00507,C00423,2025-01-28,2025-02-02,44835.96,5,Paid
LP0009631,L00507,C00423,2025-02-28,2025-03-04,45807.18,4,Paid
LP0009632,L00507,C00423,2025-03-28,2025-04-04,44602.72,7,Late
LP0009633,L00507,C00423,2025-04-28,2025-05-02,46957.56,4,Paid
LP0009634,L00507,C00423,2025-05-28,2025-06-03,45683.12,6,Late
LP0009635,L00507,C00423,2025-06-28,2025-07-06,46556.49,8,Late
LP0009636,L00508,C00249,2026-05-28,2026-06-07,73116.81,10,Late
LP0009637,L00508,C00249,2026-06-28,2026-07-01,71011.42,3,Paid
LP0009638,L00508,C00249,2026-07-28,2026-08-02,73980.3,5,Paid
LP0009639,L00508,C00249,2026-08-28,2026-08-31,71753.94,3,Paid
LP0009640,L00509,C00308,2025-10-28,2025-10-30,2443.54,2,Paid
LP0009641,L00509,C00308,2025-11-28,2025-11-30,2370.79,2,Paid
LP0009642,L00509,C00308,2025-12-28,2026-01-04,2344.28,7,Late
LP0009643,L00509,C00308,2026-01-28,2026-02-03,2398.24,6,Late
LP0009644,L00509,C00308,2026-02-28,2026-02-28,2334.42,0,Paid
LP0009645,L00509,C00308,2026-03-28,2026-04-05,2343.32,8,Late
LP0009646,L00509,C00308,2026-04-28,2026-04-29,2338.32,1,Paid
LP0009647,L00509,C00308,2026-05-28,2026-06-04,2433.51,7,Late
LP0009648,L00509,C00308,2026-06-28,2026-07-03,2382.29,5,Paid
LP0009649,L00509,C00308,2026-07-28,2026-08-04,2432.5,7,Late
LP0009650,L00509,C00308,2026-08-28,2026-09-04,2410.88,7,Late
LP0009651,L00510,C00229,2026-04-28,2026-04-30,77629.32,2,Paid
LP0009652,L00510,C00229,2026-05-28,2026-05-29,80893.54,1,Paid
LP0009653,L00510,C00229,2026-06-28,2026-07-08,80030.6,10,Late
LP0009654,L00510,C00229,2026-07-28,2026-07-28,77015.55,0,Paid
LP0009655,L00510,C00229,2026-08-28,2026-09-01,76914.11,4,Paid
LP0009656,L00511,C00855,2023-04-28,2023-04-30,12454.36,2,Paid
LP0009657,L00511,C00855,2023-05-28,2023-06-01,12392.06,4,Paid
LP0009658,L00511,C00855,2023-06-28,2023-06-28,12433.79,0,Paid
LP0009659,L00511,C00855,2023-07-28,2023-08-07,12920.21,10,Late
LP0009660,L00511,C00855,2023-08-28,2023-09-04,12778.08,7,Late
LP0009661,L00511,C00855,2023-09-28,2023-10-06,12520.44,8,Late
LP0009662,L00511,C00855,2023-10-28,2023-10-31,12563.92,3,Paid
LP0009663,L00511,C00855,2023-11-28,2023-11-28,12894.58,0,Paid
LP0009664,L00511,C00855,2023-12-28,2023-12-30,12364.78,2,Paid
LP0009665,L00511,C00855,2024-01-28,2024-02-07,12844.21,10,Late
LP0009666,L00511,C00855,2024-02-28,2024-03-02,12703.91,3,Paid
LP0009667,L00511,C00855,2024-03-28,2024-04-03,12578.12,6,Late
LP0009668,L00511,C00855,2024-04-28,2024-05-07,12503.8,9,Late
LP0009669,L00511,C00855,2024-05-28,2024-05-31,12600.56,3,Paid
LP0009670,L00511,C00855,2024-06-28,2024-07-03,12677.08,5,Paid
LP0009671,L00511,C00855,2024-07-28,2024-08-06,12990.71,9,Late
LP0009672,L00511,C00855,2024-08-28,2024-09-06,12344.96,9,Late
LP0009673,L00511,C00855,2024-09-28,2024-10-07,12655.7,9,Late
LP0009674,L00511,C00855,2024-10-28,2024-11-02,12938.82,5,Paid
LP0009675,L00511,C00855,2024-11-28,2024-11-29,12929.39,1,Paid
LP0009676,L00511,C00855,2024-12-28,2025-01-07,12972.38,10,Late
LP0009677,L00511,C00855,2025-01-28,2025-02-01,12900.27,4,Paid
LP0009678,L00511,C00855,2025-02-28,2025-03-05,12479.32,5,Paid
LP0009679,L00511,C00855,2025-03-28,2025-03-30,12744.54,2,Paid
LP0009680,L00512,C00713,2025-03-28,2025-04-04,5249.86,7,Late
LP0009681,L00512,C00713,2025-04-28,2025-05-05,5362.05,7,Late
LP0009682,L00512,C00713,2025-05-28,2025-06-06,5191.35,9,Late
LP0009683,L00512,C00713,2025-06-28,2025-06-30,5263.81,2,Paid
LP0009684,L00512,C00713,2025-07-28,2025-07-29,5251.8,1,Paid
LP0009685,L00512,C00713,2025-08-28,2025-09-05,5258.69,8,Late
LP0009686,L00512,C00713,2025-09-28,2025-10-04,5127.45,6,Late
LP0009687,L00512,C00713,2025-10-28,2025-11-03,5219.21,6,Late
LP0009688,L00512,C00713,2025-11-28,2025-12-01,5349.47,3,Paid
LP0009689,L00512,C00713,2025-12-28,2025-12-30,5342.99,2,Paid
LP0009690,L00512,C00713,2026-01-28,2026-01-28,5283.22,0,Paid
LP0009691,L00512,C00713,2026-02-28,2026-03-01,5200.03,1,Paid
LP0009692,L00512,C00713,2026-03-28,2026-03-29,5212.62,1,Paid
LP0009693,L00512,C00713,2026-04-28,2026-04-30,5186.22,2,Paid
LP0009694,L00512,C00713,2026-05-28,2026-06-04,5236.93,7,Late
LP0009695,L00512,C00713,2026-06-28,2026-07-03,5306.58,5,Paid
LP0009696,L00512,C00713,2026-07-28,2026-08-01,5303.27,4,Paid
LP0009697,L00512,C00713,2026-08-28,2026-08-29,5115.44,1,Paid
LP0009698,L00513,C00925,2023-08-28,2023-09-07,7294.21,10,Late
LP0009699,L00513,C00925,2023-09-28,2023-10-02,7273.66,4,Paid
LP0009700,L00513,C00925,2023-10-28,2023-11-03,7054.98,6,Late
LP0009701,L00513,C00925,2023-11-28,2023-12-02,7317.86,4,Paid
LP0009702,L00513,C00925,2023-12-28,2024-01-03,7047.36,6,Late
LP0009703,L00513,C00925,2024-01-28,2024-01-30,7292.59,2,Paid
LP0009704,L00513,C00925,2024-02-28,2024-03-05,7102.44,6,Late
LP0009705,L00513,C00925,2024-03-28,2024-04-07,7239.07,10,Late
LP0009706,L00513,C00925,2024-04-28,2024-05-02,7313.02,4,Paid
LP0009707,L00513,C00925,2024-05-28,2024-05-28,7092.0,0,Paid
LP0009708,L00513,C00925,2024-06-28,2024-07-01,7045.25,3,Paid
LP0009709,L00513,C00925,2024-07-28,2024-07-31,7115.67,3,Paid
LP0009710,L00513,C00925,2024-08-28,2024-09-01,7295.92,4,Paid
LP0009711,L00513,C00925,2024-09-28,2024-10-04,6966.69,6,Late
LP0009712,L00513,C00925,2024-10-28,2024-11-06,6988.83,9,Late
LP0009713,L00513,C00925,2024-11-28,2024-12-02,7181.03,4,Paid
LP0009714,L00513,C00925,2024-12-28,2025-01-02,7076.62,5,Paid
LP0009715,L00513,C00925,2025-01-28,2025-02-02,6942.94,5,Paid
LP0009716,L00513,C00925,2025-02-28,2025-03-08,6962.11,8,Late
LP0009717,L00513,C00925,2025-03-28,2025-03-31,7257.46,3,Paid
LP0009718,L00513,C00925,2025-04-28,2025-05-07,7247.46,9,Late
LP0009719,L00513,C00925,2025-05-28,2025-06-01,7104.34,4,Paid
LP0009720,L00513,C00925,2025-06-28,2025-06-28,7042.57,0,Paid
LP0009721,L00513,C00925,2025-07-28,2025-08-03,7087.5,6,Late
LP0009722,L00514,C00416,2025-07-28,2025-08-02,21125.32,5,Paid
LP0009723,L00514,C00416,2025-08-28,2025-09-03,20389.75,6,Late
LP0009724,L00514,C00416,2025-09-28,2025-10-02,20993.03,4,Paid
LP0009725,L00514,C00416,2025-10-28,2025-11-05,21142.14,8,Late
LP0009726,L00514,C00416,2025-11-28,2025-12-01,21255.44,3,Paid
LP0009727,L00514,C00416,2025-12-28,2026-01-01,20608.68,4,Paid
LP0009728,L00514,C00416,2026-01-28,2026-02-01,20763.83,4,Paid
LP0009729,L00514,C00416,2026-02-28,2026-03-09,21342.79,9,Late
LP0009730,L00514,C00416,2026-03-28,2026-05-14,18566.0,47,Partial
LP0009731,L00514,C00416,2026-04-28,,0,116,Missed
LP0009732,L00514,C00416,2026-05-28,2026-06-30,11511.25,33,Partial
LP0009733,L00514,C00416,2026-06-28,2026-07-26,20135.62,28,Partial
LP0009734,L00514,C00416,2026-07-28,2026-09-20,17334.32,54,Partial
LP0009735,L00514,C00416,2026-08-28,2026-09-17,12805.38,20,Partial
LP0009736,L00515,C00947,2026-03-28,2026-04-03,3508.92,6,Late
LP0009737,L00515,C00947,2026-04-28,2026-05-06,3453.42,8,Late
LP0009738,L00515,C00947,2026-05-28,2026-06-01,3550.01,4,Paid
LP0009739,L00515,C00947,2026-06-28,2026-07-02,3527.71,4,Paid
LP0009740,L00515,C00947,2026-07-28,2026-08-04,3474.73,7,Late
LP0009741,L00515,C00947,2026-08-28,2026-09-03,3539.18,6,Late
LP0009742,L00516,C00676,2025-06-28,2025-07-05,5635.47,7,Late
LP0009743,L00516,C00676,2025-07-28,2025-07-28,5724.35,0,Paid
LP0009744,L00516,C00676,2025-08-28,2025-09-05,5596.65,8,Late
LP0009745,L00516,C00676,2025-09-28,2025-09-29,5705.9,1,Paid
LP0009746,L00516,C00676,2025-10-28,2025-11-01,5653.25,4,Paid
LP0009747,L00516,C00676,2025-11-28,2025-11-29,5795.16,1,Paid
LP0009748,L00516,C00676,2025-12-28,2025-12-30,5702.44,2,Paid
LP0009749,L00516,C00676,2026-01-28,2026-02-06,5738.33,9,Late
LP0009750,L00516,C00676,2026-02-28,2026-03-10,5595.09,10,Late
LP0009751,L00516,C00676,2026-03-28,2026-04-04,5803.21,7,Late
LP0009752,L00516,C00676,2026-04-28,2026-04-29,5684.86,1,Paid
LP0009753,L00516,C00676,2026-05-28,2026-06-06,5758.3,9,Late
LP0009754,L00516,C00676,2026-06-28,2026-07-05,5659.14,7,Late
LP0009755,L00516,C00676,2026-07-28,2026-07-28,5687.58,0,Paid
LP0009756,L00516,C00676,2026-08-28,2026-09-01,5593.41,4,Paid
LP0009757,L00517,C00823,2025-01-28,2025-01-29,9867.38,1,Paid
LP0009758,L00517,C00823,2025-02-28,2025-03-09,9867.43,9,Late
LP0009759,L00517,C00823,2025-03-28,2025-04-06,9838.65,9,Late
LP0009760,L00517,C00823,2025-04-28,2025-05-03,9910.78,5,Paid
LP0009761,L00517,C00823,2025-05-28,2025-05-29,10022.64,1,Paid
LP0009762,L00517,C00823,2025-06-28,2025-07-05,9694.0,7,Late
LP0009763,L00517,C00823,2025-07-28,2025-08-03,9571.01,6,Late
LP0009764,L00517,C00823,2025-08-28,2025-08-30,9607.52,2,Paid
LP0009765,L00517,C00823,2025-09-28,2025-10-05,9706.74,7,Late
LP0009766,L00517,C00823,2025-10-28,2025-11-01,9734.77,4,Paid
LP0009767,L00517,C00823,2025-11-28,2025-11-30,10015.66,2,Paid
LP0009768,L00517,C00823,2025-12-28,2026-01-05,9924.36,8,Late
LP0009769,L00517,C00823,2026-01-28,2026-02-05,9857.21,8,Late
LP0009770,L00517,C00823,2026-02-28,2026-03-03,9906.72,3,Paid
LP0009771,L00517,C00823,2026-03-28,2026-03-28,9853.6,0,Paid
LP0009772,L00517,C00823,2026-04-28,2026-04-28,9961.82,0,Paid
LP0009773,L00517,C00823,2026-05-28,2026-06-02,9790.75,5,Paid
LP0009774,L00517,C00823,2026-06-28,2026-07-02,9655.78,4,Paid
LP0009775,L00517,C00823,2026-07-28,2026-07-29,9851.82,1,Paid
LP0009776,L00517,C00823,2026-08-28,2026-08-29,9545.76,1,Paid
LP0009777,L00518,C00077,2026-01-28,2026-02-01,6438.57,4,Paid
LP0009778,L00518,C00077,2026-02-28,2026-03-09,6546.9,9,Late
LP0009779,L00518,C00077,2026-03-28,2026-04-01,6345.14,4,Paid
LP0009780,L00518,C00077,2026-04-28,2026-04-29,6531.61,1,Paid
LP0009781,L00518,C00077,2026-05-28,2026-05-30,6398.77,2,Paid
LP0009782,L00518,C00077,2026-06-28,2026-07-03,6290.58,5,Paid
LP0009783,L00518,C00077,2026-07-28,2026-08-07,6409.29,10,Late
LP0009784,L00518,C00077,2026-08-28,2026-09-07,6366.41,10,Late
LP0009785,L00519,C00139,2025-08-28,2025-08-30,31852.24,2,Paid
LP0009786,L00519,C00139,2025-09-28,2025-10-01,31275.19,3,Paid
LP0009787,L00519,C00139,2025-10-28,2025-11-02,31183.62,5,Paid
LP0009788,L00519,C00139,2025-11-28,2025-11-29,31097.67,1,Paid
LP0009789,L00519,C00139,2025-12-28,2026-01-03,31923.58,6,Late
LP0009790,L00519,C00139,2026-01-28,2026-01-28,31598.85,0,Paid
LP0009791,L00519,C00139,2026-02-28,2026-03-10,32570.69,10,Late
LP0009792,L00519,C00139,2026-03-28,2026-04-06,31772.81,9,Late
LP0009793,L00519,C00139,2026-04-28,2026-05-08,31945.69,10,Late
LP0009794,L00519,C00139,2026-05-28,2026-05-28,32952.4,0,Paid
LP0009795,L00519,C00139,2026-06-28,2026-07-03,31618.35,5,Paid
LP0009796,L00519,C00139,2026-07-28,2026-07-28,32678.73,0,Paid
LP0009797,L00520,C00426,2023-02-28,2023-03-06,34806.2,6,Late
LP0009798,L00520,C00426,2023-03-28,2023-04-07,35351.2,10,Late
LP0009799,L00520,C00426,2023-04-28,2023-05-01,36037.31,3,Paid
LP0009800,L00520,C00426,2023-05-28,2023-06-06,36029.4,9,Late
LP0009801,L00520,C00426,2023-06-28,2023-07-02,35944.32,4,Paid
LP0009802,L00520,C00426,2023-07-28,2023-08-05,36160.8,8,Late
LP0009803,L00520,C00426,2023-08-28,2023-09-03,36240.03,6,Late
LP0009804,L00520,C00426,2023-09-28,2023-10-08,34399.3,10,Late
LP0009805,L00520,C00426,2023-10-28,2023-11-03,34831.01,6,Late
LP0009806,L00520,C00426,2023-11-28,2023-12-06,35702.11,8,Late
LP0009807,L00520,C00426,2023-12-28,2024-01-01,34393.3,4,Paid
LP0009808,L00520,C00426,2024-01-28,2024-01-30,34403.07,2,Paid
LP0009809,L00520,C00426,2024-02-28,2024-03-02,34829.19,3,Paid
LP0009810,L00520,C00426,2024-03-28,2024-04-03,34306.63,6,Late
LP0009811,L00520,C00426,2024-04-28,2024-05-07,36127.79,9,Late
LP0009812,L00520,C00426,2024-05-28,2024-05-31,35836.03,3,Paid
LP0009813,L00520,C00426,2024-06-28,2024-06-28,35727.71,0,Paid
LP0009814,L00520,C00426,2024-07-28,2024-07-30,35214.85,2,Paid
LP0009815,L00520,C00426,2024-08-28,2024-08-31,34940.06,3,Paid
LP0009816,L00520,C00426,2024-09-28,2024-10-04,34805.15,6,Late
LP0009817,L00520,C00426,2024-10-28,2024-10-31,35040.59,3,Paid
LP0009818,L00520,C00426,2024-11-28,2024-11-29,34753.1,1,Paid
LP0009819,L00520,C00426,2024-12-28,2025-01-05,35916.79,8,Late
LP0009820,L00520,C00426,2025-01-28,2025-02-05,35236.83,8,Late
LP0009821,L00521,C00950,2025-09-28,2025-10-03,26160.81,5,Paid
LP0009822,L00521,C00950,2025-10-28,2025-11-03,25677.11,6,Late
LP0009823,L00521,C00950,2025-11-28,2025-12-07,26219.96,9,Late
LP0009824,L00521,C00950,2025-12-28,2026-01-04,26575.21,7,Late
LP0009825,L00521,C00950,2026-01-28,2026-02-01,26215.03,4,Paid
LP0009826,L00521,C00950,2026-02-28,2026-02-28,26584.08,0,Paid
LP0009827,L00521,C00950,2026-03-28,2026-03-28,26317.16,0,Paid
LP0009828,L00521,C00950,2026-04-28,2026-05-02,26070.49,4,Paid
LP0009829,L00521,C00950,2026-05-28,2026-06-01,26013.08,4,Paid
LP0009830,L00521,C00950,2026-06-28,2026-07-07,25862.42,9,Late
LP0009831,L00521,C00950,2026-07-28,2026-07-31,26970.17,3,Paid
LP0009832,L00521,C00950,2026-08-28,2026-09-05,26791.23,8,Late
LP0009833,L00522,C00169,2024-11-28,2024-12-08,4637.63,10,Late
LP0009834,L00522,C00169,2024-12-28,2024-12-28,4573.04,0,Paid
LP0009835,L00522,C00169,2025-01-28,2025-02-03,4679.91,6,Late
LP0009836,L00522,C00169,2025-02-28,2025-03-08,4796.4,8,Late
LP0009837,L00522,C00169,2025-03-28,2025-04-03,4666.28,6,Late
LP0009838,L00522,C00169,2025-04-28,2025-05-05,4686.55,7,Late
LP0009839,L00522,C00169,2025-05-28,2025-06-02,4603.48,5,Paid
LP0009840,L00522,C00169,2025-06-28,2025-06-30,4624.84,2,Paid
LP0009841,L00522,C00169,2025-07-28,2025-08-04,4753.79,7,Late
LP0009842,L00522,C00169,2025-08-28,2025-08-31,4710.82,3,Paid
LP0009843,L00522,C00169,2025-09-28,2025-09-28,4602.39,0,Paid
LP0009844,L00522,C00169,2025-10-28,2025-11-03,4800.37,6,Late
LP0009845,L00522,C00169,2025-11-28,2025-12-07,4698.89,9,Late
LP0009846,L00522,C00169,2025-12-28,2025-12-31,4574.02,3,Paid
LP0009847,L00522,C00169,2026-01-28,2026-01-28,4608.27,0,Paid
LP0009848,L00522,C00169,2026-02-28,2026-03-08,4798.49,8,Late
LP0009849,L00522,C00169,2026-03-28,2026-04-03,4815.02,6,Late
LP0009850,L00522,C00169,2026-04-28,2026-05-08,4642.87,10,Late
LP0009851,L00522,C00169,2026-05-28,2026-06-04,4785.44,7,Late
LP0009852,L00522,C00169,2026-06-28,2026-07-02,4815.0,4,Paid
LP0009853,L00522,C00169,2026-07-28,2026-07-31,4781.53,3,Paid
LP0009854,L00522,C00169,2026-08-28,2026-09-05,4594.74,8,Late
LP0009855,L00523,C00327,2023-04-28,2023-05-06,89056.95,8,Late
LP0009856,L00523,C00327,2023-05-28,2023-05-31,91499.1,3,Paid
LP0009857,L00523,C00327,2023-06-28,2023-07-05,89410.57,7,Late
LP0009858,L00523,C00327,2023-07-28,2023-08-03,90782.42,6,Late
LP0009859,L00523,C00327,2023-08-28,2023-09-05,89127.38,8,Late
LP0009860,L00523,C00327,2023-09-28,2023-10-02,94273.54,4,Paid
LP0009861,L00523,C00327,2023-10-28,2023-10-29,92810.34,1,Paid
LP0009862,L00523,C00327,2023-11-28,2023-11-28,90393.67,0,Paid
LP0009863,L00523,C00327,2023-12-28,2024-01-03,90869.97,6,Late
LP0009864,L00523,C00327,2024-01-28,2024-02-02,91090.17,5,Paid
LP0009865,L00523,C00327,2024-02-28,2024-03-05,91156.19,6,Late
LP0009866,L00523,C00327,2024-03-28,2024-04-03,93134.82,6,Late
LP0009867,L00523,C00327,2024-04-28,2024-05-01,91161.22,3,Paid
LP0009868,L00523,C00327,2024-05-28,2024-07-21,51082.35,54,Partial
LP0009869,L00523,C00327,2024-06-28,2024-07-24,83087.09,26,Partial
LP0009870,L00523,C00327,2024-07-28,2024-08-23,87418.09,26,Partial
LP0009871,L00523,C00327,2024-08-28,,0,92,Missed
LP0009872,L00523,C00327,2024-09-28,2024-11-17,90269.82,50,Partial
LP0009873,L00523,C00327,2024-10-28,2024-12-16,59748.58,49,Partial
LP0009874,L00523,C00327,2024-11-28,2024-12-26,78753.15,28,Partial
LP0009875,L00523,C00327,2024-12-28,2025-01-17,87883.43,20,Partial
LP0009876,L00523,C00327,2025-01-28,,0,72,Missed
LP0009877,L00523,C00327,2025-02-28,2025-03-28,71982.22,28,Partial
LP0009878,L00523,C00327,2025-03-28,2025-05-04,78380.06,37,Partial
LP0009879,L00524,C00955,2024-07-28,2024-08-06,3194.98,9,Late
LP0009880,L00524,C00955,2024-08-28,2024-08-30,3312.22,2,Paid
LP0009881,L00524,C00955,2024-09-28,2024-10-07,3358.16,9,Late
LP0009882,L00524,C00955,2024-10-28,2024-11-06,3219.27,9,Late
LP0009883,L00524,C00955,2024-11-28,2024-11-30,3369.05,2,Paid
LP0009884,L00524,C00955,2024-12-28,2024-12-29,3239.93,1,Paid
LP0009885,L00524,C00955,2025-01-28,2025-02-04,3196.49,7,Late
LP0009886,L00524,C00955,2025-02-28,2025-03-04,3257.06,4,Paid
LP0009887,L00524,C00955,2025-03-28,2025-04-04,3367.93,7,Late
LP0009888,L00524,C00955,2025-04-28,2025-04-28,3324.41,0,Paid
LP0009889,L00524,C00955,2025-05-28,2025-06-02,3203.38,5,Paid
LP0009890,L00524,C00955,2025-06-28,2025-07-05,3333.07,7,Late
LP0009891,L00524,C00955,2025-07-28,2025-08-06,3319.76,9,Late
LP0009892,L00524,C00955,2025-08-28,2025-10-16,2640.48,49,Partial
LP0009893,L00524,C00955,2025-09-28,,0,82,Missed
LP0009894,L00524,C00955,2025-10-28,,0,69,Missed
LP0009895,L00524,C00955,2025-11-28,,0,48,Missed
LP0009896,L00524,C00955,2025-12-28,2026-02-16,1790.33,50,Partial
LP0009897,L00524,C00955,2026-01-28,2026-02-25,2822.01,28,Partial
LP0009898,L00524,C00955,2026-02-28,2026-04-11,3013.53,42,Partial
LP0009899,L00524,C00955,2026-03-28,2026-04-24,3018.64,27,Partial
LP0009900,L00524,C00955,2026-04-28,,0,37,Missed
LP0009901,L00524,C00955,2026-05-28,2026-07-20,2327.81,53,Partial
LP0009902,L00524,C00955,2026-06-28,2026-08-08,3109.26,41,Partial
LP0009903,L00525,C00725,2023-04-28,2023-04-29,194076.87,1,Paid
LP0009904,L00525,C00725,2023-05-28,2023-06-02,189867.81,5,Paid
LP0009905,L00525,C00725,2023-06-28,2023-07-06,185039.68,8,Late
LP0009906,L00525,C00725,2023-07-28,2023-07-29,183908.37,1,Paid
LP0009907,L00525,C00725,2023-08-28,2023-09-06,190623.05,9,Late
LP0009908,L00525,C00725,2023-09-28,2023-10-08,193984.9,10,Late
LP0009909,L00525,C00725,2023-10-28,2023-11-06,185871.57,9,Late
LP0009910,L00525,C00725,2023-11-28,2023-12-01,184497.28,3,Paid
LP0009911,L00525,C00725,2023-12-28,2024-01-06,189350.52,9,Late
LP0009912,L00525,C00725,2024-01-28,2024-02-05,190362.14,8,Late
LP0009913,L00525,C00725,2024-02-28,2024-03-04,191890.05,5,Paid
LP0009914,L00525,C00725,2024-03-28,2024-04-05,195028.95,8,Late
LP0009915,L00526,C00988,2024-10-28,2024-10-31,34285.93,3,Paid
LP0009916,L00526,C00988,2024-11-28,2024-11-30,33057.44,2,Paid
LP0009917,L00526,C00988,2024-12-28,2024-12-28,35002.7,0,Paid
LP0009918,L00526,C00988,2025-01-28,2025-02-05,34194.0,8,Late
LP0009919,L00526,C00988,2025-02-28,2025-03-08,34376.03,8,Late
LP0009920,L00526,C00988,2025-03-28,2025-03-28,33952.53,0,Paid
LP0009921,L00526,C00988,2025-04-28,2025-05-01,33273.66,3,Paid
LP0009922,L00526,C00988,2025-05-28,2025-05-30,34305.61,2,Paid
LP0009923,L00526,C00988,2025-06-28,2025-07-08,34841.32,10,Late
LP0009924,L00526,C00988,2025-07-28,2025-08-04,33583.83,7,Late
LP0009925,L00526,C00988,2025-08-28,2025-09-04,34030.14,7,Late
LP0009926,L00526,C00988,2025-09-28,2025-09-28,33156.86,0,Paid
LP0009927,L00526,C00988,2025-10-28,2025-11-01,33517.47,4,Paid
LP0009928,L00526,C00988,2025-11-28,2025-11-28,34009.99,0,Paid
LP0009929,L00526,C00988,2025-12-28,2026-01-05,33386.92,8,Late
LP0009930,L00526,C00988,2026-01-28,2026-02-01,33482.61,4,Paid
LP0009931,L00526,C00988,2026-02-28,2026-03-05,33478.09,5,Paid
LP0009932,L00526,C00988,2026-03-28,2026-04-01,33254.78,4,Paid
LP0009933,L00526,C00988,2026-04-28,2026-05-07,34518.07,9,Late
LP0009934,L00526,C00988,2026-05-28,2026-05-29,34618.63,1,Paid
LP0009935,L00526,C00988,2026-06-28,2026-07-06,33648.17,8,Late
LP0009936,L00526,C00988,2026-07-28,2026-08-01,33941.86,4,Paid
LP0009937,L00526,C00988,2026-08-28,2026-09-04,33060.35,7,Late
LP0009938,L00527,C00895,2024-12-28,2024-12-31,9211.35,3,Paid
LP0009939,L00527,C00895,2025-01-28,2025-02-05,9258.96,8,Late
LP0009940,L00527,C00895,2025-02-28,2025-03-03,8935.2,3,Paid
LP0009941,L00527,C00895,2025-03-28,2025-04-06,8926.49,9,Late
LP0009942,L00527,C00895,2025-04-28,2025-05-05,9392.28,7,Late
LP0009943,L00527,C00895,2025-05-28,2025-06-06,9366.62,9,Late
LP0009944,L00527,C00895,2025-06-28,2025-06-28,9050.99,0,Paid
LP0009945,L00527,C00895,2025-07-28,2025-07-31,9296.69,3,Paid
LP0009946,L00527,C00895,2025-08-28,2025-09-04,9313.36,7,Late
LP0009947,L00527,C00895,2025-09-28,2025-09-30,9401.04,2,Paid
LP0009948,L00527,C00895,2025-10-28,2025-10-31,9423.41,3,Paid
LP0009949,L00527,C00895,2025-11-28,,0,49,Missed
LP0009950,L00527,C00895,2025-12-28,,0,35,Missed
LP0009951,L00527,C00895,2026-01-28,2026-02-18,6370.08,21,Partial
LP0009952,L00527,C00895,2026-02-28,2026-04-11,8077.28,42,Partial
LP0009953,L00527,C00895,2026-03-28,,0,38,Missed
LP0009954,L00527,C00895,2026-04-28,2026-06-09,8175.84,42,Partial
LP0009955,L00527,C00895,2026-05-28,2026-06-17,7382.56,20,Partial
LP0009956,L00527,C00895,2026-06-28,2026-08-10,7486.87,43,Partial
LP0009957,L00527,C00895,2026-07-28,2026-08-13,6493.8,16,Partial
LP0009958,L00527,C00895,2026-08-28,,0,105,Missed
LP0009959,L00528,C00425,2024-02-28,2024-03-06,29689.22,7,Late
LP0009960,L00528,C00425,2024-03-28,2024-04-05,30158.67,8,Late
LP0009961,L00528,C00425,2024-04-28,2024-04-28,30734.75,0,Paid
LP0009962,L00528,C00425,2024-05-28,2024-06-01,29144.05,4,Paid
LP0009963,L00528,C00425,2024-06-28,2024-06-28,29976.79,0,Paid
LP0009964,L00528,C00425,2024-07-28,2024-07-30,29648.14,2,Paid
LP0009965,L00528,C00425,2024-08-28,2024-09-06,30171.36,9,Late
LP0009966,L00528,C00425,2024-09-28,2024-10-01,29115.27,3,Paid
LP0009967,L00528,C00425,2024-10-28,2024-11-02,29203.87,5,Paid
LP0009968,L00528,C00425,2024-11-28,2024-12-05,29772.91,7,Late
LP0009969,L00528,C00425,2024-12-28,2024-12-30,30547.56,2,Paid
LP0009970,L00528,C00425,2025-01-28,2025-02-02,30639.37,5,Paid
LP0009971,L00528,C00425,2025-02-28,2025-03-05,30623.88,5,Paid
LP0009972,L00528,C00425,2025-03-28,2025-04-05,29952.9,8,Late
LP0009973,L00528,C00425,2025-04-28,2025-04-28,29586.92,0,Paid
LP0009974,L00528,C00425,2025-05-28,2025-06-03,30721.16,6,Late
LP0009975,L00528,C00425,2025-06-28,2025-07-03,29522.83,5,Paid
LP0009976,L00528,C00425,2025-07-28,2025-08-06,29073.47,9,Late
LP0009977,L00528,C00425,2025-08-28,2025-08-28,29938.86,0,Paid
LP0009978,L00528,C00425,2025-09-28,2025-10-08,30185.91,10,Late
LP0009979,L00528,C00425,2025-10-28,2025-11-02,30212.15,5,Paid
LP0009980,L00528,C00425,2025-11-28,2025-11-29,29882.72,1,Paid
LP0009981,L00528,C00425,2025-12-28,2025-12-28,30672.18,0,Paid
LP0009982,L00528,C00425,2026-01-28,2026-01-30,30479.92,2,Paid
LP0009983,L00529,C00054,2025-11-28,2025-12-02,21528.85,4,Paid
LP0009984,L00529,C00054,2025-12-28,2025-12-28,22059.55,0,Paid
LP0009985,L00529,C00054,2026-01-28,2026-02-04,21631.71,7,Late
LP0009986,L00529,C00054,2026-02-28,2026-03-07,21337.56,7,Late
LP0009987,L00529,C00054,2026-03-28,2026-03-30,21408.78,2,Paid
LP0009988,L00529,C00054,2026-04-28,2026-04-30,21122.79,2,Paid
LP0009989,L00529,C00054,2026-05-28,2026-06-26,13963.25,29,Partial
LP0009990,L00529,C00054,2026-06-28,2026-08-23,14243.9,56,Partial
LP0009991,L00529,C00054,2026-07-28,2026-08-16,18142.52,19,Partial
LP0009992,L00529,C00054,2026-08-28,,0,91,Missed
LP0009993,L00530,C00812,2024-06-28,2024-06-28,11666.38,0,Paid
LP0009994,L00530,C00812,2024-07-28,2024-07-31,12240.72,3,Paid
LP0009995,L00530,C00812,2024-08-28,2024-09-02,12037.1,5,Paid
LP0009996,L00530,C00812,2024-09-28,2024-10-01,11884.33,3,Paid
LP0009997,L00530,C00812,2024-10-28,2024-10-28,11960.69,0,Paid
LP0009998,L00530,C00812,2024-11-28,2024-12-05,11869.61,7,Late
LP0009999,L00530,C00812,2024-12-28,2024-12-29,12180.4,1,Paid
LP0010000,L00530,C00812,2025-01-28,2025-02-02,11987.14,5,Paid
LP0010001,L00530,C00812,2025-02-28,2025-02-28,12290.07,0,Paid
LP0010002,L00530,C00812,2025-03-28,2025-04-05,11791.43,8,Late
LP0010003,L00530,C00812,2025-04-28,2025-05-06,12363.12,8,Late
LP0010004,L00530,C00812,2025-05-28,2025-05-28,11836.22,0,Paid
LP0010005,L00530,C00812,2025-06-28,2025-07-04,11718.12,6,Late
LP0010006,L00530,C00812,2025-07-28,2025-07-31,11892.29,3,Paid
LP0010007,L00530,C00812,2025-08-28,2025-09-01,11804.51,4,Paid
LP0010008,L00530,C00812,2025-09-28,2025-10-02,12067.49,4,Paid
LP0010009,L00530,C00812,2025-10-28,2025-10-29,12161.34,1,Paid
LP0010010,L00530,C00812,2025-11-28,2025-12-08,12154.19,10,Late
LP0010011,L00530,C00812,2025-12-28,2026-01-06,11755.08,9,Late
LP0010012,L00530,C00812,2026-01-28,2026-02-01,12240.22,4,Paid
LP0010013,L00530,C00812,2026-02-28,2026-03-10,11873.33,10,Late
LP0010014,L00530,C00812,2026-03-28,2026-04-01,12115.09,4,Paid
LP0010015,L00530,C00812,2026-04-28,2026-05-08,11858.72,10,Late
LP0010016,L00530,C00812,2026-05-28,2026-05-31,11787.23,3,Paid
LP0010017,L00531,C00440,2026-01-28,2026-01-31,92533.2,3,Paid
LP0010018,L00531,C00440,2026-02-28,2026-02-28,93448.86,0,Paid
LP0010019,L00531,C00440,2026-03-28,2026-03-28,96012.06,0,Paid
LP0010020,L00531,C00440,2026-04-28,2026-05-03,95334.16,5,Paid
LP0010021,L00531,C00440,2026-05-28,2026-05-29,95068.12,1,Paid
LP0010022,L00531,C00440,2026-06-28,2026-07-03,95990.76,5,Paid
LP0010023,L00531,C00440,2026-07-28,2026-08-02,93558.44,5,Paid
LP0010024,L00531,C00440,2026-08-28,2026-08-28,97085.83,0,Paid
LP0010025,L00532,C00801,2022-08-28,2022-09-03,4353.55,6,Late
LP0010026,L00532,C00801,2022-09-28,2022-09-30,4416.41,2,Paid
LP0010027,L00532,C00801,2022-10-28,2022-11-05,4497.35,8,Late
LP0010028,L00532,C00801,2022-11-28,2022-12-07,4534.83,9,Late
LP0010029,L00532,C00801,2022-12-28,2023-01-01,4483.64,4,Paid
LP0010030,L00532,C00801,2023-01-28,2023-02-06,4494.98,9,Late
LP0010031,L00532,C00801,2023-02-28,2023-03-04,4526.76,4,Paid
LP0010032,L00532,C00801,2023-03-28,2023-04-04,4569.82,7,Late
LP0010033,L00532,C00801,2023-04-28,2023-05-01,4377.15,3,Paid
LP0010034,L00532,C00801,2023-05-28,2023-05-30,4537.64,2,Paid
LP0010035,L00532,C00801,2023-06-28,2023-07-07,4552.98,9,Late
LP0010036,L00532,C00801,2023-07-28,2023-08-05,4421.85,8,Late
LP0010037,L00532,C00801,2023-08-28,2023-09-02,4409.89,5,Paid
LP0010038,L00532,C00801,2023-09-28,2023-10-06,4411.16,8,Late
LP0010039,L00532,C00801,2023-10-28,2023-11-07,4335.87,10,Late
LP0010040,L00532,C00801,2023-11-28,2023-11-30,4558.24,2,Paid
LP0010041,L00532,C00801,2023-12-28,2023-12-28,4490.65,0,Paid
LP0010042,L00532,C00801,2024-01-28,2024-01-28,4420.03,0,Paid
LP0010043,L00532,C00801,2024-02-28,2024-03-07,4508.87,8,Late
LP0010044,L00532,C00801,2024-03-28,2024-04-04,4574.86,7,Late
LP0010045,L00532,C00801,2024-04-28,2024-05-08,4500.48,10,Late
LP0010046,L00532,C00801,2024-05-28,2024-05-30,4440.26,2,Paid
LP0010047,L00532,C00801,2024-06-28,2024-07-03,4337.49,5,Paid
LP0010048,L00532,C00801,2024-07-28,2024-07-30,4575.39,2,Paid
LP0010049,L00533,C00275,2022-06-28,2022-07-02,13382.73,4,Paid
LP0010050,L00533,C00275,2022-07-28,2022-07-29,13503.89,1,Paid
LP0010051,L00533,C00275,2022-08-28,2022-09-07,13361.33,10,Late
LP0010052,L00533,C00275,2022-09-28,2022-10-07,13142.93,9,Late
LP0010053,L00533,C00275,2022-10-28,2022-11-03,13154.15,6,Late
LP0010054,L00533,C00275,2022-11-28,2022-11-30,13098.63,2,Paid
LP0010055,L00533,C00275,2022-12-28,2023-01-01,13095.43,4,Paid
LP0010056,L00533,C00275,2023-01-28,2023-02-04,13539.0,7,Late
LP0010057,L00533,C00275,2023-02-28,2023-03-08,13813.24,8,Late
LP0010058,L00533,C00275,2023-03-28,2023-04-01,13077.33,4,Paid
LP0010059,L00533,C00275,2023-04-28,2023-05-05,13726.5,7,Late
LP0010060,L00533,C00275,2023-05-28,2023-05-29,13710.27,1,Paid
LP0010061,L00533,C00275,2023-06-28,2023-07-08,13402.9,10,Late
LP0010062,L00533,C00275,2023-07-28,2023-07-28,13143.4,0,Paid
LP0010063,L00533,C00275,2023-08-28,2023-08-28,13516.38,0,Paid
LP0010064,L00533,C00275,2023-09-28,2023-10-01,13689.15,3,Paid
LP0010065,L00533,C00275,2023-10-28,2023-11-04,13713.15,7,Late
LP0010066,L00533,C00275,2023-11-28,2023-12-02,13735.15,4,Paid
LP0010067,L00533,C00275,2023-12-28,2024-01-06,13410.38,9,Late
LP0010068,L00533,C00275,2024-01-28,2024-01-30,13139.63,2,Paid
LP0010069,L00533,C00275,2024-02-28,2024-03-04,13241.62,5,Paid
LP0010070,L00533,C00275,2024-03-28,2024-03-31,13749.23,3,Paid
LP0010071,L00533,C00275,2024-04-28,2024-05-05,13760.47,7,Late
LP0010072,L00533,C00275,2024-05-28,2024-06-02,13225.85,5,Paid
LP0010073,L00534,C00953,2026-03-28,2026-04-04,3300.74,7,Late
LP0010074,L00534,C00953,2026-04-28,2026-04-30,3269.01,2,Paid
LP0010075,L00534,C00953,2026-05-28,2026-06-05,3184.01,8,Late
LP0010076,L00534,C00953,2026-06-28,2026-06-30,3291.74,2,Paid
LP0010077,L00534,C00953,2026-07-28,,0,32,Missed
LP0010078,L00534,C00953,2026-08-28,2026-10-02,1656.76,35,Partial
LP0010079,L00535,C00916,2023-04-28,2023-05-07,65760.39,9,Late
LP0010080,L00535,C00916,2023-05-28,2023-06-02,68409.65,5,Paid
LP0010081,L00535,C00916,2023-06-28,2023-06-29,67109.51,1,Paid
LP0010082,L00535,C00916,2023-07-28,2023-08-02,65121.35,5,Paid
LP0010083,L00535,C00916,2023-08-28,2023-08-28,65711.04,0,Paid
LP0010084,L00535,C00916,2023-09-28,2023-10-06,66868.01,8,Late
LP0010085,L00535,C00916,2023-10-28,2023-11-01,65018.79,4,Paid
LP0010086,L00535,C00916,2023-11-28,2023-12-08,67099.38,10,Late
LP0010087,L00535,C00916,2023-12-28,2024-01-04,66462.25,7,Late
LP0010088,L00535,C00916,2024-01-28,2024-02-07,66929.58,10,Late
LP0010089,L00535,C00916,2024-02-28,2024-03-07,67870.9,8,Late
LP0010090,L00535,C00916,2024-03-28,2024-03-30,68645.57,2,Paid
LP0010091,L00535,C00916,2024-04-28,2024-05-03,65293.21,5,Paid
LP0010092,L00535,C00916,2024-05-28,2024-06-05,68733.45,8,Late
LP0010093,L00535,C00916,2024-06-28,2024-06-28,67810.88,0,Paid
LP0010094,L00535,C00916,2024-07-28,2024-07-30,68200.7,2,Paid
LP0010095,L00535,C00916,2024-08-28,2024-09-01,65695.79,4,Paid
LP0010096,L00535,C00916,2024-09-28,2024-10-08,66179.35,10,Late
LP0010097,L00535,C00916,2024-10-28,2024-10-30,68470.24,2,Paid
LP0010098,L00535,C00916,2024-11-28,2024-12-06,66160.76,8,Late
LP0010099,L00535,C00916,2024-12-28,2025-01-03,67868.65,6,Late
LP0010100,L00535,C00916,2025-01-28,2025-02-01,68485.02,4,Paid
LP0010101,L00535,C00916,2025-02-28,2025-03-07,66849.54,7,Late
LP0010102,L00535,C00916,2025-03-28,2025-04-06,68704.61,9,Late
LP0010103,L00536,C00075,2022-04-28,2022-05-05,7729.34,7,Late
LP0010104,L00536,C00075,2022-05-28,2022-06-03,7715.34,6,Late
LP0010105,L00536,C00075,2022-06-28,2022-07-01,7717.88,3,Paid
LP0010106,L00536,C00075,2022-07-28,2022-07-30,7436.5,2,Paid
LP0010107,L00536,C00075,2022-08-28,2022-09-02,7814.92,5,Paid
LP0010108,L00536,C00075,2022-09-28,2022-10-03,7774.51,5,Paid
LP0010109,L00536,C00075,2022-10-28,2022-11-04,7436.43,7,Late
LP0010110,L00536,C00075,2022-11-28,2022-12-02,7807.66,4,Paid
LP0010111,L00536,C00075,2022-12-28,2022-12-31,7772.66,3,Paid
LP0010112,L00536,C00075,2023-01-28,2023-01-31,7438.97,3,Paid
LP0010113,L00536,C00075,2023-02-28,2023-03-03,7548.89,3,Paid
LP0010114,L00536,C00075,2023-03-28,2023-04-01,7689.19,4,Paid
LP0010115,L00536,C00075,2023-04-28,2023-05-03,7849.64,5,Paid
LP0010116,L00536,C00075,2023-05-28,2023-06-05,7855.89,8,Late
LP0010117,L00536,C00075,2023-06-28,2023-06-30,7751.44,2,Paid
LP0010118,L00536,C00075,2023-07-28,2023-08-05,7650.19,8,Late
LP0010119,L00536,C00075,2023-08-28,2023-09-01,7535.25,4,Paid
LP0010120,L00536,C00075,2023-09-28,2023-10-08,7660.32,10,Late
LP0010121,L00536,C00075,2023-10-28,2023-10-31,7485.09,3,Paid
LP0010122,L00536,C00075,2023-11-28,2023-12-02,7723.86,4,Paid
LP0010123,L00536,C00075,2023-12-28,2023-12-28,7499.52,0,Paid
LP0010124,L00536,C00075,2024-01-28,2024-01-28,7538.38,0,Paid
LP0010125,L00536,C00075,2024-02-28,2024-02-28,7457.16,0,Paid
LP0010126,L00536,C00075,2024-03-28,2024-03-29,7797.57,1,Paid
LP0010127,L00537,C00441,2026-05-28,2026-05-28,45681.35,0,Paid
LP0010128,L00537,C00441,2026-06-28,2026-06-29,45258.09,1,Paid
LP0010129,L00537,C00441,2026-07-28,2026-08-07,45897.6,10,Late
LP0010130,L00537,C00441,2026-08-28,2026-09-04,46022.11,7,Late
LP0010131,L00538,C00348,2023-11-28,2023-12-07,18020.48,9,Late
LP0010132,L00538,C00348,2023-12-28,2024-01-03,17695.52,6,Late
LP0010133,L00538,C00348,2024-01-28,2024-02-03,18495.06,6,Late
LP0010134,L00538,C00348,2024-02-28,2024-03-03,18061.39,4,Paid
LP0010135,L00538,C00348,2024-03-28,2024-04-01,17767.08,4,Paid
LP0010136,L00538,C00348,2024-04-28,2024-04-28,17874.66,0,Paid
LP0010137,L00538,C00348,2024-05-28,2024-06-01,18517.04,4,Paid
LP0010138,L00538,C00348,2024-06-28,2024-08-04,17806.31,37,Partial
LP0010139,L00538,C00348,2024-07-28,2024-08-26,10361.93,29,Partial
LP0010140,L00538,C00348,2024-08-28,,0,111,Missed
LP0010141,L00538,C00348,2024-09-28,2024-10-18,17370.96,20,Partial
LP0010142,L00538,C00348,2024-10-28,2024-12-19,14921.89,52,Partial
LP0010143,L00539,C00097,2022-10-28,2022-11-02,47058.55,5,Paid
LP0010144,L00539,C00097,2022-11-28,2022-12-06,47540.04,8,Late
LP0010145,L00539,C00097,2022-12-28,2022-12-28,46518.03,0,Paid
LP0010146,L00539,C00097,2023-01-28,2023-01-30,47687.96,2,Paid
LP0010147,L00539,C00097,2023-02-28,2023-03-01,46006.95,1,Paid
LP0010148,L00539,C00097,2023-03-28,2023-03-31,46121.78,3,Paid
LP0010149,L00539,C00097,2023-04-28,2023-05-02,45545.95,4,Paid
LP0010150,L00539,C00097,2023-05-28,2023-06-01,46362.23,4,Paid
LP0010151,L00539,C00097,2023-06-28,2023-07-06,47429.1,8,Late
LP0010152,L00539,C00097,2023-07-28,2023-07-31,47272.97,3,Paid
LP0010153,L00539,C00097,2023-08-28,2023-09-07,47142.62,10,Late
LP0010154,L00539,C00097,2023-09-28,2023-10-06,46387.68,8,Late
LP0010155,L00539,C00097,2023-10-28,2023-10-28,45732.45,0,Paid
LP0010156,L00539,C00097,2023-11-28,,0,58,Missed
LP0010157,L00539,C00097,2023-12-28,2024-01-31,34476.66,34,Partial
LP0010158,L00539,C00097,2024-01-28,,0,47,Missed
LP0010159,L00539,C00097,2024-02-28,2024-03-24,30079.33,25,Partial
LP0010160,L00539,C00097,2024-03-28,,0,100,Missed
LP0010161,L00539,C00097,2024-04-28,2024-06-17,29376.61,50,Partial
LP0010162,L00539,C00097,2024-05-28,,0,61,Missed
LP0010163,L00539,C00097,2024-06-28,,0,42,Missed
LP0010164,L00539,C00097,2024-07-28,,0,65,Missed
LP0010165,L00539,C00097,2024-08-28,2024-10-25,42303.13,58,Partial
LP0010166,L00539,C00097,2024-09-28,,0,114,Missed
LP0010167,L00540,C00912,2026-02-28,2026-03-08,8688.92,8,Late
LP0010168,L00540,C00912,2026-03-28,2026-03-30,8663.81,2,Paid
LP0010169,L00540,C00912,2026-04-28,2026-05-05,8748.17,7,Late
LP0010170,L00540,C00912,2026-05-28,2026-06-01,8887.58,4,Paid
LP0010171,L00540,C00912,2026-06-28,2026-06-28,8722.41,0,Paid
LP0010172,L00540,C00912,2026-07-28,2026-08-01,8759.06,4,Paid
LP0010173,L00540,C00912,2026-08-28,2026-09-04,8933.85,7,Late
LP0010174,L00541,C00783,2024-11-28,2024-12-06,30424.08,8,Late
LP0010175,L00541,C00783,2024-12-28,2025-01-07,30262.54,10,Late
LP0010176,L00541,C00783,2025-01-28,2025-01-29,30164.22,1,Paid
LP0010177,L00541,C00783,2025-02-28,2025-03-02,29403.71,2,Paid
LP0010178,L00541,C00783,2025-03-28,2025-03-28,29600.62,0,Paid
LP0010179,L00541,C00783,2025-04-28,2025-04-29,30164.71,1,Paid
LP0010180,L00541,C00783,2025-05-28,2025-06-03,29044.26,6,Late
LP0010181,L00541,C00783,2025-06-28,2025-07-01,29501.78,3,Paid
LP0010182,L00541,C00783,2025-07-28,2025-08-04,29212.51,7,Late
LP0010183,L00541,C00783,2025-08-28,2025-08-31,29717.88,3,Paid
LP0010184,L00541,C00783,2025-09-28,2025-09-30,30415.08,2,Paid
LP0010185,L00541,C00783,2025-10-28,2025-11-02,29449.95,5,Paid
LP0010186,L00541,C00783,2025-11-28,2025-12-04,29215.81,6,Late
LP0010187,L00541,C00783,2025-12-28,2026-01-07,29855.96,10,Late
LP0010188,L00541,C00783,2026-01-28,2026-02-01,29079.34,4,Paid
LP0010189,L00541,C00783,2026-02-28,2026-03-10,29506.07,10,Late
LP0010190,L00541,C00783,2026-03-28,2026-04-04,30060.92,7,Late
LP0010191,L00541,C00783,2026-04-28,2026-05-06,28975.64,8,Late
LP0010192,L00541,C00783,2026-05-28,2026-06-04,30509.38,7,Late
LP0010193,L00541,C00783,2026-06-28,2026-07-07,29115.85,9,Late
LP0010194,L00541,C00783,2026-07-28,2026-08-07,30027.69,10,Late
LP0010195,L00541,C00783,2026-08-28,2026-08-31,29980.32,3,Paid
LP0010196,L00542,C00446,2025-07-28,2025-08-03,78563.68,6,Late
LP0010197,L00542,C00446,2025-08-28,2025-08-30,79124.55,2,Paid
LP0010198,L00542,C00446,2025-09-28,2025-10-03,79931.42,5,Paid
LP0010199,L00542,C00446,2025-10-28,2025-11-07,77828.91,10,Late
LP0010200,L00542,C00446,2025-11-28,2025-12-07,76602.17,9,Late
LP0010201,L00542,C00446,2025-12-28,2025-12-30,80238.37,2,Paid
LP0010202,L00542,C00446,2026-01-28,2026-02-04,77919.39,7,Late
LP0010203,L00542,C00446,2026-02-28,2026-03-10,78746.29,10,Late
LP0010204,L00542,C00446,2026-03-28,,0,104,Missed
LP0010205,L00542,C00446,2026-04-28,2026-06-05,45414.56,38,Partial
LP0010206,L00542,C00446,2026-05-28,2026-06-26,73864.49,29,Partial
LP0010207,L00542,C00446,2026-06-28,2026-08-08,70993.61,41,Partial
LP0010208,L00542,C00446,2026-07-28,2026-08-26,47429.91,29,Partial
LP0010209,L00542,C00446,2026-08-28,,0,42,Missed
LP0010210,L00543,C00071,2023-01-28,2023-02-01,13273.83,4,Paid
LP0010211,L00543,C00071,2023-02-28,2023-02-28,13357.92,0,Paid
LP0010212,L00543,C00071,2023-03-28,2023-04-07,13650.41,10,Late
LP0010213,L00543,C00071,2023-04-28,2023-05-07,13749.43,9,Late
LP0010214,L00543,C00071,2023-05-28,2023-06-05,13123.13,8,Late
LP0010215,L00543,C00071,2023-06-28,2023-06-28,13164.17,0,Paid
LP0010216,L00543,C00071,2023-07-28,2023-08-05,13697.96,8,Late
LP0010217,L00543,C00071,2023-08-28,2023-09-03,13131.81,6,Late
LP0010218,L00543,C00071,2023-09-28,2023-10-01,13011.01,3,Paid
LP0010219,L00543,C00071,2023-10-28,2023-10-30,13281.41,2,Paid
LP0010220,L00543,C00071,2023-11-28,2023-12-03,13713.39,5,Paid
LP0010221,L00543,C00071,2023-12-28,2024-01-04,13183.43,7,Late
LP0010222,L00543,C00071,2024-01-28,2024-02-01,13505.35,4,Paid
LP0010223,L00543,C00071,2024-02-28,2024-03-08,13118.29,9,Late
LP0010224,L00543,C00071,2024-03-28,2024-04-03,13351.07,6,Late
LP0010225,L00543,C00071,2024-04-28,2024-05-03,13715.86,5,Paid
LP0010226,L00543,C00071,2024-05-28,2024-05-29,13278.57,1,Paid
LP0010227,L00543,C00071,2024-06-28,2024-07-06,13156.02,8,Late
LP0010228,L00543,C00071,2024-07-28,2024-07-28,13091.76,0,Paid
LP0010229,L00543,C00071,2024-08-28,2024-09-05,13432.55,8,Late
LP0010230,L00543,C00071,2024-09-28,2024-10-02,13583.52,4,Paid
LP0010231,L00543,C00071,2024-10-28,2024-11-06,13127.72,9,Late
LP0010232,L00543,C00071,2024-11-28,2024-12-08,13426.92,10,Late
LP0010233,L00543,C00071,2024-12-28,2025-01-01,13687.13,4,Paid
LP0010234,L00544,C00927,2025-03-28,2025-04-06,3850.53,9,Late
LP0010235,L00544,C00927,2025-04-28,2025-05-04,3756.53,6,Late
LP0010236,L00544,C00927,2025-05-28,2025-06-06,3906.69,9,Late
LP0010237,L00544,C00927,2025-06-28,2025-07-03,3742.68,5,Paid
LP0010238,L00544,C00927,2025-07-28,2025-08-02,3890.89,5,Paid
LP0010239,L00544,C00927,2025-08-28,2025-08-30,3875.46,2,Paid
LP0010240,L00544,C00927,2025-09-28,2025-10-03,3759.14,5,Paid
LP0010241,L00544,C00927,2025-10-28,2025-11-03,3723.16,6,Late
LP0010242,L00544,C00927,2025-11-28,2025-12-04,3796.49,6,Late
LP0010243,L00544,C00927,2025-12-28,2025-12-29,3910.75,1,Paid
LP0010244,L00544,C00927,2026-01-28,2026-02-22,3126.63,25,Partial
LP0010245,L00544,C00927,2026-02-28,2026-03-28,2020.52,28,Partial
LP0010246,L00544,C00927,2026-03-28,,0,41,Missed
LP0010247,L00544,C00927,2026-04-28,,0,58,Missed
LP0010248,L00544,C00927,2026-05-28,2026-07-23,2132.5,56,Partial
LP0010249,L00544,C00927,2026-06-28,2026-08-04,3643.22,37,Partial
LP0010250,L00544,C00927,2026-07-28,,0,38,Missed
LP0010251,L00544,C00927,2026-08-28,,0,91,Missed
LP0010252,L00545,C00141,2026-04-28,2026-04-30,23914.17,2,Paid
LP0010253,L00545,C00141,2026-05-28,2026-06-01,24383.15,4,Paid
LP0010254,L00545,C00141,2026-06-28,2026-07-01,25317.57,3,Paid
LP0010255,L00545,C00141,2026-07-28,2026-08-04,24958.77,7,Late
LP0010256,L00545,C00141,2026-08-28,2026-09-03,24748.21,6,Late
LP0010257,L00546,C00437,2024-01-28,2024-02-04,7213.61,7,Late
LP0010258,L00546,C00437,2024-02-28,2024-03-05,7015.43,6,Late
LP0010259,L00546,C00437,2024-03-28,2024-04-03,7020.91,6,Late
LP0010260,L00546,C00437,2024-04-28,2024-05-02,7061.49,4,Paid
LP0010261,L00546,C00437,2024-05-28,2024-06-03,7239.56,6,Late
LP0010262,L00546,C00437,2024-06-28,2024-06-28,7280.33,0,Paid
LP0010263,L00546,C00437,2024-07-28,2024-07-31,6972.82,3,Paid
LP0010264,L00546,C00437,2024-08-28,2024-09-04,7209.86,7,Late
LP0010265,L00546,C00437,2024-09-28,2024-09-30,7045.62,2,Paid
LP0010266,L00546,C00437,2024-10-28,2024-10-31,7231.39,3,Paid
LP0010267,L00546,C00437,2024-11-28,2024-12-06,7206.54,8,Late
LP0010268,L00546,C00437,2024-12-28,2024-12-29,7160.11,1,Paid
LP0010269,L00546,C00437,2025-01-28,2025-02-04,7280.98,7,Late
LP0010270,L00546,C00437,2025-02-28,2025-03-29,6682.81,29,Partial
LP0010271,L00546,C00437,2025-03-28,,0,43,Missed
LP0010272,L00546,C00437,2025-04-28,2025-05-19,5572.58,21,Partial
LP0010273,L00546,C00437,2025-05-28,,0,112,Missed
LP0010274,L00546,C00437,2025-06-28,2025-08-03,5155.43,36,Partial
LP0010275,L00546,C00437,2025-07-28,,0,36,Missed
LP0010276,L00546,C00437,2025-08-28,2025-10-22,6442.45,55,Partial
LP0010277,L00546,C00437,2025-09-28,2025-11-08,4657.38,41,Partial
LP0010278,L00546,C00437,2025-10-28,,0,30,Missed
LP0010279,L00546,C00437,2025-11-28,2026-01-25,5193.31,58,Partial
LP0010280,L00546,C00437,2025-12-28,2026-02-18,5972.93,52,Partial
LP0010281,L00547,C00637,2022-06-28,2022-06-30,41077.33,2,Paid
LP0010282,L00547,C00637,2022-07-28,2022-08-07,40619.43,10,Late
LP0010283,L00547,C00637,2022-08-28,2022-09-07,39885.04,10,Late
LP0010284,L00547,C00637,2022-09-28,2022-10-04,41761.4,6,Late
LP0010285,L00547,C00637,2022-10-28,2022-11-06,41959.24,9,Late
LP0010286,L00547,C00637,2022-11-28,2022-12-06,40732.77,8,Late
LP0010287,L00547,C00637,2022-12-28,2022-12-30,41038.33,2,Paid
LP0010288,L00547,C00637,2023-01-28,2023-02-05,42070.97,8,Late
LP0010289,L00547,C00637,2023-02-28,2023-03-06,40211.53,6,Late
LP0010290,L00547,C00637,2023-03-28,2023-04-03,41437.65,6,Late
LP0010291,L00547,C00637,2023-04-28,2023-05-05,40752.48,7,Late
LP0010292,L00547,C00637,2023-05-28,2023-06-03,40207.47,6,Late
LP0010293,L00547,C00637,2023-06-28,2023-07-04,40587.58,6,Late
LP0010294,L00547,C00637,2023-07-28,2023-08-02,39955.93,5,Paid
LP0010295,L00547,C00637,2023-08-28,2023-08-31,40630.11,3,Paid
LP0010296,L00547,C00637,2023-09-28,2023-09-28,41579.99,0,Paid
LP0010297,L00547,C00637,2023-10-28,2023-11-04,40527.65,7,Late
LP0010298,L00547,C00637,2023-11-28,2023-11-28,40271.63,0,Paid
LP0010299,L00547,C00637,2023-12-28,2024-01-07,41012.29,10,Late
LP0010300,L00547,C00637,2024-01-28,2024-01-29,41381.21,1,Paid
LP0010301,L00547,C00637,2024-02-28,2024-03-07,40209.35,8,Late
LP0010302,L00547,C00637,2024-03-28,2024-04-05,41048.63,8,Late
LP0010303,L00547,C00637,2024-04-28,2024-04-29,39804.5,1,Paid
LP0010304,L00547,C00637,2024-05-28,2024-06-02,41888.13,5,Paid
LP0010305,L00548,C00715,2024-10-28,2024-11-05,45989.13,8,Late
LP0010306,L00548,C00715,2024-11-28,2024-11-28,46440.15,0,Paid
LP0010307,L00548,C00715,2024-12-28,2025-01-07,45506.24,10,Late
LP0010308,L00548,C00715,2025-01-28,2025-01-28,46918.16,0,Paid
LP0010309,L00548,C00715,2025-02-28,2025-03-07,46554.91,7,Late
LP0010310,L00548,C00715,2025-03-28,2025-04-06,46019.25,9,Late
LP0010311,L00548,C00715,2025-04-28,2025-05-06,46084.47,8,Late
LP0010312,L00548,C00715,2025-05-28,2025-05-29,46730.68,1,Paid
LP0010313,L00548,C00715,2025-06-28,2025-06-30,45245.11,2,Paid
LP0010314,L00548,C00715,2025-07-28,2025-07-29,45355.98,1,Paid
LP0010315,L00548,C00715,2025-08-28,2025-09-01,44332.72,4,Paid
LP0010316,L00548,C00715,2025-09-28,2025-09-30,45733.64,2,Paid
LP0010317,L00548,C00715,2025-10-28,2025-10-28,44581.57,0,Paid
LP0010318,L00548,C00715,2025-11-28,2025-12-06,44294.42,8,Late
LP0010319,L00548,C00715,2025-12-28,2025-12-30,46700.7,2,Paid
LP0010320,L00548,C00715,2026-01-28,2026-01-30,46081.48,2,Paid
LP0010321,L00548,C00715,2026-02-28,2026-03-04,46523.31,4,Paid
LP0010322,L00548,C00715,2026-03-28,2026-04-03,44451.06,6,Late
LP0010323,L00548,C00715,2026-04-28,2026-05-04,45114.01,6,Late
LP0010324,L00548,C00715,2026-05-28,2026-06-04,46134.79,7,Late
LP0010325,L00548,C00715,2026-06-28,2026-07-03,45758.95,5,Paid
LP0010326,L00548,C00715,2026-07-28,2026-08-03,45342.38,6,Late
LP0010327,L00548,C00715,2026-08-28,2026-08-30,46546.18,2,Paid
LP0010328,L00549,C00182,2024-02-28,2024-03-04,2796.5,5,Paid
LP0010329,L00549,C00182,2024-03-28,2024-03-28,2686.4,0,Paid
LP0010330,L00549,C00182,2024-04-28,2024-05-01,2726.5,3,Paid
LP0010331,L00549,C00182,2024-05-28,2024-06-05,2670.47,8,Late
LP0010332,L00549,C00182,2024-06-28,2024-07-07,2666.31,9,Late
LP0010333,L00549,C00182,2024-07-28,2024-08-07,2756.77,10,Late
LP0010334,L00549,C00182,2024-08-28,2024-09-01,2641.79,4,Paid
LP0010335,L00549,C00182,2024-09-28,2024-10-07,2753.81,9,Late
LP0010336,L00549,C00182,2024-10-28,2024-10-30,2764.01,2,Paid
LP0010337,L00549,C00182,2024-11-28,2024-12-07,2650.34,9,Late
LP0010338,L00549,C00182,2024-12-28,2025-01-03,2762.67,6,Late
LP0010339,L00549,C00182,2025-01-28,2025-02-06,2728.67,9,Late
LP0010340,L00549,C00182,2025-02-28,2025-03-07,2710.17,7,Late
LP0010341,L00549,C00182,2025-03-28,2025-04-01,2664.99,4,Paid
LP0010342,L00549,C00182,2025-04-28,2025-05-01,2774.41,3,Paid
LP0010343,L00549,C00182,2025-05-28,2025-06-06,2727.86,9,Late
LP0010344,L00549,C00182,2025-06-28,2025-07-02,2792.85,4,Paid
LP0010345,L00549,C00182,2025-07-28,2025-08-07,2748.95,10,Late
LP0010346,L00549,C00182,2025-08-28,2025-09-04,2641.88,7,Late
LP0010347,L00549,C00182,2025-09-28,2025-10-03,2686.6,5,Paid
LP0010348,L00549,C00182,2025-10-28,2025-10-30,2645.51,2,Paid
LP0010349,L00549,C00182,2025-11-28,2025-12-07,2659.43,9,Late
LP0010350,L00549,C00182,2025-12-28,2026-01-01,2776.03,4,Paid
LP0010351,L00549,C00182,2026-01-28,2026-02-03,2749.89,6,Late
LP0010352,L00550,C00445,2026-05-28,2026-05-30,57186.93,2,Paid
LP0010353,L00550,C00445,2026-06-28,2026-07-04,56750.43,6,Late
LP0010354,L00550,C00445,2026-07-28,2026-08-06,57989.97,9,Late
LP0010355,L00550,C00445,2026-08-28,,0,107,Missed
LP0010356,L00551,C00051,2025-07-28,2025-07-29,49729.82,1,Paid
LP0010357,L00551,C00051,2025-08-28,2025-09-03,49255.06,6,Late
LP0010358,L00551,C00051,2025-09-28,2025-10-05,48346.1,7,Late
LP0010359,L00551,C00051,2025-10-28,2025-10-29,49802.01,1,Paid
LP0010360,L00551,C00051,2025-11-28,2025-11-28,47745.96,0,Paid
LP0010361,L00551,C00051,2025-12-28,2025-12-29,50366.49,1,Paid
LP0010362,L00551,C00051,2026-01-28,2026-02-06,49049.84,9,Late
LP0010363,L00551,C00051,2026-02-28,2026-03-06,48790.66,6,Late
LP0010364,L00551,C00051,2026-03-28,2026-04-07,47798.27,10,Late
LP0010365,L00551,C00051,2026-04-28,2026-04-30,48133.39,2,Paid
LP0010366,L00551,C00051,2026-05-28,2026-05-28,49572.66,0,Paid
LP0010367,L00551,C00051,2026-06-28,2026-07-01,49692.29,3,Paid
LP0010368,L00551,C00051,2026-07-28,2026-08-03,48569.13,6,Late
LP0010369,L00551,C00051,2026-08-28,2026-08-30,48301.51,2,Paid
LP0010370,L00552,C00867,2024-01-28,2024-01-30,96385.63,2,Paid
LP0010371,L00552,C00867,2024-02-28,2024-03-04,97468.01,5,Paid
LP0010372,L00552,C00867,2024-03-28,2024-03-30,95753.68,2,Paid
LP0010373,L00552,C00867,2024-04-28,2024-05-02,96178.33,4,Paid
LP0010374,L00552,C00867,2024-05-28,2024-06-01,101323.95,4,Paid
LP0010375,L00552,C00867,2024-06-28,2024-07-08,99740.94,10,Late
LP0010376,L00552,C00867,2024-07-28,2024-07-30,99323.21,2,Paid
LP0010377,L00552,C00867,2024-08-28,2024-08-29,96452.87,1,Paid
LP0010378,L00552,C00867,2024-09-28,2024-09-28,96579.9,0,Paid
LP0010379,L00552,C00867,2024-10-28,2024-11-01,101490.08,4,Paid
LP0010380,L00552,C00867,2024-11-28,2024-12-08,100428.89,10,Late
LP0010381,L00552,C00867,2024-12-28,2025-01-06,97071.85,9,Late
LP0010382,L00552,C00867,2025-01-28,2025-01-29,100805.1,1,Paid
LP0010383,L00552,C00867,2025-02-28,2025-03-09,100231.75,9,Late
LP0010384,L00552,C00867,2025-03-28,2025-04-02,97121.62,5,Paid
LP0010385,L00552,C00867,2025-04-28,2025-04-30,97525.76,2,Paid
LP0010386,L00552,C00867,2025-05-28,2025-06-02,96155.32,5,Paid
LP0010387,L00552,C00867,2025-06-28,2025-07-04,97467.56,6,Late
LP0010388,L00552,C00867,2025-07-28,2025-08-06,98892.37,9,Late
LP0010389,L00552,C00867,2025-08-28,2025-09-03,97371.13,6,Late
LP0010390,L00552,C00867,2025-09-28,2025-10-07,101135.94,9,Late
LP0010391,L00552,C00867,2025-10-28,2025-10-28,100477.0,0,Paid
LP0010392,L00552,C00867,2025-11-28,2025-12-08,100751.96,10,Late
LP0010393,L00552,C00867,2025-12-28,2026-01-03,96450.78,6,Late
LP0010394,L00553,C00176,2023-03-28,2023-04-06,10463.51,9,Late
LP0010395,L00553,C00176,2023-04-28,2023-05-03,10381.85,5,Paid
LP0010396,L00553,C00176,2023-05-28,2023-06-04,10058.97,7,Late
LP0010397,L00553,C00176,2023-06-28,2023-07-08,10412.58,10,Late
LP0010398,L00553,C00176,2023-07-28,2023-07-29,10141.66,1,Paid
LP0010399,L00553,C00176,2023-08-28,2023-08-31,10492.03,3,Paid
LP0010400,L00553,C00176,2023-09-28,2023-10-04,10027.26,6,Late
LP0010401,L00553,C00176,2023-10-28,2023-10-31,10465.24,3,Paid
LP0010402,L00553,C00176,2023-11-28,2023-12-06,10273.35,8,Late
LP0010403,L00553,C00176,2023-12-28,2024-01-02,10545.02,5,Paid
LP0010404,L00553,C00176,2024-01-28,2024-02-06,10348.24,9,Late
LP0010405,L00553,C00176,2024-02-28,2024-03-06,9989.0,7,Late
LP0010406,L00553,C00176,2024-03-28,2024-04-07,10324.25,10,Late
LP0010407,L00553,C00176,2024-04-28,2024-04-28,10220.42,0,Paid
LP0010408,L00553,C00176,2024-05-28,2024-06-06,10414.33,9,Late
LP0010409,L00553,C00176,2024-06-28,2024-07-06,10034.96,8,Late
LP0010410,L00553,C00176,2024-07-28,2024-08-06,10044.17,9,Late
LP0010411,L00553,C00176,2024-08-28,2024-09-04,10008.95,7,Late
LP0010412,L00553,C00176,2024-09-28,2024-10-02,10151.86,4,Paid
LP0010413,L00553,C00176,2024-10-28,2024-10-28,10269.98,0,Paid
LP0010414,L00553,C00176,2024-11-28,2024-12-08,10029.34,10,Late
LP0010415,L00553,C00176,2024-12-28,2025-01-07,10225.15,10,Late
LP0010416,L00553,C00176,2025-01-28,2025-02-03,10298.01,6,Late
LP0010417,L00553,C00176,2025-02-28,2025-03-09,9998.17,9,Late
LP0010418,L00554,C00095,2022-11-28,2022-12-04,61591.16,6,Late
LP0010419,L00554,C00095,2022-12-28,2023-01-05,60703.66,8,Late
LP0010420,L00554,C00095,2023-01-28,2023-02-02,60966.01,5,Paid
LP0010421,L00554,C00095,2023-02-28,2023-02-28,59690.4,0,Paid
LP0010422,L00554,C00095,2023-03-28,2023-03-29,59518.35,1,Paid
LP0010423,L00554,C00095,2023-04-28,2023-05-05,61904.25,7,Late
LP0010424,L00554,C00095,2023-05-28,2023-06-04,61254.22,7,Late
LP0010425,L00554,C00095,2023-06-28,2023-06-28,60226.73,0,Paid
LP0010426,L00554,C00095,2023-07-28,2023-08-07,60974.98,10,Late
LP0010427,L00554,C00095,2023-08-28,2023-09-04,60214.09,7,Late
LP0010428,L00554,C00095,2023-09-28,2023-10-06,61533.48,8,Late
LP0010429,L00554,C00095,2023-10-28,2023-11-06,60243.25,9,Late
LP0010430,L00554,C00095,2023-11-28,2023-12-02,62505.72,4,Paid
LP0010431,L00554,C00095,2023-12-28,2024-01-06,60647.08,9,Late
LP0010432,L00554,C00095,2024-01-28,2024-01-28,59838.22,0,Paid
LP0010433,L00554,C00095,2024-02-28,2024-03-06,61670.5,7,Late
LP0010434,L00554,C00095,2024-03-28,2024-04-04,59740.33,7,Late
LP0010435,L00554,C00095,2024-04-28,2024-05-06,59010.97,8,Late
LP0010436,L00554,C00095,2024-05-28,2024-05-28,59921.79,0,Paid
LP0010437,L00554,C00095,2024-06-28,2024-06-29,59934.21,1,Paid
LP0010438,L00554,C00095,2024-07-28,2024-07-31,59601.37,3,Paid
LP0010439,L00554,C00095,2024-08-28,2024-09-03,61659.09,6,Late
LP0010440,L00554,C00095,2024-09-28,2024-10-08,62431.23,10,Late
LP0010441,L00554,C00095,2024-10-28,2024-11-01,61319.1,4,Paid
LP0010442,L00555,C00459,2023-10-28,2023-10-29,12558.29,1,Paid
LP0010443,L00555,C00459,2023-11-28,2023-12-02,12543.84,4,Paid
LP0010444,L00555,C00459,2023-12-28,2023-12-31,12579.71,3,Paid
LP0010445,L00555,C00459,2024-01-28,2024-01-28,12001.5,0,Paid
LP0010446,L00555,C00459,2024-02-28,2024-03-09,12385.27,10,Late
LP0010447,L00555,C00459,2024-03-28,2024-04-03,12246.5,6,Late
LP0010448,L00555,C00459,2024-04-28,2024-05-04,12105.59,6,Late
LP0010449,L00555,C00459,2024-05-28,2024-05-31,12672.07,3,Paid
LP0010450,L00555,C00459,2024-06-28,2024-07-02,12392.84,4,Paid
LP0010451,L00555,C00459,2024-07-28,2024-08-05,12026.25,8,Late
LP0010452,L00555,C00459,2024-08-28,2024-08-31,12197.68,3,Paid
LP0010453,L00555,C00459,2024-09-28,2024-09-30,12641.34,2,Paid
LP0010454,L00555,C00459,2024-10-28,2024-10-29,12642.77,1,Paid
LP0010455,L00555,C00459,2024-11-28,2025-01-02,8623.05,35,Partial
LP0010456,L00555,C00459,2024-12-28,,0,119,Missed
LP0010457,L00555,C00459,2025-01-28,,0,110,Missed
LP0010458,L00555,C00459,2025-02-28,,0,83,Missed
LP0010459,L00555,C00459,2025-03-28,2025-04-17,7345.78,20,Partial
LP0010460,L00555,C00459,2025-04-28,,0,49,Missed
LP0010461,L00555,C00459,2025-05-28,2025-06-21,9002.14,24,Partial
LP0010462,L00555,C00459,2025-06-28,2025-08-26,11175.97,59,Partial
LP0010463,L00555,C00459,2025-07-28,2025-08-15,9028.48,18,Partial
LP0010464,L00555,C00459,2025-08-28,,0,56,Missed
LP0010465,L00555,C00459,2025-09-28,,0,72,Missed
LP0010466,L00556,C00186,2024-06-28,2024-07-04,130754.6,6,Late
LP0010467,L00556,C00186,2024-07-28,2024-08-01,127644.46,4,Paid
LP0010468,L00556,C00186,2024-08-28,2024-09-04,127897.27,7,Late
LP0010469,L00556,C00186,2024-09-28,2024-10-01,128798.15,3,Paid
LP0010470,L00556,C00186,2024-10-28,2024-11-03,131101.32,6,Late
LP0010471,L00556,C00186,2024-11-28,2024-12-05,133021.41,7,Late
LP0010472,L00556,C00186,2024-12-28,2025-01-01,127590.79,4,Paid
LP0010473,L00556,C00186,2025-01-28,,0,120,Missed
LP0010474,L00556,C00186,2025-02-28,2025-03-21,121375.94,21,Partial
LP0010475,L00556,C00186,2025-03-28,2025-05-17,124771.58,50,Partial
LP0010476,L00556,C00186,2025-04-28,2025-06-21,73903.99,54,Partial
LP0010477,L00556,C00186,2025-05-28,,0,105,Missed
LP0010478,L00557,C00667,2025-11-28,2025-11-30,2064.56,2,Paid
LP0010479,L00557,C00667,2025-12-28,2025-12-31,2072.45,3,Paid
LP0010480,L00557,C00667,2026-01-28,2026-02-04,2050.13,7,Late
LP0010481,L00557,C00667,2026-02-28,2026-03-10,2087.01,10,Late
LP0010482,L00557,C00667,2026-03-28,2026-03-28,2073.68,0,Paid
LP0010483,L00557,C00667,2026-04-28,2026-05-06,2098.12,8,Late
LP0010484,L00557,C00667,2026-05-28,2026-05-28,2109.07,0,Paid
LP0010485,L00557,C00667,2026-06-28,2026-07-07,2084.07,9,Late
LP0010486,L00557,C00667,2026-07-28,2026-07-28,2098.18,0,Paid
LP0010487,L00557,C00667,2026-08-28,2026-09-05,2104.17,8,Late
LP0010488,L00558,C00332,2023-07-28,2023-08-01,7320.97,4,Paid
LP0010489,L00558,C00332,2023-08-28,2023-08-30,7426.78,2,Paid
LP0010490,L00558,C00332,2023-09-28,2023-09-29,7445.11,1,Paid
LP0010491,L00558,C00332,2023-10-28,2023-11-07,7475.87,10,Late
LP0010492,L00558,C00332,2023-11-28,2023-11-30,7410.58,2,Paid
LP0010493,L00558,C00332,2023-12-28,2024-01-02,7320.16,5,Paid
LP0010494,L00558,C00332,2024-01-28,2024-02-03,7393.84,6,Late
LP0010495,L00558,C00332,2024-02-28,2024-03-02,7225.35,3,Paid
LP0010496,L00558,C00332,2024-03-28,2024-03-28,7458.67,0,Paid
LP0010497,L00558,C00332,2024-04-28,2024-04-30,7382.13,2,Paid
LP0010498,L00558,C00332,2024-05-28,2024-06-03,7259.4,6,Late
LP0010499,L00558,C00332,2024-06-28,2024-07-02,7409.62,4,Paid
LP0010500,L00558,C00332,2024-07-28,2024-08-04,7534.01,7,Late
LP0010501,L00558,C00332,2024-08-28,2024-09-02,7491.28,5,Paid
LP0010502,L00558,C00332,2024-09-28,2024-09-29,7231.49,1,Paid
LP0010503,L00558,C00332,2024-10-28,2024-10-28,7612.55,0,Paid
LP0010504,L00558,C00332,2024-11-28,2024-12-04,7441.27,6,Late
LP0010505,L00558,C00332,2024-12-28,2025-01-02,7584.91,5,Paid
LP0010506,L00558,C00332,2025-01-28,2025-01-30,7564.03,2,Paid
LP0010507,L00558,C00332,2025-02-28,2025-03-01,7188.15,1,Paid
LP0010508,L00558,C00332,2025-03-28,2025-04-06,7509.38,9,Late
LP0010509,L00558,C00332,2025-04-28,2025-05-01,7207.44,3,Paid
LP0010510,L00558,C00332,2025-05-28,2025-05-29,7320.62,1,Paid
LP0010511,L00558,C00332,2025-06-28,2025-07-04,7381.73,6,Late
LP0010512,L00559,C00240,2022-11-28,2022-12-06,67883.85,8,Late
LP0010513,L00559,C00240,2022-12-28,2023-01-06,66912.01,9,Late
LP0010514,L00559,C00240,2023-01-28,2023-01-29,65974.68,1,Paid
LP0010515,L00559,C00240,2023-02-28,2023-03-01,65581.89,1,Paid
LP0010516,L00559,C00240,2023-03-28,2023-03-30,67572.44,2,Paid
LP0010517,L00559,C00240,2023-04-28,2023-05-08,67285.7,10,Late
LP0010518,L00559,C00240,2023-05-28,2023-06-05,65395.22,8,Late
LP0010519,L00559,C00240,2023-06-28,2023-07-02,65803.88,4,Paid
LP0010520,L00559,C00240,2023-07-28,2023-07-31,67344.34,3,Paid
LP0010521,L00559,C00240,2023-08-28,2023-09-07,66432.11,10,Late
LP0010522,L00559,C00240,2023-09-28,2023-09-30,66146.1,2,Paid
LP0010523,L00559,C00240,2023-10-28,2023-11-06,66737.69,9,Late
LP0010524,L00559,C00240,2023-11-28,2023-12-03,66293.14,5,Paid
LP0010525,L00559,C00240,2023-12-28,2024-01-02,65298.42,5,Paid
LP0010526,L00559,C00240,2024-01-28,2024-02-05,66428.21,8,Late
LP0010527,L00559,C00240,2024-02-28,2024-03-03,67303.16,4,Paid
LP0010528,L00559,C00240,2024-03-28,2024-04-02,67544.4,5,Paid
LP0010529,L00559,C00240,2024-04-28,2024-05-08,68241.26,10,Late
LP0010530,L00559,C00240,2024-05-28,2024-05-28,66683.82,0,Paid
LP0010531,L00559,C00240,2024-06-28,2024-06-28,66357.27,0,Paid
LP0010532,L00559,C00240,2024-07-28,2024-08-06,68284.11,9,Late
LP0010533,L00559,C00240,2024-08-28,2024-09-04,67199.67,7,Late
LP0010534,L00559,C00240,2024-09-28,2024-10-06,68992.51,8,Late
LP0010535,L00559,C00240,2024-10-28,2024-11-06,67453.25,9,Late
LP0010536,L00560,C00939,2022-03-28,2022-04-06,9757.34,9,Late
LP0010537,L00560,C00939,2022-04-28,2022-05-06,9888.44,8,Late
LP0010538,L00560,C00939,2022-05-28,2022-06-01,9831.04,4,Paid
LP0010539,L00560,C00939,2022-06-28,2022-06-28,9615.17,0,Paid
LP0010540,L00560,C00939,2022-07-28,2022-07-30,9843.2,2,Paid
LP0010541,L00560,C00939,2022-08-28,2022-09-06,9824.36,9,Late
LP0010542,L00560,C00939,2022-09-28,2022-09-28,9717.05,0,Paid
LP0010543,L00560,C00939,2022-10-28,2022-11-02,9731.59,5,Paid
LP0010544,L00560,C00939,2022-11-28,2022-11-28,9586.01,0,Paid
LP0010545,L00560,C00939,2022-12-28,2023-01-07,9462.57,10,Late
LP0010546,L00560,C00939,2023-01-28,2023-02-06,9691.09,9,Late
LP0010547,L00560,C00939,2023-02-28,2023-03-09,9396.23,9,Late
LP0010548,L00561,C00858,2024-05-28,2024-05-28,9982.85,0,Paid
LP0010549,L00561,C00858,2024-06-28,2024-07-05,9788.5,7,Late
LP0010550,L00561,C00858,2024-07-28,2024-07-31,9544.92,3,Paid
LP0010551,L00561,C00858,2024-08-28,2024-09-05,10032.16,8,Late
LP0010552,L00561,C00858,2024-09-28,2024-10-03,9650.12,5,Paid
LP0010553,L00561,C00858,2024-10-28,2024-10-30,10085.58,2,Paid
LP0010554,L00561,C00858,2024-11-28,2024-12-01,9636.56,3,Paid
LP0010555,L00561,C00858,2024-12-28,2025-01-03,9984.24,6,Late
LP0010556,L00561,C00858,2025-01-28,2025-02-04,9779.01,7,Late
LP0010557,L00561,C00858,2025-02-28,2025-03-05,9597.89,5,Paid
LP0010558,L00561,C00858,2025-03-28,2025-04-04,9855.2,7,Late
LP0010559,L00561,C00858,2025-04-28,2025-05-03,9652.62,5,Paid
LP0010560,L00561,C00858,2025-05-28,2025-06-01,9574.37,4,Paid
LP0010561,L00561,C00858,2025-06-28,2025-08-19,8318.93,52,Partial
LP0010562,L00561,C00858,2025-07-28,,0,58,Missed
LP0010563,L00561,C00858,2025-08-28,,0,61,Missed
LP0010564,L00561,C00858,2025-09-28,2025-11-17,7455.25,50,Partial
LP0010565,L00561,C00858,2025-10-28,2025-12-26,8683.58,59,Partial
LP0010566,L00561,C00858,2025-11-28,,0,40,Missed
LP0010567,L00561,C00858,2025-12-28,,0,65,Missed
LP0010568,L00561,C00858,2026-01-28,,0,46,Missed
LP0010569,L00561,C00858,2026-02-28,2026-04-04,5337.7,35,Partial
LP0010570,L00561,C00858,2026-03-28,2026-05-14,6425.17,47,Partial
LP0010571,L00561,C00858,2026-04-28,,0,116,Missed
LP0010572,L00562,C00887,2022-08-28,2022-09-01,19924.79,4,Paid
LP0010573,L00562,C00887,2022-09-28,2022-09-29,19055.68,1,Paid
LP0010574,L00562,C00887,2022-10-28,2022-10-29,19491.98,1,Paid
LP0010575,L00562,C00887,2022-11-28,2022-12-06,19144.35,8,Late
LP0010576,L00562,C00887,2022-12-28,2022-12-28,19616.65,0,Paid
LP0010577,L00562,C00887,2023-01-28,2023-01-31,20082.02,3,Paid
LP0010578,L00562,C00887,2023-02-28,2023-03-07,19832.8,7,Late
LP0010579,L00562,C00887,2023-03-28,2023-04-04,19306.67,7,Late
LP0010580,L00562,C00887,2023-04-28,2023-05-07,19780.78,9,Late
LP0010581,L00562,C00887,2023-05-28,2023-06-02,20140.96,5,Paid
LP0010582,L00562,C00887,2023-06-28,2023-07-02,19780.92,4,Paid
LP0010583,L00562,C00887,2023-07-28,2023-08-03,19046.39,6,Late
LP0010584,L00562,C00887,2023-08-28,2023-08-31,20052.84,3,Paid
LP0010585,L00562,C00887,2023-09-28,2023-09-30,19101.27,2,Paid
LP0010586,L00562,C00887,2023-10-28,2023-10-28,19320.63,0,Paid
LP0010587,L00562,C00887,2023-11-28,2023-11-30,20141.77,2,Paid
LP0010588,L00562,C00887,2023-12-28,2024-01-01,19044.78,4,Paid
LP0010589,L00562,C00887,2024-01-28,2024-02-01,20122.42,4,Paid
LP0010590,L00562,C00887,2024-02-28,2024-02-29,19220.4,1,Paid
LP0010591,L00562,C00887,2024-03-28,2024-04-04,19688.47,7,Late
LP0010592,L00562,C00887,2024-04-28,2024-05-04,20167.75,6,Late
LP0010593,L00562,C00887,2024-05-28,2024-06-07,20075.27,10,Late
LP0010594,L00562,C00887,2024-06-28,2024-07-01,20093.8,3,Paid
LP0010595,L00562,C00887,2024-07-28,2024-08-01,19269.59,4,Paid
LP0010596,L00563,C00746,2024-10-28,2024-10-29,4084.47,1,Paid
LP0010597,L00563,C00746,2024-11-28,2024-12-03,4221.18,5,Paid
LP0010598,L00563,C00746,2024-12-28,2024-12-29,4055.27,1,Paid
LP0010599,L00563,C00746,2025-01-28,2025-01-28,4078.84,0,Paid
LP0010600,L00563,C00746,2025-02-28,2025-03-01,4243.05,1,Paid
LP0010601,L00563,C00746,2025-03-28,2025-04-05,4259.08,8,Late
LP0010602,L00563,C00746,2025-04-28,2025-05-06,4233.0,8,Late
LP0010603,L00563,C00746,2025-05-28,2025-06-03,4130.01,6,Late
LP0010604,L00563,C00746,2025-06-28,2025-07-03,4111.67,5,Paid
LP0010605,L00563,C00746,2025-07-28,2025-08-03,4238.85,6,Late
LP0010606,L00563,C00746,2025-08-28,2025-09-05,4208.1,8,Late
LP0010607,L00563,C00746,2025-09-28,2025-10-01,4111.52,3,Paid
LP0010608,L00563,C00746,2025-10-28,2025-10-31,4206.14,3,Paid
LP0010609,L00563,C00746,2025-11-28,2025-11-30,4025.06,2,Paid
LP0010610,L00563,C00746,2025-12-28,2026-01-01,4146.33,4,Paid
LP0010611,L00563,C00746,2026-01-28,2026-01-29,4117.4,1,Paid
LP0010612,L00563,C00746,2026-02-28,2026-03-05,4063.77,5,Paid
LP0010613,L00563,C00746,2026-03-28,2026-04-06,4239.67,9,Late
LP0010614,L00563,C00746,2026-04-28,2026-05-08,4164.62,10,Late
LP0010615,L00563,C00746,2026-05-28,2026-06-05,4133.72,8,Late
LP0010616,L00563,C00746,2026-06-28,2026-06-28,4033.13,0,Paid
LP0010617,L00563,C00746,2026-07-28,2026-08-01,4110.93,4,Paid
LP0010618,L00563,C00746,2026-08-28,2026-09-05,4133.09,8,Late
LP0010619,L00564,C00721,2022-12-28,2022-12-28,22898.79,0,Paid
LP0010620,L00564,C00721,2023-01-28,2023-01-30,22483.18,2,Paid
LP0010621,L00564,C00721,2023-02-28,2023-03-03,23041.96,3,Paid
LP0010622,L00564,C00721,2023-03-28,2023-03-30,22199.71,2,Paid
LP0010623,L00564,C00721,2023-04-28,2023-05-04,22463.17,6,Late
LP0010624,L00564,C00721,2023-05-28,2023-05-31,21960.08,3,Paid
LP0010625,L00564,C00721,2023-06-28,2023-07-04,22218.15,6,Late
LP0010626,L00564,C00721,2023-07-28,2023-09-14,16978.28,48,Partial
LP0010627,L00564,C00721,2023-08-28,,0,63,Missed
LP0010628,L00564,C00721,2023-09-28,,0,82,Missed
LP0010629,L00564,C00721,2023-10-28,,0,110,Missed
LP0010630,L00564,C00721,2023-11-28,2024-01-25,18816.05,58,Partial
LP0010631,L00565,C00902,2024-08-28,2024-09-04,25881.74,7,Late
LP0010632,L00565,C00902,2024-09-28,2024-09-30,25938.87,2,Paid
LP0010633,L00565,C00902,2024-10-28,2024-10-30,25949.28,2,Paid
LP0010634,L00565,C00902,2024-11-28,2024-12-07,26672.42,9,Late
LP0010635,L00565,C00902,2024-12-28,2024-12-30,26500.33,2,Paid
LP0010636,L00565,C00902,2025-01-28,2025-02-07,25682.29,10,Late
LP0010637,L00565,C00902,2025-02-28,2025-03-03,25763.65,3,Paid
LP0010638,L00565,C00902,2025-03-28,2025-03-28,27009.29,0,Paid
LP0010639,L00565,C00902,2025-04-28,2025-04-29,26362.17,1,Paid
LP0010640,L00565,C00902,2025-05-28,2025-06-07,26515.95,10,Late
LP0010641,L00565,C00902,2025-06-28,2025-07-02,26183.9,4,Paid
LP0010642,L00565,C00902,2025-07-28,2025-08-02,26171.21,5,Paid
LP0010643,L00566,C00339,2022-02-28,2022-03-02,68881.73,2,Paid
LP0010644,L00566,C00339,2022-03-28,2022-04-01,68927.72,4,Paid
LP0010645,L00566,C00339,2022-04-28,2022-04-28,68932.21,0,Paid
LP0010646,L00566,C00339,2022-05-28,2022-06-03,67696.67,6,Late
LP0010647,L00566,C00339,2022-06-28,2022-07-08,67318.37,10,Late
LP0010648,L00566,C00339,2022-07-28,2022-08-03,65542.18,6,Late
LP0010649,L00566,C00339,2022-08-28,2022-09-03,68177.04,6,Late
LP0010650,L00566,C00339,2022-09-28,2022-09-29,66010.99,1,Paid
LP0010651,L00566,C00339,2022-10-28,2022-10-31,67741.02,3,Paid
LP0010652,L00566,C00339,2022-11-28,2022-12-06,67928.88,8,Late
LP0010653,L00566,C00339,2022-12-28,2022-12-29,65835.31,1,Paid
LP0010654,L00566,C00339,2023-01-28,2023-02-02,67465.74,5,Paid
LP0010655,L00566,C00339,2023-02-28,2023-02-28,65953.33,0,Paid
LP0010656,L00566,C00339,2023-03-28,,0,106,Missed
LP0010657,L00566,C00339,2023-04-28,,0,85,Missed
LP0010658,L00566,C00339,2023-05-28,,0,68,Missed
LP0010659,L00566,C00339,2023-06-28,,0,64,Missed
LP0010660,L00566,C00339,2023-07-28,,0,118,Missed
LP0010661,L00566,C00339,2023-08-28,,0,78,Missed
LP0010662,L00566,C00339,2023-09-28,,0,80,Missed
LP0010663,L00566,C00339,2023-10-28,,0,68,Missed
LP0010664,L00566,C00339,2023-11-28,,0,33,Missed
LP0010665,L00566,C00339,2023-12-28,,0,89,Missed
LP0010666,L00566,C00339,2024-01-28,2024-02-12,66274.32,15,Partial
LP0010667,L00567,C00561,2023-06-28,2023-07-03,11081.14,5,Paid
LP0010668,L00567,C00561,2023-07-28,2023-07-31,10620.93,3,Paid
LP0010669,L00567,C00561,2023-08-28,2023-08-31,10977.37,3,Paid
LP0010670,L00567,C00561,2023-09-28,2023-10-05,11068.9,7,Late
LP0010671,L00567,C00561,2023-10-28,2023-10-31,10876.3,3,Paid
LP0010672,L00567,C00561,2023-11-28,2023-12-05,10820.08,7,Late
LP0010673,L00567,C00561,2023-12-28,2024-01-06,11085.58,9,Late
LP0010674,L00567,C00561,2024-01-28,2024-02-04,10882.97,7,Late
LP0010675,L00567,C00561,2024-02-28,2024-03-06,11169.84,7,Late
LP0010676,L00567,C00561,2024-03-28,2024-03-30,10773.56,2,Paid
LP0010677,L00567,C00561,2024-04-28,2024-04-30,11159.09,2,Paid
LP0010678,L00567,C00561,2024-05-28,2024-05-30,10889.69,2,Paid
LP0010679,L00568,C00041,2026-04-28,2026-05-02,48472.66,4,Paid
LP0010680,L00568,C00041,2026-05-28,2026-05-29,46738.35,1,Paid
LP0010681,L00568,C00041,2026-06-28,2026-07-06,48142.4,8,Late
LP0010682,L00568,C00041,2026-07-28,2026-08-07,47413.45,10,Late
LP0010683,L00568,C00041,2026-08-28,2026-08-29,46616.7,1,Paid
LP0010684,L00569,C00913,2025-11-28,2025-12-06,5769.0,8,Late
LP0010685,L00569,C00913,2025-12-28,2025-12-29,5774.25,1,Paid
LP0010686,L00569,C00913,2026-01-28,2026-02-06,5934.49,9,Late
LP0010687,L00569,C00913,2026-02-28,2026-03-08,5881.1,8,Late
LP0010688,L00569,C00913,2026-03-28,2026-04-06,5918.47,9,Late
LP0010689,L00569,C00913,2026-04-28,2026-05-02,5950.83,4,Paid
LP0010690,L00569,C00913,2026-05-28,2026-06-05,5743.76,8,Late
LP0010691,L00569,C00913,2026-06-28,2026-07-02,5962.96,4,Paid
LP0010692,L00569,C00913,2026-07-28,2026-07-28,5861.82,0,Paid
LP0010693,L00569,C00913,2026-08-28,2026-09-05,5760.92,8,Late
LP0010694,L00570,C00853,2025-10-28,2025-11-04,4653.09,7,Late
LP0010695,L00570,C00853,2025-11-28,2025-11-29,4759.15,1,Paid
LP0010696,L00570,C00853,2025-12-28,2026-01-01,4812.57,4,Paid
LP0010697,L00570,C00853,2026-01-28,2026-02-05,4675.19,8,Late
LP0010698,L00570,C00853,2026-02-28,2026-03-03,4595.67,3,Paid
LP0010699,L00570,C00853,2026-03-28,2026-04-05,4819.28,8,Late
LP0010700,L00570,C00853,2026-04-28,2026-05-14,3570.61,16,Partial
LP0010701,L00570,C00853,2026-05-28,2026-06-16,2995.95,19,Partial
LP0010702,L00570,C00853,2026-06-28,,0,80,Missed
LP0010703,L00570,C00853,2026-07-28,,0,119,Missed
LP0010704,L00570,C00853,2026-08-28,2026-09-16,4443.95,19,Partial
LP0010705,L00571,C00303,2023-12-28,2023-12-30,2509.57,2,Paid
LP0010706,L00571,C00303,2024-01-28,2024-02-01,2522.78,4,Paid
LP0010707,L00571,C00303,2024-02-28,2024-03-01,2583.45,2,Paid
LP0010708,L00571,C00303,2024-03-28,2024-04-04,2583.27,7,Late
LP0010709,L00571,C00303,2024-04-28,2024-05-02,2577.6,4,Paid
LP0010710,L00571,C00303,2024-05-28,2024-06-04,2506.8,7,Late
LP0010711,L00571,C00303,2024-06-28,2024-07-04,2652.18,6,Late
LP0010712,L00571,C00303,2024-07-28,2024-08-03,2660.41,6,Late
LP0010713,L00571,C00303,2024-08-28,2024-08-28,2642.75,0,Paid
LP0010714,L00571,C00303,2024-09-28,2024-09-30,2608.42,2,Paid
LP0010715,L00571,C00303,2024-10-28,2024-10-31,2564.54,3,Paid
LP0010716,L00571,C00303,2024-11-28,2024-12-05,2659.39,7,Late
LP0010717,L00571,C00303,2024-12-28,2025-01-03,2563.12,6,Late
LP0010718,L00571,C00303,2025-01-28,2025-03-14,1384.74,45,Partial
LP0010719,L00571,C00303,2025-02-28,2025-04-28,2512.37,59,Partial
LP0010720,L00571,C00303,2025-03-28,2025-04-26,1714.87,29,Partial
LP0010721,L00571,C00303,2025-04-28,2025-06-19,1379.2,52,Partial
LP0010722,L00571,C00303,2025-05-28,,0,99,Missed
LP0010723,L00571,C00303,2025-06-28,2025-08-17,1574.47,50,Partial
LP0010724,L00571,C00303,2025-07-28,2025-08-20,2490.38,23,Partial
LP0010725,L00571,C00303,2025-08-28,2025-09-14,1353.57,17,Partial
LP0010726,L00571,C00303,2025-09-28,,0,70,Missed
LP0010727,L00571,C00303,2025-10-28,2025-12-07,2516.7,40,Partial
LP0010728,L00571,C00303,2025-11-28,,0,82,Missed
LP0010729,L00572,C00552,2024-05-28,2024-05-28,90589.95,0,Paid
LP0010730,L00572,C00552,2024-06-28,2024-07-06,88787.33,8,Late
LP0010731,L00572,C00552,2024-07-28,2024-08-02,91659.99,5,Paid
LP0010732,L00572,C00552,2024-08-28,2024-09-07,89974.54,10,Late
LP0010733,L00572,C00552,2024-09-28,2024-10-07,92048.47,9,Late
LP0010734,L00572,C00552,2024-10-28,2024-11-07,91304.72,10,Late
LP0010735,L00572,C00552,2024-11-28,2024-12-03,93991.51,5,Paid
LP0010736,L00572,C00552,2024-12-28,2025-01-07,91345.68,10,Late
LP0010737,L00572,C00552,2025-01-28,2025-01-30,89395.26,2,Paid
LP0010738,L00572,C00552,2025-02-28,2025-03-05,93071.8,5,Paid
LP0010739,L00572,C00552,2025-03-28,2025-03-28,89468.05,0,Paid
LP0010740,L00572,C00552,2025-04-28,2025-04-29,90799.77,1,Paid
LP0010741,L00572,C00552,2025-05-28,2025-06-03,90748.67,6,Late
LP0010742,L00572,C00552,2025-06-28,2025-07-08,93025.96,10,Late
LP0010743,L00572,C00552,2025-07-28,2025-07-30,93025.2,2,Paid
LP0010744,L00572,C00552,2025-08-28,2025-09-06,92198.92,9,Late
LP0010745,L00572,C00552,2025-09-28,2025-09-30,91418.43,2,Paid
LP0010746,L00572,C00552,2025-10-28,2025-10-29,89954.13,1,Paid
LP0010747,L00572,C00552,2025-11-28,2025-12-06,91863.72,8,Late
LP0010748,L00572,C00552,2025-12-28,2026-01-02,93411.66,5,Paid
LP0010749,L00572,C00552,2026-01-28,2026-02-07,91773.42,10,Late
LP0010750,L00572,C00552,2026-02-28,2026-03-01,93072.26,1,Paid
LP0010751,L00572,C00552,2026-03-28,2026-04-04,91567.77,7,Late
LP0010752,L00572,C00552,2026-04-28,2026-05-03,93973.44,5,Paid
LP0010753,L00573,C00125,2022-10-28,2022-11-07,2398.37,10,Late
LP0010754,L00573,C00125,2022-11-28,2022-12-01,2429.02,3,Paid
LP0010755,L00573,C00125,2022-12-28,2022-12-29,2397.0,1,Paid
LP0010756,L00573,C00125,2023-01-28,2023-01-29,2336.82,1,Paid
LP0010757,L00573,C00125,2023-02-28,2023-03-08,2323.28,8,Late
LP0010758,L00573,C00125,2023-03-28,2023-04-03,2347.13,6,Late
LP0010759,L00573,C00125,2023-04-28,2023-05-08,2412.32,10,Late
LP0010760,L00573,C00125,2023-05-28,2023-06-01,2332.43,4,Paid
LP0010761,L00573,C00125,2023-06-28,2023-07-01,2332.12,3,Paid
LP0010762,L00573,C00125,2023-07-28,2023-08-01,2324.46,4,Paid
LP0010763,L00573,C00125,2023-08-28,2023-08-31,2333.78,3,Paid
LP0010764,L00573,C00125,2023-09-28,2023-09-30,2353.03,2,Paid
LP0010765,L00573,C00125,2023-10-28,2023-11-04,2369.62,7,Late
LP0010766,L00573,C00125,2023-11-28,2023-12-02,2407.19,4,Paid
LP0010767,L00573,C00125,2023-12-28,2024-01-03,2353.6,6,Late
LP0010768,L00573,C00125,2024-01-28,2024-01-29,2307.48,1,Paid
LP0010769,L00573,C00125,2024-02-28,2024-03-04,2424.37,5,Paid
LP0010770,L00573,C00125,2024-03-28,2024-04-03,2371.75,6,Late
LP0010771,L00573,C00125,2024-04-28,2024-04-29,2418.78,1,Paid
LP0010772,L00573,C00125,2024-05-28,2024-05-28,2376.57,0,Paid
LP0010773,L00573,C00125,2024-06-28,2024-07-04,2335.61,6,Late
LP0010774,L00573,C00125,2024-07-28,2024-07-28,2344.5,0,Paid
LP0010775,L00573,C00125,2024-08-28,2024-09-05,2361.98,8,Late
LP0010776,L00573,C00125,2024-09-28,2024-10-04,2351.23,6,Late
LP0010777,L00574,C00835,2023-05-28,2023-05-29,33452.89,1,Paid
LP0010778,L00574,C00835,2023-06-28,2023-07-06,32822.68,8,Late
LP0010779,L00574,C00835,2023-07-28,2023-08-06,33271.63,9,Late
LP0010780,L00574,C00835,2023-08-28,2023-08-29,34246.89,1,Paid
LP0010781,L00574,C00835,2023-09-28,2023-10-02,34011.84,4,Paid
LP0010782,L00574,C00835,2023-10-28,2023-11-04,32963.31,7,Late
LP0010783,L00574,C00835,2023-11-28,2023-12-05,33093.69,7,Late
LP0010784,L00574,C00835,2023-12-28,2024-01-05,33952.35,8,Late
LP0010785,L00574,C00835,2024-01-28,2024-01-30,33423.5,2,Paid
LP0010786,L00574,C00835,2024-02-28,2024-03-06,33975.05,7,Late
LP0010787,L00574,C00835,2024-03-28,2024-03-30,34405.59,2,Paid
LP0010788,L00574,C00835,2024-04-28,2024-05-05,32912.63,7,Late
LP0010789,L00575,C00811,2023-05-28,2023-05-29,78259.43,1,Paid
LP0010790,L00575,C00811,2023-06-28,2023-07-07,76433.39,9,Late
LP0010791,L00575,C00811,2023-07-28,2023-08-06,75868.86,9,Late
LP0010792,L00575,C00811,2023-08-28,2023-09-02,78127.37,5,Paid
LP0010793,L00575,C00811,2023-09-28,2023-09-30,74951.86,2,Paid
LP0010794,L00575,C00811,2023-10-28,2023-11-01,78494.19,4,Paid
LP0010795,L00575,C00811,2023-11-28,2023-12-08,76268.58,10,Late
LP0010796,L00575,C00811,2023-12-28,2024-01-05,77145.88,8,Late
LP0010797,L00575,C00811,2024-01-28,2024-02-05,76932.02,8,Late
LP0010798,L00575,C00811,2024-02-28,2024-03-02,78163.89,3,Paid
LP0010799,L00575,C00811,2024-03-28,2024-04-03,77053.8,6,Late
LP0010800,L00575,C00811,2024-04-28,2024-05-02,78345.96,4,Paid
LP0010801,L00575,C00811,2024-05-28,2024-06-05,74568.88,8,Late
LP0010802,L00575,C00811,2024-06-28,2024-08-01,48886.99,34,Partial
LP0010803,L00575,C00811,2024-07-28,2024-09-03,60474.83,37,Partial
LP0010804,L00575,C00811,2024-08-28,,0,38,Missed
LP0010805,L00575,C00811,2024-09-28,2024-11-18,65908.52,51,Partial
LP0010806,L00575,C00811,2024-10-28,2024-12-15,63071.89,48,Partial
LP0010807,L00575,C00811,2024-11-28,,0,84,Missed
LP0010808,L00575,C00811,2024-12-28,,0,32,Missed
LP0010809,L00575,C00811,2025-01-28,2025-02-22,62455.2,25,Partial
LP0010810,L00575,C00811,2025-02-28,2025-04-22,53841.5,53,Partial
LP0010811,L00575,C00811,2025-03-28,,0,110,Missed
LP0010812,L00575,C00811,2025-04-28,,0,107,Missed
LP0010813,L00576,C00064,2023-04-28,2023-05-05,2689.78,7,Late
LP0010814,L00576,C00064,2023-05-28,2023-06-06,2729.98,9,Late
LP0010815,L00576,C00064,2023-06-28,2023-07-06,2732.12,8,Late
LP0010816,L00576,C00064,2023-07-28,2023-08-03,2716.12,6,Late
LP0010817,L00576,C00064,2023-08-28,2023-09-03,2704.46,6,Late
LP0010818,L00576,C00064,2023-09-28,2023-10-05,2673.89,7,Late
LP0010819,L00576,C00064,2023-10-28,2023-10-29,2766.69,1,Paid
LP0010820,L00576,C00064,2023-11-28,2023-12-05,2714.47,7,Late
LP0010821,L00576,C00064,2023-12-28,2023-12-31,2699.65,3,Paid
LP0010822,L00576,C00064,2024-01-28,2024-02-06,2726.93,9,Late
LP0010823,L00576,C00064,2024-02-28,2024-03-09,2750.26,10,Late
LP0010824,L00576,C00064,2024-03-28,2024-04-07,2757.39,10,Late
LP0010825,L00576,C00064,2024-04-28,2024-05-08,2793.62,10,Late
LP0010826,L00576,C00064,2024-05-28,2024-05-29,2670.22,1,Paid
LP0010827,L00576,C00064,2024-06-28,2024-07-05,2707.84,7,Late
LP0010828,L00576,C00064,2024-07-28,2024-07-31,2790.92,3,Paid
LP0010829,L00576,C00064,2024-08-28,2024-09-01,2790.8,4,Paid
LP0010830,L00576,C00064,2024-09-28,2024-09-28,2723.68,0,Paid
LP0010831,L00576,C00064,2024-10-28,2024-10-30,2675.29,2,Paid
LP0010832,L00576,C00064,2024-11-28,2024-12-07,2672.56,9,Late
LP0010833,L00576,C00064,2024-12-28,2025-01-03,2789.55,6,Late
LP0010834,L00576,C00064,2025-01-28,2025-01-30,2727.1,2,Paid
LP0010835,L00576,C00064,2025-02-28,2025-03-06,2757.88,6,Late
LP0010836,L00576,C00064,2025-03-28,2025-04-03,2807.63,6,Late
LP0010837,L00577,C00295,2026-02-28,2026-03-02,17809.14,2,Paid
LP0010838,L00577,C00295,2026-03-28,2026-04-04,17826.29,7,Late
LP0010839,L00577,C00295,2026-04-28,2026-05-06,17730.15,8,Late
LP0010840,L00577,C00295,2026-05-28,2026-05-31,17223.34,3,Paid
LP0010841,L00577,C00295,2026-06-28,,0,56,Missed
LP0010842,L00577,C00295,2026-07-28,,0,102,Missed
LP0010843,L00577,C00295,2026-08-28,2026-09-24,10289.0,27,Partial
LP0010844,L00578,C00217,2023-08-28,2023-09-03,190407.14,6,Late
LP0010845,L00578,C00217,2023-09-28,2023-09-29,192371.57,1,Paid
LP0010846,L00578,C00217,2023-10-28,2023-10-28,184303.25,0,Paid
LP0010847,L00578,C00217,2023-11-28,2023-12-05,190120.08,7,Late
LP0010848,L00578,C00217,2023-12-28,2024-01-06,188896.94,9,Late
LP0010849,L00578,C00217,2024-01-28,2024-02-03,189009.72,6,Late
LP0010850,L00578,C00217,2024-02-28,2024-03-04,194767.0,5,Paid
LP0010851,L00578,C00217,2024-03-28,2024-04-06,184776.16,9,Late
LP0010852,L00578,C00217,2024-04-28,2024-05-02,192030.37,4,Paid
LP0010853,L00578,C00217,2024-05-28,2024-06-04,192955.8,7,Late
LP0010854,L00578,C00217,2024-06-28,2024-06-28,184624.08,0,Paid
LP0010855,L00578,C00217,2024-07-28,2024-08-06,193192.78,9,Late
LP0010856,L00579,C00885,2022-04-28,2022-05-06,4224.56,8,Late
LP0010857,L00579,C00885,2022-05-28,2022-06-07,4368.07,10,Late
LP0010858,L00579,C00885,2022-06-28,2022-07-02,4346.91,4,Paid
LP0010859,L00579,C00885,2022-07-28,2022-08-01,4190.3,4,Paid
LP0010860,L00579,C00885,2022-08-28,2022-09-03,4241.14,6,Late
LP0010861,L00579,C00885,2022-09-28,2022-09-28,4295.77,0,Paid
LP0010862,L00579,C00885,2022-10-28,2022-10-29,4260.62,1,Paid
LP0010863,L00579,C00885,2022-11-28,2022-11-28,4281.34,0,Paid
LP0010864,L00579,C00885,2022-12-28,2023-01-07,4271.48,10,Late
LP0010865,L00579,C00885,2023-01-28,2023-01-30,4311.55,2,Paid
LP0010866,L00579,C00885,2023-02-28,2023-03-03,4182.95,3,Paid
LP0010867,L00579,C00885,2023-03-28,2023-04-01,4254.58,4,Paid
LP0010868,L00579,C00885,2023-04-28,2023-05-05,4349.28,7,Late
LP0010869,L00579,C00885,2023-05-28,2023-06-05,4398.07,8,Late
LP0010870,L00579,C00885,2023-06-28,2023-07-06,4392.54,8,Late
LP0010871,L00579,C00885,2023-07-28,2023-08-02,4329.58,5,Paid
LP0010872,L00579,C00885,2023-08-28,2023-08-30,4209.11,2,Paid
LP0010873,L00579,C00885,2023-09-28,2023-09-30,4393.33,2,Paid
LP0010874,L00579,C00885,2023-10-28,2023-10-28,4174.79,0,Paid
LP0010875,L00579,C00885,2023-11-28,2023-12-04,4409.1,6,Late
LP0010876,L00579,C00885,2023-12-28,2024-01-02,4356.02,5,Paid
LP0010877,L00579,C00885,2024-01-28,2024-02-06,4402.78,9,Late
LP0010878,L00579,C00885,2024-02-28,2024-03-09,4286.56,10,Late
LP0010879,L00579,C00885,2024-03-28,2024-04-07,4199.78,10,Late
LP0010880,L00580,C00646,2022-08-28,2022-09-01,5316.43,4,Paid
LP0010881,L00580,C00646,2022-09-28,2022-09-28,5299.29,0,Paid
LP0010882,L00580,C00646,2022-10-28,2022-11-07,5578.94,10,Late
LP0010883,L00580,C00646,2022-11-28,2022-12-01,5572.21,3,Paid
LP0010884,L00580,C00646,2022-12-28,2022-12-30,5272.65,2,Paid
LP0010885,L00580,C00646,2023-01-28,2023-02-03,5598.21,6,Late
LP0010886,L00580,C00646,2023-02-28,2023-03-08,5424.6,8,Late
LP0010887,L00580,C00646,2023-03-28,2023-03-30,5294.3,2,Paid
LP0010888,L00580,C00646,2023-04-28,2023-05-05,5281.18,7,Late
LP0010889,L00580,C00646,2023-05-28,2023-06-03,5408.47,6,Late
LP0010890,L00580,C00646,2023-06-28,2023-07-05,5481.6,7,Late
LP0010891,L00580,C00646,2023-07-28,2023-07-28,5585.03,0,Paid
LP0010892,L00580,C00646,2023-08-28,2023-09-07,5454.22,10,Late
LP0010893,L00580,C00646,2023-09-28,2023-10-18,3102.62,20,Partial
LP0010894,L00580,C00646,2023-10-28,2023-11-14,3116.7,17,Partial
LP0010895,L00580,C00646,2023-11-28,,0,73,Missed
LP0010896,L00580,C00646,2023-12-28,,0,80,Missed
LP0010897,L00580,C00646,2024-01-28,2024-03-26,4183.5,58,Partial
LP0010898,L00580,C00646,2024-02-28,2024-04-09,3822.02,41,Partial
LP0010899,L00580,C00646,2024-03-28,2024-04-26,4576.03,29,Partial
LP0010900,L00580,C00646,2024-04-28,2024-05-23,4626.79,25,Partial
LP0010901,L00580,C00646,2024-05-28,2024-06-14,5054.61,17,Partial
LP0010902,L00580,C00646,2024-06-28,,0,38,Missed
LP0010903,L00580,C00646,2024-07-28,,0,42,Missed
LP0010904,L00581,C00318,2023-06-28,2023-07-01,5843.58,3,Paid
LP0010905,L00581,C00318,2023-07-28,2023-08-02,5557.55,5,Paid
LP0010906,L00581,C00318,2023-08-28,2023-09-06,5867.21,9,Late
LP0010907,L00581,C00318,2023-09-28,2023-10-01,5755.88,3,Paid
LP0010908,L00581,C00318,2023-10-28,2023-11-01,5715.58,4,Paid
LP0010909,L00581,C00318,2023-11-28,2023-12-01,5855.65,3,Paid
LP0010910,L00581,C00318,2023-12-28,2024-01-05,5736.93,8,Late
LP0010911,L00581,C00318,2024-01-28,2024-02-01,5685.25,4,Paid
LP0010912,L00581,C00318,2024-02-28,2024-03-09,5887.0,10,Late
LP0010913,L00581,C00318,2024-03-28,2024-04-05,5599.07,8,Late
LP0010914,L00581,C00318,2024-04-28,2024-05-05,5652.8,7,Late
LP0010915,L00581,C00318,2024-05-28,2024-06-04,5743.57,7,Late
LP0010916,L00581,C00318,2024-06-28,2024-07-02,5866.81,4,Paid
LP0010917,L00581,C00318,2024-07-28,2024-08-01,5656.12,4,Paid
LP0010918,L00581,C00318,2024-08-28,2024-08-29,5779.34,1,Paid
LP0010919,L00581,C00318,2024-09-28,2024-10-05,5831.54,7,Late
LP0010920,L00581,C00318,2024-10-28,2024-11-03,5696.48,6,Late
LP0010921,L00581,C00318,2024-11-28,2024-12-04,5579.81,6,Late
LP0010922,L00581,C00318,2024-12-28,2025-01-06,5685.91,9,Late
LP0010923,L00581,C00318,2025-01-28,2025-01-29,5625.53,1,Paid
LP0010924,L00581,C00318,2025-02-28,2025-03-03,5749.5,3,Paid
LP0010925,L00581,C00318,2025-03-28,2025-03-30,5762.15,2,Paid
LP0010926,L00581,C00318,2025-04-28,2025-04-28,5588.46,0,Paid
LP0010927,L00581,C00318,2025-05-28,2025-06-07,5875.67,10,Late
LP0010928,L00582,C00683,2023-05-28,2023-06-06,5054.2,9,Late
LP0010929,L00582,C00683,2023-06-28,2023-07-04,4932.42,6,Late
LP0010930,L00582,C00683,2023-07-28,2023-07-31,4948.36,3,Paid
LP0010931,L00582,C00683,2023-08-28,2023-08-29,5026.51,1,Paid
LP0010932,L00582,C00683,2023-09-28,2023-10-06,5121.92,8,Late
LP0010933,L00582,C00683,2023-10-28,2023-11-05,5046.99,8,Late
LP0010934,L00582,C00683,2023-11-28,2023-12-04,5110.55,6,Late
LP0010935,L00582,C00683,2023-12-28,2024-01-07,4917.78,10,Late
LP0010936,L00582,C00683,2024-01-28,2024-02-02,5107.47,5,Paid
LP0010937,L00582,C00683,2024-02-28,2024-02-29,5095.7,1,Paid
LP0010938,L00582,C00683,2024-03-28,2024-04-05,5069.94,8,Late
LP0010939,L00582,C00683,2024-04-28,2024-05-08,4926.26,10,Late
LP0010940,L00582,C00683,2024-05-28,2024-05-28,4989.63,0,Paid
LP0010941,L00582,C00683,2024-06-28,2024-08-12,3527.97,45,Partial
LP0010942,L00582,C00683,2024-07-28,2024-08-27,2738.21,30,Partial
LP0010943,L00582,C00683,2024-08-28,,0,34,Missed
LP0010944,L00582,C00683,2024-09-28,2024-10-16,3454.58,18,Partial
LP0010945,L00582,C00683,2024-10-28,,0,59,Missed
LP0010946,L00582,C00683,2024-11-28,,0,100,Missed
LP0010947,L00582,C00683,2024-12-28,2025-02-07,3417.73,41,Partial
LP0010948,L00582,C00683,2025-01-28,2025-02-18,2999.56,21,Partial
LP0010949,L00582,C00683,2025-02-28,2025-03-16,4866.67,16,Partial
LP0010950,L00582,C00683,2025-03-28,2025-04-19,3835.69,22,Partial
LP0010951,L00582,C00683,2025-04-28,,0,116,Missed
LP0010952,L00583,C00156,2023-07-28,2023-08-06,24786.34,9,Late
LP0010953,L00583,C00156,2023-08-28,2023-09-06,25741.06,9,Late
LP0010954,L00583,C00156,2023-09-28,2023-10-08,25322.69,10,Late
LP0010955,L00583,C00156,2023-10-28,2023-10-30,24527.34,2,Paid
LP0010956,L00583,C00156,2023-11-28,2023-12-07,24522.61,9,Late
LP0010957,L00583,C00156,2023-12-28,2024-01-01,24637.6,4,Paid
LP0010958,L00583,C00156,2024-01-28,2024-02-01,24296.39,4,Paid
LP0010959,L00583,C00156,2024-02-28,2024-03-05,24903.64,6,Late
LP0010960,L00583,C00156,2024-03-28,2024-03-29,25533.7,1,Paid
LP0010961,L00583,C00156,2024-04-28,2024-05-07,25199.85,9,Late
LP0010962,L00583,C00156,2024-05-28,2024-05-30,24456.78,2,Paid
LP0010963,L00583,C00156,2024-06-28,2024-07-07,24991.51,9,Late
LP0010964,L00583,C00156,2024-07-28,2024-08-03,25307.0,6,Late
LP0010965,L00583,C00156,2024-08-28,2024-09-01,25484.35,4,Paid
LP0010966,L00583,C00156,2024-09-28,2024-10-04,24354.13,6,Late
LP0010967,L00583,C00156,2024-10-28,2024-10-31,25378.61,3,Paid
LP0010968,L00583,C00156,2024-11-28,2024-12-06,24507.4,8,Late
LP0010969,L00583,C00156,2024-12-28,2025-01-02,25288.52,5,Paid
LP0010970,L00583,C00156,2025-01-28,2025-01-29,24697.35,1,Paid
LP0010971,L00583,C00156,2025-02-28,2025-03-02,25463.23,2,Paid
LP0010972,L00583,C00156,2025-03-28,2025-03-29,25318.08,1,Paid
LP0010973,L00583,C00156,2025-04-28,2025-04-30,24674.41,2,Paid
LP0010974,L00583,C00156,2025-05-28,2025-06-03,25359.53,6,Late
LP0010975,L00583,C00156,2025-06-28,2025-07-03,24370.95,5,Paid
LP0010976,L00584,C00135,2024-02-28,2024-03-01,9269.76,2,Paid
LP0010977,L00584,C00135,2024-03-28,2024-04-07,9259.94,10,Late
LP0010978,L00584,C00135,2024-04-28,2024-05-04,9303.14,6,Late
LP0010979,L00584,C00135,2024-05-28,2024-06-04,9775.08,7,Late
LP0010980,L00584,C00135,2024-06-28,2024-06-28,9538.81,0,Paid
LP0010981,L00584,C00135,2024-07-28,2024-07-29,9352.2,1,Paid
LP0010982,L00584,C00135,2024-08-28,2024-08-31,9787.43,3,Paid
LP0010983,L00584,C00135,2024-09-28,2024-10-02,9490.84,4,Paid
LP0010984,L00584,C00135,2024-10-28,2024-10-31,9323.54,3,Paid
LP0010985,L00584,C00135,2024-11-28,2024-12-02,9326.64,4,Paid
LP0010986,L00584,C00135,2024-12-28,2024-12-28,9745.9,0,Paid
LP0010987,L00584,C00135,2025-01-28,2025-02-02,9503.38,5,Paid
LP0010988,L00584,C00135,2025-02-28,2025-03-03,9484.25,3,Paid
LP0010989,L00584,C00135,2025-03-28,2025-04-06,9676.04,9,Late
LP0010990,L00584,C00135,2025-04-28,2025-05-07,9344.82,9,Late
LP0010991,L00584,C00135,2025-05-28,2025-06-04,9252.78,7,Late
LP0010992,L00584,C00135,2025-06-28,2025-06-30,9689.21,2,Paid
LP0010993,L00584,C00135,2025-07-28,2025-08-04,9719.26,7,Late
LP0010994,L00584,C00135,2025-08-28,2025-09-06,9327.87,9,Late
LP0010995,L00584,C00135,2025-09-28,2025-09-28,9637.92,0,Paid
LP0010996,L00584,C00135,2025-10-28,2025-11-03,9664.3,6,Late
LP0010997,L00584,C00135,2025-11-28,2025-12-07,9545.54,9,Late
LP0010998,L00584,C00135,2025-12-28,2025-12-29,9750.48,1,Paid
LP0010999,L00584,C00135,2026-01-28,2026-01-29,9654.36,1,Paid
LP0011000,L00585,C00380,2024-08-28,2024-08-30,37987.87,2,Paid
LP0011001,L00585,C00380,2024-09-28,2024-10-08,38153.35,10,Late
LP0011002,L00585,C00380,2024-10-28,2024-11-04,36068.6,7,Late
LP0011003,L00585,C00380,2024-11-28,2024-12-04,37564.87,6,Late
LP0011004,L00585,C00380,2024-12-28,2025-01-03,37042.65,6,Late
LP0011005,L00585,C00380,2025-01-28,2025-02-03,37981.36,6,Late
LP0011006,L00585,C00380,2025-02-28,2025-03-07,36357.05,7,Late
LP0011007,L00585,C00380,2025-03-28,2025-04-04,36073.7,7,Late
LP0011008,L00585,C00380,2025-04-28,2025-04-30,37579.63,2,Paid
LP0011009,L00585,C00380,2025-05-28,2025-05-29,36038.95,1,Paid
LP0011010,L00585,C00380,2025-06-28,2025-06-30,36883.99,2,Paid
LP0011011,L00585,C00380,2025-07-28,2025-07-29,35991.57,1,Paid
LP0011012,L00585,C00380,2025-08-28,2025-08-31,35984.24,3,Paid
LP0011013,L00585,C00380,2025-09-28,2025-11-19,18879.82,52,Partial
LP0011014,L00585,C00380,2025-10-28,,0,58,Missed
LP0011015,L00585,C00380,2025-11-28,,0,103,Missed
LP0011016,L00585,C00380,2025-12-28,2026-01-28,33950.79,31,Partial
LP0011017,L00585,C00380,2026-01-28,2026-02-27,33381.77,30,Partial
LP0011018,L00585,C00380,2026-02-28,2026-04-17,31632.82,48,Partial
LP0011019,L00585,C00380,2026-03-28,,0,36,Missed
LP0011020,L00585,C00380,2026-04-28,2026-06-19,20009.99,52,Partial
LP0011021,L00585,C00380,2026-05-28,,0,99,Missed
LP0011022,L00585,C00380,2026-06-28,2026-08-10,21861.67,43,Partial
LP0011023,L00585,C00380,2026-07-28,,0,35,Missed
LP0011024,L00586,C00257,2023-03-28,2023-04-01,45344.02,4,Paid
LP0011025,L00586,C00257,2023-04-28,2023-05-01,46363.83,3,Paid
LP0011026,L00586,C00257,2023-05-28,2023-06-07,46062.56,10,Late
LP0011027,L00586,C00257,2023-06-28,2023-06-28,47014.81,0,Paid
LP0011028,L00586,C00257,2023-07-28,2023-07-28,44991.84,0,Paid
LP0011029,L00586,C00257,2023-08-28,2023-09-04,47214.49,7,Late
LP0011030,L00586,C00257,2023-09-28,2023-10-05,46667.35,7,Late
LP0011031,L00586,C00257,2023-10-28,2023-11-01,45390.1,4,Paid
LP0011032,L00586,C00257,2023-11-28,2023-12-05,47389.18,7,Late
LP0011033,L00586,C00257,2023-12-28,2023-12-28,46638.7,0,Paid
LP0011034,L00586,C00257,2024-01-28,2024-02-04,46426.13,7,Late
LP0011035,L00586,C00257,2024-02-28,2024-03-04,45367.59,5,Paid
LP0011036,L00586,C00257,2024-03-28,2024-03-31,47294.37,3,Paid
LP0011037,L00586,C00257,2024-04-28,2024-05-07,46670.44,9,Late
LP0011038,L00586,C00257,2024-05-28,2024-05-29,45476.15,1,Paid
LP0011039,L00586,C00257,2024-06-28,2024-07-06,45849.92,8,Late
LP0011040,L00586,C00257,2024-07-28,2024-08-01,47590.24,4,Paid
LP0011041,L00586,C00257,2024-08-28,2024-08-31,45293.51,3,Paid
LP0011042,L00586,C00257,2024-09-28,2024-10-05,46696.47,7,Late
LP0011043,L00586,C00257,2024-10-28,2024-11-01,45648.66,4,Paid
LP0011044,L00586,C00257,2024-11-28,2024-12-08,46743.83,10,Late
LP0011045,L00586,C00257,2024-12-28,2024-12-29,47163.76,1,Paid
LP0011046,L00586,C00257,2025-01-28,2025-02-02,45655.57,5,Paid
LP0011047,L00586,C00257,2025-02-28,2025-03-02,46818.82,2,Paid
LP0011048,L00587,C00840,2022-01-28,2022-01-31,83231.34,3,Paid
LP0011049,L00587,C00840,2022-02-28,2022-02-28,82800.71,0,Paid
LP0011050,L00587,C00840,2022-03-28,2022-04-05,85219.45,8,Late
LP0011051,L00587,C00840,2022-04-28,2022-05-03,85930.25,5,Paid
LP0011052,L00587,C00840,2022-05-28,2022-05-29,81960.09,1,Paid
LP0011053,L00587,C00840,2022-06-28,2022-07-06,84985.07,8,Late
LP0011054,L00587,C00840,2022-07-28,2022-08-07,86045.7,10,Late
LP0011055,L00587,C00840,2022-08-28,2022-09-04,82399.41,7,Late
LP0011056,L00587,C00840,2022-09-28,2022-09-28,86432.81,0,Paid
LP0011057,L00587,C00840,2022-10-28,2022-11-07,84208.83,10,Late
LP0011058,L00587,C00840,2022-11-28,2022-12-06,83560.21,8,Late
LP0011059,L00587,C00840,2022-12-28,2022-12-29,83633.4,1,Paid
LP0011060,L00587,C00840,2023-01-28,2023-02-07,85895.52,10,Late
LP0011061,L00587,C00840,2023-02-28,2023-03-09,84108.69,9,Late
LP0011062,L00587,C00840,2023-03-28,2023-04-07,86087.69,10,Late
LP0011063,L00587,C00840,2023-04-28,2023-04-28,84745.89,0,Paid
LP0011064,L00587,C00840,2023-05-28,2023-06-04,85360.71,7,Late
LP0011065,L00587,C00840,2023-06-28,2023-07-03,83184.19,5,Paid
LP0011066,L00587,C00840,2023-07-28,2023-08-04,86844.44,7,Late
LP0011067,L00587,C00840,2023-08-28,2023-09-02,83109.65,5,Paid
LP0011068,L00587,C00840,2023-09-28,2023-10-06,85756.42,8,Late
LP0011069,L00587,C00840,2023-10-28,2023-11-05,82512.52,8,Late
LP0011070,L00587,C00840,2023-11-28,2023-12-05,85935.49,7,Late
LP0011071,L00587,C00840,2023-12-28,2024-01-05,83051.51,8,Late
LP0011072,L00588,C00199,2023-11-28,2023-12-01,18283.42,3,Paid
LP0011073,L00588,C00199,2023-12-28,2024-01-04,18726.22,7,Late
LP0011074,L00588,C00199,2024-01-28,2024-01-29,18151.23,1,Paid
LP0011075,L00588,C00199,2024-02-28,2024-03-09,19188.29,10,Late
LP0011076,L00588,C00199,2024-03-28,2024-04-03,18307.85,6,Late
LP0011077,L00588,C00199,2024-04-28,2024-05-07,18721.92,9,Late
LP0011078,L00588,C00199,2024-05-28,2024-06-04,18424.87,7,Late
LP0011079,L00588,C00199,2024-06-28,2024-07-02,18611.06,4,Paid
LP0011080,L00588,C00199,2024-07-28,2024-07-31,18239.25,3,Paid
LP0011081,L00588,C00199,2024-08-28,2024-09-05,18915.12,8,Late
LP0011082,L00588,C00199,2024-09-28,2024-10-03,18898.81,5,Paid
LP0011083,L00588,C00199,2024-10-28,2024-10-29,18573.95,1,Paid
LP0011084,L00588,C00199,2024-11-28,2024-12-07,18267.15,9,Late
LP0011085,L00588,C00199,2024-12-28,2025-01-06,18159.46,9,Late
LP0011086,L00588,C00199,2025-01-28,2025-01-28,18847.7,0,Paid
LP0011087,L00588,C00199,2025-02-28,2025-03-04,18521.07,4,Paid
LP0011088,L00588,C00199,2025-03-28,2025-04-06,18913.55,9,Late
LP0011089,L00588,C00199,2025-04-28,2025-05-02,19071.53,4,Paid
LP0011090,L00588,C00199,2025-05-28,2025-05-30,18406.12,2,Paid
LP0011091,L00588,C00199,2025-06-28,2025-06-28,18565.05,0,Paid
LP0011092,L00588,C00199,2025-07-28,2025-08-03,18211.42,6,Late
LP0011093,L00588,C00199,2025-08-28,2025-09-06,18153.61,9,Late
LP0011094,L00588,C00199,2025-09-28,2025-10-05,18871.15,7,Late
LP0011095,L00588,C00199,2025-10-28,2025-11-05,19213.25,8,Late
LP0011096,L00589,C00914,2023-03-28,2023-04-01,96488.09,4,Paid
LP0011097,L00589,C00914,2023-04-28,2023-05-03,96473.11,5,Paid
LP0011098,L00589,C00914,2023-05-28,2023-06-03,100501.99,6,Late
LP0011099,L00589,C00914,2023-06-28,2023-07-05,96224.56,7,Late
LP0011100,L00589,C00914,2023-07-28,2023-07-31,95887.58,3,Paid
LP0011101,L00589,C00914,2023-08-28,2023-09-07,100253.15,10,Late
LP0011102,L00589,C00914,2023-09-28,2023-10-05,100910.07,7,Late
LP0011103,L00589,C00914,2023-10-28,2023-11-06,95664.0,9,Late
LP0011104,L00589,C00914,2023-11-28,2023-12-06,98351.3,8,Late
LP0011105,L00589,C00914,2023-12-28,2023-12-31,97529.36,3,Paid
LP0011106,L00589,C00914,2024-01-28,2024-02-07,98852.35,10,Late
LP0011107,L00589,C00914,2024-02-28,2024-03-02,96475.91,3,Paid
LP0011108,L00590,C00346,2025-02-28,2025-03-04,35116.44,4,Paid
LP0011109,L00590,C00346,2025-03-28,2025-04-02,34507.99,5,Paid
LP0011110,L00590,C00346,2025-04-28,2025-05-03,35018.09,5,Paid
LP0011111,L00590,C00346,2025-05-28,2025-05-29,33624.14,1,Paid
LP0011112,L00590,C00346,2025-06-28,2025-07-01,33282.74,3,Paid
LP0011113,L00590,C00346,2025-07-28,2025-08-03,34663.66,6,Late
LP0011114,L00590,C00346,2025-08-28,2025-09-02,35000.87,5,Paid
LP0011115,L00590,C00346,2025-09-28,2025-10-01,33414.35,3,Paid
LP0011116,L00590,C00346,2025-10-28,2025-10-30,33706.42,2,Paid
LP0011117,L00590,C00346,2025-11-28,2025-12-07,33590.66,9,Late
LP0011118,L00590,C00346,2025-12-28,,0,108,Missed
LP0011119,L00590,C00346,2026-01-28,2026-03-26,30613.53,57,Partial
LP0011120,L00590,C00346,2026-02-28,2026-03-25,25172.88,25,Partial
LP0011121,L00590,C00346,2026-03-28,,0,102,Missed
LP0011122,L00590,C00346,2026-04-28,2026-06-17,25659.26,50,Partial
LP0011123,L00590,C00346,2026-05-28,,0,89,Missed
LP0011124,L00590,C00346,2026-06-28,2026-08-09,29457.1,42,Partial
LP0011125,L00590,C00346,2026-07-28,,0,75,Missed
LP0011126,L00590,C00346,2026-08-28,2026-09-22,30573.93,25,Partial
LP0011127,L00591,C00548,2023-04-28,2023-05-06,13803.41,8,Late
LP0011128,L00591,C00548,2023-05-28,2023-05-31,14377.76,3,Paid
LP0011129,L00591,C00548,2023-06-28,2023-07-05,13947.74,7,Late
LP0011130,L00591,C00548,2023-07-28,2023-08-06,13921.56,9,Late
LP0011131,L00591,C00548,2023-08-28,2023-09-02,14167.17,5,Paid
LP0011132,L00591,C00548,2023-09-28,2023-10-02,13584.62,4,Paid
LP0011133,L00591,C00548,2023-10-28,2023-11-03,14019.3,6,Late
LP0011134,L00591,C00548,2023-11-28,2023-12-07,14081.35,9,Late
LP0011135,L00591,C00548,2023-12-28,2024-01-01,13709.86,4,Paid
LP0011136,L00591,C00548,2024-01-28,2024-01-31,13719.97,3,Paid
LP0011137,L00591,C00548,2024-02-28,2024-03-02,13917.74,3,Paid
LP0011138,L00591,C00548,2024-03-28,2024-03-31,13588.82,3,Paid
LP0011139,L00591,C00548,2024-04-28,2024-05-08,14381.55,10,Late
LP0011140,L00591,C00548,2024-05-28,,0,112,Missed
LP0011141,L00591,C00548,2024-06-28,2024-07-20,10428.73,22,Partial
LP0011142,L00591,C00548,2024-07-28,,0,99,Missed
LP0011143,L00591,C00548,2024-08-28,2024-09-14,13445.8,17,Partial
LP0011144,L00591,C00548,2024-09-28,2024-11-22,13768.36,55,Partial
LP0011145,L00591,C00548,2024-10-28,,0,51,Missed
LP0011146,L00591,C00548,2024-11-28,,0,84,Missed
LP0011147,L00591,C00548,2024-12-28,,0,36,Missed
LP0011148,L00591,C00548,2025-01-28,2025-03-21,10010.5,52,Partial
LP0011149,L00591,C00548,2025-02-28,2025-04-11,8710.11,42,Partial
LP0011150,L00591,C00548,2025-03-28,,0,37,Missed
LP0011151,L00592,C00945,2025-11-28,2025-12-04,15029.27,6,Late
LP0011152,L00592,C00945,2025-12-28,2026-01-05,14526.58,8,Late
LP0011153,L00592,C00945,2026-01-28,2026-02-02,15165.99,5,Paid
LP0011154,L00592,C00945,2026-02-28,2026-03-01,14957.02,1,Paid
LP0011155,L00592,C00945,2026-03-28,2026-04-01,14539.44,4,Paid
LP0011156,L00592,C00945,2026-04-28,2026-05-08,14940.81,10,Late
LP0011157,L00592,C00945,2026-05-28,,0,34,Missed
LP0011158,L00592,C00945,2026-06-28,2026-08-15,11303.76,48,Partial
LP0011159,L00592,C00945,2026-07-28,2026-08-16,13686.5,19,Partial
LP0011160,L00592,C00945,2026-08-28,,0,51,Missed
LP0011161,L00593,C00926,2023-04-28,2023-05-06,9421.05,8,Late
LP0011162,L00593,C00926,2023-05-28,2023-06-03,9732.34,6,Late
LP0011163,L00593,C00926,2023-06-28,2023-07-01,9711.9,3,Paid
LP0011164,L00593,C00926,2023-07-28,2023-07-31,9483.72,3,Paid
LP0011165,L00593,C00926,2023-08-28,2023-09-07,9245.05,10,Late
LP0011166,L00593,C00926,2023-09-28,2023-09-30,9369.77,2,Paid
LP0011167,L00593,C00926,2023-10-28,2023-10-30,9740.45,2,Paid
LP0011168,L00593,C00926,2023-11-28,2023-11-29,9526.84,1,Paid
LP0011169,L00593,C00926,2023-12-28,2024-01-06,9618.2,9,Late
LP0011170,L00593,C00926,2024-01-28,2024-01-29,9309.59,1,Paid
LP0011171,L00593,C00926,2024-02-28,2024-03-07,9341.91,8,Late
LP0011172,L00593,C00926,2024-03-28,2024-04-05,9570.35,8,Late
LP0011173,L00593,C00926,2024-04-28,2024-05-01,9257.88,3,Paid
LP0011174,L00593,C00926,2024-05-28,2024-06-02,9284.66,5,Paid
LP0011175,L00593,C00926,2024-06-28,2024-06-30,9501.44,2,Paid
LP0011176,L00593,C00926,2024-07-28,2024-08-06,9252.33,9,Late
LP0011177,L00593,C00926,2024-08-28,2024-09-07,9540.06,10,Late
LP0011178,L00593,C00926,2024-09-28,2024-10-02,9505.08,4,Paid
LP0011179,L00593,C00926,2024-10-28,2024-11-07,9570.91,10,Late
LP0011180,L00593,C00926,2024-11-28,2024-12-08,9271.56,10,Late
LP0011181,L00593,C00926,2024-12-28,2025-01-02,9457.76,5,Paid
LP0011182,L00593,C00926,2025-01-28,2025-01-31,9800.75,3,Paid
LP0011183,L00593,C00926,2025-02-28,2025-03-03,9262.37,3,Paid
LP0011184,L00593,C00926,2025-03-28,2025-04-01,9504.48,4,Paid
LP0011185,L00594,C00928,2023-07-28,2023-08-04,69700.99,7,Late
LP0011186,L00594,C00928,2023-08-28,2023-09-05,70217.07,8,Late
LP0011187,L00594,C00928,2023-09-28,2023-10-02,68832.4,4,Paid
LP0011188,L00594,C00928,2023-10-28,2023-11-07,69623.27,10,Late
LP0011189,L00594,C00928,2023-11-28,2023-12-02,69368.18,4,Paid
LP0011190,L00594,C00928,2023-12-28,2023-12-30,70569.66,2,Paid
LP0011191,L00594,C00928,2024-01-28,2024-02-01,69696.5,4,Paid
LP0011192,L00594,C00928,2024-02-28,2024-03-02,72065.49,3,Paid
LP0011193,L00594,C00928,2024-03-28,2024-04-04,68875.66,7,Late
LP0011194,L00594,C00928,2024-04-28,2024-05-01,71943.6,3,Paid
LP0011195,L00594,C00928,2024-05-28,2024-05-28,68938.61,0,Paid
LP0011196,L00594,C00928,2024-06-28,2024-06-28,69147.61,0,Paid
LP0011197,L00594,C00928,2024-07-28,2024-07-29,69604.96,1,Paid
LP0011198,L00594,C00928,2024-08-28,2024-09-30,40365.6,33,Partial
LP0011199,L00594,C00928,2024-09-28,,0,61,Missed
LP0011200,L00594,C00928,2024-10-28,2024-11-20,69466.24,23,Partial
LP0011201,L00594,C00928,2024-11-28,2024-12-18,57103.55,20,Partial
LP0011202,L00594,C00928,2024-12-28,,0,30,Missed
LP0011203,L00594,C00928,2025-01-28,,0,105,Missed
LP0011204,L00594,C00928,2025-02-28,,0,92,Missed
LP0011205,L00594,C00928,2025-03-28,2025-05-13,38631.66,46,Partial
LP0011206,L00594,C00928,2025-04-28,,0,68,Missed
LP0011207,L00594,C00928,2025-05-28,,0,83,Missed
LP0011208,L00594,C00928,2025-06-28,,0,35,Missed
LP0011209,L00595,C00671,2022-03-28,2022-04-04,36696.47,7,Late
LP0011210,L00595,C00671,2022-04-28,2022-05-02,38349.61,4,Paid
LP0011211,L00595,C00671,2022-05-28,2022-05-31,38062.12,3,Paid
LP0011212,L00595,C00671,2022-06-28,2022-07-05,37054.1,7,Late
LP0011213,L00595,C00671,2022-07-28,2022-08-04,38206.21,7,Late
LP0011214,L00595,C00671,2022-08-28,2022-08-29,37190.2,1,Paid
LP0011215,L00595,C00671,2022-09-28,2022-10-03,38787.51,5,Paid
LP0011216,L00595,C00671,2022-10-28,2022-11-02,37408.27,5,Paid
LP0011217,L00595,C00671,2022-11-28,2022-12-02,37581.5,4,Paid
LP0011218,L00595,C00671,2022-12-28,2022-12-30,36897.58,2,Paid
LP0011219,L00595,C00671,2023-01-28,2023-02-07,37824.75,10,Late
LP0011220,L00595,C00671,2023-02-28,2023-03-04,37649.85,4,Paid
LP0011221,L00595,C00671,2023-03-28,2023-04-03,37488.63,6,Late
LP0011222,L00595,C00671,2023-04-28,2023-04-28,37996.62,0,Paid
LP0011223,L00595,C00671,2023-05-28,2023-06-01,38383.79,4,Paid
LP0011224,L00595,C00671,2023-06-28,2023-07-07,36615.48,9,Late
LP0011225,L00595,C00671,2023-07-28,2023-07-29,38076.15,1,Paid
LP0011226,L00595,C00671,2023-08-28,2023-09-03,36856.47,6,Late
LP0011227,L00595,C00671,2023-09-28,2023-10-01,37458.09,3,Paid
LP0011228,L00595,C00671,2023-10-28,2023-10-29,37447.38,1,Paid
LP0011229,L00595,C00671,2023-11-28,2023-12-02,36830.9,4,Paid
LP0011230,L00595,C00671,2023-12-28,2024-01-02,38021.21,5,Paid
LP0011231,L00595,C00671,2024-01-28,2024-02-01,36740.63,4,Paid
LP0011232,L00595,C00671,2024-02-28,2024-03-03,38771.86,4,Paid
LP0011233,L00596,C00742,2025-03-28,2025-04-06,18471.43,9,Late
LP0011234,L00596,C00742,2025-04-28,2025-05-03,18070.64,5,Paid
LP0011235,L00596,C00742,2025-05-28,2025-06-05,17869.59,8,Late
LP0011236,L00596,C00742,2025-06-28,2025-07-07,17999.04,9,Late
LP0011237,L00596,C00742,2025-07-28,2025-08-07,17893.66,10,Late
LP0011238,L00596,C00742,2025-08-28,2025-09-02,18583.68,5,Paid
LP0011239,L00596,C00742,2025-09-28,2025-10-07,18494.92,9,Late
LP0011240,L00596,C00742,2025-10-28,2025-11-04,17989.91,7,Late
LP0011241,L00596,C00742,2025-11-28,2025-12-04,18592.37,6,Late
LP0011242,L00596,C00742,2025-12-28,2025-12-29,17772.08,1,Paid
LP0011243,L00596,C00742,2026-01-28,2026-02-01,17616.24,4,Paid
LP0011244,L00596,C00742,2026-02-28,2026-03-01,18419.04,1,Paid
LP0011245,L00596,C00742,2026-03-28,2026-04-02,17742.76,5,Paid
LP0011246,L00596,C00742,2026-04-28,2026-05-07,17626.06,9,Late
LP0011247,L00596,C00742,2026-05-28,2026-06-01,17625.04,4,Paid
LP0011248,L00596,C00742,2026-06-28,2026-06-29,17986.38,1,Paid
LP0011249,L00596,C00742,2026-07-28,2026-08-04,18065.99,7,Late
LP0011250,L00596,C00742,2026-08-28,2026-09-06,18379.23,9,Late
LP0011251,L00597,C00712,2022-02-28,2022-03-04,4057.31,4,Paid
LP0011252,L00597,C00712,2022-03-28,2022-03-29,4051.63,1,Paid
LP0011253,L00597,C00712,2022-04-28,2022-04-29,4128.92,1,Paid
LP0011254,L00597,C00712,2022-05-28,2022-05-30,4025.39,2,Paid
LP0011255,L00597,C00712,2022-06-28,2022-07-02,4070.18,4,Paid
LP0011256,L00597,C00712,2022-07-28,2022-07-30,4061.47,2,Paid
LP0011257,L00597,C00712,2022-08-28,2022-09-05,4244.44,8,Late
LP0011258,L00597,C00712,2022-09-28,2022-10-02,4254.57,4,Paid
LP0011259,L00597,C00712,2022-10-28,2022-10-29,4182.12,1,Paid
LP0011260,L00597,C00712,2022-11-28,2022-12-06,4177.36,8,Late
LP0011261,L00597,C00712,2022-12-28,2023-01-04,4128.06,7,Late
LP0011262,L00597,C00712,2023-01-28,2023-02-05,4132.8,8,Late
LP0011263,L00597,C00712,2023-02-28,2023-03-04,4042.34,4,Paid
LP0011264,L00597,C00712,2023-03-28,2023-03-31,4253.39,3,Paid
LP0011265,L00597,C00712,2023-04-28,2023-04-30,4066.56,2,Paid
LP0011266,L00597,C00712,2023-05-28,2023-06-04,4071.03,7,Late
LP0011267,L00597,C00712,2023-06-28,2023-07-05,4039.65,7,Late
LP0011268,L00597,C00712,2023-07-28,2023-07-31,4111.83,3,Paid
LP0011269,L00597,C00712,2023-08-28,2023-08-29,4139.38,1,Paid
LP0011270,L00597,C00712,2023-09-28,2023-10-05,4078.02,7,Late
LP0011271,L00597,C00712,2023-10-28,2023-11-04,4142.58,7,Late
LP0011272,L00597,C00712,2023-11-28,2023-12-07,4104.29,9,Late
LP0011273,L00597,C00712,2023-12-28,2024-01-07,4105.2,10,Late
LP0011274,L00597,C00712,2024-01-28,2024-01-30,4094.63,2,Paid
LP0011275,L00598,C00799,2022-02-28,2022-03-05,4995.26,5,Paid
LP0011276,L00598,C00799,2022-03-28,2022-04-02,4835.56,5,Paid
LP0011277,L00598,C00799,2022-04-28,2022-05-07,4907.97,9,Late
LP0011278,L00598,C00799,2022-05-28,2022-05-29,4833.01,1,Paid
LP0011279,L00598,C00799,2022-06-28,2022-06-29,5024.93,1,Paid
LP0011280,L00598,C00799,2022-07-28,2022-07-31,4864.12,3,Paid
LP0011281,L00598,C00799,2022-08-28,2022-08-28,4825.39,0,Paid
LP0011282,L00598,C00799,2022-09-28,2022-10-06,4885.25,8,Late
LP0011283,L00598,C00799,2022-10-28,2022-11-01,4809.66,4,Paid
LP0011284,L00598,C00799,2022-11-28,2022-12-06,4890.99,8,Late
LP0011285,L00598,C00799,2022-12-28,2023-01-05,4962.58,8,Late
LP0011286,L00598,C00799,2023-01-28,2023-01-28,4865.64,0,Paid
LP0011287,L00598,C00799,2023-02-28,2023-03-04,4931.36,4,Paid
LP0011288,L00598,C00799,2023-03-28,2023-04-01,4828.71,4,Paid
LP0011289,L00598,C00799,2023-04-28,2023-04-30,4847.05,2,Paid
LP0011290,L00598,C00799,2023-05-28,2023-05-28,4907.15,0,Paid
LP0011291,L00598,C00799,2023-06-28,2023-07-08,4852.59,10,Late
LP0011292,L00598,C00799,2023-07-28,2023-07-31,4813.45,3,Paid
LP0011293,L00598,C00799,2023-08-28,2023-09-04,4838.0,7,Late
LP0011294,L00598,C00799,2023-09-28,2023-10-05,4908.97,7,Late
LP0011295,L00598,C00799,2023-10-28,2023-10-28,4770.25,0,Paid
LP0011296,L00598,C00799,2023-11-28,2023-12-03,5021.33,5,Paid
LP0011297,L00598,C00799,2023-12-28,2024-01-05,4900.71,8,Late
LP0011298,L00598,C00799,2024-01-28,2024-02-03,4799.92,6,Late
LP0011299,L00599,C00777,2022-03-28,2022-04-02,39214.99,5,Paid
LP0011300,L00599,C00777,2022-04-28,2022-05-03,38629.76,5,Paid
LP0011301,L00599,C00777,2022-05-28,2022-05-28,39466.11,0,Paid
LP0011302,L00599,C00777,2022-06-28,2022-07-08,39508.13,10,Late
LP0011303,L00599,C00777,2022-07-28,2022-08-06,38905.7,9,Late
LP0011304,L00599,C00777,2022-08-28,2022-08-31,39125.83,3,Paid
LP0011305,L00599,C00777,2022-09-28,2022-10-02,39105.78,4,Paid
LP0011306,L00599,C00777,2022-10-28,2022-11-05,40075.1,8,Late
LP0011307,L00599,C00777,2022-11-28,2022-12-07,39290.64,9,Late
LP0011308,L00599,C00777,2022-12-28,2023-01-03,39280.31,6,Late
LP0011309,L00599,C00777,2023-01-28,2023-02-02,38119.0,5,Paid
LP0011310,L00599,C00777,2023-02-28,2023-03-01,39928.28,1,Paid
LP0011311,L00599,C00777,2023-03-28,2023-03-31,38641.28,3,Paid
LP0011312,L00599,C00777,2023-04-28,2023-04-28,38419.93,0,Paid
LP0011313,L00599,C00777,2023-05-28,2023-06-02,38844.17,5,Paid
LP0011314,L00599,C00777,2023-06-28,2023-07-08,39144.0,10,Late
LP0011315,L00599,C00777,2023-07-28,2023-07-28,38284.15,0,Paid
LP0011316,L00599,C00777,2023-08-28,2023-09-01,38408.53,4,Paid
LP0011317,L00599,C00777,2023-09-28,2023-10-07,38789.59,9,Late
LP0011318,L00599,C00777,2023-10-28,2023-10-31,39471.4,3,Paid
LP0011319,L00599,C00777,2023-11-28,2023-12-04,39344.82,6,Late
LP0011320,L00599,C00777,2023-12-28,2024-01-03,39269.86,6,Late
LP0011321,L00599,C00777,2024-01-28,2024-02-01,38075.06,4,Paid
LP0011322,L00599,C00777,2024-02-28,2024-02-29,38281.19,1,Paid
LP0011323,L00600,C00524,2025-10-28,2025-11-01,190858.63,4,Paid
LP0011324,L00600,C00524,2025-11-28,2025-12-07,192866.63,9,Late
LP0011325,L00600,C00524,2025-12-28,2026-01-07,194105.96,10,Late
LP0011326,L00600,C00524,2026-01-28,2026-02-07,190186.94,10,Late
LP0011327,L00600,C00524,2026-02-28,2026-02-28,191422.59,0,Paid
LP0011328,L00600,C00524,2026-03-28,2026-03-31,197342.32,3,Paid
LP0011329,L00600,C00524,2026-04-28,2026-05-08,193560.81,10,Late
LP0011330,L00600,C00524,2026-05-28,2026-05-28,194030.29,0,Paid
LP0011331,L00600,C00524,2026-06-28,2026-07-04,196881.41,6,Late
LP0011332,L00600,C00524,2026-07-28,2026-07-31,190443.36,3,Paid
LP0011333,L00600,C00524,2026-08-28,2026-08-29,191661.13,1,Paid
LP0011334,L00601,C00379,2023-04-28,2023-04-28,7761.27,0,Paid
LP0011335,L00601,C00379,2023-05-28,2023-06-02,7817.19,5,Paid
LP0011336,L00601,C00379,2023-06-28,2023-07-01,7984.62,3,Paid
LP0011337,L00601,C00379,2023-07-28,2023-08-06,7604.61,9,Late
LP0011338,L00601,C00379,2023-08-28,2023-09-02,7743.74,5,Paid
LP0011339,L00601,C00379,2023-09-28,2023-10-02,7676.0,4,Paid
LP0011340,L00601,C00379,2023-10-28,2023-10-30,7963.82,2,Paid
LP0011341,L00601,C00379,2023-11-28,2023-12-01,7623.71,3,Paid
LP0011342,L00601,C00379,2023-12-28,2024-01-07,8049.89,10,Late
LP0011343,L00601,C00379,2024-01-28,2024-01-31,7620.51,3,Paid
LP0011344,L00601,C00379,2024-02-28,2024-03-01,7907.81,2,Paid
LP0011345,L00601,C00379,2024-03-28,2024-03-28,7846.45,0,Paid
LP0011346,L00601,C00379,2024-04-28,2024-04-29,7905.87,1,Paid
LP0011347,L00601,C00379,2024-05-28,2024-05-28,7687.65,0,Paid
LP0011348,L00601,C00379,2024-06-28,2024-07-05,7807.02,7,Late
LP0011349,L00601,C00379,2024-07-28,2024-08-05,7598.12,8,Late
LP0011350,L00601,C00379,2024-08-28,2024-08-28,8030.31,0,Paid
LP0011351,L00601,C00379,2024-09-28,2024-10-05,7953.05,7,Late
LP0011352,L00601,C00379,2024-10-28,2024-11-05,7868.07,8,Late
LP0011353,L00601,C00379,2024-11-28,2024-12-06,7630.01,8,Late
LP0011354,L00601,C00379,2024-12-28,2025-01-06,7910.26,9,Late
LP0011355,L00601,C00379,2025-01-28,2025-02-05,7949.5,8,Late
LP0011356,L00601,C00379,2025-02-28,2025-03-07,8016.18,7,Late
LP0011357,L00601,C00379,2025-03-28,2025-04-03,7990.45,6,Late
LP0011358,L00602,C00059,2026-01-28,2026-02-03,65012.21,6,Late
LP0011359,L00602,C00059,2026-02-28,2026-03-08,64189.66,8,Late
LP0011360,L00602,C00059,2026-03-28,2026-03-31,66234.4,3,Paid
LP0011361,L00602,C00059,2026-04-28,2026-04-29,64716.71,1,Paid
LP0011362,L00602,C00059,2026-05-28,2026-05-28,65355.55,0,Paid
LP0011363,L00602,C00059,2026-06-28,2026-07-01,63904.31,3,Paid
LP0011364,L00602,C00059,2026-07-28,2026-08-05,63283.93,8,Late
LP0011365,L00602,C00059,2026-08-28,2026-08-30,64938.3,2,Paid
LP0011366,L00603,C00862,2022-05-28,2022-06-01,22977.62,4,Paid
LP0011367,L00603,C00862,2022-06-28,2022-06-28,22295.02,0,Paid
LP0011368,L00603,C00862,2022-07-28,2022-08-01,22221.57,4,Paid
LP0011369,L00603,C00862,2022-08-28,2022-09-01,22419.9,4,Paid
LP0011370,L00603,C00862,2022-09-28,2022-10-07,22462.32,9,Late
LP0011371,L00603,C00862,2022-10-28,2022-11-03,23466.26,6,Late
LP0011372,L00603,C00862,2022-11-28,2022-12-06,22970.72,8,Late
LP0011373,L00603,C00862,2022-12-28,2023-01-01,22802.39,4,Paid
LP0011374,L00603,C00862,2023-01-28,2023-01-31,22852.81,3,Paid
LP0011375,L00603,C00862,2023-02-28,2023-03-04,22486.88,4,Paid
LP0011376,L00603,C00862,2023-03-28,2023-04-02,23264.54,5,Paid
LP0011377,L00603,C00862,2023-04-28,2023-05-05,22390.71,7,Late
LP0011378,L00603,C00862,2023-05-28,2023-06-02,23135.56,5,Paid
LP0011379,L00603,C00862,2023-06-28,2023-06-28,22270.74,0,Paid
LP0011380,L00603,C00862,2023-07-28,2023-08-02,23202.63,5,Paid
LP0011381,L00603,C00862,2023-08-28,2023-09-07,23429.51,10,Late
LP0011382,L00603,C00862,2023-09-28,2023-10-06,22532.34,8,Late
LP0011383,L00603,C00862,2023-10-28,2023-11-03,22356.26,6,Late
LP0011384,L00603,C00862,2023-11-28,2023-11-28,22195.28,0,Paid
LP0011385,L00603,C00862,2023-12-28,2023-12-30,23297.6,2,Paid
LP0011386,L00603,C00862,2024-01-28,2024-01-28,22369.42,0,Paid
LP0011387,L00603,C00862,2024-02-28,2024-02-29,23397.47,1,Paid
LP0011388,L00603,C00862,2024-03-28,2024-04-06,22332.84,9,Late
LP0011389,L00603,C00862,2024-04-28,2024-05-08,22881.13,10,Late
LP0011390,L00604,C00167,2025-08-28,2025-09-03,6778.69,6,Late
LP0011391,L00604,C00167,2025-09-28,2025-09-29,6958.59,1,Paid
LP0011392,L00604,C00167,2025-10-28,2025-11-05,6901.64,8,Late
LP0011393,L00604,C00167,2025-11-28,2025-12-03,6905.24,5,Paid
LP0011394,L00604,C00167,2025-12-28,2025-12-28,6897.78,0,Paid
LP0011395,L00604,C00167,2026-01-28,2026-02-07,6980.6,10,Late
LP0011396,L00604,C00167,2026-02-28,2026-03-07,7107.77,7,Late
LP0011397,L00604,C00167,2026-03-28,2026-04-03,7144.25,6,Late
LP0011398,L00604,C00167,2026-04-28,2026-04-29,6879.08,1,Paid
LP0011399,L00604,C00167,2026-05-28,2026-06-03,7083.97,6,Late
LP0011400,L00604,C00167,2026-06-28,2026-06-30,6876.99,2,Paid
LP0011401,L00604,C00167,2026-07-28,2026-07-31,6925.47,3,Paid
LP0011402,L00604,C00167,2026-08-28,2026-09-04,7071.79,7,Late
LP0011403,L00605,C00378,2025-07-28,2025-07-28,50371.11,0,Paid
LP0011404,L00605,C00378,2025-08-28,2025-09-07,50193.58,10,Late
LP0011405,L00605,C00378,2025-09-28,2025-09-29,48176.47,1,Paid
LP0011406,L00605,C00378,2025-10-28,2025-11-05,48038.49,8,Late
LP0011407,L00605,C00378,2025-11-28,2025-12-08,50549.08,10,Late
LP0011408,L00605,C00378,2025-12-28,2026-01-07,50488.89,10,Late
LP0011409,L00605,C00378,2026-01-28,2026-02-01,49750.69,4,Paid
LP0011410,L00605,C00378,2026-02-28,2026-04-14,40913.47,45,Partial
LP0011411,L00605,C00378,2026-03-28,2026-05-19,49336.08,52,Partial
LP0011412,L00605,C00378,2026-04-28,2026-06-05,31268.77,38,Partial
LP0011413,L00605,C00378,2026-05-28,2026-06-17,43092.68,20,Partial
LP0011414,L00605,C00378,2026-06-28,2026-07-17,39130.09,19,Partial
LP0011415,L00606,C00016,2024-01-28,2024-01-28,33154.1,0,Paid
LP0011416,L00606,C00016,2024-02-28,2024-03-02,33312.65,3,Paid
LP0011417,L00606,C00016,2024-03-28,2024-04-02,33249.07,5,Paid
LP0011418,L00606,C00016,2024-04-28,2024-05-04,32875.8,6,Late
LP0011419,L00606,C00016,2024-05-28,2024-05-31,33422.71,3,Paid
LP0011420,L00606,C00016,2024-06-28,2024-07-02,32810.61,4,Paid
LP0011421,L00606,C00016,2024-07-28,2024-08-01,33523.03,4,Paid
LP0011422,L00606,C00016,2024-08-28,2024-09-06,32575.32,9,Late
LP0011423,L00606,C00016,2024-09-28,2024-09-28,32477.11,0,Paid
LP0011424,L00606,C00016,2024-10-28,2024-10-28,34280.28,0,Paid
LP0011425,L00606,C00016,2024-11-28,2024-11-30,32929.48,2,Paid
LP0011426,L00606,C00016,2024-12-28,2024-12-28,34259.24,0,Paid
LP0011427,L00606,C00016,2025-01-28,2025-01-29,34038.36,1,Paid
LP0011428,L00606,C00016,2025-02-28,2025-03-07,33353.57,7,Late
LP0011429,L00606,C00016,2025-03-28,2025-03-28,33207.0,0,Paid
LP0011430,L00606,C00016,2025-04-28,2025-05-04,34413.69,6,Late
LP0011431,L00606,C00016,2025-05-28,2025-05-30,33175.15,2,Paid
LP0011432,L00606,C00016,2025-06-28,2025-07-07,33169.57,9,Late
LP0011433,L00606,C00016,2025-07-28,2025-08-04,33517.74,7,Late
LP0011434,L00606,C00016,2025-08-28,2025-09-01,33024.91,4,Paid
LP0011435,L00606,C00016,2025-09-28,2025-09-29,32685.94,1,Paid
LP0011436,L00606,C00016,2025-10-28,2025-11-05,33049.6,8,Late
LP0011437,L00606,C00016,2025-11-28,2025-12-02,32776.83,4,Paid
LP0011438,L00606,C00016,2025-12-28,2026-01-04,34377.76,7,Late
LP0011439,L00607,C00262,2024-12-28,2024-12-30,29523.6,2,Paid
LP0011440,L00607,C00262,2025-01-28,2025-02-04,28246.64,7,Late
LP0011441,L00607,C00262,2025-02-28,2025-03-10,28066.11,10,Late
LP0011442,L00607,C00262,2025-03-28,2025-04-06,28251.3,9,Late
LP0011443,L00607,C00262,2025-04-28,2025-05-08,29086.29,10,Late
LP0011444,L00607,C00262,2025-05-28,2025-06-01,29500.88,4,Paid
LP0011445,L00607,C00262,2025-06-28,2025-07-05,28768.78,7,Late
LP0011446,L00607,C00262,2025-07-28,2025-08-06,29271.5,9,Late
LP0011447,L00607,C00262,2025-08-28,2025-09-07,27958.92,10,Late
LP0011448,L00607,C00262,2025-09-28,2025-10-04,28636.07,6,Late
LP0011449,L00607,C00262,2025-10-28,2025-11-03,27931.14,6,Late
LP0011450,L00607,C00262,2025-11-28,2025-12-04,28713.61,6,Late
LP0011451,L00608,C00293,2023-06-28,2023-07-02,50117.68,4,Paid
LP0011452,L00608,C00293,2023-07-28,2023-08-07,50383.19,10,Late
LP0011453,L00608,C00293,2023-08-28,2023-09-07,50086.96,10,Late
LP0011454,L00608,C00293,2023-09-28,2023-10-07,49643.34,9,Late
LP0011455,L00608,C00293,2023-10-28,2023-10-29,49742.75,1,Paid
LP0011456,L00608,C00293,2023-11-28,2023-12-04,50453.99,6,Late
LP0011457,L00608,C00293,2023-12-28,2024-01-05,49905.67,8,Late
LP0011458,L00608,C00293,2024-01-28,2024-01-30,49205.6,2,Paid
LP0011459,L00608,C00293,2024-02-28,2024-03-08,48782.53,9,Late
LP0011460,L00608,C00293,2024-03-28,2024-04-01,48906.49,4,Paid
LP0011461,L00608,C00293,2024-04-28,2024-05-03,47878.4,5,Paid
LP0011462,L00608,C00293,2024-05-28,2024-06-04,48577.37,7,Late
LP0011463,L00608,C00293,2024-06-28,2024-07-01,48448.44,3,Paid
LP0011464,L00608,C00293,2024-07-28,2024-07-28,49655.7,0,Paid
LP0011465,L00608,C00293,2024-08-28,2024-09-05,49280.14,8,Late
LP0011466,L00608,C00293,2024-09-28,2024-10-01,50400.25,3,Paid
LP0011467,L00608,C00293,2024-10-28,2024-11-05,48347.2,8,Late
LP0011468,L00608,C00293,2024-11-28,2024-12-02,50359.6,4,Paid
LP0011469,L00608,C00293,2024-12-28,2025-01-06,49487.52,9,Late
LP0011470,L00608,C00293,2025-01-28,2025-01-30,49338.24,2,Paid
LP0011471,L00608,C00293,2025-02-28,2025-03-04,49690.04,4,Paid
LP0011472,L00608,C00293,2025-03-28,2025-04-07,49838.74,10,Late
LP0011473,L00608,C00293,2025-04-28,2025-05-02,48775.29,4,Paid
LP0011474,L00608,C00293,2025-05-28,2025-06-01,50664.14,4,Paid
LP0011475,L00609,C00070,2022-03-28,2022-04-03,3181.02,6,Late
LP0011476,L00609,C00070,2022-04-28,2022-05-08,3071.96,10,Late
LP0011477,L00609,C00070,2022-05-28,2022-06-01,3106.75,4,Paid
LP0011478,L00609,C00070,2022-06-28,2022-07-07,3097.9,9,Late
LP0011479,L00609,C00070,2022-07-28,2022-08-02,3122.93,5,Paid
LP0011480,L00609,C00070,2022-08-28,2022-08-31,3035.39,3,Paid
LP0011481,L00609,C00070,2022-09-28,2022-09-28,3030.12,0,Paid
LP0011482,L00609,C00070,2022-10-28,2022-11-02,3040.71,5,Paid
LP0011483,L00609,C00070,2022-11-28,2022-11-30,3151.22,2,Paid
LP0011484,L00609,C00070,2022-12-28,2023-01-07,3116.11,10,Late
LP0011485,L00609,C00070,2023-01-28,2023-02-02,3181.81,5,Paid
LP0011486,L00609,C00070,2023-02-28,2023-03-09,3083.32,9,Late
LP0011487,L00609,C00070,2023-03-28,2023-04-05,3116.37,8,Late
LP0011488,L00609,C00070,2023-04-28,2023-04-30,3053.46,2,Paid
LP0011489,L00609,C00070,2023-05-28,2023-06-05,3115.3,8,Late
LP0011490,L00609,C00070,2023-06-28,2023-07-04,3023.17,6,Late
LP0011491,L00609,C00070,2023-07-28,2023-08-07,3120.13,10,Late
LP0011492,L00609,C00070,2023-08-28,2023-08-30,3060.32,2,Paid
LP0011493,L00609,C00070,2023-09-28,2023-10-01,3192.18,3,Paid
LP0011494,L00609,C00070,2023-10-28,2023-10-29,3030.33,1,Paid
LP0011495,L00609,C00070,2023-11-28,2023-12-08,3126.29,10,Late
LP0011496,L00609,C00070,2023-12-28,2023-12-30,3049.21,2,Paid
LP0011497,L00609,C00070,2024-01-28,2024-02-01,3124.37,4,Paid
LP0011498,L00609,C00070,2024-02-28,2024-03-03,3084.47,4,Paid
LP0011499,L00610,C00723,2024-06-28,2024-06-28,10163.17,0,Paid
LP0011500,L00610,C00723,2024-07-28,2024-08-04,10283.01,7,Late
LP0011501,L00610,C00723,2024-08-28,2024-09-07,10097.19,10,Late
LP0011502,L00610,C00723,2024-09-28,2024-09-29,10650.22,1,Paid
LP0011503,L00610,C00723,2024-10-28,2024-11-07,10166.62,10,Late
LP0011504,L00610,C00723,2024-11-28,2024-11-30,10206.09,2,Paid
LP0011505,L00610,C00723,2024-12-28,2024-12-28,10560.67,0,Paid
LP0011506,L00610,C00723,2025-01-28,2025-01-31,10068.6,3,Paid
LP0011507,L00610,C00723,2025-02-28,2025-03-01,10214.99,1,Paid
LP0011508,L00610,C00723,2025-03-28,2025-04-01,10145.46,4,Paid
LP0011509,L00610,C00723,2025-04-28,2025-05-01,10305.85,3,Paid
LP0011510,L00610,C00723,2025-05-28,2025-06-04,10623.03,7,Late
LP0011511,L00611,C00660,2024-10-28,2024-11-02,62756.18,5,Paid
LP0011512,L00611,C00660,2024-11-28,2024-12-03,63436.61,5,Paid
LP0011513,L00611,C00660,2024-12-28,2024-12-29,63941.44,1,Paid
LP0011514,L00611,C00660,2025-01-28,2025-02-04,63050.68,7,Late
LP0011515,L00611,C00660,2025-02-28,2025-03-03,63043.21,3,Paid
LP0011516,L00611,C00660,2025-03-28,2025-03-31,60239.72,3,Paid
LP0011517,L00611,C00660,2025-04-28,2025-05-04,61482.51,6,Late
LP0011518,L00611,C00660,2025-05-28,2025-06-01,63353.68,4,Paid
LP0011519,L00611,C00660,2025-06-28,2025-07-05,61681.45,7,Late
LP0011520,L00611,C00660,2025-07-28,2025-08-04,62197.68,7,Late
LP0011521,L00611,C00660,2025-08-28,2025-09-02,62964.95,5,Paid
LP0011522,L00611,C00660,2025-09-28,2025-09-29,61787.99,1,Paid
LP0011523,L00611,C00660,2025-10-28,2025-11-02,61471.59,5,Paid
LP0011524,L00611,C00660,2025-11-28,2025-12-08,63679.12,10,Late
LP0011525,L00611,C00660,2025-12-28,2026-01-04,60761.18,7,Late
LP0011526,L00611,C00660,2026-01-28,2026-02-05,61662.04,8,Late
LP0011527,L00611,C00660,2026-02-28,2026-03-02,60505.98,2,Paid
LP0011528,L00611,C00660,2026-03-28,2026-03-31,61838.16,3,Paid
LP0011529,L00611,C00660,2026-04-28,2026-04-29,62009.5,1,Paid
LP0011530,L00611,C00660,2026-05-28,2026-05-29,61353.3,1,Paid
LP0011531,L00611,C00660,2026-06-28,2026-07-05,63615.0,7,Late
LP0011532,L00611,C00660,2026-07-28,2026-07-30,63498.65,2,Paid
LP0011533,L00611,C00660,2026-08-28,2026-08-30,63259.11,2,Paid
LP0011534,L00612,C00503,2025-03-28,2025-03-30,16438.79,2,Paid
LP0011535,L00612,C00503,2025-04-28,2025-05-02,16167.63,4,Paid
LP0011536,L00612,C00503,2025-05-28,2025-05-29,16396.56,1,Paid
LP0011537,L00612,C00503,2025-06-28,2025-07-03,15923.32,5,Paid
LP0011538,L00612,C00503,2025-07-28,2025-08-01,16620.32,4,Paid
LP0011539,L00612,C00503,2025-08-28,2025-08-29,16379.9,1,Paid
LP0011540,L00612,C00503,2025-09-28,2025-09-28,16609.81,0,Paid
LP0011541,L00612,C00503,2025-10-28,2025-11-01,16682.22,4,Paid
LP0011542,L00612,C00503,2025-11-28,2025-11-28,16352.25,0,Paid
LP0011543,L00612,C00503,2025-12-28,2025-12-31,16350.98,3,Paid
LP0011544,L00612,C00503,2026-01-28,2026-02-22,13110.92,25,Partial
LP0011545,L00612,C00503,2026-02-28,2026-04-23,15318.71,54,Partial
LP0011546,L00612,C00503,2026-03-28,2026-05-19,13851.38,52,Partial
LP0011547,L00612,C00503,2026-04-28,2026-06-19,13194.05,52,Partial
LP0011548,L00612,C00503,2026-05-28,2026-07-18,11645.49,51,Partial
LP0011549,L00612,C00503,2026-06-28,,0,43,Missed
LP0011550,L00612,C00503,2026-07-28,2026-09-23,8346.78,57,Partial
LP0011551,L00612,C00503,2026-08-28,2026-10-03,14219.21,36,Partial
LP0011552,L00613,C00209,2025-07-28,2025-08-04,58334.83,7,Late
LP0011553,L00613,C00209,2025-08-28,2025-09-06,58410.97,9,Late
LP0011554,L00613,C00209,2025-09-28,2025-09-29,56674.41,1,Paid
LP0011555,L00613,C00209,2025-10-28,2025-11-04,55461.82,7,Late
LP0011556,L00613,C00209,2025-11-28,2025-12-03,56713.02,5,Paid
LP0011557,L00613,C00209,2025-12-28,2025-12-28,57539.58,0,Paid
LP0011558,L00613,C00209,2026-01-28,2026-02-05,58304.42,8,Late
LP0011559,L00613,C00209,2026-02-28,2026-03-06,56913.52,6,Late
LP0011560,L00613,C00209,2026-03-28,2026-04-05,57059.4,8,Late
LP0011561,L00613,C00209,2026-04-28,2026-04-29,57730.77,1,Paid
LP0011562,L00613,C00209,2026-05-28,2026-06-05,55839.53,8,Late
LP0011563,L00613,C00209,2026-06-28,2026-07-01,58529.71,3,Paid
LP0011564,L00613,C00209,2026-07-28,2026-08-02,55730.4,5,Paid
LP0011565,L00613,C00209,2026-08-28,2026-09-05,56481.85,8,Late
LP0011566,L00614,C00365,2025-12-28,2026-01-06,65982.93,9,Late
LP0011567,L00614,C00365,2026-01-28,2026-01-28,65049.52,0,Paid
LP0011568,L00614,C00365,2026-02-28,2026-03-05,68583.67,5,Paid
LP0011569,L00614,C00365,2026-03-28,2026-04-01,68526.24,4,Paid
LP0011570,L00614,C00365,2026-04-28,2026-04-29,67455.88,1,Paid
LP0011571,L00614,C00365,2026-05-28,2026-05-28,66383.87,0,Paid
LP0011572,L00614,C00365,2026-06-28,2026-07-07,67019.41,9,Late
LP0011573,L00614,C00365,2026-07-28,2026-07-29,65208.61,1,Paid
LP0011574,L00614,C00365,2026-08-28,2026-09-05,67353.88,8,Late
LP0011575,L00615,C00149,2022-10-28,2022-10-29,14983.31,1,Paid
LP0011576,L00615,C00149,2022-11-28,2022-12-05,15529.92,7,Late
LP0011577,L00615,C00149,2022-12-28,2023-01-05,15082.38,8,Late
LP0011578,L00615,C00149,2023-01-28,2023-02-01,15101.75,4,Paid
LP0011579,L00615,C00149,2023-02-28,2023-02-28,15145.37,0,Paid
LP0011580,L00615,C00149,2023-03-28,2023-04-02,14744.45,5,Paid
LP0011581,L00615,C00149,2023-04-28,2023-05-02,15195.46,4,Paid
LP0011582,L00615,C00149,2023-05-28,2023-06-03,15421.44,6,Late
LP0011583,L00615,C00149,2023-06-28,2023-07-05,14977.87,7,Late
LP0011584,L00615,C00149,2023-07-28,2023-08-07,14729.42,10,Late
LP0011585,L00615,C00149,2023-08-28,2023-09-03,15156.1,6,Late
LP0011586,L00615,C00149,2023-09-28,2023-10-02,14660.75,4,Paid
LP0011587,L00615,C00149,2023-10-28,2023-10-31,14723.74,3,Paid
LP0011588,L00615,C00149,2023-11-28,2023-12-01,15327.61,3,Paid
LP0011589,L00615,C00149,2023-12-28,2024-01-01,15511.81,4,Paid
LP0011590,L00615,C00149,2024-01-28,2024-02-07,14987.35,10,Late
LP0011591,L00615,C00149,2024-02-28,2024-03-02,15193.85,3,Paid
LP0011592,L00615,C00149,2024-03-28,2024-04-07,14985.22,10,Late
LP0011593,L00615,C00149,2024-04-28,2024-05-07,14950.32,9,Late
LP0011594,L00615,C00149,2024-05-28,2024-05-29,15513.13,1,Paid
LP0011595,L00615,C00149,2024-06-28,2024-07-08,15213.07,10,Late
LP0011596,L00615,C00149,2024-07-28,2024-08-02,15058.89,5,Paid
LP0011597,L00615,C00149,2024-08-28,2024-08-28,14735.03,0,Paid
LP0011598,L00615,C00149,2024-09-28,2024-10-06,15525.17,8,Late
LP0011599,L00616,C00429,2025-02-28,2025-03-05,99360.24,5,Paid
LP0011600,L00616,C00429,2025-03-28,2025-03-30,99988.48,2,Paid
LP0011601,L00616,C00429,2025-04-28,2025-05-02,104372.23,4,Paid
LP0011602,L00616,C00429,2025-05-28,2025-05-28,100023.91,0,Paid
LP0011603,L00616,C00429,2025-06-28,2025-07-06,103611.52,8,Late
LP0011604,L00616,C00429,2025-07-28,2025-08-05,102717.28,8,Late
LP0011605,L00616,C00429,2025-08-28,2025-08-31,99228.74,3,Paid
LP0011606,L00616,C00429,2025-09-28,,0,67,Missed
LP0011607,L00616,C00429,2025-10-28,,0,36,Missed
LP0011608,L00616,C00429,2025-11-28,,0,80,Missed
LP0011609,L00616,C00429,2025-12-28,2026-02-17,72560.43,51,Partial
LP0011610,L00616,C00429,2026-01-28,,0,102,Missed
LP0011611,L00617,C00536,2022-02-28,2022-03-05,3804.55,5,Paid
LP0011612,L00617,C00536,2022-03-28,2022-04-03,3796.44,6,Late
LP0011613,L00617,C00536,2022-04-28,2022-04-28,3925.69,0,Paid
LP0011614,L00617,C00536,2022-05-28,2022-06-05,3956.42,8,Late
LP0011615,L00617,C00536,2022-06-28,2022-07-01,3799.49,3,Paid
LP0011616,L00617,C00536,2022-07-28,2022-08-04,3787.44,7,Late
LP0011617,L00617,C00536,2022-08-28,2022-08-30,3942.68,2,Paid
LP0011618,L00617,C00536,2022-09-28,2022-09-28,3857.88,0,Paid
LP0011619,L00617,C00536,2022-10-28,2022-11-04,3843.03,7,Late
LP0011620,L00617,C00536,2022-11-28,2022-12-02,3962.02,4,Paid
LP0011621,L00617,C00536,2022-12-28,2023-01-07,3760.83,10,Late
LP0011622,L00617,C00536,2023-01-28,2023-02-06,3873.05,9,Late
LP0011623,L00617,C00536,2023-02-28,2023-02-28,3813.26,0,Paid
LP0011624,L00617,C00536,2023-03-28,2023-04-28,2852.19,31,Partial
LP0011625,L00617,C00536,2023-04-28,2023-05-16,3536.61,18,Partial
LP0011626,L00617,C00536,2023-05-28,2023-06-12,2937.15,15,Partial
LP0011627,L00617,C00536,2023-06-28,2023-07-29,2205.51,31,Partial
LP0011628,L00617,C00536,2023-07-28,,0,86,Missed
LP0011629,L00617,C00536,2023-08-28,,0,104,Missed
LP0011630,L00617,C00536,2023-09-28,2023-10-21,3067.55,23,Partial
LP0011631,L00617,C00536,2023-10-28,2023-12-19,3418.14,52,Partial
LP0011632,L00617,C00536,2023-11-28,,0,57,Missed
LP0011633,L00617,C00536,2023-12-28,2024-01-13,2949.78,16,Partial
LP0011634,L00617,C00536,2024-01-28,,0,87,Missed
LP0011635,L00618,C00171,2022-09-28,2022-09-30,43256.76,2,Paid
LP0011636,L00618,C00171,2022-10-28,2022-11-05,45760.13,8,Late
LP0011637,L00618,C00171,2022-11-28,2022-12-06,45153.31,8,Late
LP0011638,L00618,C00171,2022-12-28,2022-12-31,44799.84,3,Paid
LP0011639,L00618,C00171,2023-01-28,2023-02-06,45711.29,9,Late
LP0011640,L00618,C00171,2023-02-28,2023-03-07,43259.89,7,Late
LP0011641,L00618,C00171,2023-03-28,2023-04-05,45771.29,8,Late
LP0011642,L00618,C00171,2023-04-28,2023-05-05,44526.39,7,Late
LP0011643,L00618,C00171,2023-05-28,2023-05-29,44098.1,1,Paid
LP0011644,L00618,C00171,2023-06-28,2023-06-30,45642.85,2,Paid
LP0011645,L00618,C00171,2023-07-28,2023-08-01,45088.31,4,Paid
LP0011646,L00618,C00171,2023-08-28,2023-09-01,44011.52,4,Paid
LP0011647,L00618,C00171,2023-09-28,2023-09-29,43371.52,1,Paid
LP0011648,L00618,C00171,2023-10-28,2023-10-30,44913.11,2,Paid
LP0011649,L00618,C00171,2023-11-28,2023-12-01,45423.09,3,Paid
LP0011650,L00618,C00171,2023-12-28,2023-12-29,43310.56,1,Paid
LP0011651,L00618,C00171,2024-01-28,2024-01-31,45918.83,3,Paid
LP0011652,L00618,C00171,2024-02-28,2024-03-06,45000.05,7,Late
LP0011653,L00618,C00171,2024-03-28,2024-04-01,45438.08,4,Paid
LP0011654,L00618,C00171,2024-04-28,2024-04-28,44827.61,0,Paid
LP0011655,L00618,C00171,2024-05-28,2024-06-02,45454.41,5,Paid
LP0011656,L00618,C00171,2024-06-28,2024-07-08,45215.23,10,Late
LP0011657,L00618,C00171,2024-07-28,2024-07-30,44582.09,2,Paid
LP0011658,L00618,C00171,2024-08-28,2024-09-06,44630.29,9,Late
LP0011659,L00619,C00014,2024-06-28,2024-06-29,137422.25,1,Paid
LP0011660,L00619,C00014,2024-07-28,2024-08-05,138744.28,8,Late
LP0011661,L00619,C00014,2024-08-28,2024-09-05,132277.16,8,Late
LP0011662,L00619,C00014,2024-09-28,2024-10-02,133315.93,4,Paid
LP0011663,L00619,C00014,2024-10-28,2024-11-04,132635.8,7,Late
LP0011664,L00619,C00014,2024-11-28,2024-12-06,138160.73,8,Late
LP0011665,L00619,C00014,2024-12-28,2025-01-07,133553.62,10,Late
LP0011666,L00619,C00014,2025-01-28,2025-01-28,139383.59,0,Paid
LP0011667,L00619,C00014,2025-02-28,2025-03-04,134597.3,4,Paid
LP0011668,L00619,C00014,2025-03-28,2025-04-05,132859.0,8,Late
LP0011669,L00619,C00014,2025-04-28,2025-05-05,136974.92,7,Late
LP0011670,L00619,C00014,2025-05-28,2025-06-07,139023.59,10,Late
LP0011671,L00620,C00510,2022-01-28,2022-02-05,5812.53,8,Late
LP0011672,L00620,C00510,2022-02-28,2022-03-06,5712.95,6,Late
LP0011673,L00620,C00510,2022-03-28,2022-04-05,5568.58,8,Late
LP0011674,L00620,C00510,2022-04-28,2022-05-05,5631.35,7,Late
LP0011675,L00620,C00510,2022-05-28,2022-06-05,5768.2,8,Late
LP0011676,L00620,C00510,2022-06-28,2022-07-02,5677.97,4,Paid
LP0011677,L00620,C00510,2022-07-28,2022-08-04,5623.86,7,Late
LP0011678,L00620,C00510,2022-08-28,2022-08-30,5593.89,2,Paid
LP0011679,L00620,C00510,2022-09-28,2022-09-30,5806.23,2,Paid
LP0011680,L00620,C00510,2022-10-28,2022-11-03,5867.72,6,Late
LP0011681,L00620,C00510,2022-11-28,2022-12-02,5591.96,4,Paid
LP0011682,L00620,C00510,2022-12-28,2023-01-02,5538.28,5,Paid
LP0011683,L00620,C00510,2023-01-28,2023-02-03,5630.84,6,Late
LP0011684,L00620,C00510,2023-02-28,2023-03-07,5567.48,7,Late
LP0011685,L00620,C00510,2023-03-28,2023-04-04,5635.65,7,Late
LP0011686,L00620,C00510,2023-04-28,2023-05-04,5659.32,6,Late
LP0011687,L00620,C00510,2023-05-28,2023-06-05,5721.99,8,Late
LP0011688,L00620,C00510,2023-06-28,2023-07-02,5848.58,4,Paid
LP0011689,L00620,C00510,2023-07-28,2023-08-03,5684.54,6,Late
LP0011690,L00620,C00510,2023-08-28,2023-08-29,5847.8,1,Paid
LP0011691,L00620,C00510,2023-09-28,2023-10-02,5653.54,4,Paid
LP0011692,L00620,C00510,2023-10-28,2023-10-29,5559.46,1,Paid
LP0011693,L00620,C00510,2023-11-28,2023-12-08,5548.37,10,Late
LP0011694,L00620,C00510,2023-12-28,2023-12-29,5589.18,1,Paid
LP0011695,L00621,C00559,2025-11-28,2025-12-08,19270.88,10,Late
LP0011696,L00621,C00559,2025-12-28,2025-12-29,19931.41,1,Paid
LP0011697,L00621,C00559,2026-01-28,2026-01-29,19072.44,1,Paid
LP0011698,L00621,C00559,2026-02-28,2026-03-06,19015.64,6,Late
LP0011699,L00621,C00559,2026-03-28,2026-04-03,19163.15,6,Late
LP0011700,L00621,C00559,2026-04-28,2026-04-29,18980.7,1,Paid
LP0011701,L00621,C00559,2026-05-28,2026-06-03,19669.41,6,Late
LP0011702,L00621,C00559,2026-06-28,2026-06-30,19432.92,2,Paid
LP0011703,L00621,C00559,2026-07-28,2026-07-30,19062.04,2,Paid
LP0011704,L00621,C00559,2026-08-28,2026-09-05,19271.77,8,Late
LP0011705,L00622,C00651,2024-03-28,2024-03-30,5173.01,2,Paid
LP0011706,L00622,C00651,2024-04-28,2024-04-30,4963.62,2,Paid
LP0011707,L00622,C00651,2024-05-28,2024-05-31,4970.44,3,Paid
LP0011708,L00622,C00651,2024-06-28,2024-07-02,4969.93,4,Paid
LP0011709,L00622,C00651,2024-07-28,2024-07-28,5230.21,0,Paid
LP0011710,L00622,C00651,2024-08-28,2024-08-30,5035.28,2,Paid
LP0011711,L00622,C00651,2024-09-28,2024-10-01,5004.9,3,Paid
LP0011712,L00622,C00651,2024-10-28,2024-11-02,5177.88,5,Paid
LP0011713,L00622,C00651,2024-11-28,2024-12-02,4950.48,4,Paid
LP0011714,L00622,C00651,2024-12-28,2025-01-02,5193.29,5,Paid
LP0011715,L00622,C00651,2025-01-28,2025-02-05,5164.08,8,Late
LP0011716,L00622,C00651,2025-02-28,2025-03-04,4994.51,4,Paid
LP0011717,L00622,C00651,2025-03-28,2025-04-06,5196.68,9,Late
LP0011718,L00622,C00651,2025-04-28,2025-04-29,5165.92,1,Paid
LP0011719,L00622,C00651,2025-05-28,2025-06-04,5002.11,7,Late
LP0011720,L00622,C00651,2025-06-28,2025-07-02,5191.44,4,Paid
LP0011721,L00622,C00651,2025-07-28,2025-08-04,5226.98,7,Late
LP0011722,L00622,C00651,2025-08-28,2025-08-30,5195.25,2,Paid
LP0011723,L00622,C00651,2025-09-28,2025-10-08,5013.06,10,Late
LP0011724,L00622,C00651,2025-10-28,2025-11-05,5212.9,8,Late
LP0011725,L00622,C00651,2025-11-28,2025-12-07,5099.44,9,Late
LP0011726,L00622,C00651,2025-12-28,2026-01-03,5229.13,6,Late
LP0011727,L00622,C00651,2026-01-28,2026-02-01,5030.99,4,Paid
LP0011728,L00622,C00651,2026-02-28,2026-03-02,4954.49,2,Paid
LP0011729,L00623,C00844,2022-05-28,2022-06-04,4638.43,7,Late
LP0011730,L00623,C00844,2022-06-28,2022-07-02,4765.28,4,Paid
LP0011731,L00623,C00844,2022-07-28,2022-08-04,4579.67,7,Late
LP0011732,L00623,C00844,2022-08-28,2022-09-06,4580.48,9,Late
LP0011733,L00623,C00844,2022-09-28,2022-10-04,4750.69,6,Late
LP0011734,L00623,C00844,2022-10-28,2022-10-31,4638.4,3,Paid
LP0011735,L00623,C00844,2022-11-28,2022-11-30,4799.54,2,Paid
LP0011736,L00623,C00844,2022-12-28,2022-12-29,4630.7,1,Paid
LP0011737,L00623,C00844,2023-01-28,2023-01-29,4586.99,1,Paid
LP0011738,L00623,C00844,2023-02-28,2023-02-28,4689.72,0,Paid
LP0011739,L00623,C00844,2023-03-28,2023-04-05,4777.09,8,Late
LP0011740,L00623,C00844,2023-04-28,2023-05-01,4831.31,3,Paid
LP0011741,L00623,C00844,2023-05-28,2023-06-07,4666.28,10,Late
LP0011742,L00623,C00844,2023-06-28,2023-07-02,4727.5,4,Paid
LP0011743,L00623,C00844,2023-07-28,2023-08-06,4561.82,9,Late
LP0011744,L00623,C00844,2023-08-28,2023-08-28,4613.05,0,Paid
LP0011745,L00623,C00844,2023-09-28,2023-10-01,4798.35,3,Paid
LP0011746,L00623,C00844,2023-10-28,2023-11-01,4607.77,4,Paid
LP0011747,L00623,C00844,2023-11-28,2023-11-29,4798.85,1,Paid
LP0011748,L00623,C00844,2023-12-28,2023-12-31,4764.07,3,Paid
LP0011749,L00623,C00844,2024-01-28,2024-01-30,4642.94,2,Paid
LP0011750,L00623,C00844,2024-02-28,2024-02-28,4676.34,0,Paid
LP0011751,L00623,C00844,2024-03-28,2024-04-01,4746.67,4,Paid
LP0011752,L00623,C00844,2024-04-28,2024-05-07,4596.7,9,Late
LP0011753,L00624,C00506,2022-09-28,2022-09-30,61283.52,2,Paid
LP0011754,L00624,C00506,2022-10-28,2022-11-04,63082.5,7,Late
LP0011755,L00624,C00506,2022-11-28,2022-11-29,61679.89,1,Paid
LP0011756,L00624,C00506,2022-12-28,2023-01-01,60298.14,4,Paid
LP0011757,L00624,C00506,2023-01-28,2023-01-28,61155.63,0,Paid
LP0011758,L00624,C00506,2023-02-28,2023-03-08,63481.57,8,Late
LP0011759,L00624,C00506,2023-03-28,2023-04-06,61452.65,9,Late
LP0011760,L00624,C00506,2023-04-28,2023-04-30,61094.03,2,Paid
LP0011761,L00624,C00506,2023-05-28,2023-06-01,60939.68,4,Paid
LP0011762,L00624,C00506,2023-06-28,2023-07-02,63039.1,4,Paid
LP0011763,L00624,C00506,2023-07-28,2023-08-02,61708.76,5,Paid
LP0011764,L00624,C00506,2023-08-28,2023-09-03,63521.78,6,Late
LP0011765,L00624,C00506,2023-09-28,2023-10-01,62357.96,3,Paid
LP0011766,L00624,C00506,2023-10-28,2023-10-29,63140.01,1,Paid
LP0011767,L00624,C00506,2023-11-28,2023-11-28,63239.87,0,Paid
LP0011768,L00624,C00506,2023-12-28,2023-12-30,62836.09,2,Paid
LP0011769,L00624,C00506,2024-01-28,2024-01-28,61547.89,0,Paid
LP0011770,L00624,C00506,2024-02-28,2024-03-02,61429.66,3,Paid
LP0011771,L00624,C00506,2024-03-28,2024-04-04,61440.16,7,Late
LP0011772,L00624,C00506,2024-04-28,2024-05-07,62391.12,9,Late
LP0011773,L00624,C00506,2024-05-28,2024-06-04,62417.78,7,Late
LP0011774,L00624,C00506,2024-06-28,2024-07-07,61852.48,9,Late
LP0011775,L00624,C00506,2024-07-28,2024-08-03,61826.47,6,Late
LP0011776,L00624,C00506,2024-08-28,2024-09-03,61156.18,6,Late
LP0011777,L00625,C00785,2023-02-28,2023-03-10,38190.51,10,Late
LP0011778,L00625,C00785,2023-03-28,2023-04-03,38132.23,6,Late
LP0011779,L00625,C00785,2023-04-28,2023-05-05,39070.72,7,Late
LP0011780,L00625,C00785,2023-05-28,2023-06-06,38863.56,9,Late
LP0011781,L00625,C00785,2023-06-28,2023-07-01,37915.72,3,Paid
LP0011782,L00625,C00785,2023-07-28,2023-08-05,37456.37,8,Late
LP0011783,L00625,C00785,2023-08-28,2023-09-06,38978.63,9,Late
LP0011784,L00625,C00785,2023-09-28,2023-10-02,39312.75,4,Paid
LP0011785,L00625,C00785,2023-10-28,2023-10-31,37601.05,3,Paid
LP0011786,L00625,C00785,2023-11-28,2023-11-30,37590.4,2,Paid
LP0011787,L00625,C00785,2023-12-28,2024-01-03,39506.5,6,Late
LP0011788,L00625,C00785,2024-01-28,2024-02-01,38929.13,4,Paid
LP0011789,L00625,C00785,2024-02-28,2024-03-02,38834.36,3,Paid
LP0011790,L00625,C00785,2024-03-28,2024-04-07,37871.93,10,Late
LP0011791,L00625,C00785,2024-04-28,2024-05-02,38810.05,4,Paid
LP0011792,L00625,C00785,2024-05-28,2024-05-30,37495.06,2,Paid
LP0011793,L00625,C00785,2024-06-28,2024-07-04,37437.72,6,Late
LP0011794,L00625,C00785,2024-07-28,2024-07-28,37872.76,0,Paid
LP0011795,L00625,C00785,2024-08-28,2024-09-05,37660.03,8,Late
LP0011796,L00625,C00785,2024-09-28,2024-10-07,37317.58,9,Late
LP0011797,L00625,C00785,2024-10-28,2024-10-28,37988.56,0,Paid
LP0011798,L00625,C00785,2024-11-28,2024-12-06,37449.59,8,Late
LP0011799,L00625,C00785,2024-12-28,2025-01-06,39421.15,9,Late
LP0011800,L00625,C00785,2025-01-28,2025-01-31,38191.42,3,Paid
LP0011801,L00626,C00507,2025-09-28,2025-09-29,80012.8,1,Paid
LP0011802,L00626,C00507,2025-10-28,2025-11-03,79151.02,6,Late
LP0011803,L00626,C00507,2025-11-28,2025-12-03,79217.71,5,Paid
LP0011804,L00626,C00507,2025-12-28,2025-12-29,78941.53,1,Paid
LP0011805,L00626,C00507,2026-01-28,2026-01-31,78678.5,3,Paid
LP0011806,L00626,C00507,2026-02-28,2026-03-05,77370.49,5,Paid
LP0011807,L00626,C00507,2026-03-28,2026-04-04,79129.28,7,Late
LP0011808,L00626,C00507,2026-04-28,2026-04-28,76575.86,0,Paid
LP0011809,L00626,C00507,2026-05-28,2026-06-04,81085.1,7,Late
LP0011810,L00626,C00507,2026-06-28,2026-07-01,80022.27,3,Paid
LP0011811,L00626,C00507,2026-07-28,2026-07-29,76484.46,1,Paid
LP0011812,L00626,C00507,2026-08-28,2026-08-28,78757.25,0,Paid
LP0011813,L00627,C00831,2026-04-28,2026-04-28,78822.62,0,Paid
LP0011814,L00627,C00831,2026-05-28,2026-06-06,75894.03,9,Late
LP0011815,L00627,C00831,2026-06-28,2026-07-08,78660.33,10,Late
LP0011816,L00627,C00831,2026-07-28,2026-07-31,78962.48,3,Paid
LP0011817,L00627,C00831,2026-08-28,2026-09-01,78520.58,4,Paid
LP0011818,L00628,C00108,2023-08-28,2023-09-02,36388.45,5,Paid
LP0011819,L00628,C00108,2023-09-28,2023-10-04,38321.67,6,Late
LP0011820,L00628,C00108,2023-10-28,2023-10-28,36418.69,0,Paid
LP0011821,L00628,C00108,2023-11-28,2023-12-07,38127.01,9,Late
LP0011822,L00628,C00108,2023-12-28,2023-12-30,38302.76,2,Paid
LP0011823,L00628,C00108,2024-01-28,2024-01-30,37676.36,2,Paid
LP0011824,L00628,C00108,2024-02-28,2024-02-28,37624.6,0,Paid
LP0011825,L00628,C00108,2024-03-28,2024-04-05,36881.0,8,Late
LP0011826,L00628,C00108,2024-04-28,2024-05-03,36143.28,5,Paid
LP0011827,L00628,C00108,2024-05-28,2024-05-31,38351.71,3,Paid
LP0011828,L00628,C00108,2024-06-28,2024-06-29,36461.42,1,Paid
LP0011829,L00628,C00108,2024-07-28,2024-07-29,36941.95,1,Paid
LP0011830,L00628,C00108,2024-08-28,2024-09-06,36935.04,9,Late
LP0011831,L00628,C00108,2024-09-28,2024-10-07,38026.6,9,Late
LP0011832,L00628,C00108,2024-10-28,2024-11-02,37412.79,5,Paid
LP0011833,L00628,C00108,2024-11-28,2024-11-30,38178.38,2,Paid
LP0011834,L00628,C00108,2024-12-28,2024-12-29,37495.66,1,Paid
LP0011835,L00628,C00108,2025-01-28,2025-02-04,36386.1,7,Late
LP0011836,L00628,C00108,2025-02-28,2025-03-06,36893.21,6,Late
LP0011837,L00628,C00108,2025-03-28,2025-03-31,36984.87,3,Paid
LP0011838,L00628,C00108,2025-04-28,2025-04-28,36401.46,0,Paid
LP0011839,L00628,C00108,2025-05-28,2025-05-29,36381.55,1,Paid
LP0011840,L00628,C00108,2025-06-28,2025-07-05,37852.3,7,Late
LP0011841,L00628,C00108,2025-07-28,2025-07-31,36427.74,3,Paid
LP0011842,L00629,C00189,2022-08-28,2022-08-28,4271.59,0,Paid
LP0011843,L00629,C00189,2022-09-28,2022-09-30,4277.49,2,Paid
LP0011844,L00629,C00189,2022-10-28,2022-10-31,4237.77,3,Paid
LP0011845,L00629,C00189,2022-11-28,2022-12-04,4119.42,6,Late
LP0011846,L00629,C00189,2022-12-28,2023-01-01,4169.33,4,Paid
LP0011847,L00629,C00189,2023-01-28,2023-02-06,4132.19,9,Late
LP0011848,L00629,C00189,2023-02-28,2023-03-09,4141.05,9,Late
LP0011849,L00629,C00189,2023-03-28,2023-03-29,4267.46,1,Paid
LP0011850,L00629,C00189,2023-04-28,2023-05-03,4120.05,5,Paid
LP0011851,L00629,C00189,2023-05-28,2023-06-05,4132.07,8,Late
LP0011852,L00629,C00189,2023-06-28,2023-06-29,4126.7,1,Paid
LP0011853,L00629,C00189,2023-07-28,2023-08-01,4329.16,4,Paid
LP0011854,L00629,C00189,2023-08-28,2023-09-03,4241.77,6,Late
LP0011855,L00629,C00189,2023-09-28,2023-09-30,4197.71,2,Paid
LP0011856,L00629,C00189,2023-10-28,2023-10-29,4226.69,1,Paid
LP0011857,L00629,C00189,2023-11-28,2023-12-05,4105.14,7,Late
LP0011858,L00629,C00189,2023-12-28,2023-12-29,4196.57,1,Paid
LP0011859,L00629,C00189,2024-01-28,2024-02-05,4312.71,8,Late
LP0011860,L00629,C00189,2024-02-28,2024-03-03,4190.28,4,Paid
LP0011861,L00629,C00189,2024-03-28,2024-03-31,4193.43,3,Paid
LP0011862,L00629,C00189,2024-04-28,2024-05-08,4249.63,10,Late
LP0011863,L00629,C00189,2024-05-28,2024-06-03,4336.62,6,Late
LP0011864,L00629,C00189,2024-06-28,2024-07-01,4123.79,3,Paid
LP0011865,L00629,C00189,2024-07-28,2024-08-07,4128.67,10,Late
LP0011866,L00630,C00383,2022-05-28,2022-05-29,8066.36,1,Paid
LP0011867,L00630,C00383,2022-06-28,2022-06-29,8444.49,1,Paid
LP0011868,L00630,C00383,2022-07-28,2022-07-30,8119.29,2,Paid
LP0011869,L00630,C00383,2022-08-28,2022-09-01,8315.46,4,Paid
LP0011870,L00630,C00383,2022-09-28,2022-10-04,8153.42,6,Late
LP0011871,L00630,C00383,2022-10-28,2022-11-03,8029.52,6,Late
LP0011872,L00630,C00383,2022-11-28,2022-12-07,8021.2,9,Late
LP0011873,L00630,C00383,2022-12-28,2022-12-31,8420.75,3,Paid
LP0011874,L00630,C00383,2023-01-28,2023-02-03,8445.79,6,Late
LP0011875,L00630,C00383,2023-02-28,2023-03-01,8131.26,1,Paid
LP0011876,L00630,C00383,2023-03-28,2023-04-06,8102.37,9,Late
LP0011877,L00630,C00383,2023-04-28,2023-05-02,7973.51,4,Paid
LP0011878,L00630,C00383,2023-05-28,2023-06-03,7967.47,6,Late
LP0011879,L00630,C00383,2023-06-28,2023-07-02,8172.89,4,Paid
LP0011880,L00630,C00383,2023-07-28,2023-07-29,8309.12,1,Paid
LP0011881,L00630,C00383,2023-08-28,2023-08-28,8135.5,0,Paid
LP0011882,L00630,C00383,2023-09-28,2023-10-06,8102.0,8,Late
LP0011883,L00630,C00383,2023-10-28,2023-11-05,8105.03,8,Late
LP0011884,L00630,C00383,2023-11-28,2023-12-05,8149.82,7,Late
LP0011885,L00630,C00383,2023-12-28,2024-01-06,8064.98,9,Late
LP0011886,L00630,C00383,2024-01-28,2024-01-28,7980.1,0,Paid
LP0011887,L00630,C00383,2024-02-28,2024-03-03,8220.51,4,Paid
LP0011888,L00630,C00383,2024-03-28,2024-03-31,8385.39,3,Paid
LP0011889,L00630,C00383,2024-04-28,2024-05-01,8148.44,3,Paid
LP0011890,L00631,C00614,2024-07-28,2024-07-31,14362.61,3,Paid
LP0011891,L00631,C00614,2024-08-28,2024-08-31,14355.46,3,Paid
LP0011892,L00631,C00614,2024-09-28,2024-10-07,13787.87,9,Late
LP0011893,L00631,C00614,2024-10-28,2024-11-04,13850.61,7,Late
LP0011894,L00631,C00614,2024-11-28,2024-12-06,13581.64,8,Late
LP0011895,L00631,C00614,2024-12-28,2024-12-28,13932.97,0,Paid
LP0011896,L00631,C00614,2025-01-28,2025-02-02,13881.12,5,Paid
LP0011897,L00631,C00614,2025-02-28,2025-03-08,13676.03,8,Late
LP0011898,L00631,C00614,2025-03-28,2025-04-02,13775.78,5,Paid
LP0011899,L00631,C00614,2025-04-28,2025-05-01,13981.53,3,Paid
LP0011900,L00631,C00614,2025-05-28,2025-06-05,14182.6,8,Late
LP0011901,L00631,C00614,2025-06-28,2025-07-04,13630.97,6,Late
LP0011902,L00631,C00614,2025-07-28,2025-07-31,14304.85,3,Paid
LP0011903,L00631,C00614,2025-08-28,2025-09-07,13842.41,10,Late
LP0011904,L00631,C00614,2025-09-28,2025-10-06,13964.95,8,Late
LP0011905,L00631,C00614,2025-10-28,2025-10-28,14330.59,0,Paid
LP0011906,L00631,C00614,2025-11-28,2025-11-28,13958.91,0,Paid
LP0011907,L00631,C00614,2025-12-28,2025-12-31,13592.14,3,Paid
LP0011908,L00631,C00614,2026-01-28,2026-02-06,13608.85,9,Late
LP0011909,L00631,C00614,2026-02-28,2026-03-02,14031.31,2,Paid
LP0011910,L00631,C00614,2026-03-28,2026-04-07,14121.21,10,Late
LP0011911,L00631,C00614,2026-04-28,2026-05-03,13880.99,5,Paid
LP0011912,L00631,C00614,2026-05-28,2026-05-31,13881.31,3,Paid
LP0011913,L00631,C00614,2026-06-28,2026-07-04,13927.63,6,Late
LP0011914,L00632,C00967,2024-02-28,2024-02-29,64025.63,1,Paid
LP0011915,L00632,C00967,2024-03-28,2024-03-31,63439.42,3,Paid
LP0011916,L00632,C00967,2024-04-28,2024-05-04,63410.32,6,Late
LP0011917,L00632,C00967,2024-05-28,2024-06-05,62090.44,8,Late
LP0011918,L00632,C00967,2024-06-28,2024-07-01,62646.35,3,Paid
LP0011919,L00632,C00967,2024-07-28,2024-08-04,61856.15,7,Late
LP0011920,L00632,C00967,2024-08-28,2024-09-04,60690.61,7,Late
LP0011921,L00632,C00967,2024-09-28,2024-10-08,60901.81,10,Late
LP0011922,L00632,C00967,2024-10-28,2024-10-29,61681.14,1,Paid
LP0011923,L00632,C00967,2024-11-28,2024-12-03,62882.8,5,Paid
LP0011924,L00632,C00967,2024-12-28,2024-12-31,63961.16,3,Paid
LP0011925,L00632,C00967,2025-01-28,2025-01-31,62740.87,3,Paid
LP0011926,L00632,C00967,2025-02-28,2025-03-02,63973.75,2,Paid
LP0011927,L00632,C00967,2025-03-28,2025-03-30,62522.35,2,Paid
LP0011928,L00632,C00967,2025-04-28,2025-04-30,64018.33,2,Paid
LP0011929,L00632,C00967,2025-05-28,2025-06-05,63928.65,8,Late
LP0011930,L00632,C00967,2025-06-28,2025-06-29,63484.68,1,Paid
LP0011931,L00632,C00967,2025-07-28,2025-08-03,61983.32,6,Late
LP0011932,L00632,C00967,2025-08-28,2025-09-06,63451.4,9,Late
LP0011933,L00632,C00967,2025-09-28,2025-10-04,60655.48,6,Late
LP0011934,L00632,C00967,2025-10-28,2025-10-28,61262.45,0,Paid
LP0011935,L00632,C00967,2025-11-28,2025-12-08,62345.84,10,Late
LP0011936,L00632,C00967,2025-12-28,2026-01-01,62329.51,4,Paid
LP0011937,L00632,C00967,2026-01-28,2026-01-28,62045.73,0,Paid
LP0011938,L00633,C00638,2023-12-28,2024-01-05,15949.15,8,Late
LP0011939,L00633,C00638,2024-01-28,2024-01-31,16203.0,3,Paid
LP0011940,L00633,C00638,2024-02-28,2024-03-07,16829.77,8,Late
LP0011941,L00633,C00638,2024-03-28,2024-03-30,16478.56,2,Paid
LP0011942,L00633,C00638,2024-04-28,2024-05-07,16651.4,9,Late
LP0011943,L00633,C00638,2024-05-28,2024-06-01,16721.2,4,Paid
LP0011944,L00633,C00638,2024-06-28,2024-07-02,16784.62,4,Paid
LP0011945,L00633,C00638,2024-07-28,2024-07-31,16746.04,3,Paid
LP0011946,L00633,C00638,2024-08-28,2024-08-28,16270.46,0,Paid
LP0011947,L00633,C00638,2024-09-28,2024-10-06,16178.5,8,Late
LP0011948,L00633,C00638,2024-10-28,2024-11-06,16115.19,9,Late
LP0011949,L00633,C00638,2024-11-28,2024-12-01,16526.19,3,Paid
LP0011950,L00633,C00638,2024-12-28,2025-01-06,16254.2,9,Late
LP0011951,L00633,C00638,2025-01-28,2025-02-03,16559.05,6,Late
LP0011952,L00633,C00638,2025-02-28,2025-03-06,16064.68,6,Late
LP0011953,L00633,C00638,2025-03-28,2025-03-30,16097.84,2,Paid
LP0011954,L00633,C00638,2025-04-28,2025-04-29,16460.56,1,Paid
LP0011955,L00633,C00638,2025-05-28,2025-06-06,16162.21,9,Late
LP0011956,L00633,C00638,2025-06-28,2025-07-06,16546.84,8,Late
LP0011957,L00633,C00638,2025-07-28,2025-08-04,16145.46,7,Late
LP0011958,L00633,C00638,2025-08-28,2025-09-01,16661.94,4,Paid
LP0011959,L00633,C00638,2025-09-28,2025-10-04,16575.48,6,Late
LP0011960,L00633,C00638,2025-10-28,2025-10-28,16716.2,0,Paid
LP0011961,L00633,C00638,2025-11-28,2025-12-08,15991.49,10,Late
LP0011962,L00634,C00032,2023-07-28,2023-08-07,21149.13,10,Late
LP0011963,L00634,C00032,2023-08-28,2023-09-05,20617.48,8,Late
LP0011964,L00634,C00032,2023-09-28,2023-10-04,20554.31,6,Late
LP0011965,L00634,C00032,2023-10-28,2023-10-30,20696.36,2,Paid
LP0011966,L00634,C00032,2023-11-28,2023-12-07,21196.6,9,Late
LP0011967,L00634,C00032,2023-12-28,2024-01-05,20247.58,8,Late
LP0011968,L00634,C00032,2024-01-28,2024-02-07,20325.46,10,Late
LP0011969,L00634,C00032,2024-02-28,2024-03-09,20618.54,10,Late
LP0011970,L00634,C00032,2024-03-28,2024-04-02,21313.51,5,Paid
LP0011971,L00634,C00032,2024-04-28,2024-05-02,20752.17,4,Paid
LP0011972,L00634,C00032,2024-05-28,2024-05-30,20678.69,2,Paid
LP0011973,L00634,C00032,2024-06-28,2024-06-29,20809.72,1,Paid
LP0011974,L00634,C00032,2024-07-28,2024-08-02,20857.37,5,Paid
LP0011975,L00634,C00032,2024-08-28,,0,105,Missed
LP0011976,L00634,C00032,2024-09-28,,0,59,Missed
LP0011977,L00634,C00032,2024-10-28,,0,116,Missed
LP0011978,L00634,C00032,2024-11-28,2024-12-20,16358.77,22,Partial
LP0011979,L00634,C00032,2024-12-28,2025-01-31,13300.5,34,Partial
LP0011980,L00634,C00032,2025-01-28,2025-02-28,11568.67,31,Partial
LP0011981,L00634,C00032,2025-02-28,2025-03-26,10383.84,26,Partial
LP0011982,L00634,C00032,2025-03-28,,0,105,Missed
LP0011983,L00634,C00032,2025-04-28,,0,113,Missed
LP0011984,L00634,C00032,2025-05-28,,0,99,Missed
LP0011985,L00634,C00032,2025-06-28,2025-08-26,15713.07,59,Partial
LP0011986,L00635,C00656,2025-02-28,2025-03-04,83548.23,4,Paid
LP0011987,L00635,C00656,2025-03-28,2025-03-30,83732.31,2,Paid
LP0011988,L00635,C00656,2025-04-28,2025-04-29,82198.23,1,Paid
LP0011989,L00635,C00656,2025-05-28,2025-06-05,83210.83,8,Late
LP0011990,L00635,C00656,2025-06-28,2025-07-02,80838.33,4,Paid
LP0011991,L00635,C00656,2025-07-28,2025-08-06,83646.12,9,Late
LP0011992,L00635,C00656,2025-08-28,2025-08-30,83602.67,2,Paid
LP0011993,L00635,C00656,2025-09-28,2025-10-07,81837.72,9,Late
LP0011994,L00635,C00656,2025-10-28,2025-10-29,79860.57,1,Paid
LP0011995,L00635,C00656,2025-11-28,2025-12-08,83117.73,10,Late
LP0011996,L00635,C00656,2025-12-28,2026-01-04,83487.09,7,Late
LP0011997,L00635,C00656,2026-01-28,2026-02-07,83531.38,10,Late
LP0011998,L00635,C00656,2026-02-28,2026-03-07,83619.59,7,Late
LP0011999,L00635,C00656,2026-03-28,2026-04-03,82742.86,6,Late
LP0012000,L00635,C00656,2026-04-28,2026-05-01,80987.26,3,Paid
LP0012001,L00635,C00656,2026-05-28,2026-05-29,83240.86,1,Paid
LP0012002,L00635,C00656,2026-06-28,2026-07-01,82904.66,3,Paid
LP0012003,L00635,C00656,2026-07-28,2026-08-04,79187.65,7,Late
LP0012004,L00635,C00656,2026-08-28,2026-09-04,79278.75,7,Late
LP0012005,L00636,C00387,2025-09-28,2025-09-30,3437.24,2,Paid
LP0012006,L00636,C00387,2025-10-28,2025-11-04,3557.17,7,Late
LP0012007,L00636,C00387,2025-11-28,2025-12-08,3541.28,10,Late
LP0012008,L00636,C00387,2025-12-28,2026-01-02,3401.47,5,Paid
LP0012009,L00636,C00387,2026-01-28,2026-02-05,3435.63,8,Late
LP0012010,L00636,C00387,2026-02-28,2026-03-02,3398.27,2,Paid
LP0012011,L00636,C00387,2026-03-28,2026-03-31,3602.3,3,Paid
LP0012012,L00636,C00387,2026-04-28,2026-06-21,3117.52,54,Partial
LP0012013,L00636,C00387,2026-05-28,2026-07-21,3478.15,54,Partial
LP0012014,L00636,C00387,2026-06-28,,0,109,Missed
LP0012015,L00636,C00387,2026-07-28,2026-09-25,2860.93,59,Partial
LP0012016,L00636,C00387,2026-08-28,,0,63,Missed
LP0012017,L00637,C00069,2023-02-28,2023-02-28,50508.7,0,Paid
LP0012018,L00637,C00069,2023-03-28,2023-04-05,51120.85,8,Late
LP0012019,L00637,C00069,2023-04-28,2023-04-30,50102.19,2,Paid
LP0012020,L00637,C00069,2023-05-28,2023-06-02,51209.31,5,Paid
LP0012021,L00637,C00069,2023-06-28,2023-07-07,52408.09,9,Late
LP0012022,L00637,C00069,2023-07-28,2023-08-06,50957.19,9,Late
LP0012023,L00637,C00069,2023-08-28,2023-09-05,52345.81,8,Late
LP0012024,L00637,C00069,2023-09-28,2023-10-03,49868.76,5,Paid
LP0012025,L00637,C00069,2023-10-28,2023-10-30,51224.34,2,Paid
LP0012026,L00637,C00069,2023-11-28,2023-12-07,50731.26,9,Late
LP0012027,L00637,C00069,2023-12-28,2023-12-28,49946.61,0,Paid
LP0012028,L00637,C00069,2024-01-28,2024-02-07,51178.56,10,Late
LP0012029,L00637,C00069,2024-02-28,2024-03-07,50256.49,8,Late
LP0012030,L00637,C00069,2024-03-28,2024-04-05,51861.37,8,Late
LP0012031,L00637,C00069,2024-04-28,2024-05-03,51963.0,5,Paid
LP0012032,L00637,C00069,2024-05-28,2024-05-30,49872.39,2,Paid
LP0012033,L00637,C00069,2024-06-28,2024-06-28,50372.37,0,Paid
LP0012034,L00637,C00069,2024-07-28,2024-08-05,51605.72,8,Late
LP0012035,L00637,C00069,2024-08-28,2024-09-04,52241.98,7,Late
LP0012036,L00637,C00069,2024-09-28,2024-10-07,49728.46,9,Late
LP0012037,L00637,C00069,2024-10-28,2024-11-06,50930.12,9,Late
LP0012038,L00637,C00069,2024-11-28,2024-12-08,51111.17,10,Late
LP0012039,L00637,C00069,2024-12-28,2025-01-04,50118.53,7,Late
LP0012040,L00637,C00069,2025-01-28,2025-02-07,50508.81,10,Late
LP0012041,L00638,C00340,2023-07-28,2023-08-07,8638.31,10,Late
LP0012042,L00638,C00340,2023-08-28,2023-08-28,8958.58,0,Paid
LP0012043,L00638,C00340,2023-09-28,2023-10-04,8907.25,6,Late
LP0012044,L00638,C00340,2023-10-28,2023-10-30,8622.72,2,Paid
LP0012045,L00638,C00340,2023-11-28,2023-11-28,8844.08,0,Paid
LP0012046,L00638,C00340,2023-12-28,2024-01-04,8559.21,7,Late
LP0012047,L00638,C00340,2024-01-28,2024-02-02,9023.09,5,Paid
LP0012048,L00638,C00340,2024-02-28,2024-03-04,8975.15,5,Paid
LP0012049,L00638,C00340,2024-03-28,2024-04-04,8932.81,7,Late
LP0012050,L00638,C00340,2024-04-28,2024-05-01,8583.99,3,Paid
LP0012051,L00638,C00340,2024-05-28,2024-06-02,8856.04,5,Paid
LP0012052,L00638,C00340,2024-06-28,2024-06-29,8721.14,1,Paid
LP0012053,L00638,C00340,2024-07-28,2024-08-03,8580.67,6,Late
LP0012054,L00638,C00340,2024-08-28,2024-09-02,8877.95,5,Paid
LP0012055,L00638,C00340,2024-09-28,2024-10-08,8960.45,10,Late
LP0012056,L00638,C00340,2024-10-28,2024-11-04,8656.34,7,Late
LP0012057,L00638,C00340,2024-11-28,2024-12-06,8903.39,8,Late
LP0012058,L00638,C00340,2024-12-28,2024-12-31,8775.83,3,Paid
LP0012059,L00638,C00340,2025-01-28,2025-02-04,8540.98,7,Late
LP0012060,L00638,C00340,2025-02-28,2025-03-10,8522.76,10,Late
LP0012061,L00638,C00340,2025-03-28,2025-04-03,8721.24,6,Late
LP0012062,L00638,C00340,2025-04-28,2025-05-06,8739.3,8,Late
LP0012063,L00638,C00340,2025-05-28,2025-05-28,8581.31,0,Paid
LP0012064,L00638,C00340,2025-06-28,2025-07-08,8783.48,10,Late
LP0012065,L00639,C00079,2022-11-28,2022-11-29,3944.28,1,Paid
LP0012066,L00639,C00079,2022-12-28,2023-01-02,4003.77,5,Paid
LP0012067,L00639,C00079,2023-01-28,2023-02-01,3997.43,4,Paid
LP0012068,L00639,C00079,2023-02-28,2023-02-28,3863.0,0,Paid
LP0012069,L00639,C00079,2023-03-28,2023-03-29,3909.3,1,Paid
LP0012070,L00639,C00079,2023-04-28,2023-05-06,3880.06,8,Late
LP0012071,L00639,C00079,2023-05-28,2023-06-05,3861.15,8,Late
LP0012072,L00639,C00079,2023-06-28,2023-06-30,3903.54,2,Paid
LP0012073,L00639,C00079,2023-07-28,2023-08-07,3894.7,10,Late
LP0012074,L00639,C00079,2023-08-28,2023-08-29,3889.33,1,Paid
LP0012075,L00639,C00079,2023-09-28,2023-10-05,3848.71,7,Late
LP0012076,L00639,C00079,2023-10-28,2023-11-03,3798.45,6,Late
LP0012077,L00639,C00079,2023-11-28,2023-12-01,3990.34,3,Paid
LP0012078,L00639,C00079,2023-12-28,2023-12-29,3784.89,1,Paid
LP0012079,L00639,C00079,2024-01-28,2024-02-02,3987.54,5,Paid
LP0012080,L00639,C00079,2024-02-28,2024-03-07,3825.29,8,Late
LP0012081,L00639,C00079,2024-03-28,2024-04-05,3890.46,8,Late
LP0012082,L00639,C00079,2024-04-28,2024-05-01,3872.21,3,Paid
LP0012083,L00639,C00079,2024-05-28,2024-06-04,3805.11,7,Late
LP0012084,L00639,C00079,2024-06-28,2024-07-07,3847.92,9,Late
LP0012085,L00639,C00079,2024-07-28,2024-08-06,3889.04,9,Late
LP0012086,L00639,C00079,2024-08-28,2024-09-02,3788.42,5,Paid
LP0012087,L00639,C00079,2024-09-28,2024-09-28,3926.25,0,Paid
LP0012088,L00639,C00079,2024-10-28,2024-10-28,3884.91,0,Paid
LP0012089,L00640,C00602,2022-11-28,2022-12-08,36985.43,10,Late
LP0012090,L00640,C00602,2022-12-28,2022-12-28,36564.91,0,Paid
LP0012091,L00640,C00602,2023-01-28,2023-02-04,36259.27,7,Late
LP0012092,L00640,C00602,2023-02-28,2023-03-01,36216.44,1,Paid
LP0012093,L00640,C00602,2023-03-28,2023-04-07,35527.35,10,Late
LP0012094,L00640,C00602,2023-04-28,2023-05-02,36923.26,4,Paid
LP0012095,L00640,C00602,2023-05-28,2023-05-29,35045.98,1,Paid
LP0012096,L00640,C00602,2023-06-28,2023-07-03,36185.87,5,Paid
LP0012097,L00640,C00602,2023-07-28,2023-07-30,36635.26,2,Paid
LP0012098,L00640,C00602,2023-08-28,2023-09-01,36193.46,4,Paid
LP0012099,L00640,C00602,2023-09-28,2023-09-30,36879.03,2,Paid
LP0012100,L00640,C00602,2023-10-28,2023-11-05,36577.62,8,Late
LP0012101,L00640,C00602,2023-11-28,2023-11-30,34953.04,2,Paid
LP0012102,L00640,C00602,2023-12-28,2024-01-02,36027.52,5,Paid
LP0012103,L00640,C00602,2024-01-28,2024-01-29,35330.72,1,Paid
LP0012104,L00640,C00602,2024-02-28,2024-02-28,36763.05,0,Paid
LP0012105,L00640,C00602,2024-03-28,2024-04-07,36764.16,10,Late
LP0012106,L00640,C00602,2024-04-28,2024-05-07,35592.86,9,Late
LP0012107,L00640,C00602,2024-05-28,2024-05-29,34997.71,1,Paid
LP0012108,L00640,C00602,2024-06-28,2024-07-04,36211.05,6,Late
LP0012109,L00640,C00602,2024-07-28,2024-08-02,36206.55,5,Paid
LP0012110,L00640,C00602,2024-08-28,2024-08-29,35596.34,1,Paid
LP0012111,L00640,C00602,2024-09-28,2024-09-30,35153.55,2,Paid
LP0012112,L00640,C00602,2024-10-28,2024-10-31,35403.54,3,Paid
LP0012113,L00641,C00553,2022-03-28,2022-03-28,8400.74,0,Paid
LP0012114,L00641,C00553,2022-04-28,2022-05-06,8268.89,8,Late
LP0012115,L00641,C00553,2022-05-28,2022-05-28,8329.47,0,Paid
LP0012116,L00641,C00553,2022-06-28,2022-07-05,8377.6,7,Late
LP0012117,L00641,C00553,2022-07-28,2022-07-31,8231.08,3,Paid
LP0012118,L00641,C00553,2022-08-28,2022-09-03,8179.14,6,Late
LP0012119,L00641,C00553,2022-09-28,2022-10-05,7995.77,7,Late
LP0012120,L00641,C00553,2022-10-28,2022-11-05,8422.27,8,Late
LP0012121,L00641,C00553,2022-11-28,2022-12-04,8366.68,6,Late
LP0012122,L00641,C00553,2022-12-28,2023-01-03,8015.98,6,Late
LP0012123,L00641,C00553,2023-01-28,2023-02-02,8344.09,5,Paid
LP0012124,L00641,C00553,2023-02-28,2023-02-28,8341.43,0,Paid
LP0012125,L00641,C00553,2023-03-28,2023-04-01,8003.61,4,Paid
LP0012126,L00641,C00553,2023-04-28,,0,59,Missed
LP0012127,L00641,C00553,2023-05-28,2023-07-26,5253.06,59,Partial
LP0012128,L00641,C00553,2023-06-28,2023-07-15,7104.91,17,Partial
LP0012129,L00641,C00553,2023-07-28,2023-09-14,5244.5,48,Partial
LP0012130,L00641,C00553,2023-08-28,2023-10-02,7484.57,35,Partial
LP0012131,L00641,C00553,2023-09-28,,0,54,Missed
LP0012132,L00641,C00553,2023-10-28,2023-12-04,5902.75,37,Partial
LP0012133,L00641,C00553,2023-11-28,,0,49,Missed
LP0012134,L00641,C00553,2023-12-28,2024-01-27,4448.95,30,Partial
LP0012135,L00641,C00553,2024-01-28,,0,100,Missed
LP0012136,L00641,C00553,2024-02-28,,0,100,Missed
LP0012137,L00642,C00419,2026-01-28,2026-02-06,13907.22,9,Late
LP0012138,L00642,C00419,2026-02-28,2026-03-06,14109.15,6,Late
LP0012139,L00642,C00419,2026-03-28,2026-03-31,14073.34,3,Paid
LP0012140,L00642,C00419,2026-04-28,2026-05-08,13942.42,10,Late
LP0012141,L00642,C00419,2026-05-28,2026-05-31,14251.53,3,Paid
LP0012142,L00642,C00419,2026-06-28,2026-08-14,10025.05,47,Partial
LP0012143,L00642,C00419,2026-07-28,,0,33,Missed
LP0012144,L00642,C00419,2026-08-28,2026-09-29,14172.01,32,Partial
LP0012145,L00643,C00910,2023-05-28,2023-06-02,2777.07,5,Paid
LP0012146,L00643,C00910,2023-06-28,2023-07-06,2756.39,8,Late
LP0012147,L00643,C00910,2023-07-28,2023-08-01,2725.16,4,Paid
LP0012148,L00643,C00910,2023-08-28,2023-09-06,2792.94,9,Late
LP0012149,L00643,C00910,2023-09-28,2023-09-29,2754.77,1,Paid
LP0012150,L00643,C00910,2023-10-28,2023-11-04,2746.26,7,Late
LP0012151,L00643,C00910,2023-11-28,2023-12-07,2723.5,9,Late
LP0012152,L00643,C00910,2023-12-28,2024-01-06,2670.13,9,Late
LP0012153,L00643,C00910,2024-01-28,2024-02-07,2693.17,10,Late
LP0012154,L00643,C00910,2024-02-28,2024-03-03,2795.97,4,Paid
LP0012155,L00643,C00910,2024-03-28,2024-04-07,2780.15,10,Late
LP0012156,L00643,C00910,2024-04-28,2024-05-07,2694.95,9,Late
LP0012157,L00643,C00910,2024-05-28,2024-05-31,2653.92,3,Paid
LP0012158,L00643,C00910,2024-06-28,2024-07-08,2767.14,10,Late
LP0012159,L00643,C00910,2024-07-28,2024-08-01,2707.08,4,Paid
LP0012160,L00643,C00910,2024-08-28,2024-09-05,2696.14,8,Late
LP0012161,L00643,C00910,2024-09-28,2024-10-07,2759.94,9,Late
LP0012162,L00643,C00910,2024-10-28,2024-10-28,2773.75,0,Paid
LP0012163,L00643,C00910,2024-11-28,2024-11-30,2785.88,2,Paid
LP0012164,L00643,C00910,2024-12-28,2024-12-31,2662.68,3,Paid
LP0012165,L00643,C00910,2025-01-28,2025-02-04,2671.9,7,Late
LP0012166,L00643,C00910,2025-02-28,2025-03-04,2760.7,4,Paid
LP0012167,L00643,C00910,2025-03-28,2025-04-02,2804.19,5,Paid
LP0012168,L00643,C00910,2025-04-28,2025-04-28,2760.37,0,Paid
LP0012169,L00644,C00790,2022-08-28,2022-09-07,5473.05,10,Late
LP0012170,L00644,C00790,2022-09-28,2022-10-06,5310.25,8,Late
LP0012171,L00644,C00790,2022-10-28,2022-10-29,5494.83,1,Paid
LP0012172,L00644,C00790,2022-11-28,2022-12-06,5255.19,8,Late
LP0012173,L00644,C00790,2022-12-28,2023-01-03,5442.5,6,Late
LP0012174,L00644,C00790,2023-01-28,2023-01-29,5185.29,1,Paid
LP0012175,L00644,C00790,2023-02-28,2023-03-01,5426.5,1,Paid
LP0012176,L00644,C00790,2023-03-28,2023-04-05,5403.05,8,Late
LP0012177,L00644,C00790,2023-04-28,2023-05-06,5206.33,8,Late
LP0012178,L00644,C00790,2023-05-28,2023-06-07,5417.1,10,Late
LP0012179,L00644,C00790,2023-06-28,2023-07-05,5344.21,7,Late
LP0012180,L00644,C00790,2023-07-28,2023-07-29,5210.66,1,Paid
LP0012181,L00644,C00790,2023-08-28,2023-09-01,5322.13,4,Paid
LP0012182,L00644,C00790,2023-09-28,2023-10-06,5384.74,8,Late
LP0012183,L00644,C00790,2023-10-28,2023-11-01,5263.9,4,Paid
LP0012184,L00644,C00790,2023-11-28,2023-12-02,5256.9,4,Paid
LP0012185,L00644,C00790,2023-12-28,2023-12-31,5423.17,3,Paid
LP0012186,L00644,C00790,2024-01-28,2024-02-07,5218.12,10,Late
LP0012187,L00644,C00790,2024-02-28,2024-03-05,5325.61,6,Late
LP0012188,L00644,C00790,2024-03-28,2024-03-29,5486.73,1,Paid
LP0012189,L00644,C00790,2024-04-28,2024-04-29,5355.36,1,Paid
LP0012190,L00644,C00790,2024-05-28,2024-06-02,5199.47,5,Paid
LP0012191,L00644,C00790,2024-06-28,2024-06-29,5177.61,1,Paid
LP0012192,L00644,C00790,2024-07-28,2024-08-01,5291.15,4,Paid
LP0012193,L00645,C00232,2023-10-28,2023-11-07,10586.55,10,Late
LP0012194,L00645,C00232,2023-11-28,2023-11-30,10412.37,2,Paid
LP0012195,L00645,C00232,2023-12-28,2024-01-05,10561.77,8,Late
LP0012196,L00645,C00232,2024-01-28,2024-01-30,10204.26,2,Paid
LP0012197,L00645,C00232,2024-02-28,2024-03-04,10383.9,5,Paid
LP0012198,L00645,C00232,2024-03-28,2024-04-01,10665.96,4,Paid
LP0012199,L00645,C00232,2024-04-28,2024-04-30,10587.34,2,Paid
LP0012200,L00645,C00232,2024-05-28,2024-05-28,10693.91,0,Paid
LP0012201,L00645,C00232,2024-06-28,2024-06-28,10494.76,0,Paid
LP0012202,L00645,C00232,2024-07-28,2024-08-05,10500.45,8,Late
LP0012203,L00645,C00232,2024-08-28,2024-09-05,10569.94,8,Late
LP0012204,L00645,C00232,2024-09-28,2024-10-05,10563.28,7,Late
LP0012205,L00646,C00781,2022-03-28,2022-04-01,2761.05,4,Paid
LP0012206,L00646,C00781,2022-04-28,2022-04-29,2689.79,1,Paid
LP0012207,L00646,C00781,2022-05-28,2022-06-04,2785.83,7,Late
LP0012208,L00646,C00781,2022-06-28,2022-06-30,2665.6,2,Paid
LP0012209,L00646,C00781,2022-07-28,2022-08-05,2699.65,8,Late
LP0012210,L00646,C00781,2022-08-28,2022-09-03,2768.28,6,Late
LP0012211,L00646,C00781,2022-09-28,2022-10-08,2670.46,10,Late
LP0012212,L00646,C00781,2022-10-28,2022-11-01,2731.49,4,Paid
LP0012213,L00646,C00781,2022-11-28,2022-12-03,2686.37,5,Paid
LP0012214,L00646,C00781,2022-12-28,2023-01-05,2651.19,8,Late
LP0012215,L00646,C00781,2023-01-28,2023-01-28,2757.19,0,Paid
LP0012216,L00646,C00781,2023-02-28,2023-03-07,2672.24,7,Late
LP0012217,L00646,C00781,2023-03-28,2023-04-04,2707.41,7,Late
LP0012218,L00646,C00781,2023-04-28,2023-05-15,2695.13,17,Partial
LP0012219,L00646,C00781,2023-05-28,,0,90,Missed
LP0012220,L00646,C00781,2023-06-28,,0,42,Missed
LP0012221,L00646,C00781,2023-07-28,2023-09-01,2473.62,35,Partial
LP0012222,L00646,C00781,2023-08-28,2023-10-02,2698.99,35,Partial
LP0012223,L00646,C00781,2023-09-28,,0,72,Missed
LP0012224,L00646,C00781,2023-10-28,,0,118,Missed
LP0012225,L00646,C00781,2023-11-28,2024-01-18,2211.93,51,Partial
LP0012226,L00646,C00781,2023-12-28,,0,32,Missed
LP0012227,L00646,C00781,2024-01-28,,0,85,Missed
LP0012228,L00646,C00781,2024-02-28,,0,105,Missed
LP0012229,L00647,C00648,2025-02-28,2025-03-07,51886.82,7,Late
LP0012230,L00647,C00648,2025-03-28,2025-04-05,51163.4,8,Late
LP0012231,L00647,C00648,2025-04-28,2025-04-29,49839.18,1,Paid
LP0012232,L00647,C00648,2025-05-28,2025-06-05,49962.77,8,Late
LP0012233,L00647,C00648,2025-06-28,2025-06-28,50865.72,0,Paid
LP0012234,L00647,C00648,2025-07-28,2025-08-07,49618.69,10,Late
LP0012235,L00647,C00648,2025-08-28,2025-09-07,52520.69,10,Late
LP0012236,L00647,C00648,2025-09-28,2025-10-07,52340.09,9,Late
LP0012237,L00647,C00648,2025-10-28,2025-11-02,51160.29,5,Paid
LP0012238,L00647,C00648,2025-11-28,2025-12-08,51624.34,10,Late
LP0012239,L00647,C00648,2025-12-28,2026-01-04,52565.36,7,Late
LP0012240,L00647,C00648,2026-01-28,2026-01-28,50291.45,0,Paid
LP0012241,L00648,C00253,2024-06-28,2024-07-03,22818.22,5,Paid
LP0012242,L00648,C00253,2024-07-28,2024-08-04,23772.75,7,Late
LP0012243,L00648,C00253,2024-08-28,2024-09-03,23333.21,6,Late
LP0012244,L00648,C00253,2024-09-28,2024-10-04,23173.51,6,Late
LP0012245,L00648,C00253,2024-10-28,2024-10-31,22689.68,3,Paid
LP0012246,L00648,C00253,2024-11-28,2024-12-03,23743.76,5,Paid
LP0012247,L00648,C00253,2024-12-28,2025-01-06,23053.55,9,Late
LP0012248,L00648,C00253,2025-01-28,2025-01-28,23759.66,0,Paid
LP0012249,L00648,C00253,2025-02-28,2025-03-07,23599.92,7,Late
LP0012250,L00648,C00253,2025-03-28,2025-03-30,23270.02,2,Paid
LP0012251,L00648,C00253,2025-04-28,2025-05-05,22806.25,7,Late
LP0012252,L00648,C00253,2025-05-28,2025-06-04,23675.58,7,Late
LP0012253,L00648,C00253,2025-06-28,2025-07-01,23272.81,3,Paid
LP0012254,L00648,C00253,2025-07-28,2025-08-02,23141.79,5,Paid
LP0012255,L00648,C00253,2025-08-28,2025-08-30,22668.64,2,Paid
LP0012256,L00648,C00253,2025-09-28,2025-10-04,22757.76,6,Late
LP0012257,L00648,C00253,2025-10-28,2025-11-03,23443.0,6,Late
LP0012258,L00648,C00253,2025-11-28,2025-12-04,23234.7,6,Late
LP0012259,L00648,C00253,2025-12-28,2025-12-30,23172.22,2,Paid
LP0012260,L00648,C00253,2026-01-28,2026-02-01,22742.76,4,Paid
LP0012261,L00648,C00253,2026-02-28,2026-03-09,23717.39,9,Late
LP0012262,L00648,C00253,2026-03-28,2026-04-07,23632.25,10,Late
LP0012263,L00648,C00253,2026-04-28,2026-04-30,23060.06,2,Paid
LP0012264,L00648,C00253,2026-05-28,2026-06-02,23535.19,5,Paid
LP0012265,L00649,C00752,2024-04-28,2024-05-02,16334.51,4,Paid
LP0012266,L00649,C00752,2024-05-28,2024-05-28,16671.86,0,Paid
LP0012267,L00649,C00752,2024-06-28,2024-07-08,16756.45,10,Late
LP0012268,L00649,C00752,2024-07-28,2024-08-07,16446.29,10,Late
LP0012269,L00649,C00752,2024-08-28,2024-09-05,16569.24,8,Late
LP0012270,L00649,C00752,2024-09-28,2024-10-03,16976.51,5,Paid
LP0012271,L00649,C00752,2024-10-28,2024-11-06,16649.99,9,Late
LP0012272,L00649,C00752,2024-11-28,2024-12-01,17022.75,3,Paid
LP0012273,L00649,C00752,2024-12-28,2024-12-29,16664.92,1,Paid
LP0012274,L00649,C00752,2025-01-28,2025-02-07,16867.69,10,Late
LP0012275,L00649,C00752,2025-02-28,2025-03-03,16233.29,3,Paid
LP0012276,L00649,C00752,2025-03-28,2025-03-28,16960.37,0,Paid
LP0012277,L00650,C00572,2024-05-28,2024-06-01,5376.25,4,Paid
LP0012278,L00650,C00572,2024-06-28,2024-07-05,5534.15,7,Late
LP0012279,L00650,C00572,2024-07-28,2024-07-31,5433.39,3,Paid
LP0012280,L00650,C00572,2024-08-28,2024-09-05,5591.54,8,Late
LP0012281,L00650,C00572,2024-09-28,2024-10-04,5417.59,6,Late
LP0012282,L00650,C00572,2024-10-28,2024-11-02,5581.36,5,Paid
LP0012283,L00650,C00572,2024-11-28,2024-12-02,5437.53,4,Paid
LP0012284,L00650,C00572,2024-12-28,2024-12-30,5419.72,2,Paid
LP0012285,L00650,C00572,2025-01-28,2025-02-01,5560.54,4,Paid
LP0012286,L00650,C00572,2025-02-28,2025-03-10,5430.6,10,Late
LP0012287,L00650,C00572,2025-03-28,2025-03-29,5468.06,1,Paid
LP0012288,L00650,C00572,2025-04-28,2025-05-01,5364.78,3,Paid
LP0012289,L00650,C00572,2025-05-28,2025-06-07,5570.84,10,Late
LP0012290,L00650,C00572,2025-06-28,2025-07-04,5587.93,6,Late
LP0012291,L00650,C00572,2025-07-28,2025-08-01,5612.79,4,Paid
LP0012292,L00650,C00572,2025-08-28,2025-09-04,5352.65,7,Late
LP0012293,L00650,C00572,2025-09-28,2025-09-28,5407.36,0,Paid
LP0012294,L00650,C00572,2025-10-28,2025-11-04,5527.94,7,Late
LP0012295,L00650,C00572,2025-11-28,2025-12-02,5656.72,4,Paid
LP0012296,L00650,C00572,2025-12-28,2026-01-04,5422.21,7,Late
LP0012297,L00650,C00572,2026-01-28,2026-01-30,5373.04,2,Paid
LP0012298,L00650,C00572,2026-02-28,2026-02-28,5474.98,0,Paid
LP0012299,L00650,C00572,2026-03-28,2026-04-07,5464.74,10,Late
LP0012300,L00650,C00572,2026-04-28,2026-05-03,5622.29,5,Paid
LP0000101,L00006,C00771,2026-08-28,2026-08-31,51390.07,3,Paid
