complaint_id,customer_id,branch_id,complaint_date,complaint_type,severity,complaint_status,resolved_date,service_cost
CP000001,C00519,B025,2024-01-11,App/Login,High,Closed,2024-01-20,478.12
CP000002,C00202,B015,2025-10-08,Account Service,Critical,Closed,2025-10-18,429.74
CP000003,C00377,B009,2025-03-03,Account Service,Low,Closed,2025-03-06,623.42
CP000004,C00388,B019,2025-04-18,Unauthorized Transaction,Low,Closed,2025-04-24,395.83
CP000005,C00049,B018,2025-08-11,Card Issue,Low,Closed,2025-08-16,178.49
CP000006,C00183,B003,2025-08-15,Account Service,High,Closed,2025-08-16,314.0
CP000007,C00958,B016,2025-04-27,Loan Service,Medium,Closed,2025-04-28,445.29
CP000008,C00856,B021,2024-12-28,App/Login,Medium,Closed,2025-01-04,685.8
CP000009,C00383,B020,2024-01-27,Charges/Fees,Medium,Closed,2024-01-30,393.33
CP000010,C00256,B006,2024-03-08,Card Issue,Low,Closed,2024-03-12,195.78
CP000011,C00087,B021,2025-05-10,Account Service,Low,Closed,2025-05-11,580.76
CP000012,C00247,B013,2026-04-24,Charges/Fees,Medium,Closed,2026-05-03,328.11
CP000013,C00451,B016,2024-12-30,Account Service,High,Closed,2025-01-04,129.38
CP000014,C00302,B022,2026-05-01,App/Login,Low,Closed,2026-05-13,348.0
CP000015,C00065,B005,2026-03-20,Account Service,Low,Closed,2026-03-21,409.1
CP000016,C00013,B007,2024-06-20,Card Issue,Medium,Closed,2024-06-29,113.33
CP000017,C00804,B001,2025-01-16,Loan Service,Low,Closed,2025-01-20,635.01
CP000018,C00812,B022,2024-12-13,Charges/Fees,Medium,Closed,2024-12-13,425.4
CP000019,C00216,B005,2024-06-16,Loan Service,Medium,Closed,2024-06-23,415.91
CP000020,C00965,B002,2026-01-19,ATM,Low,Closed,2026-01-19,584.2
CP000021,C00320,B019,2024-12-12,ATM,Medium,Open,,378.28
CP000022,C00271,B010,2025-09-13,Account Service,Medium,Closed,2025-09-19,529.69
CP000023,C00149,B015,2026-05-20,Card Issue,High,Open,,394.77
CP000024,C00299,B014,2026-05-21,Unauthorized Transaction,Medium,Closed,2026-05-23,275.59
CP000025,C00883,B011,2024-01-02,Loan Service,Low,Open,,362.71
CP000026,C00780,B013,2025-05-31,Card Issue,Medium,Closed,2025-06-07,529.06
CP000027,C00645,B003,2026-05-01,Unauthorized Transaction,Medium,Closed,2026-05-02,444.6
CP000028,C00199,B020,2024-11-21,ATM,High,Closed,2024-12-14,627.85
CP000029,C00205,B023,2026-04-02,Unauthorized Transaction,Medium,Closed,2026-04-09,98.0
CP000030,C00147,B022,2025-03-20,Account Service,Medium,Closed,2025-03-21,299.45
CP000031,C00420,B011,2024-02-23,App/Login,High,Open,,81.49
CP000032,C00210,B016,2024-11-18,Account Service,Low,Closed,2024-11-20,484.16
CP000033,C00260,B015,2024-02-19,Loan Service,Low,Closed,2024-02-25,625.71
CP000034,C00287,B009,2024-02-09,ATM,High,Closed,2024-02-28,489.67
CP000035,C00758,B012,2026-05-18,Card Issue,Low,Closed,2026-05-27,390.01
CP000036,C00882,B025,2025-10-03,Account Service,Medium,Open,,574.51
CP000037,C00547,B002,2024-01-24,Card Issue,High,Closed,2024-02-10,254.23
CP000038,C00876,B003,2024-12-06,Charges/Fees,Medium,Closed,2024-12-06,138.1
CP000039,C00023,B008,2025-02-02,Account Service,Low,Closed,2025-02-06,686.12
CP000040,C00693,B008,2025-04-21,App/Login,Low,Closed,2025-05-01,104.94
CP000041,C00659,B005,2024-07-25,App/Login,Medium,Closed,2024-07-29,186.18
CP000042,C00404,B019,2025-05-24,Charges/Fees,Critical,Closed,2025-05-31,584.08
CP000043,C00446,B017,2025-12-10,Unauthorized Transaction,Low,Closed,2025-12-20,191.53
CP000044,C00248,B018,2025-04-26,Account Service,Low,Closed,2025-05-02,381.55
CP000045,C00483,B005,2026-07-16,Loan Service,Low,Closed,2026-07-17,555.68
CP000046,C00733,B020,2025-11-25,Charges/Fees,Medium,Closed,2025-11-28,87.93
CP000047,C00737,B004,2025-02-14,Account Service,High,Closed,2025-02-25,173.38
CP000048,C00297,B011,2026-02-26,App/Login,High,Closed,2026-03-13,463.06
CP000049,C00158,B004,2026-08-01,App/Login,Low,Closed,2026-08-11,283.52
CP000050,C00923,B010,2025-12-25,Charges/Fees,Low,Open,,394.35
CP000051,C00135,B021,2024-08-03,Account Service,High,Closed,2024-08-13,80.0
CP000052,C00106,B023,2025-07-04,Charges/Fees,Medium,Closed,2025-07-12,618.97
CP000053,C00577,B014,2025-11-14,App/Login,Medium,Closed,2025-11-19,197.22
CP000054,C00639,B013,2025-04-11,ATM,Medium,Closed,2025-04-14,70.06
CP000055,C00953,B006,2025-03-27,Account Service,Medium,Closed,2025-04-01,101.56
CP000056,C00417,B018,2024-02-24,Unauthorized Transaction,Low,Closed,2024-03-01,184.46
CP000057,C00495,B023,2026-05-01,Card Issue,Medium,Closed,2026-05-10,91.76
CP000058,C00225,B011,2024-08-20,Loan Service,Medium,Closed,2024-08-27,314.33
CP000059,C00490,B010,2024-03-19,Account Service,Critical,Closed,2024-04-12,163.24
CP000060,C00659,B005,2025-04-18,Loan Service,Medium,Closed,2025-04-24,462.76
CP000061,C00411,B004,2024-03-20,Loan Service,Medium,Closed,2024-03-30,480.27
CP000062,C00566,B020,2026-05-26,Charges/Fees,Low,Open,,171.4
CP000063,C00863,B010,2025-01-07,Account Service,Medium,Closed,2025-01-07,495.96
CP000064,C00607,B004,2025-06-09,Card Issue,Low,Open,,262.81
CP000065,C00945,B016,2024-05-19,App/Login,Low,Closed,2024-05-28,518.04
CP000066,C00870,B009,2026-02-24,Unauthorized Transaction,High,Closed,2026-03-06,238.49
CP000067,C00950,B020,2026-04-06,Charges/Fees,Low,Closed,2026-04-13,595.61
CP000068,C00582,B014,2025-08-22,ATM,Low,Closed,2025-08-25,81.99
CP000069,C00783,B006,2024-06-18,Charges/Fees,Medium,Closed,2024-06-22,97.39
CP000070,C00974,B017,2025-06-26,ATM,High,Open,,592.99
CP000071,C00450,B009,2024-05-29,App/Login,Low,Closed,2024-06-02,322.13
CP000072,C00904,B003,2025-03-06,Account Service,Medium,Open,,121.24
CP000073,C00037,B008,2026-06-01,ATM,Low,Closed,2026-06-07,268.16
CP000074,C00114,B023,2025-11-27,Loan Service,High,Closed,2025-12-20,528.02
CP000075,C00122,B016,2025-04-15,ATM,Low,Closed,2025-04-26,647.4
CP000076,C00806,B021,2024-05-01,Account Service,Medium,Closed,2024-05-11,596.42
CP000077,C00810,B014,2026-05-15,Unauthorized Transaction,Critical,Closed,2026-05-20,945.67
CP000078,C00992,B014,2024-03-13,Unauthorized Transaction,Medium,Closed,2024-03-14,576.16
CP000079,C00062,B012,2024-11-17,Charges/Fees,Medium,Closed,2024-11-26,295.05
CP000080,C01000,B016,2025-01-10,Account Service,Medium,Open,,496.14
CP000081,C00582,B014,2024-02-25,Unauthorized Transaction,High,Closed,2024-03-15,553.63
CP000082,C00991,B006,2024-08-14,Unauthorized Transaction,Medium,Closed,2024-08-16,299.22
CP000083,C00870,B009,2024-08-14,App/Login,Medium,Closed,2024-08-14,224.41
CP000084,C00811,B013,2024-03-04,Unauthorized Transaction,Low,Closed,2024-03-07,552.77
CP000085,C00386,B008,2025-11-01,ATM,Low,Closed,2025-11-02,335.07
CP000086,C00011,B009,2026-04-18,App/Login,Low,Closed,2026-04-27,281.29
CP000087,C00230,B010,2024-03-24,Charges/Fees,Low,Closed,2024-04-01,388.54
CP000088,C00086,B016,2025-12-24,Loan Service,Critical,Closed,2026-01-14,136.44
CP000089,C00235,B002,2026-05-26,ATM,Low,Closed,2026-05-28,539.45
CP000090,C00482,B025,2025-02-03,Account Service,Low,Closed,2025-02-15,304.45
CP000091,C00314,B010,2024-03-09,ATM,Medium,Closed,2024-03-10,122.5
CP000092,C00618,B022,2026-02-12,Account Service,Medium,Closed,2026-02-16,479.12
CP000093,C00225,B011,2025-10-08,Account Service,Medium,Closed,2025-10-09,424.75
CP000094,C00004,B017,2024-07-07,Account Service,Low,Open,,445.54
CP000095,C00029,B017,2024-05-02,Account Service,Low,Closed,2024-05-04,102.79
CP000096,C00949,B001,2024-05-10,Loan Service,High,Closed,2024-05-29,384.49
CP000097,C00353,B004,2026-02-18,Unauthorized Transaction,High,Closed,2026-03-06,523.75
CP000098,C00262,B011,2026-06-03,Unauthorized Transaction,Medium,Closed,2026-06-05,648.49
CP000099,C00224,B024,2024-03-28,Account Service,High,Closed,2024-04-12,253.95
CP000100,C00064,B010,2026-01-02,Loan Service,Low,Closed,2026-01-05,197.3
CP000101,C00691,B010,2024-03-21,Charges/Fees,Low,Closed,2024-03-30,337.36
CP000102,C00784,B005,2024-04-01,App/Login,Low,Open,,173.36
CP000103,C00679,B001,2025-01-24,Card Issue,Medium,Closed,2025-02-05,582.43
CP000104,C00816,B023,2026-07-03,App/Login,High,Closed,2026-07-04,50.67
CP000105,C00811,B013,2024-05-13,App/Login,Low,Closed,2024-05-25,222.01
CP000106,C00934,B020,2024-04-10,Card Issue,Medium,Closed,2024-04-15,483.21
CP000107,C00375,B001,2026-01-16,Card Issue,Medium,Open,,117.51
CP000108,C00045,B025,2024-06-25,Account Service,Low,Closed,2024-06-29,677.47
CP000109,C00392,B017,2026-08-27,Loan Service,Critical,Closed,2026-08-28,273.0
CP000110,C00388,B019,2024-02-13,App/Login,Medium,Open,,139.16
CP000111,C00843,B004,2024-08-10,Card Issue,High,Open,,403.91
CP000112,C00517,B006,2025-08-23,Card Issue,Medium,Closed,2025-08-24,387.1
CP000113,C00188,B014,2024-12-06,ATM,Low,Closed,2024-12-18,88.43
CP000114,C00010,B002,2025-03-15,Unauthorized Transaction,Medium,Open,,431.81
CP000115,C00585,B011,2025-09-23,ATM,Medium,Closed,2025-10-04,148.69
CP000116,C00413,B022,2025-11-11,Card Issue,Low,Closed,2025-11-14,369.19
CP000117,C00150,B025,2025-12-21,Charges/Fees,Low,Closed,2025-12-25,440.79
CP000118,C00240,B022,2024-07-03,Charges/Fees,Medium,Closed,2024-07-14,139.94
CP000119,C00027,B017,2024-11-12,Unauthorized Transaction,Medium,Open,,539.34
CP000120,C00812,B022,2024-12-10,Card Issue,Medium,Closed,2024-12-19,337.68
CP000121,C00272,B020,2025-09-15,Loan Service,Medium,Closed,2025-09-26,445.72
CP000122,C00800,B009,2025-08-18,Card Issue,Medium,Closed,2025-08-23,66.59
CP000123,C00341,B017,2025-10-14,Loan Service,Low,Open,,570.45
CP000124,C00963,B024,2026-05-15,App/Login,Low,Closed,2026-05-26,175.01
CP000125,C00739,B020,2026-07-16,Loan Service,Low,Closed,2026-07-18,302.88
CP000126,C00057,B003,2024-06-09,Loan Service,High,Closed,2024-07-02,500.22
CP000127,C00782,B024,2025-09-27,Charges/Fees,Medium,Closed,2025-09-27,306.43
CP000128,C00343,B024,2024-03-25,Card Issue,Low,Closed,2024-04-06,217.17
CP000129,C00990,B004,2025-09-18,Charges/Fees,High,Closed,2025-09-24,278.35
CP000130,C00762,B003,2025-04-12,Charges/Fees,Medium,Closed,2025-04-23,260.19
CP000131,C00220,B010,2024-02-16,Card Issue,High,Closed,2024-03-08,694.45
CP000132,C00680,B011,2025-12-06,Unauthorized Transaction,High,Closed,2025-12-14,182.74
CP000133,C00390,B021,2026-05-26,ATM,High,Open,,428.84
CP000134,C00785,B001,2025-06-29,Account Service,Critical,Closed,2025-07-21,193.09
CP000135,C00864,B016,2025-08-20,Unauthorized Transaction,Low,Closed,2025-08-20,215.62
CP000136,C00864,B016,2024-01-27,Unauthorized Transaction,Low,Closed,2024-02-08,60.41
CP000137,C00359,B019,2025-05-08,Account Service,Low,Closed,2025-05-17,140.42
CP000138,C00854,B012,2024-01-02,Account Service,Medium,Closed,2024-01-02,132.83
CP000139,C00302,B022,2024-03-13,Account Service,Low,Closed,2024-03-18,143.11
CP000140,C00447,B002,2024-10-10,Loan Service,Medium,Closed,2024-10-22,143.83
CP000141,C00342,B003,2025-08-18,Charges/Fees,High,Closed,2025-08-18,504.03
CP000142,C00263,B005,2025-11-02,Unauthorized Transaction,Medium,Closed,2025-11-09,328.04
CP000143,C00257,B005,2025-04-06,Unauthorized Transaction,Low,Closed,2025-04-09,353.18
CP000144,C00765,B018,2026-01-18,Account Service,Medium,Closed,2026-01-22,65.18
CP000145,C00377,B009,2026-01-04,Card Issue,High,Closed,2026-01-26,109.56
CP000146,C00755,B021,2024-12-02,Card Issue,Medium,Closed,2024-12-12,486.37
CP000147,C00113,B025,2025-08-08,Loan Service,High,Open,,614.09
CP000148,C00162,B004,2026-01-31,Unauthorized Transaction,Medium,Closed,2026-02-04,347.64
CP000149,C00463,B011,2026-07-10,Unauthorized Transaction,Medium,Closed,2026-07-16,664.1
CP000150,C00407,B005,2024-05-04,Loan Service,Medium,Closed,2024-05-10,674.22
CP000151,C00632,B001,2024-06-17,Loan Service,Medium,Closed,2024-06-29,695.06
CP000152,C00629,B016,2025-06-07,Charges/Fees,High,Closed,2025-06-13,565.88
CP000153,C00932,B018,2025-12-02,Account Service,High,Closed,2025-12-27,268.78
CP000154,C00832,B015,2024-04-20,Charges/Fees,Low,Closed,2024-04-21,549.28
CP000155,C00352,B018,2026-01-09,Loan Service,Medium,Closed,2026-01-10,340.13
CP000156,C00382,B021,2025-06-20,Charges/Fees,Medium,Closed,2025-06-27,244.56
CP000157,C00023,B008,2024-03-15,ATM,Low,Closed,2024-03-26,151.32
CP000158,C00315,B006,2024-07-15,Card Issue,Low,Closed,2024-07-25,460.4
CP000159,C00551,B010,2025-03-16,App/Login,High,Closed,2025-03-27,539.07
CP000160,C00786,B009,2026-05-24,Charges/Fees,Low,Closed,2026-05-26,332.38
CP000161,C00792,B003,2026-03-31,Loan Service,Critical,Closed,2026-04-16,331.12
CP000162,C00575,B014,2024-06-13,Charges/Fees,High,Closed,2024-07-07,321.52
CP000163,C00930,B019,2024-06-06,ATM,Medium,Open,,85.2
CP000164,C00978,B018,2024-09-01,Loan Service,Low,Closed,2024-09-03,489.01
CP000165,C00894,B009,2025-05-07,Unauthorized Transaction,Medium,Closed,2025-05-11,539.6
CP000166,C00607,B004,2026-01-17,Charges/Fees,Medium,Closed,2026-01-25,276.17
CP000167,C00843,B004,2025-03-18,ATM,Low,Closed,2025-03-22,375.35
CP000168,C00179,B022,2025-10-31,Card Issue,Low,Closed,2025-11-09,639.54
CP000169,C00164,B024,2026-06-04,Loan Service,High,Closed,2026-06-06,374.98
CP000170,C00410,B006,2024-08-17,Loan Service,Low,Closed,2024-08-29,177.62
CP000171,C00214,B018,2026-02-22,ATM,Medium,Closed,2026-03-06,427.43
CP000172,C00370,B018,2025-04-12,Loan Service,Low,Closed,2025-04-20,64.86
CP000173,C00732,B020,2024-01-16,Charges/Fees,High,Closed,2024-01-16,407.58
CP000174,C00119,B012,2024-07-23,Account Service,Medium,Closed,2024-07-27,285.23
CP000175,C00578,B022,2024-12-18,Loan Service,High,Closed,2025-01-10,669.21
CP000176,C00070,B010,2024-11-17,Card Issue,High,Closed,2024-11-30,147.49
CP000177,C00993,B011,2025-03-14,Loan Service,Low,Closed,2025-03-18,697.78
CP000178,C00416,B006,2024-12-31,Unauthorized Transaction,Medium,Closed,2025-01-08,486.38
CP000179,C00657,B022,2025-05-03,Charges/Fees,Low,Closed,2025-05-12,300.99
CP000180,C00770,B003,2026-03-24,Charges/Fees,Medium,Closed,2026-03-25,599.64
CP000181,C00398,B018,2024-12-13,Loan Service,Low,Closed,2024-12-25,336.18
CP000182,C00299,B014,2024-10-10,Account Service,High,Closed,2024-10-25,371.17
CP000183,C00692,B017,2026-02-13,Charges/Fees,Low,Closed,2026-02-20,666.71
CP000184,C00316,B017,2025-06-27,Account Service,Low,Closed,2025-07-01,663.95
CP000185,C00660,B017,2024-01-21,Loan Service,Medium,Closed,2024-01-27,519.84
CP000186,C00434,B011,2026-02-01,Unauthorized Transaction,Low,Closed,2026-02-09,328.83
CP000187,C00221,B024,2024-08-18,Card Issue,High,Closed,2024-08-20,108.27
CP000188,C00433,B009,2024-04-24,Loan Service,Medium,Closed,2024-05-02,443.53
CP000189,C00670,B020,2025-12-03,ATM,Critical,Closed,2025-12-20,430.54
CP000190,C00596,B008,2026-08-04,Card Issue,Low,Open,,584.32
CP000191,C00599,B017,2026-01-26,Account Service,Low,Closed,2026-02-06,686.63
CP000192,C00289,B024,2025-11-12,Loan Service,High,Closed,2025-11-19,283.65
CP000193,C00401,B015,2024-06-01,Card Issue,Low,Closed,2024-06-04,575.63
CP000194,C00367,B012,2026-08-16,Charges/Fees,Low,Closed,2026-08-22,135.49
CP000195,C00693,B008,2025-04-08,Account Service,Low,Closed,2025-04-19,297.91
CP000196,C00571,B004,2025-09-13,Card Issue,High,Closed,2025-09-21,467.67
CP000197,C00144,B005,2024-01-13,Charges/Fees,Low,Closed,2024-01-14,237.24
CP000198,C00541,B004,2024-09-14,ATM,Low,Closed,2024-09-21,92.07
CP000199,C00437,B023,2025-10-12,Card Issue,Low,Open,,176.14
CP000200,C00655,B025,2026-03-13,Charges/Fees,High,Closed,2026-03-24,198.48
CP000201,C00627,B013,2025-04-14,Charges/Fees,High,Closed,2025-04-17,602.35
CP000202,C00066,B019,2024-07-17,Charges/Fees,Medium,Closed,2024-07-20,520.64
CP000203,C00844,B023,2024-10-31,Loan Service,Low,Closed,2024-11-01,165.72
CP000204,C00205,B023,2026-06-10,Account Service,High,Closed,2026-07-02,89.25
CP000205,C00115,B008,2026-06-13,Charges/Fees,High,Open,,80.65
CP000206,C00579,B002,2026-05-26,Loan Service,Low,Closed,2026-06-05,610.0
CP000207,C00799,B013,2026-06-12,Account Service,Low,Closed,2026-06-16,92.02
CP000208,C00227,B012,2024-09-17,Loan Service,High,Open,,404.04
CP000209,C00714,B008,2026-05-07,ATM,High,Closed,2026-05-20,291.57
CP000210,C00291,B021,2025-12-29,Charges/Fees,Low,Closed,2026-01-05,513.51
CP000211,C00772,B003,2026-03-21,Loan Service,High,Closed,2026-03-21,77.9
CP000212,C00436,B023,2024-08-04,Unauthorized Transaction,High,Closed,2024-08-22,436.42
CP000213,C00912,B007,2024-04-30,Account Service,High,Closed,2024-05-12,59.69
CP000214,C00282,B005,2025-04-19,Charges/Fees,Medium,Open,,549.96
CP000215,C00903,B011,2024-03-31,Loan Service,Low,Closed,2024-04-09,206.52
CP000216,C00836,B023,2024-03-12,Unauthorized Transaction,High,Open,,539.09
CP000217,C00193,B015,2024-10-08,Account Service,Medium,Open,,605.22
CP000218,C00125,B012,2024-08-28,App/Login,Medium,Closed,2024-08-30,277.75
CP000219,C00734,B015,2024-11-22,ATM,Low,Closed,2024-12-02,698.08
CP000220,C00425,B024,2026-01-16,Charges/Fees,Medium,Closed,2026-01-24,51.8
CP000221,C00318,B010,2025-10-21,Account Service,Low,Open,,262.46
CP000222,C00474,B024,2024-01-22,Loan Service,Medium,Closed,2024-01-22,503.51
CP000223,C00185,B002,2026-05-27,Account Service,High,Closed,2026-06-16,220.97
CP000224,C00216,B005,2024-01-14,Charges/Fees,Medium,Closed,2024-01-23,388.12
CP000225,C00729,B003,2024-06-15,Loan Service,Medium,Closed,2024-06-26,331.06
CP000226,C00693,B008,2025-03-02,App/Login,Low,Closed,2025-03-12,70.4
CP000227,C00052,B001,2026-05-01,Unauthorized Transaction,Medium,Closed,2026-05-13,306.29
CP000228,C00763,B001,2025-12-16,Charges/Fees,High,Open,,178.35
CP000229,C00193,B015,2025-01-25,App/Login,Medium,Closed,2025-01-27,638.95
CP000230,C00123,B013,2024-11-16,Charges/Fees,Medium,Open,,115.84
CP000231,C00075,B022,2025-04-19,Card Issue,Low,Closed,2025-05-01,614.84
CP000232,C00201,B010,2024-01-26,Account Service,Low,Closed,2024-02-01,540.28
CP000233,C00240,B022,2025-07-27,Account Service,Low,Closed,2025-07-28,568.69
CP000234,C00679,B001,2026-04-17,Card Issue,High,Closed,2026-04-19,622.46
CP000235,C00872,B008,2024-04-04,Loan Service,Medium,Closed,2024-04-14,104.73
CP000236,C00892,B013,2025-09-03,Account Service,Medium,Open,,90.82
CP000237,C00280,B017,2024-08-06,Account Service,Low,Open,,185.76
CP000238,C00608,B025,2024-12-14,Account Service,Low,Closed,2024-12-19,365.76
CP000239,C00218,B018,2026-04-06,Card Issue,Low,Closed,2026-04-13,80.64
CP000240,C00617,B015,2024-04-12,ATM,Medium,Closed,2024-04-22,543.46
CP000241,C00185,B002,2025-07-01,ATM,Low,Closed,2025-07-04,313.53
CP000242,C00324,B022,2024-12-29,Unauthorized Transaction,Low,Open,,666.56
CP000243,C00460,B005,2024-07-13,Unauthorized Transaction,Medium,Closed,2024-07-16,446.28
CP000244,C00085,B012,2024-02-18,Loan Service,Medium,Open,,182.79
CP000245,C00933,B016,2026-07-25,Charges/Fees,Low,Closed,2026-08-01,359.28
CP000246,C00379,B001,2026-01-20,ATM,Low,Closed,2026-01-31,367.88
CP000247,C00191,B024,2024-11-27,Loan Service,Medium,Closed,2024-12-03,376.14
CP000248,C00119,B012,2024-08-08,App/Login,High,Closed,2024-08-11,695.66
CP000249,C00093,B008,2024-10-16,Loan Service,High,Closed,2024-10-29,668.46
CP000250,C00048,B016,2024-01-07,Charges/Fees,High,Closed,2024-01-18,182.01
CP000251,C00677,B019,2025-12-09,Loan Service,High,Closed,2026-01-03,505.29
CP000252,C00536,B019,2024-10-25,Card Issue,High,Closed,2024-11-16,687.3
CP000253,C00079,B012,2024-12-28,Account Service,Low,Closed,2025-01-04,257.41
CP000254,C00133,B005,2024-12-27,Unauthorized Transaction,Medium,Closed,2025-01-02,396.49
CP000255,C00693,B008,2025-04-15,Charges/Fees,High,Closed,2025-04-29,653.72
CP000256,C00979,B015,2025-06-13,ATM,Low,Closed,2025-06-21,481.56
CP000257,C00018,B020,2024-10-23,Loan Service,Medium,Closed,2024-10-28,386.88
CP000258,C00421,B021,2024-12-25,Account Service,Low,Closed,2024-12-31,569.49
CP000259,C00294,B020,2025-07-12,Card Issue,High,Closed,2025-07-13,183.03
CP000260,C00895,B015,2024-01-16,ATM,Medium,Closed,2024-01-25,664.58
CP000261,C00978,B018,2026-01-30,Unauthorized Transaction,Medium,Closed,2026-02-07,197.74
CP000262,C00429,B007,2025-01-21,App/Login,Medium,Closed,2025-01-27,559.16
CP000263,C00420,B011,2025-12-10,Card Issue,High,Closed,2025-12-28,652.8
CP000264,C00147,B022,2024-05-06,Account Service,Medium,Closed,2024-05-12,423.65
CP000265,C00242,B025,2024-03-15,Card Issue,Medium,Closed,2024-03-18,565.17
CP000266,C00395,B019,2025-07-25,Loan Service,Medium,Closed,2025-07-25,428.24
CP000267,C00595,B024,2025-03-02,ATM,Medium,Closed,2025-03-12,155.3
CP000268,C00967,B006,2024-07-13,Loan Service,Low,Closed,2024-07-15,521.9
CP000269,C00950,B020,2025-10-09,Loan Service,Low,Closed,2025-10-16,681.89
CP000270,C00612,B020,2026-02-05,Card Issue,Medium,Closed,2026-02-17,340.12
CP000271,C00657,B022,2026-08-19,Account Service,Medium,Closed,2026-08-28,308.91
CP000272,C00511,B016,2025-07-24,Charges/Fees,Critical,Open,,297.32
CP000273,C00169,B008,2025-06-01,Card Issue,Medium,Closed,2025-06-06,545.84
CP000274,C00182,B003,2024-06-14,Account Service,Low,Closed,2024-06-22,88.77
CP000275,C00899,B014,2024-12-19,Loan Service,High,Closed,2025-01-08,262.58
CP000276,C00407,B005,2025-05-22,Card Issue,Low,Closed,2025-05-25,122.21
CP000277,C00715,B025,2026-05-22,Loan Service,Medium,Closed,2026-06-02,151.0
CP000278,C00798,B008,2024-05-24,App/Login,Low,Closed,2024-05-28,659.44
CP000279,C00731,B017,2024-09-21,ATM,Medium,Closed,2024-09-25,528.42
CP000280,C00238,B024,2026-06-20,Loan Service,Low,Closed,2026-06-21,384.79
CP000281,C00659,B005,2024-03-09,ATM,Low,Closed,2024-03-15,55.16
CP000282,C00315,B006,2025-01-27,Loan Service,Low,Closed,2025-01-27,508.75
CP000283,C00471,B017,2024-04-23,Card Issue,Low,Closed,2024-04-30,99.66
CP000284,C00763,B001,2024-03-02,Unauthorized Transaction,Low,Closed,2024-03-11,182.0
CP000285,C00990,B004,2025-10-14,App/Login,Medium,Closed,2025-10-25,404.42
CP000286,C00985,B018,2025-03-08,Unauthorized Transaction,Low,Closed,2025-03-14,521.9
CP000287,C00542,B004,2024-11-14,Unauthorized Transaction,Medium,Open,,145.33
CP000288,C00303,B006,2024-06-30,Unauthorized Transaction,Medium,Closed,2024-07-03,100.17
CP000289,C00689,B008,2025-11-14,Account Service,High,Closed,2025-12-05,462.43
CP000290,C00390,B021,2026-07-07,Account Service,Medium,Closed,2026-07-07,668.51
CP000291,C00323,B017,2024-06-20,Loan Service,High,Open,,160.8
CP000292,C00991,B006,2024-04-03,Account Service,High,Closed,2024-04-09,99.83
CP000293,C00500,B015,2024-02-06,Loan Service,High,Closed,2024-02-13,101.03
CP000294,C00770,B003,2025-06-23,Unauthorized Transaction,High,Open,,275.74
CP000295,C00092,B012,2024-08-30,Charges/Fees,High,Open,,635.7
CP000296,C00900,B019,2025-08-05,Loan Service,Medium,Closed,2025-08-11,421.23
CP000297,C00015,B003,2025-06-27,Charges/Fees,Low,Closed,2025-06-29,471.02
CP000298,C00142,B003,2024-07-05,Account Service,Low,Closed,2024-07-15,307.08
CP000299,C00524,B014,2024-03-11,ATM,Low,Closed,2024-03-16,258.04
CP000300,C00314,B010,2025-10-19,Unauthorized Transaction,High,Open,,599.16
CP000301,C99996,B004,2026-08-04,ATM,Critical,Closed,2026-08-08,829.79
CP000302,C00531,B007,2024-12-24,Account Service,Critical,Closed,2025-01-06,1130.51
CP000303,C00718,B005,2026-04-12,Account Service,High,Closed,2026-04-13,644.87
CP000304,C00152,B007,2025-08-12,Loan Service,High,Closed,2025-08-16,521.76
CP000305,C00875,B011,2026-01-13,Account Service,Medium,Closed,2026-01-21,658.56
CP000306,C00893,B008,2026-07-29,ATM,Low,Closed,2026-08-10,112.73
CP000307,C00803,B007,2026-04-21,Loan Service,High,Closed,2026-05-03,572.69
CP000308,C00745,B007,2025-04-16,Charges/Fees,Low,Closed,2025-04-22,398.49
CP000309,C00606,B007,2024-09-18,Loan Service,High,Closed,2024-10-12,507.29
CP000310,C00252,B019,2025-08-16,App/Login,Low,Closed,2025-08-20,211.1
CP000311,C00698,B010,2024-05-08,ATM,Low,Closed,2024-05-14,120.49
CP000312,C00583,B010,2024-02-20,Charges/Fees,Critical,Closed,2024-03-03,616.15
CP000313,C00667,B019,2026-07-19,Loan Service,High,Closed,2026-08-10,573.06
CP000314,C00299,B014,2025-03-03,Charges/Fees,Low,Closed,2025-03-04,699.01
CP000315,C00704,B003,2025-09-23,Unauthorized Transaction,Medium,Open,,578.49
CP000316,C00132,B005,2024-09-23,Loan Service,Low,Closed,2024-09-24,133.34
CP000317,C00894,B009,2025-02-12,Charges/Fees,Medium,Closed,2025-02-20,520.04
CP000318,C00591,B005,2024-03-30,Account Service,Low,Closed,2024-03-31,252.95
CP000319,C00428,B024,2025-05-18,Charges/Fees,Medium,Closed,2025-05-22,236.3
CP000320,C00635,B005,2026-01-04,Charges/Fees,Medium,Closed,2026-01-08,371.05
CP000321,C00670,B020,2025-09-23,Loan Service,Medium,Closed,2025-09-25,155.36
CP000322,C00664,B012,2024-01-13,ATM,Medium,Closed,2024-01-17,75.94
CP000323,C00947,B006,2025-07-17,Card Issue,High,Closed,2025-07-28,426.7
CP000324,C00154,B016,2026-07-06,Account Service,Medium,Closed,2026-07-13,132.46
CP000325,C00318,B010,2026-05-28,App/Login,High,Closed,2026-06-17,195.18
CP000326,C00849,B017,2026-04-16,App/Login,High,Open,,69.96
CP000327,C00146,B016,2026-07-20,Charges/Fees,Low,Closed,2026-07-23,657.99
CP000328,C00980,B013,2024-09-05,Unauthorized Transaction,Low,Closed,2024-09-05,369.52
CP000329,C00517,B006,2024-02-15,Loan Service,Medium,Closed,2024-02-23,686.87
CP000330,C00450,B009,2024-12-18,Loan Service,Medium,Closed,2024-12-25,426.68
CP000331,C00611,B011,2025-03-11,Unauthorized Transaction,Low,Closed,2025-03-15,583.78
CP000332,C00298,B009,2026-04-09,Loan Service,Low,Open,,477.79
CP000333,C00231,B009,2025-11-27,Account Service,High,Open,,135.77
CP000334,C00088,B020,2025-04-09,Account Service,Medium,Open,,583.01
CP000335,C00194,B020,2025-01-15,Charges/Fees,Medium,Closed,2025-01-25,539.72
CP000336,C00029,B017,2024-12-15,Account Service,High,Closed,2024-12-19,621.71
CP000337,C00520,B001,2025-12-12,App/Login,Low,Closed,2025-12-17,88.84
CP000338,C00576,B012,2024-01-09,Loan Service,Low,Open,,510.53
CP000339,C00482,B025,2025-01-30,App/Login,Medium,Closed,2025-01-30,58.27
CP000340,C00890,B013,2025-12-22,ATM,High,Closed,2025-12-23,572.55
CP000341,C00775,B012,2026-03-16,Account Service,High,Closed,2026-04-07,511.73
CP000342,C00341,B017,2024-04-20,Unauthorized Transaction,High,Closed,2024-05-10,587.91
CP000343,C00920,B006,2024-05-03,Unauthorized Transaction,Critical,Closed,2024-05-13,490.17
CP000344,C00584,B003,2025-06-05,ATM,Low,Closed,2025-06-11,102.96
CP000345,C00335,B005,2024-09-17,Charges/Fees,Medium,Closed,2024-09-20,72.04
CP000346,C00776,B022,2024-09-29,Unauthorized Transaction,Medium,Closed,2024-10-03,504.9
CP000347,C00140,B017,2024-06-15,Loan Service,Low,Closed,2024-06-23,367.2
CP000348,C00378,B021,2025-05-07,Loan Service,Medium,Closed,2025-05-14,634.22
CP000349,C00410,B006,2025-06-05,Loan Service,Low,Closed,2025-06-13,55.47
CP000350,C00483,B005,2025-01-05,Unauthorized Transaction,Medium,Closed,2025-01-07,388.59
CP000351,C00899,B014,2026-03-26,Account Service,Medium,Closed,2026-04-06,445.34
CP000352,C00232,B019,2026-03-14,App/Login,Medium,Closed,2026-03-16,309.04
CP000353,C00294,B020,2024-05-09,App/Login,Low,Closed,2024-05-09,313.51
CP000354,C00763,B001,2026-03-28,App/Login,High,Closed,2026-04-02,549.1
CP000355,C00243,B007,2025-08-09,Unauthorized Transaction,Low,Open,,405.06
CP000356,C00921,B013,2025-06-18,Charges/Fees,Low,Closed,2025-06-21,333.05
CP000357,C00233,B019,2025-07-19,Loan Service,Medium,Closed,2025-07-25,313.11
CP000358,C00835,B022,2024-09-21,Account Service,Low,Closed,2024-09-29,301.93
CP000359,C00437,B023,2024-07-11,Account Service,Medium,Closed,2024-07-19,349.39
CP000360,C00596,B008,2026-05-22,Loan Service,Low,Closed,2026-06-01,305.29
CP000361,C00985,B018,2025-05-21,ATM,Low,Closed,2025-05-26,686.08
CP000362,C00772,B003,2026-01-15,Account Service,High,Closed,2026-01-21,589.92
CP000363,C00673,B005,2024-11-10,Account Service,Medium,Closed,2024-11-21,148.41
CP000364,C00418,B022,2025-08-31,Unauthorized Transaction,Low,Closed,2025-09-04,617.49
CP000365,C00698,B010,2025-09-08,ATM,Medium,Open,,328.52
CP000366,C00759,B007,2024-07-17,ATM,Medium,Open,,332.41
CP000367,C00111,B020,2025-08-23,Loan Service,Low,Closed,2025-09-03,629.3
CP000368,C00042,B010,2026-07-05,App/Login,Low,Open,,330.91
CP000369,C00948,B021,2024-06-20,ATM,Low,Closed,2024-06-20,179.1
CP000370,C00920,B006,2024-08-12,Loan Service,Medium,Closed,2024-08-12,451.29
CP000371,C00098,B001,2025-06-19,Unauthorized Transaction,Low,Closed,2025-06-28,84.05
CP000372,C00918,B021,2026-08-30,Account Service,High,Closed,2026-09-22,251.21
CP000373,C00755,B021,2025-04-16,Account Service,Low,Closed,2025-04-22,87.63
CP000374,C00245,B013,2024-03-14,Card Issue,Medium,Open,,225.39
CP000375,C00121,B015,2025-09-21,App/Login,Medium,Closed,2025-09-26,347.23
CP000376,C00340,B021,2025-01-18,Loan Service,Low,Closed,2025-01-29,694.57
CP000377,C00392,B017,2025-07-10,Loan Service,Medium,Open,,391.24
CP000378,C00164,B024,2024-08-31,Card Issue,Critical,Closed,2024-09-05,402.79
CP000379,C00746,B012,2025-12-06,Card Issue,Low,Open,,691.73
CP000380,C00660,B017,2024-04-09,Card Issue,Medium,Closed,2024-04-13,519.79
CP000381,C00655,B025,2024-08-23,Unauthorized Transaction,Medium,Closed,2024-09-03,348.55
CP000382,C00549,B012,2025-05-27,Card Issue,Medium,Open,,151.4
CP000383,C00268,B007,2025-02-26,Account Service,Low,Closed,2025-03-06,93.96
CP000384,C00044,B004,2025-09-20,App/Login,Medium,Open,,291.97
CP000385,C00150,B025,2026-01-09,Card Issue,Low,Closed,2026-01-19,643.69
CP000386,C00031,B013,2026-01-15,Unauthorized Transaction,High,Closed,2026-02-08,617.31
CP000387,C00377,B009,2024-12-06,Unauthorized Transaction,Medium,Closed,2024-12-14,122.38
CP000388,C00139,B011,2026-07-19,Unauthorized Transaction,Medium,Open,,640.38
CP000389,C00055,B008,2025-04-18,Unauthorized Transaction,High,Closed,2025-05-12,588.89
CP000390,C00277,B012,2025-01-08,Unauthorized Transaction,High,Closed,2025-01-20,347.89
CP000391,C00524,B014,2025-06-26,Loan Service,High,Closed,2025-06-27,207.58
CP000392,C00080,B023,2024-11-02,Card Issue,High,Closed,2024-11-23,554.39
CP000393,C00884,B019,2025-11-29,Card Issue,Low,Closed,2025-12-04,693.12
CP000394,C00646,B003,2025-07-27,App/Login,High,Open,,556.11
CP000395,C00588,B024,2025-03-17,Card Issue,Low,Closed,2025-03-18,159.96
CP000396,C00084,B011,2024-07-09,Unauthorized Transaction,High,Open,,581.89
CP000397,C00704,B003,2025-07-31,Loan Service,Medium,Closed,2025-08-02,368.0
CP000398,C00513,B014,2026-08-19,Account Service,Medium,Closed,2026-08-22,209.94
CP000399,C00500,B015,2024-02-25,ATM,High,Closed,2024-03-16,141.08
CP000400,C00371,B018,2026-03-13,Loan Service,Medium,Closed,2026-03-17,631.56
CP000401,C00684,B017,2024-07-23,Loan Service,Low,Closed,2024-08-03,379.49
CP000402,C00013,B007,2025-06-17,Card Issue,Critical,Closed,2025-06-20,958.94
CP000403,C00158,B004,2026-01-16,Loan Service,Low,Closed,2026-01-20,363.01
CP000404,C00023,B008,2025-10-16,Loan Service,Low,Closed,2025-10-23,131.82
CP000405,C00357,B013,2025-04-10,Charges/Fees,High,Closed,2025-04-17,278.44
CP000406,C00907,B014,2024-05-18,ATM,Low,Closed,2024-05-21,77.61
CP000407,C00547,B002,2024-09-09,Account Service,Medium,Closed,2024-09-16,250.02
CP000408,C00166,B015,2025-09-20,App/Login,Medium,Closed,2025-10-01,152.29
CP000409,C00304,B003,2025-09-13,Loan Service,Low,Open,,374.0
CP000410,C00773,B001,2026-04-22,Unauthorized Transaction,Low,Closed,2026-04-30,601.78
CP000411,C00478,B015,2026-03-28,Card Issue,High,Closed,2026-04-12,155.95
CP000412,C00337,B017,2025-04-02,Unauthorized Transaction,Medium,Closed,2025-04-07,189.28
CP000413,C00248,B018,2025-05-19,Account Service,Medium,Closed,2025-05-20,508.3
CP000414,C00702,B006,2024-04-04,Charges/Fees,Low,Closed,2024-04-05,321.21
CP000415,C00978,B018,2025-02-03,Card Issue,Medium,Closed,2025-02-07,204.8
CP000416,C00797,B002,2024-01-24,Charges/Fees,Medium,Closed,2024-01-24,448.93
CP000417,C00326,B009,2025-06-15,Charges/Fees,Critical,Open,,1027.95
CP000418,C00330,B010,2026-05-30,Account Service,Low,Closed,2026-06-11,414.14
CP000419,C00231,B009,2024-01-09,Loan Service,Critical,Open,,588.56
CP000420,C00876,B003,2026-01-18,Charges/Fees,Low,Open,,630.71
CP000421,C00398,B018,2024-05-16,Unauthorized Transaction,High,Closed,2024-06-02,540.27
CP000422,C00877,B011,2026-05-30,Account Service,Low,Closed,2026-05-30,103.34
CP000423,C00303,B006,2024-07-05,Card Issue,Low,Closed,2024-07-06,619.38
CP000424,C00552,B017,2024-04-22,Charges/Fees,Low,Closed,2024-04-27,298.11
CP000425,C00291,B021,2026-04-02,Account Service,Medium,Closed,2026-04-09,162.44
CP000426,C00600,B015,2026-06-02,Account Service,High,Closed,2026-06-11,365.92
CP000427,C00119,B012,2026-07-06,Card Issue,Medium,Closed,2026-07-06,462.99
CP000428,C00679,B001,2026-01-31,Unauthorized Transaction,Medium,Closed,2026-02-01,356.11
CP000429,C00903,B011,2024-09-16,ATM,Low,Closed,2024-09-24,605.9
CP000430,C00780,B013,2024-07-09,Account Service,Medium,Closed,2024-07-18,393.14
CP000431,C00255,B011,2026-04-22,Loan Service,Medium,Closed,2026-05-02,145.58
CP000432,C00730,B002,2025-10-29,Charges/Fees,Medium,Closed,2025-11-01,673.74
CP000433,C00917,B011,2024-05-01,Loan Service,High,Closed,2024-05-24,62.12
CP000434,C00565,B011,2024-10-07,Account Service,Medium,Closed,2024-10-19,240.25
CP000435,C00969,B019,2025-05-25,Account Service,Medium,Closed,2025-06-04,268.92
CP000436,C00872,B008,2024-07-15,Card Issue,Medium,Closed,2024-07-26,447.22
CP000437,C00122,B016,2025-08-08,ATM,Medium,Closed,2025-08-11,380.82
CP000438,C00663,B014,2025-04-22,Card Issue,Medium,Open,,407.25
CP000439,C00819,B006,2026-02-08,Loan Service,Medium,Closed,2026-02-18,666.27
CP000440,C00144,B005,2025-08-24,Account Service,Low,Closed,2025-08-25,209.39
CP000441,C00204,B021,2024-10-17,Account Service,Low,Closed,2024-10-21,695.27
CP000442,C00690,B020,2024-06-19,Account Service,Medium,Closed,2024-06-25,125.12
CP000443,C00567,B018,2025-09-09,ATM,High,Closed,2025-09-25,596.37
CP000444,C00834,B013,2025-11-13,Account Service,Medium,Closed,2025-11-17,137.59
CP000445,C00487,B007,2025-08-11,Card Issue,High,Closed,2025-08-31,366.59
CP000446,C00516,B023,2024-10-26,Unauthorized Transaction,High,Closed,2024-11-13,55.27
CP000447,C00881,B001,2025-01-27,Card Issue,High,Closed,2025-02-14,399.92
CP000448,C00891,B025,2025-07-05,ATM,Medium,Closed,2025-07-15,620.95
CP000449,C00201,B010,2024-03-14,ATM,Critical,Open,,265.56
CP000450,C00380,B025,2026-06-09,Charges/Fees,Medium,Closed,2026-06-16,426.72
CP000451,C00818,B006,2024-02-03,Account Service,Low,Closed,2024-02-09,379.61
CP000452,C00238,B024,2024-02-07,App/Login,Medium,Closed,2024-02-12,667.96
CP000453,C00265,B002,2026-06-07,Account Service,High,Closed,2026-06-09,489.82
CP000454,C00534,B004,2024-10-31,Loan Service,Medium,Closed,2024-11-08,359.18
CP000455,C00937,B002,2025-11-02,Loan Service,High,Closed,2025-11-19,382.66
CP000456,C00667,B019,2026-01-15,Loan Service,Low,Closed,2026-01-24,267.6
CP000457,C00342,B003,2024-11-09,Account Service,Low,Closed,2024-11-12,681.53
CP000458,C00158,B004,2026-01-25,Charges/Fees,Low,Closed,2026-02-03,493.28
CP000459,C00730,B002,2024-03-04,ATM,Low,Closed,2024-03-13,414.17
CP000460,C00790,B001,2024-09-24,App/Login,High,Closed,2024-10-11,148.84
CP000461,C00202,B015,2025-10-29,Loan Service,Critical,Closed,2025-11-01,185.98
CP000462,C00802,B013,2026-06-18,Account Service,Medium,Closed,2026-06-19,77.76
CP000463,C00520,B001,2025-04-17,Charges/Fees,Medium,Closed,2025-04-23,268.43
CP000464,C00617,B015,2024-12-09,Unauthorized Transaction,Low,Closed,2024-12-12,321.72
CP000465,C00086,B016,2026-03-02,Account Service,Low,Open,,157.06
CP000466,C00939,B020,2026-08-05,ATM,Low,Closed,2026-08-12,54.84
CP000467,C00978,B018,2025-08-01,Loan Service,Medium,Closed,2025-08-06,428.23
CP000468,C00483,B005,2024-05-11,App/Login,Critical,Closed,2024-05-30,633.86
CP000469,C00160,B010,2024-10-30,Charges/Fees,High,Open,,106.82
CP000470,C00566,B020,2025-10-09,Unauthorized Transaction,Low,Closed,2025-10-14,653.47
CP000471,C00988,B013,2024-09-09,ATM,Medium,Closed,2024-09-13,349.89
CP000472,C00176,B015,2026-07-11,Card Issue,Low,Closed,2026-07-23,297.44
CP000473,C00140,B017,2026-06-05,Card Issue,Low,Open,,75.53
CP000474,C00242,B025,2025-07-13,Account Service,Low,Closed,2025-07-22,147.79
CP000475,C00338,B015,2026-05-14,Account Service,Medium,Open,,56.76
CP000476,C00104,B012,2025-10-10,Charges/Fees,High,Open,,608.08
CP000477,C00602,B003,2025-06-15,App/Login,High,Open,,478.45
CP000478,C00331,B022,2024-08-20,Loan Service,Low,Closed,2024-09-01,620.33
CP000479,C00756,B012,2026-01-05,Account Service,Medium,Closed,2026-01-15,175.73
CP000480,C00232,B019,2026-05-07,Charges/Fees,Medium,Closed,2026-05-17,74.6
CP000481,C00065,B005,2025-01-03,ATM,Medium,Closed,2025-01-12,397.58
CP000482,C00753,B023,2026-02-28,Loan Service,Low,Closed,2026-03-11,490.37
CP000483,C00949,B001,2024-03-11,Charges/Fees,Medium,Closed,2024-03-22,170.61
CP000484,C00587,B009,2025-05-23,Card Issue,High,Closed,2025-06-07,676.51
CP000485,C00046,B015,2026-02-02,Card Issue,Low,Closed,2026-02-08,319.56
CP000486,C00140,B017,2025-02-16,Charges/Fees,Low,Closed,2025-02-18,172.99
CP000487,C00772,B003,2026-01-18,Card Issue,Low,Closed,2026-01-25,197.39
CP000488,C00336,B018,2024-02-28,Unauthorized Transaction,High,Closed,2024-03-08,197.78
CP000489,C00738,B017,2024-07-09,Charges/Fees,Low,Closed,2024-07-18,302.71
CP000490,C00203,B024,2026-04-29,ATM,Medium,Closed,2026-05-05,551.18
CP000491,C00864,B016,2024-02-17,Account Service,High,Closed,2024-02-18,127.12
CP000492,C00204,B021,2024-04-06,Loan Service,Medium,Open,,662.19
CP000493,C00667,B019,2026-03-30,Loan Service,Low,Closed,2026-04-10,449.31
CP000494,C00951,B025,2026-01-26,Charges/Fees,Medium,Closed,2026-02-06,421.75
CP000495,C00708,B016,2024-03-05,Charges/Fees,Medium,Open,,475.48
CP000496,C00882,B025,2024-01-30,ATM,Medium,Open,,379.94
CP000497,C00255,B011,2026-06-03,Unauthorized Transaction,High,Closed,2026-06-27,397.46
CP000498,C00335,B005,2024-10-14,Charges/Fees,Low,Closed,2024-10-21,639.53
CP000499,C00168,B024,2024-04-02,Unauthorized Transaction,Low,Closed,2024-04-05,96.66
CP000500,C00178,B024,2026-03-02,Card Issue,Low,Closed,2026-03-06,210.25
CP000501,C00533,B007,2025-02-28,Card Issue,High,Closed,2025-03-20,451.05
CP000502,C00078,B018,2026-03-15,ATM,Medium,Closed,2026-03-22,481.9
CP000503,C00640,B006,2025-06-19,Account Service,Medium,Closed,2025-06-24,544.94
CP000504,C00678,B016,2026-01-17,Unauthorized Transaction,Medium,Closed,2026-01-26,58.19
CP000505,C00114,B023,2024-12-30,Account Service,Medium,Closed,2025-01-07,284.81
CP000506,C00646,B003,2025-09-18,Account Service,Medium,Closed,2025-09-23,536.38
CP000507,C00669,B014,2026-06-29,Account Service,Medium,Closed,2026-07-09,408.64
CP000508,C00821,B001,2025-01-16,Card Issue,Medium,Closed,2025-01-21,557.75
CP000509,C00686,B007,2024-08-03,Unauthorized Transaction,Medium,Closed,2024-08-06,311.69
CP000510,C00543,B020,2026-07-26,Unauthorized Transaction,Medium,Open,,687.15
CP000511,C00992,B014,2025-10-31,Card Issue,Low,Closed,2025-11-01,220.36
CP000512,C00261,B018,2026-06-13,ATM,Low,Closed,2026-06-24,348.04
CP000513,C00882,B025,2025-07-16,Loan Service,Low,Closed,2025-07-16,300.98
CP000514,C00490,B010,2026-06-26,Charges/Fees,High,Closed,2026-06-30,695.52
CP000515,C00798,B008,2026-03-12,Unauthorized Transaction,Medium,Closed,2026-03-13,223.0
CP000516,C00258,B001,2024-09-05,Unauthorized Transaction,High,Closed,2024-09-07,537.83
CP000517,C00152,B007,2025-04-18,Loan Service,Medium,Closed,2025-04-27,287.06
CP000518,C00605,B015,2026-06-06,ATM,Low,Closed,2026-06-11,494.19
CP000519,C00262,B011,2025-10-25,Account Service,High,Closed,2025-10-28,251.63
CP000520,C00718,B005,2024-01-02,App/Login,Medium,Closed,2024-01-10,284.12
CP000521,C00315,B006,2024-10-13,Loan Service,Medium,Open,,276.51
CP000522,C00704,B003,2025-10-27,App/Login,High,Closed,2025-11-17,348.26
CP000523,C00712,B019,2025-07-18,Loan Service,Critical,Closed,2025-07-29,663.75
CP000524,C00052,B001,2024-10-19,Account Service,Medium,Closed,2024-10-24,121.38
CP000525,C00643,B024,2026-03-13,Account Service,Medium,Closed,2026-03-13,270.62
CP000526,C00802,B013,2024-03-16,Charges/Fees,High,Closed,2024-03-24,557.76
CP000527,C00346,B015,2024-06-01,Loan Service,Medium,Open,,332.1
CP000528,C00958,B016,2026-01-10,Loan Service,High,Closed,2026-01-27,421.54
CP000529,C00481,B002,2024-03-23,Card Issue,Low,Closed,2024-04-01,505.03
CP000530,C00157,B023,2024-12-21,Charges/Fees,Low,Closed,2024-12-26,211.69
CP000531,C00550,B025,2024-02-15,Card Issue,Low,Closed,2024-02-24,361.57
CP000532,C00417,B018,2024-06-28,App/Login,Low,Closed,2024-07-04,193.26
CP000533,C00670,B020,2026-01-08,Card Issue,Low,Closed,2026-01-13,605.06
CP000534,C00098,B001,2024-02-09,Charges/Fees,Medium,Closed,2024-02-10,614.65
CP000535,C00735,B007,2025-06-25,Loan Service,Medium,Closed,2025-07-02,198.16
CP000536,C00327,B003,2025-05-04,Card Issue,High,Closed,2025-05-25,383.3
CP000537,C00175,B013,2026-07-30,Card Issue,Low,Closed,2026-08-05,88.76
CP000538,C00989,B025,2024-01-06,Loan Service,Low,Closed,2024-01-14,199.37
CP000539,C00928,B010,2025-02-16,Account Service,Low,Closed,2025-02-20,199.43
CP000540,C00252,B019,2026-05-06,Unauthorized Transaction,High,Closed,2026-05-15,90.96
CP000541,C00074,B025,2025-08-27,ATM,Medium,Open,,348.83
CP000542,C00800,B009,2025-06-22,ATM,High,Closed,2025-07-03,604.88
CP000543,C00624,B001,2025-08-12,Unauthorized Transaction,Low,Closed,2025-08-22,485.97
CP000544,C00426,B015,2024-04-03,ATM,Low,Closed,2024-04-05,89.74
CP000545,C00163,B016,2026-08-29,Account Service,Low,Closed,2026-09-01,686.39
CP000546,C00470,B009,2025-08-07,App/Login,Low,Closed,2025-08-15,50.35
CP000547,C00687,B022,2026-05-18,Card Issue,Medium,Closed,2026-05-22,492.47
CP000548,C00146,B016,2024-05-03,Charges/Fees,High,Closed,2024-05-22,202.98
CP000549,C00757,B020,2026-05-27,Card Issue,Low,Closed,2026-05-28,530.01
CP000550,C00346,B015,2024-10-22,Loan Service,High,Open,,650.5
CP000551,C00636,B025,2026-07-04,Card Issue,Low,Closed,2026-07-10,338.31
CP000552,C00313,B017,2026-03-25,ATM,High,Closed,2026-03-30,353.18
CP000553,C00312,B017,2025-04-01,Charges/Fees,Low,Closed,2025-04-09,140.83
CP000554,C00281,B016,2026-07-20,Loan Service,Medium,Closed,2026-07-20,325.08
CP000555,C00085,B012,2024-12-03,Unauthorized Transaction,Low,Closed,2024-12-09,664.54
CP000556,C00108,B020,2024-06-03,Charges/Fees,Medium,Closed,2024-06-05,98.63
CP000557,C00078,B018,2026-07-31,Account Service,Medium,Closed,2026-08-12,175.48
CP000558,C00633,B019,2024-05-25,ATM,High,Closed,2024-06-18,379.63
CP000559,C00607,B004,2025-05-19,App/Login,Low,Open,,202.98
CP000560,C00436,B023,2024-10-02,Account Service,Medium,Closed,2024-10-13,541.2
CP000561,C00479,B021,2026-01-23,Unauthorized Transaction,Low,Closed,2026-02-01,541.29
CP000562,C00906,B006,2024-01-17,Account Service,Medium,Closed,2024-01-28,127.63
CP000563,C00199,B020,2024-03-18,App/Login,Low,Closed,2024-03-27,165.89
CP000564,C00635,B005,2025-11-16,Unauthorized Transaction,Medium,Closed,2025-11-24,435.36
CP000565,C00522,B012,2026-08-26,Unauthorized Transaction,Medium,Closed,2026-09-01,213.23
CP000566,C00404,B019,2026-03-13,App/Login,High,Closed,2026-03-20,625.43
CP000567,C00518,B013,2024-04-05,Unauthorized Transaction,Low,Closed,2024-04-08,335.85
CP000568,C00989,B025,2026-01-22,Unauthorized Transaction,Medium,Closed,2026-01-22,259.33
CP000569,C00029,B017,2025-12-09,Account Service,High,Closed,2025-12-19,245.34
CP000570,C00162,B004,2026-01-18,Card Issue,Medium,Open,,432.07
CP000571,C00596,B008,2026-08-29,Charges/Fees,Medium,Closed,2026-09-05,135.11
CP000572,C00214,B018,2025-10-06,App/Login,Medium,Closed,2025-10-08,674.67
CP000573,C00813,B024,2026-06-15,Charges/Fees,Medium,Closed,2026-06-17,226.3
CP000574,C00235,B002,2025-07-04,Unauthorized Transaction,Medium,Closed,2025-07-13,523.51
CP000575,C00142,B003,2024-07-30,Charges/Fees,Low,Closed,2024-07-30,648.99
CP000576,C00493,B008,2025-10-26,App/Login,Low,Closed,2025-11-01,432.59
CP000577,C00944,B011,2024-12-14,Charges/Fees,High,Closed,2024-12-17,622.32
CP000578,C00993,B011,2025-07-17,Charges/Fees,Low,Open,,321.07
CP000579,C00794,B016,2025-11-27,Account Service,High,Closed,2025-12-07,482.7
CP000580,C00368,B014,2024-01-20,Account Service,Medium,Closed,2024-01-30,427.87
CP000581,C00519,B025,2024-08-26,Account Service,Medium,Closed,2024-09-05,291.66
CP000582,C00530,B012,2024-11-20,Charges/Fees,Low,Closed,2024-12-02,486.33
CP000583,C00417,B018,2025-09-10,Loan Service,Low,Closed,2025-09-21,112.07
CP000584,C00269,B024,2025-02-04,App/Login,High,Closed,2025-02-18,559.16
CP000585,C00421,B021,2024-02-21,Charges/Fees,Medium,Closed,2024-02-24,438.77
CP000586,C00311,B013,2024-12-23,Charges/Fees,Low,Closed,2024-12-26,51.56
CP000587,C00933,B016,2026-05-01,Account Service,Low,Closed,2026-05-03,588.83
CP000588,C00694,B015,2024-04-28,Card Issue,Low,Closed,2024-04-30,243.49
CP000589,C00506,B023,2024-03-29,Account Service,Medium,Open,,698.42
CP000590,C00411,B004,2025-09-02,Account Service,Medium,Open,,221.43
CP000591,C00569,B023,2025-12-15,Account Service,Low,Open,,444.32
CP000592,C00130,B022,2024-04-29,Unauthorized Transaction,Medium,Closed,2024-05-07,592.52
CP000593,C00831,B024,2024-07-22,Card Issue,Low,Closed,2024-08-03,342.76
CP000594,C00826,B012,2024-11-29,Loan Service,Medium,Open,,435.1
CP000595,C00282,B005,2025-10-09,Account Service,Medium,Closed,2025-10-14,411.89
CP000596,C00191,B024,2024-06-07,Card Issue,High,Closed,2024-07-01,315.77
CP000597,C00153,B008,2025-12-14,Loan Service,High,Closed,2026-01-06,71.84
CP000598,C00666,B013,2025-09-26,Account Service,Low,Closed,2025-10-01,685.04
CP000599,C00934,B020,2025-12-03,Charges/Fees,Medium,Closed,2025-12-06,292.87
CP000600,C00908,B008,2024-11-21,Loan Service,Low,Closed,2024-11-30,546.75
CP000601,C00417,B018,2026-01-14,Loan Service,Low,Closed,2026-01-17,685.53
CP000602,C00360,B021,2025-09-28,Charges/Fees,Low,Closed,2025-10-06,253.54
CP000603,C00647,B008,2024-04-06,App/Login,Medium,Closed,2024-04-13,396.21
CP000604,C00550,B025,2025-07-17,App/Login,Medium,Closed,2025-07-21,512.08
CP000605,C00300,B006,2026-02-01,Account Service,Medium,Open,,473.84
CP000606,C00565,B011,2025-01-08,Account Service,Medium,Closed,2025-01-09,590.62
CP000607,C00945,B016,2024-11-19,App/Login,Critical,Closed,2024-12-06,543.79
CP000608,C00067,B023,2025-06-10,ATM,Medium,Closed,2025-06-15,111.07
CP000609,C00166,B015,2024-01-05,Card Issue,Medium,Closed,2024-01-09,371.59
CP000610,C00492,B025,2024-08-20,Charges/Fees,Low,Closed,2024-08-23,108.12
CP000611,C00924,B013,2024-01-25,Card Issue,High,Closed,2024-01-31,220.37
CP000612,C00679,B001,2024-07-14,Charges/Fees,Low,Closed,2024-07-15,394.15
CP000613,C00483,B005,2024-10-02,Account Service,Low,Closed,2024-10-07,245.23
CP000614,C00837,B007,2026-02-26,Charges/Fees,Low,Closed,2026-03-03,233.99
CP000615,C00176,B015,2025-04-01,Charges/Fees,Low,Closed,2025-04-12,436.74
CP000616,C00032,B004,2026-07-28,Card Issue,Medium,Closed,2026-07-30,459.91
CP000617,C00194,B020,2026-04-24,Account Service,Low,Closed,2026-05-05,318.7
CP000618,C00212,B025,2025-11-11,Account Service,Low,Closed,2025-11-15,81.0
CP000619,C00586,B015,2026-03-17,Card Issue,Medium,Closed,2026-03-25,413.06
CP000620,C00661,B019,2024-11-15,Charges/Fees,Medium,Closed,2024-11-27,235.33
CP000621,C00712,B019,2026-02-27,Account Service,High,Closed,2026-03-12,432.33
CP000622,C00999,B012,2026-07-26,ATM,High,Closed,2026-08-14,184.31
CP000623,C00043,B025,2025-07-04,Loan Service,Medium,Closed,2025-07-11,104.92
CP000624,C00514,B014,2025-11-01,Charges/Fees,Low,Closed,2025-11-05,518.04
CP000625,C00739,B020,2024-01-01,Charges/Fees,Medium,Closed,2024-01-03,330.19
CP000626,C00517,B006,2026-06-22,Card Issue,Low,Closed,2026-06-23,99.17
CP000627,C00332,B012,2026-01-16,Unauthorized Transaction,High,Closed,2026-01-18,464.63
CP000628,C00418,B022,2024-09-10,App/Login,Medium,Closed,2024-09-14,117.09
CP000629,C00268,B007,2025-10-12,Account Service,Low,Closed,2025-10-24,117.05
CP000630,C00236,B012,2024-01-08,Account Service,Low,Closed,2024-01-15,399.44
CP000631,C00609,B017,2025-09-16,Account Service,Medium,Closed,2025-09-21,298.69
CP000632,C00296,B025,2024-12-20,Loan Service,Medium,Closed,2024-12-20,395.33
CP000633,C00336,B018,2025-01-06,App/Login,Low,Closed,2025-01-10,672.92
CP000634,C00439,B024,2025-03-19,Loan Service,Medium,Open,,253.43
CP000635,C00407,B005,2026-05-26,ATM,Medium,Closed,2026-05-26,134.26
CP000636,C00437,B023,2024-11-05,Card Issue,Medium,Closed,2024-11-06,578.04
CP000637,C00682,B021,2024-02-04,Account Service,Medium,Closed,2024-02-08,251.16
CP000638,C00561,B009,2025-12-10,Charges/Fees,Medium,Closed,2025-12-16,254.73
CP000639,C00677,B019,2024-11-11,Account Service,Low,Closed,2024-11-13,334.81
CP000640,C00641,B001,2026-01-12,Loan Service,Low,Closed,2026-01-12,86.05
CP000641,C00769,B007,2025-06-12,Loan Service,Medium,Closed,2025-06-16,668.09
CP000642,C00903,B011,2024-08-30,Charges/Fees,Medium,Closed,2024-09-09,585.19
CP000643,C00761,B014,2024-09-22,Loan Service,Medium,Closed,2024-10-04,196.53
CP000644,C00125,B012,2025-03-10,Account Service,High,Closed,2025-03-28,121.69
CP000645,C00106,B023,2025-02-06,Card Issue,Medium,Closed,2025-02-15,669.9
CP000646,C00125,B012,2024-03-18,Card Issue,High,Closed,2024-03-26,216.8
CP000647,C00161,B025,2024-11-24,Loan Service,Low,Closed,2024-12-01,569.78
CP000648,C00128,B008,2024-11-15,Loan Service,Low,Closed,2024-11-25,393.31
CP000649,C00199,B020,2024-08-05,Account Service,Medium,Open,,229.99
CP000650,C00121,B015,2026-05-09,Unauthorized Transaction,Low,Closed,2026-05-12,275.71
CP000651,C00864,B016,2025-11-29,Loan Service,High,Closed,2025-12-06,154.74
CP000652,C00804,B001,2025-03-17,Card Issue,Low,Open,,483.22
CP000653,C00165,B003,2024-04-14,ATM,Low,Closed,2024-04-16,307.37
CP000654,C00277,B012,2025-12-08,Unauthorized Transaction,Medium,Closed,2025-12-16,647.38
CP000655,C00556,B021,2026-08-19,App/Login,Low,Closed,2026-08-25,612.77
CP000656,C00901,B002,2024-10-11,Account Service,Low,Closed,2024-10-11,583.62
CP000657,C00228,B025,2024-01-08,App/Login,Low,Closed,2024-01-19,200.47
CP000658,C00970,B021,2025-12-14,Card Issue,Low,Open,,224.89
CP000659,C00980,B013,2025-10-09,App/Login,Low,Open,,519.88
CP000660,C00976,B010,2026-02-27,Loan Service,Medium,Closed,2026-03-06,496.74
CP000661,C00524,B014,2026-06-17,Charges/Fees,Medium,Open,,197.38
CP000662,C00119,B012,2025-10-24,Charges/Fees,Medium,Closed,2025-11-03,661.44
CP000663,C00349,B012,2026-02-19,App/Login,Critical,Closed,2026-02-27,1019.93
CP000664,C00529,B006,2026-04-02,Account Service,High,Open,,205.8
CP000665,C00923,B010,2024-06-23,Card Issue,Medium,Closed,2024-06-23,691.1
CP000666,C00352,B018,2024-02-20,Unauthorized Transaction,Low,Closed,2024-02-27,411.8
CP000667,C00310,B019,2026-06-05,ATM,High,Closed,2026-06-25,691.7
CP000668,C00748,B009,2025-12-02,Charges/Fees,Low,Closed,2025-12-07,197.14
CP000669,C00074,B025,2025-06-14,Card Issue,Low,Closed,2025-06-17,672.36
CP000670,C00957,B019,2024-04-07,Card Issue,Low,Closed,2024-04-08,337.79
CP000671,C00091,B018,2025-01-04,Charges/Fees,Low,Closed,2025-01-13,643.58
CP000672,C00506,B023,2025-01-08,Charges/Fees,High,Open,,592.98
CP000673,C00052,B001,2025-10-01,Card Issue,Low,Closed,2025-10-03,252.84
CP000674,C00520,B001,2024-07-11,Loan Service,Medium,Closed,2024-07-22,588.17
CP000675,C00683,B001,2026-07-20,Card Issue,High,Closed,2026-08-02,436.98
CP000676,C00158,B004,2024-05-06,Charges/Fees,Low,Open,,93.79
CP000677,C00196,B025,2025-08-02,Loan Service,Low,Closed,2025-08-04,585.11
CP000678,C00192,B006,2025-06-11,Account Service,Medium,Closed,2025-06-15,469.23
CP000679,C00464,B014,2026-07-04,Charges/Fees,Low,Closed,2026-07-16,143.49
CP000680,C00917,B011,2026-01-12,ATM,Medium,Closed,2026-01-24,566.11
CP000681,C00093,B008,2024-09-05,Charges/Fees,Medium,Closed,2024-09-10,421.02
CP000682,C00035,B003,2025-05-29,Loan Service,Low,Closed,2025-06-04,594.19
CP000683,C00510,B011,2024-11-29,Unauthorized Transaction,Low,Closed,2024-12-04,455.21
CP000684,C00520,B001,2024-02-26,Charges/Fees,Low,Open,,438.72
CP000685,C00278,B021,2024-11-07,Unauthorized Transaction,Medium,Closed,2024-11-19,241.33
CP000686,C00405,B014,2025-07-01,Unauthorized Transaction,Medium,Closed,2025-07-06,239.64
CP000687,C00536,B019,2024-10-10,Charges/Fees,Medium,Closed,2024-10-15,136.94
CP000688,C00536,B019,2024-01-18,App/Login,Low,Closed,2024-01-25,686.76
CP000689,C00957,B019,2024-05-05,Loan Service,Medium,Closed,2024-05-05,215.15
CP000690,C00341,B017,2024-08-28,ATM,Medium,Closed,2024-08-31,89.76
CP000691,C00354,B023,2025-04-01,ATM,High,Closed,2025-04-15,369.16
CP000692,C00219,B011,2025-12-23,ATM,High,Closed,2026-01-02,220.5
CP000693,C00298,B009,2024-02-15,App/Login,Medium,Closed,2024-02-16,320.37
CP000694,C00318,B010,2026-06-15,Loan Service,Low,Closed,2026-06-17,215.04
CP000695,C00048,B016,2025-01-27,Account Service,Low,Closed,2025-02-05,204.61
CP000696,C00567,B018,2025-02-17,App/Login,Medium,Open,,77.82
CP000697,C00904,B003,2026-06-27,Card Issue,Low,Open,,224.61
CP000698,C00224,B024,2025-05-09,Card Issue,High,Closed,2025-05-18,202.62
CP000699,C00445,B010,2025-05-06,Loan Service,Low,Closed,2025-05-16,73.42
CP000700,C00745,B007,2025-03-02,Account Service,High,Closed,2025-03-20,665.24
CP000701,C00346,B015,2025-07-24,Unauthorized Transaction,Medium,Closed,2025-08-01,555.07
CP000702,C00003,B022,2025-05-21,Account Service,Medium,Closed,2025-06-01,230.85
CP000703,C00760,B014,2024-03-20,App/Login,Low,Closed,2024-03-31,459.03
CP000704,C00623,B024,2026-02-26,Charges/Fees,Medium,Closed,2026-03-02,580.36
CP000705,C00612,B020,2026-08-16,Account Service,Low,Closed,2026-08-24,120.91
CP000706,C00309,B014,2025-06-23,App/Login,High,Closed,2025-07-02,172.32
CP000707,C00226,B017,2024-11-17,ATM,Medium,Closed,2024-11-24,53.45
CP000708,C00189,B005,2024-06-04,Loan Service,Medium,Closed,2024-06-08,693.42
CP000709,C00827,B018,2026-08-07,Unauthorized Transaction,Medium,Closed,2026-08-15,620.56
CP000710,C00926,B025,2024-02-21,Card Issue,Low,Open,,580.44
CP000711,C00518,B013,2024-06-27,App/Login,High,Closed,2024-06-29,547.38
CP000712,C00579,B002,2025-11-18,Account Service,Low,Closed,2025-11-19,53.0
CP000713,C00504,B014,2025-01-20,ATM,Low,Closed,2025-01-28,481.81
CP000714,C00900,B019,2024-12-02,Card Issue,Medium,Closed,2024-12-14,391.15
CP000715,C00101,B003,2025-01-22,Account Service,Medium,Closed,2025-01-24,369.29
CP000716,C00689,B008,2025-05-15,Loan Service,Low,Closed,2025-05-15,229.37
CP000717,C00574,B014,2026-07-29,Unauthorized Transaction,Medium,Closed,2026-08-06,663.61
CP000718,C00956,B001,2025-04-28,Account Service,High,Closed,2025-05-14,657.39
CP000719,C00335,B005,2024-11-29,ATM,Medium,Closed,2024-12-10,178.15
CP000720,C00940,B023,2024-01-19,Card Issue,High,Closed,2024-01-19,293.38
CP000721,C00549,B012,2024-01-08,Account Service,Medium,Closed,2024-01-19,540.25
CP000722,C00728,B016,2025-04-06,App/Login,Low,Closed,2025-04-10,251.89
CP000723,C00288,B013,2024-12-02,Charges/Fees,High,Closed,2024-12-12,397.6
CP000724,C00407,B005,2026-08-08,Card Issue,Medium,Open,,346.85
CP000725,C00364,B009,2024-07-02,Unauthorized Transaction,Low,Closed,2024-07-09,192.16
CP000726,C00333,B019,2025-08-25,Unauthorized Transaction,High,Open,,551.02
CP000727,C00901,B002,2025-04-14,Loan Service,Low,Closed,2025-04-19,135.23
CP000728,C00186,B022,2024-08-22,ATM,High,Closed,2024-08-22,372.08
CP000729,C00716,B008,2026-03-11,Card Issue,Low,Closed,2026-03-13,109.12
CP000730,C00177,B005,2024-03-08,ATM,High,Open,,404.16
CP000731,C00478,B015,2024-12-11,Loan Service,Critical,Closed,2024-12-17,1236.83
CP000732,C00785,B001,2025-02-11,App/Login,Low,Closed,2025-02-21,673.34
CP000733,C00114,B023,2025-04-01,Unauthorized Transaction,Low,Closed,2025-04-08,543.92
CP000734,C00919,B024,2026-02-06,Charges/Fees,Medium,Closed,2026-02-18,551.03
CP000735,C00179,B022,2025-11-10,Card Issue,High,Open,,213.15
CP000736,C00907,B014,2024-04-22,Unauthorized Transaction,Critical,Closed,2024-05-13,676.06
CP000737,C00485,B010,2025-09-10,Card Issue,Medium,Closed,2025-09-21,484.13
CP000738,C00838,B004,2026-03-23,Loan Service,Low,Closed,2026-03-28,257.64
CP000739,C00405,B014,2024-07-20,Account Service,High,Closed,2024-08-12,129.05
CP000740,C00602,B003,2025-02-14,Charges/Fees,Medium,Closed,2025-02-24,488.48
CP000741,C00647,B008,2024-12-07,Card Issue,High,Closed,2024-12-28,136.76
CP000742,C00495,B023,2026-07-31,Unauthorized Transaction,Low,Closed,2026-08-10,69.8
CP000743,C00098,B001,2026-05-23,ATM,Low,Open,,81.55
CP000744,C00189,B005,2024-05-25,Charges/Fees,Medium,Closed,2024-06-06,548.17
CP000745,C00803,B007,2025-09-24,Card Issue,Low,Closed,2025-10-04,310.91
CP000746,C00768,B025,2026-08-02,Loan Service,High,Closed,2026-08-21,613.27
CP000747,C00766,B010,2024-02-25,Loan Service,High,Closed,2024-03-19,392.37
CP000748,C00814,B019,2026-04-01,Charges/Fees,Low,Closed,2026-04-02,607.34
CP000749,C00949,B001,2025-07-06,Loan Service,Medium,Closed,2025-07-10,174.53
CP000750,C00909,B021,2024-09-22,Unauthorized Transaction,High,Closed,2024-10-15,558.45
CP000751,C00935,B023,2024-07-20,ATM,High,Closed,2024-07-24,273.67
CP000752,C00293,B010,2024-11-13,ATM,Low,Closed,2024-11-20,287.65
CP000753,C00339,B022,2026-08-02,Card Issue,High,Closed,2026-08-26,421.8
CP000754,C00220,B010,2024-10-28,App/Login,Low,Closed,2024-10-31,500.66
CP000755,C00204,B021,2025-10-12,App/Login,High,Closed,2025-10-24,613.33
CP000756,C00681,B024,2024-08-01,Charges/Fees,Low,Closed,2024-08-12,322.43
CP000757,C00997,B021,2024-01-28,Account Service,Medium,Closed,2024-02-04,82.05
CP000758,C00976,B010,2024-05-09,Loan Service,High,Closed,2024-05-16,108.43
CP000759,C00875,B011,2024-09-28,Card Issue,Low,Closed,2024-10-08,668.92
CP000760,C00718,B005,2025-02-11,Unauthorized Transaction,Medium,Closed,2025-02-17,565.85
CP000761,C00410,B006,2025-07-22,Account Service,High,Closed,2025-07-31,205.38
CP000762,C00367,B012,2024-03-14,Unauthorized Transaction,Medium,Closed,2024-03-15,373.69
CP000763,C00152,B007,2024-05-27,Account Service,Medium,Open,,441.31
CP000764,C00619,B006,2025-03-14,Account Service,High,Closed,2025-03-16,258.14
CP000765,C00553,B004,2026-02-20,Card Issue,Medium,Open,,557.79
CP000766,C00131,B021,2025-03-15,Card Issue,Medium,Closed,2025-03-24,326.35
CP000767,C00025,B014,2026-01-20,ATM,Medium,Closed,2026-01-21,499.18
CP000768,C00164,B024,2026-08-23,Unauthorized Transaction,Low,Closed,2026-08-26,51.9
CP000769,C00544,B001,2024-07-20,Account Service,Medium,Closed,2024-07-30,429.43
CP000770,C00730,B002,2025-01-01,App/Login,High,Closed,2025-01-11,481.37
CP000771,C00904,B003,2024-05-26,Loan Service,Low,Closed,2024-06-05,97.36
CP000772,C00596,B008,2025-07-15,Account Service,Low,Closed,2025-07-21,179.77
CP000773,C00651,B002,2026-06-21,Unauthorized Transaction,Low,Open,,573.26
CP000774,C00090,B009,2025-03-21,Charges/Fees,Medium,Closed,2025-03-28,450.19
CP000775,C00757,B020,2024-05-31,Card Issue,Low,Closed,2024-06-09,67.37
CP000776,C00216,B005,2025-07-18,Card Issue,Medium,Closed,2025-07-24,463.18
CP000777,C00081,B024,2025-10-27,App/Login,Medium,Closed,2025-11-08,453.34
CP000778,C00619,B006,2026-07-21,Card Issue,Medium,Closed,2026-07-28,193.95
CP000779,C00119,B012,2024-09-10,Card Issue,Medium,Closed,2024-09-15,490.04
CP000780,C00176,B015,2025-04-07,Account Service,Critical,Closed,2025-04-24,482.79
CP000781,C00724,B024,2025-12-20,Charges/Fees,Low,Closed,2025-12-26,379.68
CP000782,C00824,B020,2024-06-21,Loan Service,Medium,Closed,2024-07-02,360.14
CP000783,C00127,B002,2025-12-16,ATM,Medium,Closed,2025-12-21,658.63
CP000784,C00184,B019,2024-07-31,Account Service,Low,Open,,644.57
CP000785,C00470,B009,2025-11-16,Account Service,Medium,Closed,2025-11-16,71.16
CP000786,C00191,B024,2025-04-02,Account Service,Low,Closed,2025-04-05,575.69
CP000787,C00487,B007,2026-04-23,Charges/Fees,High,Closed,2026-04-28,575.58
CP000788,C00334,B012,2024-09-26,App/Login,Medium,Closed,2024-09-27,461.7
CP000789,C00278,B021,2025-04-28,App/Login,High,Closed,2025-05-07,375.89
CP000790,C00647,B008,2024-04-20,Account Service,Medium,Closed,2024-04-27,464.05
CP000791,C00406,B011,2024-09-20,Unauthorized Transaction,Medium,Open,,580.51
CP000792,C00516,B023,2025-10-24,Account Service,Medium,Closed,2025-11-04,94.91
CP000793,C00509,B005,2025-06-28,Account Service,High,Closed,2025-07-22,475.16
CP000794,C00982,B016,2025-10-02,Card Issue,Medium,Closed,2025-10-14,64.01
CP000795,C00327,B003,2024-11-11,Account Service,Low,Closed,2024-11-22,603.29
CP000796,C00748,B009,2025-08-29,App/Login,Low,Closed,2025-09-06,338.42
CP000797,C00775,B012,2026-04-30,Unauthorized Transaction,Low,Closed,2026-05-09,589.65
CP000798,C00696,B006,2025-11-23,ATM,High,Closed,2025-12-01,127.9
CP000799,C00077,B010,2025-05-12,Loan Service,Medium,Closed,2025-05-21,679.81
CP000800,C00183,B003,2024-02-08,App/Login,Medium,Closed,2024-02-10,580.79
CP000801,C00029,B017,2024-01-10,Account Service,Low,Closed,2024-01-14,461.36
CP000802,C00463,B011,2026-08-20,Charges/Fees,Low,Closed,2026-08-27,393.97
CP000803,C00613,B005,2026-05-26,Card Issue,High,Open,,470.03
CP000804,C00607,B004,2025-11-10,Unauthorized Transaction,High,Closed,2025-12-02,565.52
CP000805,C00160,B010,2025-08-14,Account Service,Medium,Closed,2025-08-20,77.5
CP000806,C00683,B001,2024-07-03,Loan Service,Low,Closed,2024-07-10,116.8
CP000807,C00296,B025,2026-08-07,Card Issue,Medium,Closed,2026-08-14,337.19
CP000808,C00720,B016,2024-12-22,Card Issue,Low,Closed,2024-12-23,120.7
CP000809,C00003,B022,2024-05-23,ATM,Low,Open,,624.45
CP000810,C00377,B009,2024-04-18,Charges/Fees,Low,Closed,2024-04-25,231.5
CP000811,C00672,B013,2026-01-23,Card Issue,Low,Closed,2026-01-29,404.01
CP000812,C00974,B017,2024-01-12,Card Issue,Medium,Closed,2024-01-14,127.0
CP000813,C00709,B011,2025-12-30,Unauthorized Transaction,Medium,Closed,2026-01-10,418.59
CP000814,C00259,B014,2024-06-30,ATM,Critical,Closed,2024-07-14,236.22
CP000815,C00254,B011,2026-02-19,ATM,Low,Closed,2026-02-23,516.42
CP000816,C00375,B001,2024-03-05,Account Service,High,Closed,2024-03-23,312.31
CP000817,C00989,B025,2026-08-27,Charges/Fees,Medium,Closed,2026-09-05,586.23
CP000818,C00395,B019,2026-04-05,Account Service,Medium,Closed,2026-04-05,664.21
CP000819,C00305,B002,2026-01-07,Loan Service,Medium,Closed,2026-01-16,241.11
CP000820,C00685,B001,2025-07-19,Unauthorized Transaction,High,Open,,592.74
CP000821,C00389,B016,2026-03-13,Card Issue,Low,Closed,2026-03-13,694.87
CP000822,C00942,B021,2025-03-08,Charges/Fees,Medium,Closed,2025-03-19,686.43
CP000823,C00105,B015,2025-07-21,ATM,Medium,Closed,2025-07-29,127.68
CP000824,C00006,B025,2025-05-02,Loan Service,Low,Closed,2025-05-04,83.32
CP000825,C00526,B022,2025-03-03,Card Issue,Medium,Closed,2025-03-15,326.06
CP000826,C00936,B024,2024-03-31,Unauthorized Transaction,Low,Closed,2024-04-10,80.4
CP000827,C00368,B014,2024-06-28,Account Service,Low,Closed,2024-07-06,531.43
CP000828,C00080,B023,2025-07-05,Card Issue,Medium,Closed,2025-07-13,444.78
CP000829,C00283,B011,2024-08-04,Loan Service,High,Closed,2024-08-14,477.85
CP000830,C00308,B016,2025-10-12,Charges/Fees,Low,Open,,77.14
CP000831,C01000,B016,2026-01-22,Loan Service,Medium,Closed,2026-01-31,570.78
CP000832,C00844,B023,2025-01-23,App/Login,Medium,Closed,2025-02-01,206.36
CP000833,C00565,B011,2026-05-03,ATM,High,Open,,474.52
CP000834,C00776,B022,2024-01-15,Loan Service,High,Closed,2024-01-15,630.96
CP000835,C00168,B024,2024-11-19,Charges/Fees,Medium,Closed,2024-11-26,286.22
CP000836,C00816,B023,2024-08-15,Card Issue,High,Closed,2024-08-23,673.22
CP000837,C00112,B020,2026-08-23,ATM,Medium,Closed,2026-09-04,669.64
CP000838,C00156,B010,2024-06-06,Account Service,Medium,Closed,2024-06-06,638.84
CP000839,C00103,B021,2025-08-08,App/Login,High,Closed,2025-09-02,661.98
CP000840,C00728,B016,2024-07-31,ATM,Low,Closed,2024-08-09,588.11
CP000841,C00574,B014,2025-05-03,Account Service,Medium,Closed,2025-05-07,696.25
CP000842,C00847,B019,2026-02-02,Charges/Fees,Medium,Closed,2026-02-07,330.34
CP000843,C00088,B020,2025-09-06,Card Issue,High,Closed,2025-09-25,252.94
CP000844,C00969,B019,2024-01-14,Card Issue,Medium,Closed,2024-01-23,167.63
CP000845,C00374,B005,2024-05-17,Unauthorized Transaction,Medium,Closed,2024-05-24,550.63
CP000846,C00980,B013,2024-01-16,Card Issue,High,Closed,2024-01-23,167.29
CP000847,C00382,B021,2025-04-04,ATM,Low,Closed,2025-04-10,172.75
CP000848,C00968,B013,2026-05-16,Charges/Fees,Medium,Closed,2026-05-19,180.83
CP000849,C00265,B002,2025-07-28,Account Service,Medium,Closed,2025-07-30,266.36
CP000850,C00368,B014,2024-12-25,ATM,Medium,Closed,2024-12-27,590.48
CP000851,C00729,B003,2025-05-13,Account Service,Medium,Closed,2025-05-15,246.74
CP000852,C00757,B020,2025-12-17,App/Login,Low,Open,,387.54
CP000853,C00018,B020,2025-03-08,Charges/Fees,High,Closed,2025-03-19,250.88
CP000854,C00351,B021,2025-10-22,Account Service,Low,Open,,544.88
CP000855,C00681,B024,2025-04-21,Charges/Fees,Medium,Closed,2025-04-27,465.5
CP000856,C00960,B004,2025-10-05,ATM,Medium,Closed,2025-10-05,78.41
CP000857,C00453,B015,2024-05-16,ATM,Critical,Closed,2024-06-03,816.56
CP000858,C00931,B004,2026-06-29,ATM,Low,Closed,2026-07-01,125.56
CP000859,C00671,B021,2026-01-30,Card Issue,High,Closed,2026-02-22,352.8
CP000860,C00038,B020,2024-12-08,App/Login,Low,Closed,2024-12-17,434.53
CP000861,C00005,B001,2025-02-05,Account Service,Low,Closed,2025-02-05,290.59
CP000862,C00582,B014,2024-04-20,Charges/Fees,High,Closed,2024-04-30,96.57
CP000863,C00501,B002,2025-06-14,Account Service,Low,Closed,2025-06-14,182.46
CP000864,C00602,B003,2024-07-17,Loan Service,High,Closed,2024-07-24,417.39
CP000865,C00602,B003,2024-05-27,Card Issue,Low,Closed,2024-06-06,209.05
CP000866,C00525,B019,2024-06-08,ATM,Medium,Closed,2024-06-19,113.39
CP000867,C00326,B009,2026-03-24,Loan Service,Medium,Closed,2026-04-03,287.05
CP000868,C00050,B004,2024-09-07,Charges/Fees,Medium,Closed,2024-09-17,131.8
CP000869,C00665,B024,2024-08-04,ATM,Medium,Closed,2024-08-08,696.7
CP000870,C00952,B004,2026-08-09,App/Login,High,Closed,2026-08-10,337.23
CP000871,C00605,B015,2024-07-16,Charges/Fees,Low,Closed,2024-07-19,314.83
CP000872,C00336,B018,2024-11-08,App/Login,Medium,Open,,620.1
CP000873,C00652,B015,2025-07-04,Account Service,Low,Closed,2025-07-10,678.7
CP000874,C00406,B011,2026-02-19,ATM,Medium,Closed,2026-02-27,515.73
CP000875,C00146,B016,2024-03-30,Loan Service,High,Closed,2024-04-11,353.23
CP000876,C00447,B002,2025-06-15,Unauthorized Transaction,Medium,Closed,2025-06-27,652.18
CP000877,C00813,B024,2024-09-28,ATM,Medium,Open,,543.12
CP000878,C00671,B021,2025-04-23,App/Login,Medium,Closed,2025-05-03,161.83
CP000879,C00819,B006,2026-03-19,ATM,Critical,Closed,2026-03-22,808.48
CP000880,C00219,B011,2025-01-04,Account Service,Low,Closed,2025-01-07,386.34
CP000881,C00741,B014,2026-05-27,Card Issue,Low,Closed,2026-06-04,486.44
CP000882,C00279,B008,2024-03-12,Card Issue,Medium,Closed,2024-03-22,282.73
CP000883,C00986,B013,2025-08-10,Unauthorized Transaction,Low,Closed,2025-08-13,663.7
CP000884,C00459,B011,2025-03-28,Unauthorized Transaction,High,Closed,2025-03-31,630.41
CP000885,C00828,B003,2025-12-23,ATM,Medium,Closed,2026-01-01,699.49
CP000886,C00775,B012,2024-01-29,Account Service,Low,Closed,2024-02-02,353.99
CP000887,C00766,B010,2026-08-13,Loan Service,Low,Closed,2026-08-15,599.18
CP000888,C00479,B021,2026-05-10,Card Issue,Medium,Closed,2026-05-19,275.5
CP000889,C00346,B015,2025-07-14,Charges/Fees,Medium,Closed,2025-07-19,171.47
CP000890,C00654,B006,2024-08-21,ATM,Low,Closed,2024-09-02,594.66
CP000891,C00826,B012,2025-08-02,App/Login,High,Closed,2025-08-13,669.34
CP000892,C00456,B013,2026-05-03,Unauthorized Transaction,Low,Closed,2026-05-08,237.79
CP000893,C00489,B005,2024-02-18,Loan Service,Low,Closed,2024-02-29,186.09
CP000894,C00903,B011,2026-06-08,Card Issue,Critical,Closed,2026-07-03,295.69
CP000895,C00060,B016,2025-06-13,App/Login,High,Closed,2025-06-30,194.94
CP000896,C00370,B018,2025-12-18,Loan Service,Medium,Closed,2025-12-30,229.23
CP000897,C00660,B017,2025-01-06,Loan Service,Low,Closed,2025-01-06,525.6
CP000898,C00321,B003,2025-05-24,Account Service,Low,Closed,2025-05-26,105.03
CP000899,C00624,B001,2025-04-12,Account Service,Medium,Closed,2025-04-12,448.11
CP000900,C00510,B011,2025-10-05,Charges/Fees,Medium,Closed,2025-10-13,187.47
CP000901,C00039,B007,2025-12-24,Charges/Fees,Medium,Closed,2025-12-28,485.61
CP000902,C00990,B004,2024-09-07,Charges/Fees,Low,Closed,2024-09-17,157.44
CP000903,C00891,B025,2026-08-20,Account Service,Medium,Closed,2026-08-30,492.71
CP000904,C00093,B008,2024-03-24,Card Issue,Low,Closed,2024-03-31,491.35
CP000905,C00605,B015,2025-02-23,ATM,Medium,Closed,2025-03-03,239.76
CP000906,C00947,B006,2024-03-23,Charges/Fees,High,Closed,2024-04-03,379.56
CP000907,C00770,B003,2026-01-31,App/Login,Medium,Closed,2026-02-05,682.77
CP000908,C00887,B002,2024-03-22,Account Service,Medium,Closed,2024-03-28,344.51
CP000909,C00825,B010,2025-01-30,ATM,Low,Closed,2025-01-31,560.65
CP000910,C00954,B015,2026-02-28,ATM,Low,Closed,2026-03-06,453.22
CP000911,C00701,B001,2025-09-07,Charges/Fees,Low,Closed,2025-09-14,478.57
CP000912,C00077,B010,2024-11-08,ATM,Medium,Open,,54.12
CP000913,C00448,B025,2025-03-30,Charges/Fees,Low,Closed,2025-04-09,350.59
CP000914,C00393,B020,2025-10-14,Charges/Fees,Medium,Closed,2025-10-15,654.25
CP000915,C00129,B007,2024-12-18,Card Issue,Medium,Closed,2024-12-27,597.69
CP000916,C00453,B015,2025-08-08,Charges/Fees,Medium,Closed,2025-08-16,62.0
CP000917,C00792,B003,2026-02-18,Unauthorized Transaction,High,Closed,2026-02-25,332.63
CP000918,C00334,B012,2025-01-15,Unauthorized Transaction,Medium,Open,,165.9
CP000919,C00523,B014,2024-05-07,Loan Service,High,Closed,2024-05-27,404.9
CP000920,C00884,B019,2025-11-19,Loan Service,Medium,Closed,2025-11-27,100.08
CP000921,C00030,B005,2025-02-14,Card Issue,Medium,Closed,2025-02-16,650.91
CP000922,C00313,B017,2026-06-22,Loan Service,Low,Closed,2026-06-30,361.08
CP000923,C00727,B003,2024-01-21,Charges/Fees,Medium,Closed,2024-02-02,135.31
CP000924,C00435,B006,2025-04-14,Account Service,High,Open,,347.99
CP000925,C00454,B023,2024-01-01,Unauthorized Transaction,High,Closed,2024-01-07,536.9
CP000926,C00932,B018,2024-05-05,ATM,Low,Closed,2024-05-07,598.41
CP000927,C00145,B019,2025-03-27,Card Issue,High,Closed,2025-03-27,672.87
CP000928,C00907,B014,2026-01-28,Loan Service,Medium,Closed,2026-01-31,518.57
CP000929,C00163,B016,2026-04-28,Card Issue,High,Closed,2026-05-09,676.66
CP000930,C00878,B017,2025-05-19,Card Issue,High,Closed,2025-06-03,128.75
CP000931,C00602,B003,2025-01-16,Account Service,High,Closed,2025-02-08,79.81
CP000932,C00064,B010,2024-09-15,Account Service,Low,Open,,121.45
CP000933,C00965,B002,2024-07-20,Account Service,High,Closed,2024-08-12,685.21
CP000934,C00648,B001,2025-06-30,Unauthorized Transaction,Low,Closed,2025-07-10,364.98
CP000935,C00995,B022,2025-05-07,Account Service,Low,Closed,2025-05-15,408.79
CP000936,C00609,B017,2025-05-01,ATM,High,Closed,2025-05-06,350.53
CP000937,C00779,B020,2026-02-15,Card Issue,Low,Closed,2026-02-20,558.47
CP000938,C00079,B012,2025-05-12,Charges/Fees,High,Closed,2025-05-14,455.5
CP000939,C00109,B023,2026-04-20,ATM,Medium,Closed,2026-04-29,277.8
CP000940,C00767,B004,2026-04-16,App/Login,Low,Closed,2026-04-26,514.66
CP000941,C00277,B012,2026-01-08,Card Issue,Low,Closed,2026-01-17,163.27
CP000942,C00125,B012,2025-04-20,Charges/Fees,High,Closed,2025-05-11,174.34
CP000943,C00985,B018,2026-05-10,Unauthorized Transaction,Low,Closed,2026-05-12,133.57
CP000944,C00358,B008,2024-03-11,ATM,High,Closed,2024-03-16,124.78
CP000945,C00220,B010,2026-02-12,Loan Service,Medium,Closed,2026-02-12,331.11
CP000946,C00197,B010,2024-10-17,Loan Service,Medium,Closed,2024-10-23,97.84
CP000947,C00803,B007,2026-07-18,Loan Service,High,Closed,2026-07-19,104.39
CP000948,C00660,B017,2026-03-16,Loan Service,Low,Closed,2026-03-22,66.2
CP000949,C00158,B004,2024-02-08,Account Service,Low,Closed,2024-02-11,574.0
CP000950,C00065,B005,2024-11-21,Card Issue,High,Closed,2024-12-11,213.2
CP000951,C00897,B002,2025-10-20,Account Service,Low,Closed,2025-10-24,271.67
CP000952,C00212,B025,2026-07-26,Account Service,Low,Closed,2026-07-29,196.84
CP000953,C00397,B003,2026-05-21,App/Login,Medium,Closed,2026-05-29,634.44
CP000954,C00061,B013,2026-04-16,Charges/Fees,Low,Closed,2026-04-21,550.63
CP000955,C00965,B002,2026-03-10,ATM,High,Closed,2026-03-11,570.84
CP000956,C00692,B017,2026-07-26,ATM,High,Closed,2026-08-11,261.4
CP000957,C00413,B022,2024-05-23,Loan Service,Low,Closed,2024-05-24,356.56
CP000958,C00437,B023,2026-01-17,Charges/Fees,Medium,Closed,2026-01-20,470.03
CP000959,C00394,B010,2024-08-27,Account Service,Medium,Open,,384.95
CP000960,C00945,B016,2026-04-06,Loan Service,High,Open,,568.59
CP000961,C00758,B012,2024-05-25,Account Service,Low,Closed,2024-06-06,365.03
CP000962,C00572,B010,2026-02-01,ATM,Medium,Closed,2026-02-04,238.67
CP000963,C00695,B014,2024-05-29,App/Login,Medium,Closed,2024-06-01,566.87
CP000964,C00811,B013,2024-11-23,Unauthorized Transaction,Low,Closed,2024-12-04,555.42
CP000965,C00122,B016,2026-05-06,Account Service,High,Closed,2026-05-07,119.66
CP000966,C00634,B022,2025-07-05,Loan Service,Low,Closed,2025-07-14,324.03
CP000967,C00992,B014,2025-04-15,Unauthorized Transaction,Low,Closed,2025-04-19,579.65
CP000968,C00078,B018,2026-06-16,Charges/Fees,High,Closed,2026-06-24,167.52
CP000969,C00202,B015,2024-04-05,Card Issue,Low,Closed,2024-04-06,341.34
CP000970,C00391,B023,2025-04-20,Account Service,Low,Closed,2025-05-01,448.77
CP000971,C00254,B011,2026-03-30,Loan Service,Low,Closed,2026-04-04,199.26
CP000972,C00461,B010,2024-02-26,Loan Service,Low,Closed,2024-03-06,401.34
CP000973,C00667,B019,2024-09-23,Account Service,Medium,Closed,2024-10-01,574.93
CP000974,C00313,B017,2025-02-19,ATM,Low,Closed,2025-03-02,465.42
CP000975,C00329,B022,2024-01-01,App/Login,Low,Closed,2024-01-12,485.46
CP000976,C00775,B012,2024-09-26,Account Service,Medium,Closed,2024-09-29,164.59
CP000977,C00790,B001,2025-07-01,Loan Service,High,Open,,242.85
CP000978,C00309,B014,2024-09-13,Card Issue,Low,Closed,2024-09-14,328.57
CP000979,C00184,B019,2025-09-29,Card Issue,Medium,Closed,2025-10-09,499.46
CP000980,C00225,B011,2025-07-11,ATM,Medium,Open,,588.43
CP000981,C00818,B006,2024-04-22,Loan Service,Critical,Closed,2024-05-16,115.04
CP000982,C00353,B004,2025-04-20,App/Login,High,Closed,2025-04-24,134.48
CP000983,C00478,B015,2025-04-19,Charges/Fees,Medium,Closed,2025-04-24,108.79
CP000984,C00225,B011,2024-10-04,Card Issue,Medium,Closed,2024-10-10,130.62
CP000985,C00302,B022,2024-12-01,Loan Service,Medium,Closed,2024-12-05,403.85
CP000986,C00969,B019,2025-11-04,Unauthorized Transaction,Medium,Closed,2025-11-07,661.67
CP000987,C00316,B017,2024-02-28,Card Issue,Medium,Closed,2024-03-04,296.84
CP000988,C00351,B021,2025-07-23,Loan Service,Medium,Open,,187.77
CP000989,C00640,B006,2024-02-15,Unauthorized Transaction,Medium,Closed,2024-02-27,339.13
CP000990,C00132,B005,2026-07-29,Card Issue,Medium,Closed,2026-07-29,531.63
CP000991,C00731,B017,2026-04-15,Account Service,Medium,Closed,2026-04-17,84.19
CP000992,C00554,B021,2025-07-22,ATM,Medium,Closed,2025-07-22,322.92
CP000993,C00361,B003,2025-01-12,Loan Service,Low,Closed,2025-01-12,210.73
CP000994,C00968,B013,2025-08-15,Card Issue,Low,Closed,2025-08-23,514.0
CP000995,C00790,B001,2026-07-15,App/Login,Critical,Open,,535.95
CP000996,C00809,B020,2025-05-20,Unauthorized Transaction,High,Closed,2025-06-14,569.78
CP000997,C00668,B007,2024-02-06,Account Service,Medium,Closed,2024-02-09,555.95
CP000998,C00262,B011,2024-03-16,ATM,Medium,Closed,2024-03-19,531.4
CP000999,C00810,B014,2025-09-23,App/Login,Low,Closed,2025-09-30,623.04
CP001000,C00188,B014,2025-07-26,Charges/Fees,High,Closed,2025-07-27,115.45
CP001001,C00404,B019,2025-01-05,Loan Service,Medium,Closed,2025-01-06,204.62
CP001002,C00622,B011,2024-07-02,Unauthorized Transaction,Low,Closed,2024-07-10,125.45
CP001003,C00980,B013,2025-08-13,Loan Service,Low,Closed,2025-08-25,211.49
CP001004,C00538,B025,2025-02-28,Charges/Fees,Medium,Closed,2025-02-28,466.13
CP001005,C00919,B024,2024-05-08,App/Login,Medium,Closed,2024-05-18,208.8
CP001006,C00285,B009,2024-08-03,Loan Service,Medium,Closed,2024-08-09,463.8
CP001007,C00458,B020,2024-01-07,Loan Service,Low,Closed,2024-01-16,614.82
CP001008,C00505,B005,2024-02-07,ATM,Medium,Closed,2024-02-07,365.68
CP001009,C00536,B019,2025-10-12,Account Service,High,Closed,2025-10-23,263.96
CP001010,C00938,B024,2025-09-13,Account Service,Low,Closed,2025-09-17,637.18
CP001011,C00829,B014,2024-08-12,ATM,Medium,Closed,2024-08-21,630.37
CP001012,C00903,B011,2024-07-30,Card Issue,High,Closed,2024-08-09,310.72
CP001013,C00447,B002,2026-08-24,ATM,Low,Closed,2026-08-30,399.49
CP001014,C00372,B006,2025-05-11,Unauthorized Transaction,High,Open,,423.75
CP001015,C00678,B016,2026-06-20,Account Service,Medium,Closed,2026-07-02,139.09
CP001016,C00859,B001,2025-06-30,Loan Service,Low,Closed,2025-07-11,227.61
CP001017,C00912,B007,2025-02-26,Unauthorized Transaction,Medium,Closed,2025-03-09,677.57
CP001018,C00465,B015,2025-05-23,Charges/Fees,Medium,Closed,2025-05-31,168.02
CP001019,C00965,B002,2025-12-06,Account Service,Medium,Closed,2025-12-07,331.79
CP001020,C00400,B014,2024-11-10,App/Login,High,Closed,2024-11-23,249.81
CP001021,C00307,B004,2026-05-17,Unauthorized Transaction,High,Closed,2026-06-08,142.1
CP001022,C00190,B014,2026-08-14,Loan Service,Low,Closed,2026-08-18,129.15
CP001023,C00038,B020,2024-08-29,Account Service,Low,Closed,2024-09-04,673.75
CP001024,C00194,B020,2026-03-15,Charges/Fees,Medium,Closed,2026-03-26,690.99
CP001025,C00432,B020,2025-06-11,App/Login,Low,Closed,2025-06-22,579.87
CP001026,C00342,B003,2024-10-30,Unauthorized Transaction,Medium,Closed,2024-11-05,346.79
CP001027,C00039,B007,2024-07-16,Account Service,Medium,Closed,2024-07-27,195.43
CP001028,C00260,B015,2024-11-30,Unauthorized Transaction,Medium,Closed,2024-12-05,597.78
CP001029,C00519,B025,2024-04-03,Loan Service,Low,Closed,2024-04-14,403.02
CP001030,C00078,B018,2026-08-14,App/Login,High,Closed,2026-08-24,202.77
CP001031,C00932,B018,2026-07-09,ATM,Medium,Closed,2026-07-09,537.5
CP001032,C00623,B024,2024-08-01,Account Service,High,Closed,2024-08-14,340.03
CP001033,C00005,B001,2025-07-23,Loan Service,Medium,Closed,2025-07-29,549.94
CP001034,C00150,B025,2024-09-13,Charges/Fees,Medium,Closed,2024-09-15,61.63
CP001035,C00074,B025,2026-01-20,Account Service,Low,Closed,2026-01-28,521.6
CP001036,C00547,B002,2024-12-02,ATM,Low,Closed,2024-12-03,607.23
CP001037,C00278,B021,2024-12-31,ATM,Low,Closed,2025-01-10,434.72
CP001038,C00891,B025,2024-07-31,Unauthorized Transaction,High,Closed,2024-08-15,426.5
CP001039,C00809,B020,2025-11-03,Account Service,High,Closed,2025-11-04,649.69
CP001040,C00941,B004,2025-08-13,Charges/Fees,Medium,Closed,2025-08-15,606.61
CP001041,C00578,B022,2026-04-19,App/Login,Critical,Open,,822.86
CP001042,C00645,B003,2026-07-14,Loan Service,Medium,Closed,2026-07-19,133.51
CP001043,C00400,B014,2025-12-18,Account Service,Medium,Closed,2025-12-19,370.51
CP001044,C00008,B011,2025-04-02,Charges/Fees,High,Closed,2025-04-27,227.36
CP001045,C00993,B011,2024-07-16,Unauthorized Transaction,Low,Closed,2024-07-23,481.77
CP001046,C00008,B011,2026-01-15,Charges/Fees,Medium,Closed,2026-01-24,84.43
CP001047,C00120,B012,2026-04-12,Loan Service,High,Closed,2026-04-29,454.27
CP001048,C00687,B022,2024-05-16,App/Login,Medium,Closed,2024-05-27,150.09
CP001049,C00024,B018,2024-12-30,Loan Service,Medium,Open,,70.8
CP001050,C00588,B024,2024-05-21,Charges/Fees,Medium,Closed,2024-05-22,240.09
CP001051,C00387,B018,2026-08-23,Account Service,Low,Closed,2026-08-23,353.97
CP001052,C00688,B017,2026-04-26,Account Service,Low,Closed,2026-05-06,516.14
CP001053,C00999,B012,2026-01-03,Card Issue,Low,Closed,2026-01-14,656.8
CP001054,C00697,B005,2024-06-21,Loan Service,Medium,Closed,2024-06-26,614.56
CP001055,C00591,B005,2024-09-12,ATM,Low,Closed,2024-09-23,539.62
CP001056,C00970,B021,2025-12-08,Account Service,High,Closed,2026-01-01,632.55
CP001057,C00865,B015,2026-01-02,ATM,Low,Closed,2026-01-06,335.36
CP001058,C00952,B004,2026-07-15,Account Service,High,Closed,2026-08-07,405.66
CP001059,C00013,B007,2024-01-23,Loan Service,Critical,Open,,1167.61
CP001060,C00687,B022,2024-03-15,Charges/Fees,Medium,Closed,2024-03-16,337.32
CP001061,C00690,B020,2026-03-12,ATM,Low,Closed,2026-03-22,71.64
CP001062,C00709,B011,2025-04-12,Account Service,Critical,Closed,2025-04-23,1201.02
CP001063,C00693,B008,2026-08-02,Charges/Fees,Critical,Closed,2026-08-21,498.52
CP001064,C00913,B006,2024-12-06,Account Service,Low,Closed,2024-12-08,681.12
CP001065,C00221,B024,2024-05-10,Unauthorized Transaction,High,Closed,2024-05-19,521.29
CP001066,C00090,B009,2025-02-09,Loan Service,Medium,Closed,2025-02-18,661.12
CP001067,C00655,B025,2024-05-23,Account Service,Medium,Closed,2024-05-29,441.11
CP001068,C00471,B017,2025-07-13,Unauthorized Transaction,Critical,Closed,2025-07-15,1109.81
CP001069,C00214,B018,2024-02-23,Loan Service,Medium,Closed,2024-02-25,535.76
CP001070,C00146,B016,2026-02-23,Card Issue,Low,Closed,2026-02-26,302.21
CP001071,C00671,B021,2025-11-30,Unauthorized Transaction,Low,Closed,2025-12-12,159.96
CP001072,C00598,B016,2024-01-16,Account Service,Medium,Closed,2024-01-18,171.72
CP001073,C00802,B013,2026-02-04,Charges/Fees,Medium,Closed,2026-02-13,629.22
CP001074,C00737,B004,2024-09-22,Account Service,Critical,Closed,2024-10-17,930.36
CP001075,C00232,B019,2025-05-01,Account Service,Medium,Closed,2025-05-03,146.23
CP001076,C00554,B021,2025-09-10,Account Service,Low,Open,,536.48
CP001077,C00304,B003,2026-03-20,App/Login,Low,Open,,123.91
CP001078,C00895,B015,2024-01-09,Charges/Fees,Low,Closed,2024-01-18,316.18
CP001079,C00496,B020,2025-12-04,Account Service,Low,Open,,74.67
CP001080,C00747,B014,2026-06-16,Card Issue,Critical,Closed,2026-07-09,1241.65
CP001081,C00915,B014,2026-03-05,Loan Service,Medium,Closed,2026-03-10,90.15
CP001082,C00776,B022,2024-12-05,ATM,Medium,Closed,2024-12-15,112.92
CP001083,C00610,B005,2026-08-10,Charges/Fees,Medium,Open,,386.01
CP001084,C00227,B012,2026-07-13,Charges/Fees,Medium,Closed,2026-07-23,355.82
CP001085,C00886,B023,2025-09-14,Loan Service,Medium,Closed,2025-09-15,253.39
CP001086,C00841,B004,2024-08-28,App/Login,Low,Open,,112.25
CP001087,C00581,B017,2025-05-30,ATM,Low,Closed,2025-05-31,664.58
CP001088,C00500,B015,2026-05-30,Card Issue,Medium,Closed,2026-06-04,481.94
CP001089,C00608,B025,2024-02-11,Charges/Fees,Medium,Closed,2024-02-14,142.38
CP001090,C00557,B006,2026-01-13,Charges/Fees,Critical,Open,,189.7
CP001091,C00784,B005,2024-10-06,App/Login,Low,Closed,2024-10-12,674.68
CP001092,C00506,B023,2024-08-16,Card Issue,Medium,Open,,217.21
CP001093,C00879,B025,2024-12-08,App/Login,Medium,Open,,121.46
CP001094,C00916,B003,2025-12-01,Account Service,Low,Closed,2025-12-04,178.41
CP001095,C00349,B012,2025-09-27,Account Service,Low,Closed,2025-09-28,218.26
CP001096,C00681,B024,2026-04-24,Loan Service,High,Closed,2026-04-27,506.39
CP001097,C00098,B001,2024-02-26,App/Login,Critical,Closed,2024-03-18,122.72
CP001098,C00380,B025,2025-09-26,App/Login,Low,Closed,2025-09-28,134.96
CP001099,C00103,B021,2026-07-28,App/Login,Low,Closed,2026-08-05,291.35
CP001100,C00739,B020,2026-03-29,Unauthorized Transaction,High,Closed,2026-04-08,78.7
CP001101,C00544,B001,2025-10-20,Account Service,High,Open,,73.25
CP001102,C00387,B018,2025-04-07,ATM,High,Open,,339.47
CP001103,C00285,B009,2024-10-10,App/Login,Medium,Closed,2024-10-17,603.76
CP001104,C00129,B007,2024-01-21,ATM,Low,Closed,2024-01-30,167.91
CP001105,C00920,B006,2026-07-23,App/Login,Medium,Closed,2026-07-29,579.49
CP001106,C00266,B018,2024-05-16,Account Service,Low,Closed,2024-05-22,566.27
CP001107,C00357,B013,2026-04-17,Account Service,Low,Open,,672.02
CP001108,C00948,B021,2024-10-24,Loan Service,High,Closed,2024-11-06,641.37
CP001109,C00430,B023,2026-03-14,Card Issue,High,Open,,418.84
CP001110,C00777,B001,2025-10-29,Charges/Fees,Medium,Closed,2025-10-29,425.94
CP001111,C00831,B024,2024-06-01,ATM,Medium,Closed,2024-06-04,141.43
CP001112,C00501,B002,2025-07-02,Loan Service,Medium,Closed,2025-07-04,371.49
CP001113,C00989,B025,2025-10-10,Loan Service,Medium,Closed,2025-10-21,257.15
CP001114,C00811,B013,2025-10-10,ATM,Low,Closed,2025-10-13,326.9
CP001115,C00201,B010,2025-05-21,Card Issue,Low,Closed,2025-05-22,576.77
CP001116,C00680,B011,2025-07-03,Loan Service,Medium,Closed,2025-07-14,215.58
CP001117,C00571,B004,2025-08-19,Account Service,High,Closed,2025-09-05,524.26
CP001118,C00742,B014,2026-07-29,Unauthorized Transaction,Low,Closed,2026-07-30,642.57
CP001119,C00530,B012,2025-03-18,App/Login,High,Open,,444.07
CP001120,C00371,B018,2025-08-11,Charges/Fees,Medium,Closed,2025-08-21,394.52
CP001121,C00875,B011,2025-12-01,App/Login,Low,Closed,2025-12-01,530.05
CP001122,C00829,B014,2024-10-21,ATM,High,Closed,2024-11-03,525.2
CP001123,C00707,B001,2025-09-08,Account Service,Medium,Closed,2025-09-18,447.7
CP001124,C00239,B017,2025-03-30,Charges/Fees,Medium,Closed,2025-04-09,198.26
CP001125,C00049,B018,2026-02-05,Charges/Fees,Low,Closed,2026-02-14,434.56
CP001126,C00259,B014,2024-05-01,Loan Service,Medium,Closed,2024-05-06,446.25
CP001127,C00338,B015,2026-05-25,Unauthorized Transaction,Medium,Closed,2026-06-05,631.8
CP001128,C00301,B011,2025-09-28,App/Login,Medium,Closed,2025-10-01,461.31
CP001129,C00118,B019,2025-09-05,App/Login,Low,Closed,2025-09-11,383.43
CP001130,C00110,B006,2024-09-14,App/Login,Low,Closed,2024-09-14,507.97
CP001131,C00882,B025,2024-06-04,Loan Service,Low,Closed,2024-06-13,224.85
CP001132,C00801,B014,2026-03-10,ATM,Medium,Closed,2026-03-17,542.32
CP001133,C00135,B021,2025-08-17,Unauthorized Transaction,Medium,Closed,2025-08-27,217.06
CP001134,C00693,B008,2026-01-21,Account Service,High,Closed,2026-02-05,103.29
CP001135,C00925,B020,2025-05-22,Unauthorized Transaction,Medium,Closed,2025-06-02,341.84
CP001136,C00978,B018,2026-04-03,Loan Service,Medium,Closed,2026-04-11,396.65
CP001137,C00656,B009,2026-07-18,Account Service,Medium,Closed,2026-07-24,128.95
CP001138,C00019,B002,2024-05-24,Account Service,Medium,Closed,2024-06-03,474.33
CP001139,C00607,B004,2024-08-03,ATM,Medium,Open,,679.52
CP001140,C00204,B021,2026-05-09,Account Service,Low,Open,,175.42
CP001141,C00516,B023,2024-08-18,Loan Service,Low,Closed,2024-08-24,192.02
CP001142,C00661,B019,2025-04-03,Unauthorized Transaction,Medium,Closed,2025-04-12,576.14
CP001143,C00638,B012,2025-03-23,Charges/Fees,High,Closed,2025-04-02,73.3
CP001144,C00122,B016,2026-08-15,Card Issue,Medium,Closed,2026-08-15,639.78
CP001145,C00174,B007,2024-04-18,Unauthorized Transaction,Low,Closed,2024-04-25,69.35
CP001146,C00753,B023,2026-08-09,Card Issue,High,Closed,2026-08-09,225.31
CP001147,C00145,B019,2026-04-06,Card Issue,Medium,Closed,2026-04-13,92.1
CP001148,C00023,B008,2024-04-03,Account Service,Medium,Closed,2024-04-09,626.13
CP001149,C00956,B001,2024-08-16,Loan Service,Low,Closed,2024-08-25,640.55
CP001150,C00860,B005,2026-03-24,Charges/Fees,Medium,Open,,371.55
CP001151,C00760,B014,2024-06-24,App/Login,Low,Closed,2024-06-24,208.15
CP001152,C00621,B005,2024-03-30,Account Service,Low,Closed,2024-04-10,478.25
CP001153,C00433,B009,2024-07-26,Loan Service,Medium,Closed,2024-07-26,335.37
CP001154,C00923,B010,2026-06-26,Account Service,Medium,Closed,2026-07-03,409.09
CP001155,C00744,B016,2026-02-14,App/Login,High,Closed,2026-03-07,596.69
CP001156,C00607,B004,2025-12-19,ATM,Medium,Closed,2025-12-19,566.34
CP001157,C00132,B005,2024-03-29,ATM,Low,Closed,2024-04-01,306.06
CP001158,C00517,B006,2024-07-17,Account Service,Medium,Closed,2024-07-26,547.34
CP001159,C00861,B009,2024-09-13,App/Login,Low,Closed,2024-09-25,595.88
CP001160,C00887,B002,2024-03-01,Loan Service,Medium,Closed,2024-03-12,248.06
CP001161,C00462,B002,2025-03-04,Loan Service,Medium,Closed,2025-03-13,345.48
CP001162,C00181,B023,2024-12-21,Loan Service,Low,Open,,333.93
CP001163,C00733,B020,2024-01-19,Charges/Fees,High,Closed,2024-01-21,257.69
CP001164,C00821,B001,2024-02-09,Charges/Fees,High,Closed,2024-02-21,326.58
CP001165,C00728,B016,2025-11-25,ATM,High,Open,,510.51
CP001166,C00194,B020,2026-05-08,Unauthorized Transaction,Low,Closed,2026-05-11,394.44
CP001167,C00189,B005,2024-06-01,Account Service,Medium,Closed,2024-06-08,428.22
CP001168,C00131,B021,2024-06-09,App/Login,Medium,Closed,2024-06-09,684.19
CP001169,C00499,B004,2024-06-27,Card Issue,Critical,Closed,2024-07-05,970.73
CP001170,C00775,B012,2024-11-25,Card Issue,Low,Closed,2024-11-30,153.29
CP001171,C00143,B007,2024-08-11,Loan Service,Medium,Closed,2024-08-20,575.25
CP001172,C00081,B024,2026-01-05,Charges/Fees,Low,Closed,2026-01-05,630.5
CP001173,C00667,B019,2024-11-15,ATM,High,Closed,2024-12-07,620.67
CP001174,C00691,B010,2024-07-29,App/Login,Low,Closed,2024-08-06,679.08
CP001175,C00924,B013,2024-11-12,ATM,Medium,Closed,2024-11-19,597.74
CP001176,C00971,B010,2024-02-11,Charges/Fees,Medium,Closed,2024-02-18,440.82
CP001177,C00423,B013,2024-10-20,App/Login,Medium,Closed,2024-10-25,156.45
CP001178,C00573,B007,2026-02-14,Card Issue,Medium,Closed,2026-02-16,655.4
CP001179,C00532,B015,2026-08-03,Loan Service,Medium,Closed,2026-08-14,579.61
CP001180,C00433,B009,2024-03-11,App/Login,High,Closed,2024-03-29,339.65
CP001181,C00324,B022,2025-08-15,ATM,High,Closed,2025-08-30,523.58
CP001182,C00507,B025,2024-11-13,Account Service,Low,Closed,2024-11-25,609.68
CP001183,C00498,B003,2026-03-21,App/Login,Medium,Closed,2026-04-02,73.0
CP001184,C00725,B004,2024-04-25,Unauthorized Transaction,Low,Closed,2024-05-06,73.3
CP001185,C00537,B023,2024-09-17,Card Issue,Low,Closed,2024-09-21,463.65
CP001186,C00036,B001,2024-01-18,ATM,High,Closed,2024-02-10,164.27
CP001187,C00945,B016,2025-06-10,Loan Service,Low,Closed,2025-06-18,431.47
CP001188,C00890,B013,2026-05-25,App/Login,Medium,Closed,2026-06-06,57.59
CP001189,C00465,B015,2026-06-21,Card Issue,Medium,Closed,2026-06-30,641.58
CP001190,C00986,B013,2025-09-22,Charges/Fees,Medium,Open,,473.05
CP001191,C00879,B025,2024-02-14,Unauthorized Transaction,Medium,Closed,2024-02-23,279.93
CP001192,C00103,B021,2025-11-24,Card Issue,Medium,Closed,2025-11-29,512.48
CP001193,C00339,B022,2025-04-03,Account Service,Low,Closed,2025-04-15,202.96
CP001194,C00835,B022,2024-11-15,Charges/Fees,High,Closed,2024-12-09,279.44
CP001195,C00608,B025,2024-02-03,Account Service,Low,Closed,2024-02-07,619.36
CP001196,C00746,B012,2024-01-09,ATM,Medium,Closed,2024-01-14,560.53
CP001197,C00223,B004,2024-10-30,Loan Service,Medium,Open,,456.94
CP001198,C00233,B019,2026-01-24,Loan Service,Medium,Closed,2026-01-27,276.29
CP001199,C00969,B019,2024-12-09,Card Issue,High,Closed,2024-12-10,322.18
CP001200,C00141,B010,2026-01-19,Account Service,Low,Closed,2026-01-20,365.56
CP001201,C00556,B021,2024-08-03,Card Issue,Low,Closed,2024-08-03,162.01
CP001202,C00977,B018,2026-04-26,App/Login,Medium,Closed,2026-05-01,506.33
CP001203,C00506,B023,2026-02-13,Card Issue,Medium,Open,,673.03
CP001204,C00707,B001,2025-07-19,Loan Service,Medium,Closed,2025-07-30,185.72
CP001205,C00047,B020,2026-06-19,Unauthorized Transaction,Medium,Closed,2026-06-25,630.98
CP001206,C00018,B020,2024-12-07,Card Issue,High,Closed,2024-12-07,143.56
CP001207,C00040,B012,2025-09-24,Charges/Fees,Medium,Closed,2025-09-26,392.47
CP001208,C00555,B003,2024-03-26,App/Login,Low,Closed,2024-04-07,423.46
CP001209,C00591,B005,2026-01-15,ATM,High,Closed,2026-01-21,333.27
CP001210,C00122,B016,2024-03-15,ATM,Medium,Open,,416.56
CP001211,C00070,B010,2025-04-05,Loan Service,High,Closed,2025-04-20,110.63
CP001212,C00914,B001,2024-01-10,Card Issue,Medium,Closed,2024-01-22,581.27
CP001213,C00512,B010,2025-06-25,Loan Service,Low,Closed,2025-06-25,601.9
CP001214,C00985,B018,2025-10-18,Loan Service,High,Closed,2025-10-20,207.07
CP001215,C00479,B021,2024-11-09,Charges/Fees,Low,Closed,2024-11-13,635.54
CP001216,C00573,B007,2024-11-24,Account Service,Medium,Closed,2024-12-01,692.67
CP001217,C00404,B019,2025-10-12,Account Service,Critical,Closed,2025-11-02,145.06
CP001218,C00455,B010,2026-03-23,Account Service,Low,Closed,2026-03-26,587.56
CP001219,C00084,B011,2024-05-07,Charges/Fees,Critical,Closed,2024-05-31,1043.53
CP001220,C00613,B005,2026-06-14,Unauthorized Transaction,Medium,Closed,2026-06-26,608.08
CP001221,C00700,B022,2024-05-30,ATM,Medium,Closed,2024-06-04,190.51
CP001222,C00329,B022,2024-05-20,App/Login,Medium,Closed,2024-05-25,109.57
CP001223,C00381,B024,2024-09-09,Card Issue,Medium,Closed,2024-09-14,690.79
CP001224,C00812,B022,2024-04-06,ATM,Low,Closed,2024-04-15,422.67
CP001225,C00425,B024,2026-02-10,Loan Service,Low,Closed,2026-02-11,613.78
CP001226,C00822,B015,2024-06-22,App/Login,Critical,Closed,2024-06-24,1222.65
CP001227,C00577,B014,2025-04-30,Account Service,Low,Closed,2025-05-02,230.0
CP001228,C00686,B007,2026-07-02,Loan Service,High,Open,,220.71
CP001229,C00133,B005,2025-08-01,App/Login,Medium,Closed,2025-08-10,613.23
CP001230,C00997,B021,2025-01-21,Charges/Fees,Medium,Closed,2025-02-02,572.12
CP001231,C00743,B008,2025-11-19,ATM,High,Closed,2025-12-12,408.8
CP001232,C00446,B017,2024-05-06,Account Service,Medium,Closed,2024-05-11,385.1
CP001233,C00965,B002,2024-12-14,Account Service,Low,Open,,341.0
CP001234,C00035,B003,2025-05-12,ATM,Low,Closed,2025-05-19,543.68
CP001235,C00075,B022,2024-12-30,Account Service,Low,Closed,2025-01-10,398.97
CP001236,C00988,B013,2024-07-14,Card Issue,Medium,Closed,2024-07-16,656.06
CP001237,C00562,B003,2024-12-28,Card Issue,Critical,Closed,2025-01-17,922.99
CP001238,C00863,B010,2025-01-04,Unauthorized Transaction,Low,Closed,2025-01-08,135.16
CP001239,C00142,B003,2026-04-26,Loan Service,Low,Closed,2026-05-01,251.74
CP001240,C00475,B018,2024-12-26,Unauthorized Transaction,Low,Closed,2025-01-01,415.4
CP001241,C00320,B019,2024-03-01,Unauthorized Transaction,Low,Closed,2024-03-05,70.46
CP001242,C00275,B019,2024-07-27,Loan Service,Critical,Closed,2024-08-06,1156.93
CP001243,C00704,B003,2026-01-26,App/Login,Low,Closed,2026-02-05,607.16
CP001244,C00443,B022,2026-01-27,Loan Service,High,Closed,2026-02-17,62.12
CP001245,C00788,B020,2026-01-26,Unauthorized Transaction,Low,Closed,2026-02-03,622.88
CP001246,C00402,B009,2025-04-14,Account Service,High,Closed,2025-04-16,380.18
CP001247,C00172,B008,2026-03-28,Account Service,Low,Closed,2026-03-30,264.04
CP001248,C00942,B021,2026-07-13,Unauthorized Transaction,High,Closed,2026-07-20,127.85
CP001249,C00830,B001,2024-01-08,Charges/Fees,Low,Open,,240.43
CP001250,C00487,B007,2024-04-04,Card Issue,Low,Closed,2024-04-07,475.49
CP001251,C00019,B002,2024-11-21,App/Login,Low,Closed,2024-11-25,448.96
CP001252,C00849,B017,2026-04-25,Charges/Fees,High,Closed,2026-05-14,298.93
CP001253,C00468,B022,2025-07-27,ATM,Low,Closed,2025-08-05,644.61
CP001254,C00383,B020,2025-03-04,Unauthorized Transaction,Low,Closed,2025-03-11,618.96
CP001255,C00061,B013,2024-12-08,Account Service,Critical,Closed,2025-01-02,432.74
CP001256,C00892,B013,2024-12-16,Loan Service,Low,Closed,2024-12-18,254.69
CP001257,C00963,B024,2024-07-03,Loan Service,Medium,Open,,400.56
CP001258,C00199,B020,2024-11-27,Card Issue,Medium,Closed,2024-12-06,72.55
CP001259,C00588,B024,2025-03-07,ATM,Low,Open,,453.24
CP001260,C00348,B018,2025-04-08,Charges/Fees,Low,Closed,2025-04-10,213.06
CP001261,C00262,B011,2024-03-15,App/Login,Low,Closed,2024-03-20,382.88
CP001262,C00842,B014,2026-01-03,Account Service,Low,Closed,2026-01-14,317.98
CP001263,C00517,B006,2024-09-06,Card Issue,Medium,Closed,2024-09-08,316.54
CP001264,C00740,B019,2024-05-29,Loan Service,Low,Closed,2024-06-05,79.52
CP001265,C00017,B023,2024-04-17,Loan Service,Medium,Closed,2024-04-28,114.42
CP001266,C00310,B019,2024-04-26,Charges/Fees,Low,Open,,301.78
CP001267,C00162,B004,2026-06-24,App/Login,High,Closed,2026-07-04,399.38
CP001268,C00536,B019,2026-08-10,Card Issue,Medium,Open,,566.05
CP001269,C00216,B005,2024-07-13,Loan Service,Critical,Closed,2024-07-20,773.5
CP001270,C00094,B005,2026-04-10,Card Issue,Medium,Open,,332.08
CP001271,C00254,B011,2024-12-27,Unauthorized Transaction,Low,Closed,2025-01-04,330.82
CP001272,C00437,B023,2025-10-24,Account Service,Medium,Closed,2025-10-26,249.67
CP001273,C00367,B012,2024-03-19,ATM,Medium,Open,,602.7
CP001274,C00372,B006,2024-04-05,Unauthorized Transaction,Medium,Closed,2024-04-11,115.04
CP001275,C00811,B013,2024-06-25,Account Service,High,Open,,477.01
CP001276,C00277,B012,2026-03-28,Card Issue,Medium,Closed,2026-04-09,129.64
CP001277,C00023,B008,2024-12-13,App/Login,Medium,Closed,2024-12-23,356.45
CP001278,C00497,B002,2024-08-19,Unauthorized Transaction,Low,Closed,2024-08-28,157.49
CP001279,C00559,B014,2025-11-29,App/Login,Low,Closed,2025-12-02,200.8
CP001280,C00076,B011,2025-05-29,Card Issue,Low,Closed,2025-06-03,107.83
CP001281,C00266,B018,2026-04-14,Card Issue,Low,Closed,2026-04-17,635.65
CP001282,C00013,B007,2025-09-08,Card Issue,Medium,Closed,2025-09-10,210.24
CP001283,C00113,B025,2024-09-13,Card Issue,Medium,Closed,2024-09-14,427.16
CP001284,C00569,B023,2025-04-17,Charges/Fees,High,Closed,2025-05-02,506.33
CP001285,C00077,B010,2025-02-15,Charges/Fees,High,Closed,2025-03-04,236.89
CP001286,C00147,B022,2026-04-06,Charges/Fees,High,Open,,424.57
CP001287,C00490,B010,2026-03-26,Unauthorized Transaction,Medium,Closed,2026-03-30,153.22
CP001288,C00535,B005,2026-05-24,Card Issue,Low,Closed,2026-05-29,644.64
CP001289,C00272,B020,2026-02-13,Loan Service,Medium,Closed,2026-02-19,159.34
CP001290,C00531,B007,2025-11-28,App/Login,Medium,Closed,2025-12-06,433.11
CP001291,C00287,B009,2026-02-15,Account Service,High,Closed,2026-03-10,274.72
CP001292,C00895,B015,2025-04-06,Loan Service,Low,Closed,2025-04-14,203.34
CP001293,C00616,B012,2025-08-19,Loan Service,Low,Closed,2025-08-29,525.43
CP001294,C00004,B017,2024-09-06,ATM,Medium,Closed,2024-09-06,82.64
CP001295,C00751,B017,2026-01-23,Account Service,Medium,Closed,2026-02-03,679.32
CP001296,C00320,B019,2026-04-13,ATM,Low,Closed,2026-04-23,118.2
CP001297,C00691,B010,2024-05-18,Loan Service,Medium,Closed,2024-05-25,114.48
CP001298,C00874,B008,2025-09-12,Card Issue,High,Closed,2025-09-17,521.88
CP001299,C00351,B021,2024-11-05,Charges/Fees,Medium,Closed,2024-11-05,631.87
CP001300,C00384,B024,2025-08-16,App/Login,Medium,Closed,2025-08-28,170.05
CP001301,C00242,B025,2025-10-05,Card Issue,Medium,Closed,2025-10-09,224.9
CP001302,C00056,B015,2024-11-30,Card Issue,Critical,Open,,382.37
CP001303,C00847,B019,2024-11-17,Loan Service,Low,Closed,2024-11-22,445.65
CP001304,C00625,B017,2025-11-21,Card Issue,Low,Closed,2025-11-22,530.83
CP001305,C00433,B009,2025-03-12,Unauthorized Transaction,Low,Closed,2025-03-15,482.13
CP001306,C00665,B024,2024-10-10,Account Service,Medium,Closed,2024-10-17,149.32
CP001307,C00214,B018,2026-02-08,Account Service,High,Closed,2026-02-19,60.07
CP001308,C00796,B022,2026-06-18,App/Login,Medium,Closed,2026-06-21,563.96
CP001309,C00888,B024,2024-03-29,Card Issue,High,Closed,2024-04-11,282.28
CP001310,C00795,B009,2024-05-08,Loan Service,Medium,Closed,2024-05-12,275.96
CP001311,C00307,B004,2026-07-03,Account Service,Low,Closed,2026-07-04,110.7
CP001312,C00592,B014,2024-06-12,Loan Service,Low,Closed,2024-06-19,590.39
CP001313,C00336,B018,2025-05-25,Account Service,Medium,Closed,2025-05-28,304.42
CP001314,C00541,B004,2026-08-28,Unauthorized Transaction,Medium,Closed,2026-09-01,574.95
CP001315,C00434,B011,2024-05-09,Loan Service,High,Closed,2024-05-12,170.05
CP001316,C00350,B024,2026-02-22,Card Issue,High,Closed,2026-03-02,235.48
CP001317,C00418,B022,2024-10-24,Loan Service,Low,Closed,2024-10-28,110.16
CP001318,C00390,B021,2025-01-23,App/Login,Critical,Closed,2025-01-27,693.0
CP001319,C00421,B021,2026-01-25,Charges/Fees,Medium,Closed,2026-01-30,603.21
CP001320,C00640,B006,2024-08-25,Loan Service,Medium,Closed,2024-09-05,407.72
CP001321,C00028,B013,2024-06-14,ATM,High,Open,,302.06
CP001322,C00066,B019,2024-07-04,App/Login,Low,Open,,684.27
CP001323,C00408,B025,2024-02-21,App/Login,Medium,Closed,2024-02-26,260.08
CP001324,C00402,B009,2025-03-26,Loan Service,Medium,Closed,2025-04-02,477.2
CP001325,C00448,B025,2026-08-21,Charges/Fees,Medium,Closed,2026-08-26,619.06
CP001326,C00929,B009,2025-04-11,Loan Service,Low,Closed,2025-04-20,308.33
CP001327,C00045,B025,2024-12-20,App/Login,Medium,Closed,2024-12-24,64.98
CP001328,C00394,B010,2025-05-28,Charges/Fees,Medium,Closed,2025-06-04,629.65
CP001329,C00100,B003,2025-03-18,Account Service,Medium,Closed,2025-03-28,467.03
CP001330,C00571,B004,2024-12-06,Charges/Fees,Medium,Closed,2024-12-06,689.43
CP001331,C00380,B025,2026-07-16,Account Service,Medium,Closed,2026-07-24,366.26
CP001332,C00644,B001,2026-05-14,Loan Service,Medium,Closed,2026-05-15,302.14
CP001333,C00959,B023,2024-06-21,App/Login,Low,Closed,2024-06-23,450.23
CP001334,C00400,B014,2026-03-05,Charges/Fees,High,Closed,2026-03-18,679.09
CP001335,C00552,B017,2024-07-29,Account Service,Low,Closed,2024-08-08,602.08
CP001336,C00919,B024,2026-06-27,Card Issue,High,Closed,2026-07-18,613.16
CP001337,C00738,B017,2025-11-18,Unauthorized Transaction,High,Closed,2025-11-30,78.05
CP001338,C00633,B019,2024-09-29,Card Issue,Medium,Open,,212.31
CP001339,C00899,B014,2025-12-17,Unauthorized Transaction,Medium,Closed,2025-12-20,661.72
CP001340,C00546,B011,2024-10-06,ATM,Medium,Closed,2024-10-12,385.11
CP001341,C00800,B009,2025-12-28,ATM,Low,Closed,2026-01-06,331.42
CP001342,C00883,B011,2025-04-09,Unauthorized Transaction,Low,Closed,2025-04-15,374.84
CP001343,C00880,B018,2024-02-13,Account Service,Low,Closed,2024-02-13,470.27
CP001344,C00241,B003,2025-09-19,Charges/Fees,High,Closed,2025-10-14,421.09
CP001345,C00003,B022,2025-08-08,Charges/Fees,Low,Closed,2025-08-08,367.19
CP001346,C00704,B003,2025-10-30,App/Login,Low,Closed,2025-10-30,652.45
CP001347,C00955,B023,2025-12-06,Charges/Fees,Low,Closed,2025-12-12,681.11
CP001348,C00741,B014,2026-06-16,ATM,Low,Open,,71.53
CP001349,C00371,B018,2025-08-24,App/Login,High,Closed,2025-09-10,160.69
CP001350,C00036,B001,2026-03-12,Charges/Fees,High,Closed,2026-03-17,139.97
CP001351,C00261,B018,2025-11-25,Loan Service,Low,Closed,2025-12-07,95.54
CP001352,C00740,B019,2024-01-27,ATM,Low,Closed,2024-02-08,550.18
CP001353,C00805,B001,2026-07-11,Account Service,Medium,Closed,2026-07-15,336.74
CP001354,C00238,B024,2024-03-31,Charges/Fees,Medium,Closed,2024-04-06,307.94
CP001355,C00155,B006,2024-03-02,Loan Service,Low,Closed,2024-03-11,102.58
CP001356,C00077,B010,2025-12-25,Account Service,Medium,Closed,2026-01-02,227.23
CP001357,C00969,B019,2026-03-25,Account Service,High,Closed,2026-04-18,278.53
CP001358,C00549,B012,2025-02-06,Charges/Fees,Low,Open,,452.53
CP001359,C00897,B002,2026-02-01,Account Service,Low,Closed,2026-02-09,526.83
CP001360,C00595,B024,2025-05-11,Charges/Fees,Medium,Closed,2025-05-22,515.1
CP001361,C00224,B024,2026-02-05,ATM,Medium,Closed,2026-02-12,227.05
CP001362,C00132,B005,2026-08-28,Account Service,Medium,Closed,2026-09-07,656.49
CP001363,C00256,B006,2025-10-28,App/Login,Low,Closed,2025-11-01,575.69
CP001364,C00841,B004,2024-02-16,Account Service,Medium,Closed,2024-02-22,616.79
CP001365,C00343,B024,2026-04-04,Loan Service,Medium,Closed,2026-04-16,259.18
CP001366,C00616,B012,2026-05-25,Charges/Fees,Low,Closed,2026-05-26,524.84
CP001367,C00436,B023,2025-02-16,Charges/Fees,High,Closed,2025-02-22,207.44
CP001368,C00787,B015,2025-08-08,Account Service,Low,Closed,2025-08-18,326.37
CP001369,C00119,B012,2026-08-21,Loan Service,Low,Closed,2026-08-30,81.57
CP001370,C00828,B003,2026-03-05,App/Login,Low,Closed,2026-03-08,263.24
CP001371,C00156,B010,2026-07-24,Account Service,Medium,Closed,2026-08-05,625.28
CP001372,C00843,B004,2025-06-05,Loan Service,Low,Closed,2025-06-14,588.29
CP001373,C00673,B005,2025-10-20,Loan Service,Medium,Closed,2025-10-21,552.2
CP001374,C00709,B011,2026-07-14,App/Login,Medium,Closed,2026-07-16,581.25
CP001375,C00867,B015,2024-07-05,Card Issue,Low,Closed,2024-07-13,454.77
CP001376,C00893,B008,2026-02-20,Card Issue,High,Closed,2026-02-24,498.01
CP001377,C00564,B008,2024-12-07,Unauthorized Transaction,Low,Closed,2024-12-19,382.47
CP001378,C00530,B012,2026-04-24,Charges/Fees,High,Closed,2026-05-03,281.29
CP001379,C00829,B014,2025-03-03,Loan Service,Medium,Closed,2025-03-12,141.06
CP001380,C00714,B008,2024-02-18,App/Login,Medium,Open,,384.26
CP001381,C00314,B010,2024-07-20,ATM,Medium,Closed,2024-07-30,244.57
CP001382,C00892,B013,2024-03-13,Charges/Fees,High,Closed,2024-04-04,194.8
CP001383,C00377,B009,2025-06-25,Card Issue,Medium,Closed,2025-07-03,265.32
CP001384,C00166,B015,2026-07-28,Loan Service,Medium,Closed,2026-07-28,507.24
CP001385,C00192,B006,2025-06-10,App/Login,Low,Closed,2025-06-11,51.56
CP001386,C00642,B016,2025-12-05,Charges/Fees,High,Closed,2025-12-13,251.77
CP001387,C00837,B007,2025-12-15,Account Service,Low,Closed,2025-12-20,688.35
CP001388,C00526,B022,2025-02-13,Account Service,Medium,Closed,2025-02-15,75.12
CP001389,C00595,B024,2024-07-08,Account Service,High,Closed,2024-08-02,227.1
CP001390,C00552,B017,2025-08-25,Loan Service,Low,Closed,2025-09-04,643.15
CP001391,C00593,B002,2026-03-05,Card Issue,Low,Open,,676.06
CP001392,C00056,B015,2025-09-22,Charges/Fees,High,Open,,535.8
CP001393,C00334,B012,2024-08-26,Card Issue,Low,Open,,365.19
CP001394,C00907,B014,2024-04-03,Charges/Fees,Low,Closed,2024-04-11,487.28
CP001395,C00285,B009,2026-03-27,Charges/Fees,Critical,Closed,2026-04-04,868.48
CP001396,C00079,B012,2025-02-04,Account Service,Low,Closed,2025-02-14,556.3
CP001397,C00355,B012,2025-08-27,Loan Service,Medium,Closed,2025-09-03,361.76
CP001398,C00050,B004,2025-12-04,Card Issue,High,Closed,2025-12-24,567.81
CP001399,C00165,B003,2024-05-12,Unauthorized Transaction,High,Closed,2024-05-23,629.3
CP001400,C00782,B024,2026-08-08,Card Issue,Medium,Closed,2026-08-17,560.77
CP001401,C00789,B007,2025-02-18,Loan Service,High,Open,,472.51
CP001402,C00549,B012,2024-05-19,App/Login,Low,Closed,2024-05-20,471.39
CP001403,C00905,B022,2025-02-18,App/Login,Medium,Closed,2025-02-18,361.01
CP001404,C00518,B013,2025-02-22,Loan Service,Low,Closed,2025-02-27,478.75
CP001405,C00054,B015,2024-05-16,Unauthorized Transaction,Low,Closed,2024-05-21,157.26
CP001406,C00963,B024,2024-07-20,Account Service,High,Closed,2024-07-24,621.82
CP001407,C00825,B010,2025-01-14,Card Issue,Medium,Open,,487.29
CP001408,C00584,B003,2024-07-18,Unauthorized Transaction,Medium,Closed,2024-07-19,604.87
CP001409,C00428,B024,2025-05-12,Charges/Fees,Medium,Closed,2025-05-12,345.1
CP001410,C00617,B015,2025-11-27,Loan Service,Medium,Closed,2025-11-27,353.38
CP001411,C00550,B025,2024-04-24,Card Issue,Medium,Open,,144.15
CP001412,C00222,B001,2024-12-08,Loan Service,Low,Open,,131.8
CP001413,C00352,B018,2024-04-19,App/Login,Medium,Open,,244.43
CP001414,C00957,B019,2024-04-17,App/Login,Medium,Open,,74.56
CP001415,C00726,B020,2024-12-13,ATM,Low,Closed,2024-12-18,575.57
CP001416,C00538,B025,2025-05-27,Card Issue,Low,Closed,2025-06-07,529.79
CP001417,C00956,B001,2024-10-08,Account Service,Low,Closed,2024-10-12,280.62
CP001418,C00692,B017,2024-11-24,Account Service,High,Closed,2024-12-11,54.31
CP001419,C00852,B010,2025-10-02,Charges/Fees,Low,Closed,2025-10-07,241.17
CP001420,C00559,B014,2026-06-01,Charges/Fees,Low,Closed,2026-06-02,294.24
CP001421,C00851,B014,2026-01-16,Unauthorized Transaction,Low,Closed,2026-01-22,156.25
CP001422,C00927,B008,2024-08-31,Loan Service,High,Closed,2024-09-22,247.64
CP001423,C00938,B024,2024-04-01,Unauthorized Transaction,Medium,Closed,2024-04-13,181.4
CP001424,C00263,B005,2024-03-10,Card Issue,High,Closed,2024-04-04,120.24
CP001425,C00335,B005,2025-01-04,Card Issue,Medium,Open,,80.86
CP001426,C00318,B010,2025-05-15,ATM,Low,Closed,2025-05-15,695.16
CP001427,C00773,B001,2025-10-19,Unauthorized Transaction,Medium,Open,,404.3
CP001428,C00286,B017,2025-01-29,Loan Service,Medium,Closed,2025-01-29,596.3
CP001429,C00561,B009,2026-05-15,Charges/Fees,High,Closed,2026-06-03,636.37
CP001430,C00120,B012,2025-12-31,ATM,High,Closed,2026-01-16,682.62
CP001431,C00788,B020,2026-02-04,ATM,Medium,Closed,2026-02-05,339.99
CP001432,C00641,B001,2026-08-27,Account Service,Medium,Open,,564.64
CP001433,C00138,B017,2024-10-22,ATM,Low,Closed,2024-11-01,474.41
CP001434,C00100,B003,2024-06-12,Unauthorized Transaction,High,Closed,2024-07-03,357.58
CP001435,C00504,B014,2024-09-10,App/Login,High,Closed,2024-09-28,173.23
CP001436,C00087,B021,2026-08-26,ATM,Low,Closed,2026-09-01,120.42
CP001437,C00241,B003,2025-08-21,App/Login,Medium,Closed,2025-08-22,346.73
CP001438,C00483,B005,2026-01-29,Loan Service,High,Closed,2026-02-03,353.75
CP001439,C00325,B024,2024-01-11,App/Login,Medium,Closed,2024-01-20,263.45
CP001440,C00439,B024,2025-02-06,App/Login,Low,Closed,2025-02-12,690.02
CP001441,C00435,B006,2025-04-23,Unauthorized Transaction,Critical,Closed,2025-05-03,220.99
CP001442,C00424,B025,2025-10-05,Loan Service,Medium,Open,,134.26
CP001443,C00722,B013,2024-03-06,App/Login,Low,Closed,2024-03-12,281.24
CP001444,C00581,B017,2024-04-06,Loan Service,High,Closed,2024-04-17,291.55
CP001445,C00599,B017,2024-12-15,ATM,Critical,Closed,2025-01-04,1081.86
CP001446,C00997,B021,2024-04-20,Account Service,Medium,Closed,2024-04-27,476.21
CP001447,C00310,B019,2025-01-14,Loan Service,Medium,Closed,2025-01-22,371.77
CP001448,C00022,B022,2024-06-27,Card Issue,Medium,Closed,2024-06-28,483.95
CP001449,C00946,B008,2024-12-10,Charges/Fees,Medium,Closed,2024-12-13,398.32
CP001450,C00434,B011,2026-08-01,Account Service,Low,Closed,2026-08-08,474.86
CP001451,C00726,B020,2025-10-05,Charges/Fees,High,Closed,2025-10-25,690.5
CP001452,C00716,B008,2024-11-15,App/Login,High,Closed,2024-11-20,489.48
CP001453,C00171,B018,2025-03-07,Loan Service,Low,Open,,620.3
CP001454,C00251,B002,2024-10-11,Loan Service,Medium,Closed,2024-10-12,252.69
CP001455,C00180,B022,2025-02-02,Unauthorized Transaction,Critical,Closed,2025-02-12,639.57
CP001456,C00777,B001,2024-06-11,App/Login,Low,Closed,2024-06-15,249.0
CP001457,C00964,B019,2025-04-22,Account Service,Low,Closed,2025-04-23,692.46
CP001458,C00878,B017,2024-03-21,Account Service,Low,Open,,347.41
CP001459,C00364,B009,2026-07-30,ATM,Medium,Closed,2026-08-08,409.55
CP001460,C00997,B021,2024-03-13,Card Issue,Critical,Closed,2024-04-07,624.87
CP001461,C00899,B014,2026-01-08,Account Service,High,Closed,2026-01-30,679.09
CP001462,C00541,B004,2026-07-27,Account Service,Low,Closed,2026-07-31,551.39
CP001463,C00551,B010,2026-03-12,Loan Service,Low,Closed,2026-03-15,520.69
CP001464,C00838,B004,2026-06-13,Account Service,Medium,Closed,2026-06-18,452.18
CP001465,C00466,B020,2025-02-22,ATM,Medium,Closed,2025-02-23,309.25
CP001466,C00431,B002,2024-10-27,Account Service,Medium,Open,,125.26
CP001467,C00661,B019,2025-12-21,Card Issue,Medium,Closed,2025-12-21,655.92
CP001468,C00734,B015,2025-04-05,Loan Service,Low,Closed,2025-04-05,51.96
CP001469,C00244,B001,2024-10-12,Unauthorized Transaction,High,Closed,2024-10-20,416.42
CP001470,C00101,B003,2024-02-29,Account Service,High,Closed,2024-03-02,298.67
CP001471,C00311,B013,2024-03-29,Card Issue,Medium,Closed,2024-03-29,499.58
CP001472,C00703,B003,2024-11-29,ATM,Medium,Closed,2024-12-01,202.57
CP001473,C00967,B006,2024-07-08,Charges/Fees,High,Closed,2024-07-16,683.57
CP001474,C00097,B010,2025-09-06,Loan Service,Medium,Closed,2025-09-12,432.55
CP001475,C00292,B002,2026-03-24,Account Service,Medium,Closed,2026-04-03,218.08
CP001476,C00862,B019,2025-05-02,Loan Service,Critical,Open,,1094.35
CP001477,C00550,B025,2025-12-03,App/Login,High,Closed,2025-12-28,682.36
CP001478,C00775,B012,2025-02-11,ATM,Medium,Closed,2025-02-17,386.49
CP001479,C00778,B024,2024-08-01,Charges/Fees,Low,Open,,190.69
CP001480,C00606,B007,2024-01-16,Charges/Fees,Medium,Closed,2024-01-21,242.76
CP001481,C00738,B017,2025-10-12,Loan Service,Medium,Open,,538.48
CP001482,C00663,B014,2025-06-01,ATM,Medium,Open,,146.33
CP001483,C00269,B024,2024-07-24,Card Issue,Low,Closed,2024-07-25,100.83
CP001484,C00281,B016,2024-07-09,Charges/Fees,High,Closed,2024-07-30,379.36
CP001485,C00686,B007,2025-09-12,Loan Service,Medium,Closed,2025-09-18,344.1
CP001486,C00640,B006,2025-02-08,App/Login,Medium,Open,,456.93
CP001487,C00039,B007,2024-01-02,ATM,Low,Closed,2024-01-09,613.18
CP001488,C00171,B018,2024-03-12,Account Service,Medium,Closed,2024-03-17,477.47
CP001489,C00519,B025,2024-10-15,Card Issue,High,Closed,2024-10-31,57.09
CP001490,C00219,B011,2026-06-10,App/Login,Low,Closed,2026-06-22,172.19
CP001491,C00929,B009,2025-03-04,Loan Service,High,Open,,103.95
CP001492,C00640,B006,2026-04-15,Account Service,High,Closed,2026-04-28,260.19
CP001493,C00541,B004,2025-12-19,Loan Service,Low,Closed,2025-12-25,532.51
CP001494,C00492,B025,2024-08-18,Loan Service,High,Open,,678.13
CP001495,C00305,B002,2024-09-30,Account Service,High,Open,,504.63
CP001496,C00452,B023,2025-10-15,Charges/Fees,Critical,Closed,2025-11-01,910.94
CP001497,C00593,B002,2026-07-12,Card Issue,Medium,Closed,2026-07-19,619.74
CP001498,C00611,B011,2025-04-30,Account Service,Low,Closed,2025-05-01,481.98
CP001499,C00135,B021,2026-02-25,Card Issue,Medium,Closed,2026-03-01,319.08
CP001500,C00294,B020,2024-02-08,Account Service,Low,Closed,2024-02-15,470.75
CP001501,C00256,B006,2025-10-27,Charges/Fees,High,Closed,2025-11-21,661.43
CP001502,C00636,B025,2024-05-01,App/Login,Low,Closed,2024-05-03,88.09
CP001503,C00738,B017,2024-01-05,App/Login,Medium,Closed,2024-01-12,654.5
CP001504,C00063,B001,2026-02-11,Unauthorized Transaction,Medium,Closed,2026-02-13,486.09
CP001505,C00746,B012,2025-09-21,Loan Service,Low,Closed,2025-09-22,576.35
CP001506,C00318,B010,2025-08-04,Loan Service,Low,Closed,2025-08-12,387.56
CP001507,C00649,B005,2024-11-08,Charges/Fees,Medium,Closed,2024-11-16,569.4
CP001508,C00527,B014,2026-07-17,Account Service,Low,Closed,2026-07-26,612.84
CP001509,C00781,B004,2026-04-01,Loan Service,Low,Open,,553.28
CP001510,C00561,B009,2024-02-20,Unauthorized Transaction,Low,Closed,2024-02-26,570.48
CP001511,C00725,B004,2026-04-26,Charges/Fees,Critical,Closed,2026-05-15,1068.96
CP001512,C00042,B010,2025-11-05,Account Service,Low,Closed,2025-11-08,187.49
CP001513,C00980,B013,2024-09-11,Loan Service,Critical,Closed,2024-09-20,324.2
CP001514,C00609,B017,2024-12-22,Charges/Fees,Medium,Closed,2024-12-24,490.43
CP001515,C00845,B011,2024-10-03,ATM,Medium,Closed,2024-10-12,176.87
CP001516,C00273,B023,2024-10-15,ATM,Medium,Closed,2024-10-16,595.01
CP001517,C00114,B023,2025-08-30,Card Issue,High,Closed,2025-09-16,533.73
CP001518,C00503,B008,2026-02-23,Unauthorized Transaction,Medium,Open,,131.07
CP001519,C00506,B023,2025-01-10,Card Issue,Low,Closed,2025-01-11,529.69
CP001520,C00735,B007,2025-09-30,ATM,Medium,Closed,2025-10-02,521.31
CP001521,C00101,B003,2025-01-28,ATM,Critical,Closed,2025-02-12,354.38
CP001522,C00689,B008,2024-02-10,ATM,High,Closed,2024-02-15,607.25
CP001523,C00664,B012,2024-10-15,Loan Service,Critical,Closed,2024-10-29,1236.81
CP001524,C00635,B005,2024-06-15,Loan Service,Medium,Closed,2024-06-20,95.98
CP001525,C00457,B014,2025-09-19,Card Issue,Medium,Closed,2025-09-19,633.82
CP001526,C00601,B022,2025-12-05,ATM,Low,Closed,2025-12-06,72.85
CP001527,C00781,B004,2026-02-27,Charges/Fees,Medium,Closed,2026-03-06,538.59
CP001528,C00119,B012,2024-12-24,Loan Service,Medium,Closed,2024-12-24,596.69
CP001529,C00311,B013,2026-08-20,Unauthorized Transaction,Low,Closed,2026-08-23,590.85
CP001530,C00658,B020,2024-08-15,Charges/Fees,Medium,Closed,2024-08-27,356.29
CP001531,C00648,B001,2026-02-25,Account Service,Medium,Closed,2026-03-01,552.57
CP001532,C00126,B022,2025-07-13,Charges/Fees,Medium,Closed,2025-07-15,149.76
CP001533,C00798,B008,2025-09-06,Loan Service,Medium,Open,,278.61
CP001534,C00752,B008,2026-06-02,Card Issue,High,Closed,2026-06-12,390.84
CP001535,C00491,B008,2026-08-02,Charges/Fees,Low,Closed,2026-08-07,474.38
CP001536,C00887,B002,2025-03-25,Card Issue,Medium,Closed,2025-03-26,249.48
CP001537,C00481,B002,2024-06-22,Account Service,Medium,Closed,2024-06-22,203.06
CP001538,C00239,B017,2025-07-20,Loan Service,Low,Closed,2025-08-01,282.78
CP001539,C00917,B011,2026-06-17,Account Service,Medium,Closed,2026-06-17,418.53
CP001540,C00581,B017,2024-09-17,Charges/Fees,Low,Closed,2024-09-28,144.49
CP001541,C00261,B018,2025-03-20,Charges/Fees,Low,Closed,2025-03-21,687.53
CP001542,C00885,B021,2026-01-07,Loan Service,High,Closed,2026-01-29,434.74
CP001543,C00380,B025,2024-07-25,Unauthorized Transaction,Medium,Closed,2024-08-02,413.73
CP001544,C00572,B010,2026-07-21,App/Login,Low,Closed,2026-07-23,650.83
CP001545,C00282,B005,2026-04-21,Account Service,High,Closed,2026-05-10,558.48
CP001546,C00797,B002,2024-01-27,Unauthorized Transaction,Low,Closed,2024-01-31,212.38
CP001547,C00779,B020,2025-11-25,Account Service,High,Open,,688.11
CP001548,C00342,B003,2024-08-09,Unauthorized Transaction,High,Closed,2024-09-02,407.94
CP001549,C00918,B021,2025-11-14,ATM,Low,Closed,2025-11-19,596.31
CP001550,C00214,B018,2024-02-24,ATM,Low,Closed,2024-02-29,579.47
CP001551,C00372,B006,2025-07-19,App/Login,High,Closed,2025-08-11,270.54
CP001552,C00917,B011,2026-01-07,App/Login,Medium,Closed,2026-01-16,302.23
CP001553,C00866,B018,2024-10-30,App/Login,Medium,Closed,2024-11-03,524.03
CP001554,C00364,B009,2024-05-19,ATM,Medium,Closed,2024-05-20,350.56
CP001555,C00456,B013,2024-12-02,Card Issue,Medium,Closed,2024-12-02,611.52
CP001556,C00080,B023,2025-04-03,Account Service,Medium,Closed,2025-04-03,500.78
CP001557,C00594,B024,2026-01-01,Charges/Fees,Low,Closed,2026-01-08,470.61
CP001558,C00895,B015,2024-04-03,Loan Service,High,Closed,2024-04-09,523.36
CP001559,C00396,B007,2025-03-04,Account Service,Medium,Closed,2025-03-10,515.27
CP001560,C00104,B012,2025-11-25,Account Service,Low,Closed,2025-12-02,281.33
CP001561,C00014,B006,2024-03-26,Charges/Fees,High,Open,,500.79
CP001562,C00817,B021,2024-09-28,ATM,Medium,Closed,2024-10-05,92.52
CP001563,C00542,B004,2025-01-31,Charges/Fees,Medium,Closed,2025-02-03,337.05
CP001564,C00030,B005,2025-04-10,Account Service,Low,Closed,2025-04-10,395.37
CP001565,C00734,B015,2025-06-16,Unauthorized Transaction,Low,Closed,2025-06-16,164.9
CP001566,C00613,B005,2026-04-26,App/Login,Medium,Closed,2026-05-08,136.49
CP001567,C00053,B002,2025-08-19,Account Service,High,Closed,2025-09-03,212.39
CP001568,C00014,B006,2024-05-23,Account Service,High,Open,,411.57
CP001569,C00928,B010,2024-12-26,ATM,Low,Closed,2024-12-26,175.6
CP001570,C00690,B020,2024-10-04,ATM,Low,Closed,2024-10-07,552.69
CP001571,C00505,B005,2025-11-06,ATM,Low,Closed,2025-11-07,163.25
CP001572,C00974,B017,2025-10-25,Account Service,High,Closed,2025-11-03,653.69
CP001573,C00152,B007,2024-02-12,Account Service,Medium,Closed,2024-02-16,592.15
CP001574,C00453,B015,2025-08-08,Account Service,Medium,Closed,2025-08-18,566.52
CP001575,C00888,B024,2025-11-06,Card Issue,Medium,Closed,2025-11-17,276.15
CP001576,C00504,B014,2026-04-21,Loan Service,Medium,Closed,2026-04-24,659.98
CP001577,C00867,B015,2026-04-21,ATM,Medium,Open,,105.54
CP001578,C00805,B001,2024-07-10,Loan Service,Medium,Closed,2024-07-21,428.66
CP001579,C00292,B002,2024-06-26,Unauthorized Transaction,High,Open,,507.03
CP001580,C00351,B021,2025-09-24,Loan Service,Medium,Closed,2025-10-04,500.54
CP001581,C00502,B020,2025-08-29,Card Issue,Low,Closed,2025-09-04,90.09
CP001582,C00170,B011,2024-03-29,ATM,Medium,Closed,2024-04-08,172.58
CP001583,C00404,B019,2025-11-27,ATM,Medium,Open,,355.47
CP001584,C00624,B001,2025-04-26,Account Service,Critical,Closed,2025-05-15,553.13
CP001585,C00215,B014,2025-06-24,Loan Service,Medium,Closed,2025-06-29,228.61
CP001586,C00536,B019,2026-01-09,Loan Service,High,Closed,2026-01-30,220.72
CP001587,C00565,B011,2024-12-12,App/Login,Low,Closed,2024-12-20,249.77
CP001588,C00357,B013,2025-07-28,ATM,Medium,Closed,2025-08-07,515.42
CP001589,C00415,B016,2024-12-08,App/Login,Medium,Closed,2024-12-15,191.13
CP001590,C00346,B015,2026-03-06,ATM,Medium,Closed,2026-03-13,117.26
CP001591,C00907,B014,2024-10-01,Card Issue,Medium,Open,,226.6
CP001592,C00712,B019,2024-06-20,App/Login,Critical,Closed,2024-07-06,475.15
CP001593,C00091,B018,2024-04-19,Card Issue,Medium,Closed,2024-04-28,102.7
CP001594,C00021,B012,2025-09-16,Card Issue,Low,Closed,2025-09-25,665.83
CP001595,C00540,B007,2024-01-12,Unauthorized Transaction,High,Closed,2024-01-21,356.78
CP001596,C00625,B017,2025-10-18,ATM,Low,Closed,2025-10-22,99.91
CP001597,C00180,B022,2025-11-27,Account Service,Low,Closed,2025-12-07,215.9
CP001598,C00654,B006,2025-08-29,Card Issue,Medium,Closed,2025-09-02,449.48
CP001599,C00458,B020,2025-04-30,Charges/Fees,High,Closed,2025-05-03,273.57
CP001600,C00250,B002,2025-09-12,App/Login,High,Closed,2025-09-20,149.1
CP001601,C00711,B020,2026-01-12,Charges/Fees,High,Closed,2026-01-21,476.26
CP001602,C00475,B018,2026-03-04,Charges/Fees,Medium,Open,,686.06
CP001603,C00538,B025,2024-03-11,Loan Service,Medium,Closed,2024-03-12,75.8
CP001604,C00408,B025,2025-05-10,Charges/Fees,Medium,Closed,2025-05-21,347.71
CP001605,C00177,B005,2024-09-06,Card Issue,Medium,Closed,2024-09-08,132.28
CP001606,C00311,B013,2024-04-25,App/Login,Medium,Closed,2024-04-28,346.24
CP001607,C00389,B016,2024-04-01,Loan Service,Low,Closed,2024-04-04,470.22
CP001608,C00821,B001,2025-08-01,ATM,Medium,Closed,2025-08-09,398.25
CP001609,C00357,B013,2024-02-25,Card Issue,Low,Closed,2024-03-04,452.35
CP001610,C00084,B011,2026-07-15,App/Login,Critical,Closed,2026-07-16,1051.13
CP001611,C00625,B017,2024-11-05,Charges/Fees,Low,Open,,238.19
CP001612,C00863,B010,2025-12-01,Loan Service,Low,Closed,2025-12-09,462.9
CP001613,C00809,B020,2026-08-30,App/Login,Low,Closed,2026-09-10,259.26
CP001614,C00872,B008,2026-04-16,Account Service,Medium,Closed,2026-04-26,553.49
CP001615,C00109,B023,2024-05-16,Account Service,Low,Closed,2024-05-28,191.8
CP001616,C00754,B005,2024-12-09,Charges/Fees,Low,Closed,2024-12-19,635.19
CP001617,C00728,B016,2024-12-28,Account Service,Low,Open,,450.68
CP001618,C00153,B008,2025-09-06,Loan Service,Medium,Closed,2025-09-11,408.3
CP001619,C00606,B007,2024-06-08,Loan Service,Low,Closed,2024-06-11,183.88
CP001620,C00281,B016,2025-09-18,Charges/Fees,Low,Closed,2025-09-21,396.16
CP001621,C00789,B007,2024-05-14,Charges/Fees,High,Closed,2024-06-01,521.66
CP001622,C00226,B017,2024-01-14,Loan Service,High,Closed,2024-01-17,573.75
CP001623,C00050,B004,2024-05-30,Account Service,Low,Closed,2024-06-03,390.71
CP001624,C00403,B010,2024-09-29,Account Service,Medium,Closed,2024-10-04,565.56
CP001625,C00357,B013,2024-06-04,Loan Service,Low,Closed,2024-06-12,667.96
CP001626,C00913,B006,2026-08-17,Unauthorized Transaction,Medium,Closed,2026-08-17,218.88
CP001627,C00935,B023,2024-04-15,Charges/Fees,High,Closed,2024-04-21,228.96
CP001628,C00943,B022,2025-07-14,Account Service,Medium,Closed,2025-07-14,394.08
CP001629,C00252,B019,2024-10-06,Card Issue,Medium,Open,,272.7
CP001630,C00428,B024,2024-10-22,Account Service,Medium,Closed,2024-11-03,504.0
CP001631,C00534,B004,2024-09-07,ATM,Medium,Open,,443.81
CP001632,C00350,B024,2025-01-23,App/Login,Medium,Closed,2025-01-24,241.52
CP001633,C00764,B018,2026-08-25,Unauthorized Transaction,Low,Closed,2026-09-06,515.89
CP001634,C00480,B021,2024-11-12,Unauthorized Transaction,High,Closed,2024-11-25,254.98
CP001635,C00636,B025,2026-03-11,Unauthorized Transaction,Low,Closed,2026-03-23,647.49
CP001636,C00784,B005,2025-09-22,ATM,Low,Open,,597.1
CP001637,C00870,B009,2026-04-22,Account Service,Critical,Closed,2026-05-14,780.54
CP001638,C00955,B023,2026-08-29,Charges/Fees,High,Closed,2026-09-16,314.19
CP001639,C00500,B015,2025-12-12,Charges/Fees,Medium,Closed,2025-12-24,268.97
CP001640,C00134,B023,2025-12-27,Account Service,Low,Closed,2025-12-30,603.1
CP001641,C00430,B023,2024-01-24,Account Service,Medium,Closed,2024-01-30,600.71
CP001642,C00080,B023,2025-05-23,Loan Service,Low,Closed,2025-06-04,128.45
CP001643,C00867,B015,2026-05-25,Account Service,Medium,Closed,2026-06-04,689.31
CP001644,C00227,B012,2025-04-06,App/Login,Low,Closed,2025-04-17,340.84
CP001645,C00389,B016,2024-11-17,Card Issue,Low,Open,,361.67
CP001646,C00704,B003,2025-08-29,Card Issue,Low,Closed,2025-08-31,100.19
CP001647,C00026,B024,2024-07-04,Account Service,Medium,Closed,2024-07-11,699.43
CP001648,C00478,B015,2025-03-22,Loan Service,High,Open,,98.81
CP001649,C00603,B007,2025-03-05,Charges/Fees,Medium,Closed,2025-03-11,414.24
CP001650,C00413,B022,2024-10-26,ATM,Low,Open,,222.41
CP001651,C00518,B013,2024-11-30,Unauthorized Transaction,Medium,Closed,2024-12-03,541.05
CP001652,C00192,B006,2024-11-29,Unauthorized Transaction,Low,Closed,2024-12-10,385.81
CP001653,C00380,B025,2025-04-29,Card Issue,Medium,Open,,645.78
CP001654,C00484,B024,2026-01-04,ATM,Low,Closed,2026-01-06,442.61
CP001655,C00003,B022,2025-12-24,Account Service,Low,Closed,2025-12-25,662.96
CP001656,C00095,B024,2024-09-07,Card Issue,Medium,Closed,2024-09-18,112.87
CP001657,C00756,B012,2025-08-29,Account Service,Medium,Closed,2025-09-02,481.12
CP001658,C00089,B024,2024-06-01,Charges/Fees,Medium,Closed,2024-06-12,152.13
CP001659,C00380,B025,2024-11-02,App/Login,High,Closed,2024-11-24,493.54
CP001660,C00702,B006,2025-09-19,Unauthorized Transaction,Medium,Closed,2025-09-19,218.09
CP001661,C00437,B023,2026-03-17,Charges/Fees,Medium,Open,,697.27
CP001662,C00769,B007,2026-08-22,Unauthorized Transaction,High,Closed,2026-09-05,672.6
CP001663,C00820,B017,2025-05-29,Charges/Fees,Medium,Closed,2025-06-05,483.33
CP001664,C00635,B005,2024-02-20,Loan Service,Low,Closed,2024-02-28,576.94
CP001665,C00674,B016,2025-01-11,Unauthorized Transaction,Medium,Closed,2025-01-15,354.1
CP001666,C00778,B024,2024-12-15,Charges/Fees,High,Closed,2024-12-18,103.77
CP001667,C00403,B010,2025-08-22,Unauthorized Transaction,Medium,Closed,2025-08-30,379.99
CP001668,C00440,B010,2026-01-01,ATM,Medium,Closed,2026-01-11,130.18
CP001669,C00576,B012,2025-12-22,Card Issue,Low,Closed,2025-12-25,133.94
CP001670,C00845,B011,2024-03-19,Unauthorized Transaction,Medium,Closed,2024-03-29,360.91
CP001671,C00499,B004,2024-04-29,Card Issue,Low,Closed,2024-05-10,426.97
CP001672,C00797,B002,2024-01-11,Card Issue,High,Closed,2024-01-21,191.02
CP001673,C00517,B006,2024-03-29,Account Service,Low,Closed,2024-04-03,419.86
CP001674,C00445,B010,2024-09-13,Card Issue,High,Closed,2024-09-15,108.78
CP001675,C00691,B010,2024-12-07,Card Issue,Medium,Closed,2024-12-10,248.8
CP001676,C00193,B015,2026-07-31,Charges/Fees,Medium,Closed,2026-08-06,515.92
CP001677,C00119,B012,2026-07-21,Loan Service,Medium,Open,,427.56
CP001678,C00265,B002,2024-12-25,Loan Service,Low,Closed,2024-12-29,484.73
CP001679,C00499,B004,2024-06-17,Loan Service,High,Closed,2024-07-12,510.27
CP001680,C00925,B020,2025-12-17,ATM,Critical,Closed,2026-01-01,511.77
CP001681,C00440,B010,2025-06-04,App/Login,Medium,Open,,267.7
CP001682,C00517,B006,2026-05-29,ATM,High,Closed,2026-05-29,682.85
CP001683,C00336,B018,2026-01-02,Account Service,Low,Closed,2026-01-10,99.5
CP001684,C00933,B016,2024-09-24,Loan Service,Low,Closed,2024-10-04,598.33
CP001685,C00483,B005,2025-04-09,ATM,Low,Closed,2025-04-10,451.81
CP001686,C00485,B010,2024-05-03,Charges/Fees,Medium,Closed,2024-05-07,671.85
CP001687,C00361,B003,2025-03-06,Account Service,Low,Closed,2025-03-12,262.27
CP001688,C00633,B019,2025-02-27,ATM,Medium,Closed,2025-03-10,281.17
CP001689,C00705,B006,2025-08-05,Charges/Fees,Medium,Closed,2025-08-16,313.17
CP001690,C00473,B005,2025-06-22,ATM,Medium,Closed,2025-06-23,223.88
CP001691,C00291,B021,2026-05-02,Charges/Fees,Medium,Closed,2026-05-09,445.65
CP001692,C00799,B013,2026-08-04,Loan Service,Low,Closed,2026-08-07,465.1
CP001693,C00094,B005,2026-05-20,Unauthorized Transaction,Low,Closed,2026-05-26,452.2
CP001694,C00624,B001,2025-07-03,Account Service,Low,Closed,2025-07-15,564.07
CP001695,C00254,B011,2024-11-21,App/Login,Medium,Closed,2024-11-30,424.83
CP001696,C00715,B025,2025-05-29,Loan Service,Low,Closed,2025-06-05,417.91
CP001697,C00059,B025,2025-06-01,Charges/Fees,Low,Closed,2025-06-10,389.88
CP001698,C00967,B006,2026-07-29,ATM,Low,Open,,236.57
CP001699,C00300,B006,2026-08-01,App/Login,High,Open,,114.55
CP001700,C00560,B004,2026-08-21,Charges/Fees,Medium,Closed,2026-08-22,565.53
CP001701,C00661,B019,2024-08-10,Account Service,High,Closed,2024-08-18,421.99
CP001702,C00158,B004,2024-02-04,Unauthorized Transaction,High,Closed,2024-02-18,666.09
CP001703,C00494,B025,2026-03-31,ATM,Critical,Closed,2026-04-09,188.9
CP001704,C00046,B015,2024-07-11,Account Service,Medium,Open,,629.83
CP001705,C00471,B017,2026-03-06,Card Issue,High,Open,,110.63
CP001706,C00219,B011,2026-07-28,App/Login,Medium,Closed,2026-07-31,255.7
CP001707,C00241,B003,2025-10-10,Card Issue,Low,Closed,2025-10-11,472.9
CP001708,C00442,B011,2024-12-27,ATM,Low,Closed,2025-01-01,197.43
CP001709,C00242,B025,2024-05-24,Account Service,Low,Open,,281.99
CP001710,C00639,B013,2024-07-21,Loan Service,Medium,Closed,2024-07-26,193.62
CP001711,C00122,B016,2026-08-01,Card Issue,High,Closed,2026-08-22,551.74
CP001712,C00601,B022,2025-06-03,Charges/Fees,High,Open,,310.58
CP001713,C00184,B019,2024-05-18,Unauthorized Transaction,Low,Closed,2024-05-18,140.42
CP001714,C00202,B015,2024-09-20,Account Service,Medium,Closed,2024-09-30,159.21
CP001715,C00593,B002,2026-01-20,Unauthorized Transaction,Medium,Closed,2026-01-20,545.11
CP001716,C00377,B009,2026-08-01,App/Login,Low,Closed,2026-08-13,301.68
CP001717,C00631,B012,2025-12-23,Card Issue,Medium,Open,,479.88
CP001718,C00584,B003,2026-02-13,Account Service,Medium,Closed,2026-02-14,342.07
CP001719,C00979,B015,2025-11-26,ATM,High,Closed,2025-12-18,693.98
CP001720,C00796,B022,2025-01-06,ATM,Low,Closed,2025-01-08,681.4
CP001721,C00985,B018,2024-06-03,Charges/Fees,Medium,Closed,2024-06-14,323.18
CP001722,C00485,B010,2024-07-18,Account Service,High,Closed,2024-08-01,446.88
CP001723,C00979,B015,2024-12-01,Card Issue,Medium,Open,,274.45
CP001724,C00771,B004,2024-07-11,Account Service,High,Closed,2024-07-18,126.11
CP001725,C00892,B013,2026-01-24,Charges/Fees,Low,Closed,2026-02-03,177.09
CP001726,C00300,B006,2026-07-12,Card Issue,High,Closed,2026-07-29,582.77
CP001727,C00306,B012,2024-09-03,ATM,High,Closed,2024-09-14,311.88
CP001728,C00894,B009,2024-03-30,Charges/Fees,Low,Open,,353.88
CP001729,C00526,B022,2026-07-25,Card Issue,High,Closed,2026-08-12,287.09
CP001730,C00679,B001,2024-09-29,Account Service,Low,Closed,2024-10-10,220.07
CP001731,C00852,B010,2026-06-03,Unauthorized Transaction,High,Closed,2026-06-05,312.89
CP001732,C00350,B024,2024-04-23,ATM,Medium,Open,,418.86
CP001733,C00857,B005,2025-11-27,Account Service,Critical,Closed,2025-12-22,175.31
CP001734,C00461,B010,2025-01-24,Account Service,Low,Open,,462.37
CP001735,C00010,B002,2024-08-12,Charges/Fees,Medium,Closed,2024-08-17,524.57
CP001736,C00274,B007,2024-06-08,Loan Service,Medium,Closed,2024-06-19,177.18
CP001737,C00959,B023,2024-02-18,Card Issue,High,Closed,2024-03-11,323.48
CP001738,C00492,B025,2024-10-30,Charges/Fees,Medium,Closed,2024-10-31,352.37
CP001739,C00265,B002,2024-04-11,Unauthorized Transaction,Medium,Open,,415.01
CP001740,C00864,B016,2024-02-09,Account Service,Medium,Open,,501.48
CP001741,C00219,B011,2026-01-06,ATM,Low,Open,,361.09
CP001742,C00073,B016,2025-03-05,Charges/Fees,Critical,Closed,2025-03-25,579.76
CP001743,C00191,B024,2025-10-24,Charges/Fees,Low,Open,,106.48
CP001744,C00828,B003,2024-08-08,Loan Service,Critical,Closed,2024-08-16,520.39
CP001745,C00343,B024,2024-09-20,Card Issue,Medium,Open,,653.92
CP001746,C00667,B019,2024-01-08,App/Login,Low,Closed,2024-01-17,77.43
CP001747,C00732,B020,2024-12-31,Loan Service,Low,Closed,2025-01-01,606.12
CP001748,C00165,B003,2025-03-30,Loan Service,Low,Closed,2025-04-07,212.48
CP001749,C00840,B004,2025-05-02,ATM,Medium,Closed,2025-05-12,475.06
CP001750,C00793,B005,2025-08-01,Card Issue,Medium,Closed,2025-08-11,148.05
CP001751,C00316,B017,2024-02-05,Charges/Fees,Low,Open,,685.72
CP001752,C00715,B025,2025-02-03,Charges/Fees,Critical,Closed,2025-02-21,400.29
CP001753,C00673,B005,2025-04-02,Charges/Fees,Low,Closed,2025-04-13,174.75
CP001754,C00136,B025,2025-05-12,Account Service,High,Closed,2025-05-14,427.53
CP001755,C00656,B009,2025-08-20,Card Issue,Low,Open,,105.31
CP001756,C00537,B023,2024-02-24,App/Login,Medium,Closed,2024-02-24,670.33
CP001757,C00916,B003,2024-07-18,Charges/Fees,Medium,Closed,2024-07-26,692.23
CP001758,C00459,B011,2024-06-29,App/Login,Medium,Open,,265.41
CP001759,C00843,B004,2024-03-17,Loan Service,Medium,Closed,2024-03-24,591.09
CP001760,C00721,B016,2025-11-08,App/Login,Medium,Closed,2025-11-09,304.68
CP001761,C00419,B018,2025-06-29,Charges/Fees,Low,Closed,2025-07-10,482.45
CP001762,C00448,B025,2026-04-10,Account Service,Medium,Closed,2026-04-10,150.02
CP001763,C00984,B023,2024-06-19,Charges/Fees,Low,Closed,2024-06-30,382.68
CP001764,C00924,B013,2024-10-25,Loan Service,Medium,Closed,2024-10-30,330.19
CP001765,C00895,B015,2024-01-02,Account Service,High,Closed,2024-01-07,322.85
CP001766,C00819,B006,2026-02-09,Account Service,High,Closed,2026-02-11,585.21
CP001767,C00012,B013,2026-02-23,Unauthorized Transaction,Low,Closed,2026-03-04,607.36
CP001768,C00535,B005,2025-12-23,Card Issue,High,Closed,2026-01-02,334.03
CP001769,C00458,B020,2025-11-26,Card Issue,Low,Closed,2025-11-29,511.28
CP001770,C00711,B020,2024-03-29,Charges/Fees,Medium,Closed,2024-04-06,119.88
CP001771,C00585,B011,2024-01-20,Charges/Fees,Low,Closed,2024-01-28,169.65
CP001772,C00587,B009,2026-05-28,Card Issue,Low,Closed,2026-06-07,374.43
CP001773,C00661,B019,2026-07-21,Unauthorized Transaction,High,Closed,2026-07-28,451.9
CP001774,C00405,B014,2026-08-29,ATM,Low,Open,,302.44
CP001775,C00667,B019,2024-05-26,ATM,Medium,Closed,2024-05-30,87.31
CP001776,C00640,B006,2026-08-08,ATM,Low,Closed,2026-08-13,624.02
CP001777,C00641,B001,2026-05-19,Charges/Fees,High,Closed,2026-06-02,477.24
CP001778,C00852,B010,2026-06-26,Charges/Fees,Medium,Closed,2026-06-29,428.91
CP001779,C00522,B012,2024-06-27,ATM,Medium,Closed,2024-07-07,163.9
CP001780,C00206,B017,2025-07-09,Loan Service,Medium,Closed,2025-07-16,565.23
CP001781,C00918,B021,2026-08-29,Account Service,Medium,Closed,2026-09-03,450.55
CP001782,C00163,B016,2025-11-29,Account Service,Medium,Open,,85.93
CP001783,C00092,B012,2026-04-09,Account Service,Medium,Closed,2026-04-16,250.19
CP001784,C00673,B005,2025-12-18,Charges/Fees,Critical,Closed,2026-01-09,470.01
CP001785,C00159,B009,2024-05-08,Loan Service,Medium,Closed,2024-05-10,109.49
CP001786,C00009,B018,2024-05-23,App/Login,Medium,Closed,2024-05-29,300.14
CP001787,C00457,B014,2025-01-30,Card Issue,High,Open,,177.8
CP001788,C00443,B022,2025-06-20,Account Service,High,Open,,110.33
CP001789,C00336,B018,2026-07-19,Charges/Fees,Low,Closed,2026-07-28,557.38
CP001790,C00077,B010,2024-08-11,Loan Service,Medium,Closed,2024-08-21,367.59
CP001791,C00017,B023,2025-09-29,Account Service,Medium,Closed,2025-10-10,543.81
CP001792,C00750,B022,2025-10-07,Account Service,Medium,Closed,2025-10-17,479.03
CP001793,C00911,B019,2025-08-17,App/Login,Medium,Closed,2025-08-26,220.26
CP001794,C00648,B001,2025-07-06,Card Issue,Low,Closed,2025-07-07,180.41
CP001795,C00656,B009,2025-01-30,Account Service,Low,Closed,2025-02-08,469.55
CP001796,C00888,B024,2025-11-15,ATM,High,Open,,699.32
CP001797,C00558,B019,2025-12-21,Account Service,Low,Closed,2025-12-27,379.41
CP001798,C00724,B024,2026-06-22,Account Service,Low,Closed,2026-06-27,250.0
CP001799,C00364,B009,2024-02-10,App/Login,High,Open,,148.19
CP001800,C00051,B006,2024-01-09,Card Issue,Medium,Closed,2024-01-09,581.34
CP001801,C00946,B008,2026-07-13,App/Login,Medium,Closed,2026-07-15,316.04
CP001802,C00384,B024,2025-04-08,Loan Service,Low,Closed,2025-04-12,57.15
CP001803,C00384,B024,2024-04-24,Charges/Fees,Low,Closed,2024-05-01,675.99
CP001804,C00955,B023,2024-01-31,ATM,Medium,Closed,2024-02-04,456.41
CP001805,C00255,B011,2024-10-29,Loan Service,Low,Closed,2024-11-03,308.7
CP001806,C00401,B015,2025-11-27,Account Service,Medium,Open,,532.97
CP001807,C00382,B021,2025-08-08,Loan Service,Low,Closed,2025-08-12,640.94
CP001808,C00610,B005,2025-09-21,Charges/Fees,Medium,Closed,2025-09-30,571.2
CP001809,C00337,B017,2024-08-14,Account Service,Low,Closed,2024-08-21,434.67
CP001810,C00756,B012,2026-04-03,App/Login,Low,Closed,2026-04-07,518.72
CP001811,C00327,B003,2024-06-19,Charges/Fees,Low,Closed,2024-06-22,340.37
CP001812,C00545,B020,2024-05-15,Account Service,Low,Closed,2024-05-26,81.62
CP001813,C00422,B008,2024-08-05,Card Issue,High,Closed,2024-08-30,437.31
CP001814,C00319,B009,2024-07-23,Account Service,High,Closed,2024-08-08,670.72
CP001815,C00447,B002,2025-01-22,App/Login,Low,Closed,2025-02-02,105.98
CP001816,C00546,B011,2025-02-07,Charges/Fees,High,Closed,2025-02-12,225.76
CP001817,C00840,B004,2024-03-27,Charges/Fees,Medium,Closed,2024-03-30,275.98
CP001818,C00114,B023,2024-01-22,ATM,Medium,Closed,2024-01-27,613.78
CP001819,C00001,B005,2026-01-04,Loan Service,Medium,Closed,2026-01-05,180.3
CP001820,C00796,B022,2024-12-23,Charges/Fees,Medium,Closed,2024-12-24,218.63
CP001821,C00079,B012,2024-11-29,Card Issue,Medium,Closed,2024-11-30,75.21
CP001822,C00796,B022,2024-09-20,Card Issue,Low,Closed,2024-09-27,404.15
CP001823,C00294,B020,2025-02-14,Unauthorized Transaction,Medium,Closed,2025-02-25,220.64
CP001824,C00629,B016,2024-06-13,Loan Service,High,Closed,2024-06-18,535.23
CP001825,C00597,B015,2025-05-29,Account Service,Medium,Open,,341.91
CP001826,C00097,B010,2026-02-11,Charges/Fees,Low,Closed,2026-02-17,121.99
CP001827,C00482,B025,2026-04-04,Charges/Fees,High,Closed,2026-04-29,146.27
CP001828,C00646,B003,2024-10-07,Account Service,Medium,Closed,2024-10-13,243.08
CP001829,C00088,B020,2024-11-26,Unauthorized Transaction,High,Closed,2024-12-06,322.11
CP001830,C00444,B020,2024-07-26,Charges/Fees,Medium,Closed,2024-07-28,586.02
CP001831,C00090,B009,2025-02-15,ATM,Low,Closed,2025-02-16,85.46
CP001832,C00738,B017,2025-03-31,Card Issue,Critical,Closed,2025-04-06,987.94
CP001833,C00658,B020,2025-10-12,Loan Service,Medium,Closed,2025-10-23,497.33
CP001834,C00004,B017,2024-09-03,Card Issue,High,Closed,2024-09-13,90.66
CP001835,C00176,B015,2026-06-07,Unauthorized Transaction,Low,Open,,429.89
CP001836,C00323,B017,2026-07-29,Charges/Fees,Medium,Closed,2026-08-06,132.76
CP001837,C00033,B014,2024-05-08,Charges/Fees,Critical,Closed,2024-05-17,452.31
CP001838,C00799,B013,2024-06-03,Card Issue,Medium,Closed,2024-06-07,652.13
CP001839,C00279,B008,2026-04-01,Charges/Fees,Low,Closed,2026-04-12,567.19
CP001840,C00629,B016,2024-04-12,Charges/Fees,Low,Closed,2024-04-24,463.25
CP001841,C00822,B015,2024-10-01,Loan Service,Low,Closed,2024-10-12,223.49
CP001842,C00774,B012,2026-05-22,Unauthorized Transaction,Medium,Open,,534.97
CP001843,C00314,B010,2026-06-24,Charges/Fees,High,Closed,2026-06-29,120.71
CP001844,C00612,B020,2026-02-07,Loan Service,Low,Closed,2026-02-07,515.35
CP001845,C00262,B011,2026-03-17,Charges/Fees,High,Closed,2026-03-23,606.11
CP001846,C00746,B012,2026-04-16,Charges/Fees,Low,Closed,2026-04-27,397.38
CP001847,C00165,B003,2025-03-08,Card Issue,High,Closed,2025-03-10,283.16
CP001848,C00579,B002,2025-04-14,Unauthorized Transaction,Medium,Open,,165.37
CP001849,C00576,B012,2024-12-15,Account Service,Low,Closed,2024-12-25,334.93
CP001850,C00120,B012,2025-11-18,Charges/Fees,High,Open,,429.53
CP001851,C00402,B009,2024-04-13,Card Issue,Low,Closed,2024-04-25,564.92
CP001852,C00843,B004,2026-02-19,Charges/Fees,Medium,Open,,550.15
CP001853,C00292,B002,2026-07-10,ATM,High,Open,,402.21
CP001854,C00117,B008,2026-05-21,Card Issue,Medium,Closed,2026-05-26,81.17
CP001855,C00996,B001,2024-03-12,Account Service,High,Closed,2024-03-28,362.96
CP001856,C00995,B022,2024-10-24,Unauthorized Transaction,Medium,Closed,2024-11-02,599.66
CP001857,C00722,B013,2026-07-22,Loan Service,Medium,Closed,2026-08-03,549.34
CP001858,C00535,B005,2026-07-05,Account Service,Medium,Closed,2026-07-05,198.97
CP001859,C00993,B011,2024-02-01,Charges/Fees,Low,Closed,2024-02-08,495.87
CP001860,C00518,B013,2024-07-30,Card Issue,High,Closed,2024-08-15,527.55
CP001861,C00039,B007,2026-01-23,Card Issue,High,Closed,2026-01-28,308.12
CP001862,C00665,B024,2026-02-10,Charges/Fees,High,Closed,2026-02-21,325.47
CP001863,C00545,B020,2024-04-15,Loan Service,Medium,Closed,2024-04-23,650.24
CP001864,C00728,B016,2026-08-11,Loan Service,Medium,Closed,2026-08-14,509.45
CP001865,C00967,B006,2025-12-06,App/Login,Medium,Closed,2025-12-15,395.55
CP001866,C00605,B015,2026-06-07,Loan Service,Low,Closed,2026-06-14,306.95
CP001867,C00490,B010,2024-06-01,Account Service,Low,Closed,2024-06-06,234.38
CP001868,C00721,B016,2026-08-12,Card Issue,High,Closed,2026-08-29,573.85
CP001869,C00262,B011,2026-01-31,Unauthorized Transaction,High,Closed,2026-02-23,530.05
CP001870,C00260,B015,2024-05-06,ATM,Low,Closed,2024-05-17,383.41
CP001871,C00210,B016,2024-12-25,Account Service,Medium,Open,,270.85
CP001872,C00817,B021,2025-10-12,Card Issue,Medium,Closed,2025-10-17,434.22
CP001873,C00070,B010,2025-10-30,App/Login,Medium,Closed,2025-11-03,57.56
CP001874,C00830,B001,2026-03-09,App/Login,Low,Closed,2026-03-21,416.67
CP001875,C00258,B001,2025-08-22,Unauthorized Transaction,Low,Closed,2025-08-24,381.9
CP001876,C00199,B020,2024-09-11,Card Issue,Low,Closed,2024-09-19,75.92
CP001877,C00108,B020,2024-07-05,Card Issue,Low,Closed,2024-07-14,219.7
CP001878,C00936,B024,2025-02-18,App/Login,Medium,Open,,359.24
CP001879,C00030,B005,2025-03-18,Unauthorized Transaction,Medium,Closed,2025-03-18,308.7
CP001880,C00278,B021,2024-12-04,Account Service,Low,Closed,2024-12-09,514.34
CP001881,C00176,B015,2026-07-24,Loan Service,Medium,Open,,539.22
CP001882,C00196,B025,2025-10-16,Account Service,High,Closed,2025-10-27,81.15
CP001883,C00052,B001,2026-02-25,Loan Service,Medium,Open,,314.35
CP001884,C00413,B022,2025-03-02,ATM,Low,Closed,2025-03-03,569.21
CP001885,C00059,B025,2024-11-21,App/Login,Low,Closed,2024-11-28,408.61
CP001886,C00912,B007,2025-01-08,Charges/Fees,Medium,Closed,2025-01-13,414.75
CP001887,C00588,B024,2025-01-01,Account Service,High,Closed,2025-01-25,458.92
CP001888,C00387,B018,2025-02-20,Charges/Fees,High,Closed,2025-03-10,244.54
CP001889,C00686,B007,2026-08-13,Unauthorized Transaction,Medium,Closed,2026-08-16,130.11
CP001890,C00049,B018,2024-03-20,ATM,High,Closed,2024-04-11,381.31
CP001891,C00808,B014,2026-02-10,Account Service,Low,Closed,2026-02-14,411.7
CP001892,C00922,B006,2026-04-04,Loan Service,Critical,Closed,2026-04-05,274.05
CP001893,C00330,B010,2026-05-09,Account Service,Low,Open,,664.86
CP001894,C00257,B005,2026-03-03,Account Service,High,Closed,2026-03-26,351.31
CP001895,C00674,B016,2026-08-04,App/Login,Medium,Closed,2026-08-14,663.74
CP001896,C00825,B010,2025-07-06,Unauthorized Transaction,Low,Closed,2025-07-12,427.76
CP001897,C00924,B013,2024-03-31,Loan Service,High,Closed,2024-04-12,675.22
CP001898,C00579,B002,2024-10-23,Account Service,Medium,Closed,2024-10-26,372.33
CP001899,C00392,B017,2026-02-18,Account Service,High,Open,,522.72
CP001900,C00799,B013,2024-08-20,Card Issue,High,Closed,2024-08-20,125.25
CP001901,C00968,B013,2024-11-06,Card Issue,Low,Closed,2024-11-11,413.25
CP001902,C00647,B008,2025-07-17,ATM,Medium,Closed,2025-07-21,559.47
CP001903,C00884,B019,2026-02-15,Loan Service,High,Closed,2026-03-02,202.73
CP001904,C00537,B023,2026-03-18,Account Service,Low,Closed,2026-03-23,67.04
CP001905,C00211,B010,2026-03-24,Unauthorized Transaction,High,Closed,2026-04-08,190.33
CP001906,C00887,B002,2024-01-02,App/Login,Medium,Closed,2024-01-03,280.92
CP001907,C00707,B001,2025-11-29,App/Login,Low,Closed,2025-12-10,379.89
CP001908,C00228,B025,2025-10-24,Loan Service,High,Closed,2025-10-29,466.42
CP001909,C00775,B012,2026-06-29,Charges/Fees,Low,Closed,2026-07-07,558.71
CP001910,C00078,B018,2025-08-09,Card Issue,Low,Open,,366.35
CP001911,C00151,B018,2024-08-05,ATM,High,Closed,2024-08-24,457.31
CP001912,C00185,B002,2025-08-18,App/Login,Low,Open,,553.46
CP001913,C00060,B016,2025-02-21,Loan Service,Medium,Closed,2025-02-27,496.67
CP001914,C00317,B024,2024-12-25,Charges/Fees,Medium,Closed,2024-12-25,111.2
CP001915,C00949,B001,2026-08-24,Charges/Fees,Low,Closed,2026-09-04,310.75
CP001916,C00265,B002,2025-05-24,Loan Service,Medium,Open,,178.73
CP001917,C00559,B014,2025-08-23,ATM,Low,Closed,2025-08-30,260.23
CP001918,C00075,B022,2024-10-03,Charges/Fees,Medium,Closed,2024-10-05,81.66
CP001919,C00478,B015,2024-04-14,Loan Service,Low,Closed,2024-04-25,130.01
CP001920,C00926,B025,2025-06-11,Loan Service,Low,Closed,2025-06-16,624.19
CP001921,C00192,B006,2024-09-09,Charges/Fees,Critical,Closed,2024-09-26,473.44
CP001922,C00517,B006,2026-07-01,Account Service,Low,Closed,2026-07-04,221.1
CP001923,C00439,B024,2026-06-02,Card Issue,Medium,Closed,2026-06-13,656.78
CP001924,C00194,B020,2025-10-23,App/Login,Low,Closed,2025-10-29,513.93
CP001925,C00627,B013,2025-11-14,Loan Service,Medium,Closed,2025-11-14,83.09
CP001926,C00424,B025,2024-10-29,Loan Service,Medium,Closed,2024-11-08,204.58
CP001927,C00632,B001,2025-04-11,App/Login,Low,Closed,2025-04-16,59.87
CP001928,C00395,B019,2025-01-19,ATM,Medium,Closed,2025-01-23,384.69
CP001929,C00830,B001,2024-09-05,Loan Service,High,Closed,2024-09-06,375.07
CP001930,C00747,B014,2025-06-11,Account Service,Medium,Closed,2025-06-20,682.82
CP001931,C00952,B004,2025-05-02,ATM,Medium,Closed,2025-05-14,137.01
CP001932,C00234,B002,2025-10-17,Loan Service,Low,Open,,575.37
CP001933,C00288,B013,2024-09-13,Loan Service,High,Closed,2024-09-18,371.13
CP001934,C00159,B009,2026-07-29,Charges/Fees,High,Closed,2026-08-21,505.57
CP001935,C00716,B008,2026-07-19,Charges/Fees,Low,Closed,2026-07-23,424.47
CP001936,C00871,B017,2025-07-07,Charges/Fees,Medium,Closed,2025-07-15,225.77
CP001937,C00660,B017,2026-01-07,Account Service,High,Closed,2026-01-27,208.69
CP001938,C00242,B025,2025-09-29,Card Issue,Low,Closed,2025-10-08,221.94
CP001939,C00222,B001,2025-12-25,Unauthorized Transaction,Medium,Closed,2026-01-04,579.86
CP001940,C00649,B005,2024-01-21,Loan Service,Low,Closed,2024-01-24,504.76
CP001941,C00129,B007,2026-03-17,Loan Service,High,Closed,2026-03-31,540.13
CP001942,C00248,B018,2025-06-07,Account Service,High,Closed,2025-06-09,250.36
CP001943,C00315,B006,2024-08-22,ATM,Medium,Closed,2024-08-28,373.14
CP001944,C00093,B008,2026-03-20,Card Issue,Medium,Closed,2026-03-26,339.68
CP001945,C00660,B017,2025-07-18,Loan Service,Low,Open,,330.09
CP001946,C00821,B001,2025-07-31,Unauthorized Transaction,Low,Closed,2025-08-12,82.83
CP001947,C00999,B012,2024-01-03,ATM,Medium,Closed,2024-01-06,439.76
CP001948,C00407,B005,2024-05-22,Unauthorized Transaction,Low,Closed,2024-05-24,537.48
CP001949,C00352,B018,2025-11-03,Charges/Fees,Low,Closed,2025-11-04,199.56
CP001950,C00874,B008,2025-10-10,Card Issue,Medium,Open,,572.82
CP001951,C00245,B013,2026-06-30,App/Login,Low,Closed,2026-07-04,627.3
CP001952,C00048,B016,2025-12-18,Loan Service,Low,Closed,2025-12-23,281.0
CP001953,C00982,B016,2026-04-09,Account Service,High,Closed,2026-05-02,186.24
CP001954,C00258,B001,2026-04-28,Charges/Fees,Low,Closed,2026-05-09,364.24
CP001955,C00808,B014,2024-03-05,Charges/Fees,Critical,Closed,2024-03-12,824.32
CP001956,C00487,B007,2024-05-02,Card Issue,High,Closed,2024-05-10,378.32
CP001957,C00877,B011,2025-10-31,Card Issue,Medium,Closed,2025-11-06,301.41
CP001958,C00145,B019,2024-03-07,Loan Service,Low,Closed,2024-03-10,218.94
CP001959,C00678,B016,2024-09-13,Card Issue,Critical,Closed,2024-09-16,1186.04
CP001960,C00095,B024,2024-10-19,Card Issue,Low,Closed,2024-10-29,186.26
CP001961,C00578,B022,2026-08-30,Loan Service,Low,Closed,2026-09-07,190.07
CP001962,C00928,B010,2026-07-01,Card Issue,High,Closed,2026-07-09,302.39
CP001963,C00271,B010,2026-03-07,Card Issue,Critical,Closed,2026-03-25,467.33
CP001964,C00704,B003,2024-05-30,Loan Service,Low,Closed,2024-06-10,138.01
CP001965,C00300,B006,2024-09-24,Account Service,Medium,Closed,2024-09-26,443.67
CP001966,C00753,B023,2025-03-05,Unauthorized Transaction,Low,Closed,2025-03-12,163.47
CP001967,C00226,B017,2024-12-05,Account Service,Medium,Closed,2024-12-17,620.25
CP001968,C00209,B011,2025-09-08,Charges/Fees,Medium,Closed,2025-09-19,415.46
CP001969,C00551,B010,2025-11-07,App/Login,Medium,Closed,2025-11-17,465.54
CP001970,C00213,B019,2024-12-13,Card Issue,High,Closed,2024-12-31,646.69
CP001971,C00519,B025,2025-12-02,Account Service,Medium,Open,,379.07
CP001972,C00959,B023,2026-06-21,App/Login,Medium,Open,,130.46
CP001973,C00874,B008,2025-09-22,Loan Service,Medium,Closed,2025-09-27,522.82
CP001974,C00311,B013,2025-03-05,Charges/Fees,Low,Closed,2025-03-12,56.93
CP001975,C00874,B008,2024-04-03,Account Service,Low,Open,,601.53
CP001976,C00522,B012,2024-02-27,Account Service,High,Closed,2024-03-16,61.45
CP001977,C00501,B002,2025-08-20,Charges/Fees,Critical,Closed,2025-09-02,1090.52
CP001978,C00668,B007,2026-05-13,Unauthorized Transaction,Medium,Closed,2026-05-23,462.17
CP001979,C00925,B020,2026-02-05,Charges/Fees,Medium,Open,,664.5
CP001980,C00166,B015,2024-09-10,Card Issue,Low,Closed,2024-09-13,570.29
CP001981,C00769,B007,2024-02-25,Charges/Fees,Medium,Closed,2024-03-02,529.16
CP001982,C00031,B013,2024-02-20,Loan Service,High,Closed,2024-03-04,543.57
CP001983,C00721,B016,2025-09-21,Card Issue,High,Closed,2025-09-27,335.27
CP001984,C00430,B023,2025-11-15,ATM,High,Closed,2025-12-03,385.33
CP001985,C00388,B019,2026-06-28,Loan Service,Low,Closed,2026-06-30,228.35
CP001986,C00342,B003,2025-10-23,Card Issue,Medium,Open,,394.75
CP001987,C00654,B006,2024-01-07,Account Service,High,Open,,195.48
CP001988,C00349,B012,2024-11-18,App/Login,Medium,Open,,554.38
CP001989,C00390,B021,2025-09-29,Unauthorized Transaction,High,Closed,2025-10-06,686.06
CP001990,C00086,B016,2026-07-27,Card Issue,Low,Closed,2026-08-08,287.54
CP001991,C00967,B006,2025-05-28,Charges/Fees,High,Closed,2025-06-08,628.03
CP001992,C00461,B010,2026-03-02,App/Login,Low,Closed,2026-03-10,618.96
CP001993,C00685,B001,2024-01-03,ATM,High,Closed,2024-01-17,54.91
CP001994,C00214,B018,2026-05-30,ATM,Low,Closed,2026-06-10,61.06
CP001995,C00088,B020,2025-03-19,Charges/Fees,Medium,Closed,2025-03-27,264.84
CP001996,C00662,B012,2024-11-01,Charges/Fees,Low,Open,,472.1
CP001997,C00081,B024,2024-09-16,App/Login,Low,Closed,2024-09-18,655.28
CP001998,C00525,B019,2025-03-10,Account Service,Critical,Closed,2025-04-01,1214.5
CP001999,C00703,B003,2026-05-09,Account Service,High,Closed,2026-05-26,451.42
CP002000,C00850,B012,2024-03-21,Account Service,High,Closed,2024-04-15,514.35
CP002001,C00356,B007,2025-10-23,ATM,Low,Closed,2025-10-26,143.14
CP002002,C00887,B002,2026-03-03,Unauthorized Transaction,Low,Closed,2026-03-07,273.26
CP002003,C00333,B019,2026-03-11,ATM,High,Closed,2026-03-21,573.67
CP002004,C00912,B007,2025-12-24,ATM,High,Closed,2026-01-12,633.33
CP002005,C00413,B022,2026-02-24,Charges/Fees,Medium,Closed,2026-03-04,164.23
CP002006,C00329,B022,2025-01-02,ATM,Low,Closed,2025-01-12,432.29
CP002007,C00144,B005,2024-03-07,Card Issue,High,Closed,2024-03-21,455.07
CP002008,C00033,B014,2024-12-08,App/Login,Medium,Closed,2024-12-17,365.37
CP002009,C00584,B003,2026-01-07,ATM,Low,Closed,2026-01-14,293.87
CP002010,C00713,B016,2024-03-28,Card Issue,Medium,Closed,2024-03-30,193.96
CP002011,C00704,B003,2024-08-02,ATM,Critical,Closed,2024-08-22,1255.46
CP002012,C00962,B015,2025-11-15,Charges/Fees,Medium,Closed,2025-11-23,280.73
CP002013,C00048,B016,2025-10-27,Loan Service,Low,Closed,2025-10-29,220.39
CP002014,C00711,B020,2024-02-12,Unauthorized Transaction,Low,Closed,2024-02-23,435.28
CP002015,C00464,B014,2026-06-05,Card Issue,Low,Closed,2026-06-13,74.1
CP002016,C00965,B002,2024-07-01,Card Issue,Medium,Closed,2024-07-10,625.15
CP002017,C00078,B018,2026-05-15,Charges/Fees,Medium,Closed,2026-05-19,203.69
CP002018,C00541,B004,2026-06-22,App/Login,Medium,Closed,2026-06-26,677.81
CP002019,C00903,B011,2025-03-11,Loan Service,Medium,Closed,2025-03-19,314.54
CP002020,C00328,B013,2024-03-23,Card Issue,Medium,Open,,410.1
CP002021,C00093,B008,2024-09-08,Unauthorized Transaction,Medium,Closed,2024-09-15,441.33
CP002022,C00753,B023,2024-09-21,App/Login,Low,Closed,2024-09-28,671.84
CP002023,C00651,B002,2026-07-19,Card Issue,Medium,Closed,2026-07-25,474.08
CP002024,C00616,B012,2024-10-16,App/Login,Medium,Open,,326.11
CP002025,C00636,B025,2026-07-25,Charges/Fees,Medium,Closed,2026-08-05,99.14
CP002026,C00867,B015,2025-09-30,Account Service,Low,Open,,559.62
CP002027,C00341,B017,2024-09-27,Loan Service,Medium,Closed,2024-10-07,102.87
CP002028,C00292,B002,2024-07-18,Card Issue,Medium,Closed,2024-07-18,234.06
CP002029,C00617,B015,2024-02-01,Unauthorized Transaction,Low,Closed,2024-02-08,438.65
CP002030,C00517,B006,2024-04-12,Card Issue,High,Closed,2024-04-22,269.87
CP002031,C00852,B010,2024-03-01,Card Issue,Medium,Closed,2024-03-01,129.2
CP002032,C00455,B010,2024-11-02,Card Issue,Low,Closed,2024-11-05,266.02
CP002033,C00568,B015,2024-10-16,ATM,Medium,Closed,2024-10-23,226.81
CP002034,C00049,B018,2025-02-26,ATM,High,Closed,2025-03-04,184.83
CP002035,C00090,B009,2026-06-16,Account Service,Critical,Closed,2026-06-20,1113.93
CP002036,C00115,B008,2025-08-17,Card Issue,Medium,Open,,226.06
CP002037,C00336,B018,2025-06-16,App/Login,Critical,Open,,390.94
CP002038,C00481,B002,2025-01-18,ATM,Low,Closed,2025-01-26,67.27
CP002039,C00375,B001,2024-08-28,Loan Service,High,Closed,2024-09-05,449.72
CP002040,C00849,B017,2024-02-12,ATM,Low,Closed,2024-02-23,509.97
CP002041,C00453,B015,2025-11-18,Unauthorized Transaction,High,Closed,2025-11-23,387.01
CP002042,C00446,B017,2025-02-11,Account Service,High,Open,,149.69
CP002043,C00499,B004,2024-08-13,Unauthorized Transaction,Medium,Closed,2024-08-18,126.14
CP002044,C00223,B004,2026-02-16,Charges/Fees,Low,Closed,2026-02-25,359.42
CP002045,C00301,B011,2025-07-21,Account Service,Medium,Closed,2025-07-29,57.45
CP002046,C00579,B002,2026-07-23,Unauthorized Transaction,Medium,Closed,2026-07-23,103.19
CP002047,C00473,B005,2026-02-28,Charges/Fees,Low,Closed,2026-03-07,370.79
CP002048,C00618,B022,2025-07-16,Account Service,Medium,Closed,2025-07-23,271.94
CP002049,C00816,B023,2025-11-06,Unauthorized Transaction,Low,Closed,2025-11-17,454.31
CP002050,C00632,B001,2024-06-25,Unauthorized Transaction,High,Open,,695.12
CP002051,C00921,B013,2026-01-13,Card Issue,High,Closed,2026-01-23,583.83
CP002052,C00584,B003,2026-03-09,Charges/Fees,Critical,Open,,127.81
CP002053,C00560,B004,2024-11-20,Account Service,Critical,Closed,2024-12-08,663.25
CP002054,C00892,B013,2024-01-31,Account Service,Low,Closed,2024-02-10,142.54
CP002055,C00287,B009,2026-04-06,Account Service,Medium,Closed,2026-04-12,437.87
CP002056,C00619,B006,2025-10-24,App/Login,Medium,Closed,2025-10-29,433.29
CP002057,C00941,B004,2025-07-26,Account Service,Medium,Closed,2025-08-07,627.83
CP002058,C00754,B005,2025-01-22,Charges/Fees,High,Open,,406.42
CP002059,C00915,B014,2026-07-20,Charges/Fees,Medium,Closed,2026-07-31,696.08
CP002060,C00940,B023,2024-06-05,Card Issue,Medium,Closed,2024-06-07,684.08
CP002061,C00747,B014,2025-11-24,Card Issue,Low,Open,,82.47
CP002062,C00332,B012,2026-06-17,ATM,High,Closed,2026-07-07,88.22
CP002063,C00048,B016,2025-07-19,Unauthorized Transaction,Low,Closed,2025-07-26,564.37
CP002064,C00777,B001,2026-05-16,ATM,Medium,Closed,2026-05-28,81.27
CP002065,C00036,B001,2025-07-17,Loan Service,Critical,Closed,2025-07-20,897.43
CP002066,C00225,B011,2025-11-02,Charges/Fees,Medium,Closed,2025-11-14,446.01
CP002067,C00380,B025,2026-02-08,Loan Service,Medium,Closed,2026-02-10,192.49
CP002068,C00010,B002,2024-10-31,Card Issue,Low,Closed,2024-11-06,163.16
CP002069,C00426,B015,2025-07-26,Charges/Fees,High,Closed,2025-08-07,448.54
CP002070,C00604,B018,2025-07-17,Loan Service,Low,Closed,2025-07-21,551.55
CP002071,C00725,B004,2024-01-16,ATM,Low,Closed,2024-01-18,217.46
CP002072,C00857,B005,2025-08-19,ATM,Low,Closed,2025-08-25,170.22
CP002073,C00766,B010,2026-07-27,Charges/Fees,Low,Closed,2026-08-04,540.24
CP002074,C00192,B006,2024-04-20,Loan Service,Low,Closed,2024-04-24,407.7
CP002075,C00263,B005,2026-04-09,Loan Service,Medium,Closed,2026-04-12,152.6
CP002076,C00889,B013,2024-02-04,Charges/Fees,Low,Closed,2024-02-12,420.74
CP002077,C00716,B008,2025-06-19,Charges/Fees,High,Closed,2025-07-14,324.89
CP002078,C00843,B004,2025-01-22,ATM,Medium,Closed,2025-01-29,500.45
CP002079,C00301,B011,2026-05-25,Account Service,Low,Closed,2026-06-03,439.41
CP002080,C00726,B020,2024-12-25,Unauthorized Transaction,Medium,Open,,251.29
CP002081,C00626,B019,2025-01-07,Loan Service,Medium,Closed,2025-01-12,618.56
CP002082,C00028,B013,2026-03-03,ATM,High,Closed,2026-03-22,477.19
CP002083,C00652,B015,2025-12-18,Card Issue,Critical,Closed,2025-12-20,583.21
CP002084,C00221,B024,2025-07-24,Account Service,Medium,Closed,2025-07-30,492.88
CP002085,C00915,B014,2025-08-26,ATM,Critical,Closed,2025-09-02,290.0
CP002086,C00118,B019,2025-02-12,Charges/Fees,Medium,Closed,2025-02-24,163.69
CP002087,C00308,B016,2024-08-08,ATM,High,Closed,2024-08-28,483.17
CP002088,C00954,B015,2024-10-08,Loan Service,Low,Closed,2024-10-14,282.71
CP002089,C00823,B004,2026-03-05,Charges/Fees,High,Open,,465.29
CP002090,C00557,B006,2024-07-14,Account Service,Low,Closed,2024-07-24,309.37
CP002091,C00750,B022,2025-10-30,ATM,Medium,Open,,556.42
CP002092,C00841,B004,2025-06-26,App/Login,High,Closed,2025-06-26,349.26
CP002093,C00600,B015,2025-01-14,Unauthorized Transaction,Medium,Closed,2025-01-22,557.01
CP002094,C00015,B003,2024-07-30,Loan Service,Low,Closed,2024-08-08,362.71
CP002095,C00371,B018,2024-02-05,Charges/Fees,Low,Closed,2024-02-17,566.67
CP002096,C00610,B005,2025-05-10,App/Login,High,Closed,2025-06-03,333.73
CP002097,C00748,B009,2024-10-24,Account Service,Medium,Closed,2024-11-01,384.67
CP002098,C00945,B016,2024-08-19,Loan Service,Low,Closed,2024-08-22,220.63
CP002099,C00846,B003,2024-12-12,Unauthorized Transaction,Medium,Closed,2024-12-18,449.95
CP002100,C00270,B023,2026-03-15,Loan Service,Medium,Closed,2026-03-18,196.69
CP002101,C00700,B022,2024-10-20,Charges/Fees,Low,Closed,2024-10-25,305.58
CP002102,C00974,B017,2025-03-07,Card Issue,Medium,Closed,2025-03-11,633.12
CP002103,C00602,B003,2024-12-31,Loan Service,Low,Closed,2025-01-11,107.4
CP002104,C00772,B003,2024-05-15,Charges/Fees,Medium,Closed,2024-05-22,226.13
CP002105,C00359,B019,2025-11-17,App/Login,High,Closed,2025-11-25,370.14
CP002106,C00827,B018,2025-05-15,Account Service,Medium,Open,,197.69
CP002107,C00481,B002,2024-09-02,Charges/Fees,Low,Closed,2024-09-08,698.8
CP002108,C00692,B017,2025-01-23,Loan Service,High,Closed,2025-02-08,139.62
CP002109,C00220,B010,2025-04-21,Account Service,Low,Closed,2025-04-24,490.29
CP002110,C00238,B024,2026-01-03,Loan Service,Medium,Closed,2026-01-07,656.79
CP002111,C00231,B009,2025-12-03,ATM,Low,Closed,2025-12-07,620.9
CP002112,C00669,B014,2026-01-26,Loan Service,Low,Closed,2026-02-06,369.73
CP002113,C00413,B022,2024-03-02,Unauthorized Transaction,High,Closed,2024-03-13,235.3
CP002114,C00738,B017,2025-05-25,Loan Service,Low,Closed,2025-05-30,560.77
CP002115,C00876,B003,2024-09-15,Account Service,High,Closed,2024-09-21,292.61
CP002116,C00079,B012,2024-10-11,Unauthorized Transaction,Medium,Closed,2024-10-16,147.13
CP002117,C00804,B001,2024-05-01,Loan Service,High,Closed,2024-05-06,595.84
CP002118,C00104,B012,2025-10-22,Account Service,Low,Closed,2025-11-01,290.0
CP002119,C00135,B021,2025-05-16,Unauthorized Transaction,Low,Closed,2025-05-17,483.64
CP002120,C00991,B006,2025-04-14,Account Service,Medium,Closed,2025-04-23,426.92
CP002121,C00369,B016,2024-02-09,Charges/Fees,High,Closed,2024-02-23,186.62
CP002122,C00498,B003,2025-09-25,Loan Service,Low,Closed,2025-09-30,650.31
CP002123,C00016,B003,2024-06-23,Account Service,High,Closed,2024-07-04,468.92
CP002124,C00882,B025,2026-02-21,Account Service,Medium,Closed,2026-03-04,376.78
CP002125,C00757,B020,2024-04-11,Unauthorized Transaction,High,Open,,154.92
CP002126,C00059,B025,2025-07-03,Loan Service,High,Closed,2025-07-11,364.2
CP002127,C00981,B014,2025-11-23,ATM,Low,Closed,2025-11-28,414.42
CP002128,C00944,B011,2026-08-18,Account Service,Low,Closed,2026-08-27,504.82
CP002129,C00498,B003,2026-06-10,Unauthorized Transaction,Medium,Closed,2026-06-22,216.72
CP002130,C00472,B024,2025-03-17,Loan Service,Medium,Closed,2025-03-18,654.04
CP002131,C00730,B002,2026-04-30,ATM,High,Open,,668.12
CP002132,C00572,B010,2026-08-23,Unauthorized Transaction,Medium,Closed,2026-08-25,634.23
CP002133,C00156,B010,2026-07-17,ATM,Critical,Open,,480.22
CP002134,C00231,B009,2024-02-11,Account Service,Low,Closed,2024-02-13,617.3
CP002135,C00286,B017,2026-02-21,Account Service,Medium,Closed,2026-02-23,505.17
CP002136,C00450,B009,2024-08-09,Account Service,High,Closed,2024-08-19,693.75
CP002137,C00980,B013,2025-08-18,Charges/Fees,Low,Closed,2025-08-21,334.24
CP002138,C00010,B002,2025-07-30,Unauthorized Transaction,Medium,Closed,2025-08-02,578.13
CP002139,C00880,B018,2025-12-09,Charges/Fees,Low,Closed,2025-12-09,239.54
CP002140,C00901,B002,2024-10-01,Card Issue,Medium,Closed,2024-10-02,130.27
CP002141,C00242,B025,2025-09-12,App/Login,Low,Open,,535.86
CP002142,C00653,B021,2024-11-28,Account Service,Medium,Closed,2024-11-28,660.12
CP002143,C00446,B017,2025-09-30,Charges/Fees,Low,Closed,2025-10-06,550.19
CP002144,C00175,B013,2024-10-15,Charges/Fees,High,Closed,2024-10-24,174.39
CP002145,C00815,B017,2026-05-08,Account Service,High,Closed,2026-05-12,287.52
CP002146,C00266,B018,2024-08-23,Loan Service,Low,Closed,2024-08-31,616.74
CP002147,C00862,B019,2026-08-10,Charges/Fees,Low,Closed,2026-08-13,659.85
CP002148,C00791,B024,2024-02-14,App/Login,Low,Closed,2024-02-20,630.27
CP002149,C00555,B003,2025-01-14,Card Issue,Low,Open,,407.83
CP002150,C00303,B006,2024-11-25,ATM,Medium,Closed,2024-12-07,328.55
CP002151,C00465,B015,2026-06-19,Card Issue,High,Closed,2026-06-26,513.84
CP002152,C00583,B010,2025-11-19,Loan Service,Low,Closed,2025-11-24,74.86
CP002153,C00198,B014,2025-09-02,Card Issue,High,Closed,2025-09-10,423.94
CP002154,C00699,B016,2026-05-06,Loan Service,Low,Closed,2026-05-06,304.88
CP002155,C00496,B020,2025-12-05,ATM,High,Closed,2025-12-17,421.07
CP002156,C00345,B016,2024-10-10,Unauthorized Transaction,High,Closed,2024-10-15,462.45
CP002157,C00787,B015,2025-05-14,ATM,Medium,Closed,2025-05-21,646.77
CP002158,C00221,B024,2024-11-11,Charges/Fees,Low,Closed,2024-11-12,339.94
CP002159,C00121,B015,2025-02-09,Charges/Fees,Medium,Open,,451.36
CP002160,C00266,B018,2024-09-02,Unauthorized Transaction,High,Closed,2024-09-18,577.81
CP002161,C00114,B023,2026-01-27,Loan Service,Low,Closed,2026-01-31,643.03
CP002162,C00016,B003,2025-10-24,ATM,Low,Closed,2025-10-26,76.25
CP002163,C00784,B005,2026-04-06,Unauthorized Transaction,Medium,Closed,2026-04-18,640.37
CP002164,C00640,B006,2024-03-20,Card Issue,High,Closed,2024-04-12,55.62
CP002165,C00741,B014,2024-10-22,ATM,Medium,Closed,2024-10-29,598.27
CP002166,C00387,B018,2025-01-05,Charges/Fees,Low,Closed,2025-01-16,144.74
CP002167,C00511,B016,2025-03-25,ATM,Medium,Closed,2025-03-28,516.65
CP002168,C00345,B016,2026-01-16,Unauthorized Transaction,Medium,Closed,2026-01-24,440.29
CP002169,C00712,B019,2024-02-24,Loan Service,Low,Closed,2024-02-28,449.07
CP002170,C00971,B010,2024-02-17,Account Service,Low,Closed,2024-02-25,687.82
CP002171,C00433,B009,2024-11-23,Unauthorized Transaction,Low,Closed,2024-11-25,496.93
CP002172,C00611,B011,2026-04-09,Charges/Fees,Low,Open,,502.45
CP002173,C00521,B007,2024-10-04,ATM,Medium,Closed,2024-10-07,453.49
CP002174,C00604,B018,2026-07-11,Card Issue,High,Closed,2026-07-31,432.81
CP002175,C00363,B025,2025-04-12,App/Login,Medium,Open,,397.23
CP002176,C00469,B017,2025-12-24,Card Issue,Medium,Closed,2026-01-03,86.56
CP002177,C00082,B023,2026-07-18,Charges/Fees,Medium,Closed,2026-07-20,504.48
CP002178,C00809,B020,2024-02-05,Card Issue,High,Closed,2024-02-07,421.12
CP002179,C00890,B013,2024-09-13,Account Service,High,Closed,2024-09-24,163.16
CP002180,C00169,B008,2025-10-09,Account Service,Low,Closed,2025-10-17,372.88
CP002181,C00723,B006,2025-09-19,Charges/Fees,Low,Closed,2025-09-21,658.15
CP002182,C00117,B008,2025-05-20,Account Service,Medium,Closed,2025-05-23,334.97
CP002183,C00490,B010,2024-10-29,Card Issue,High,Open,,344.48
CP002184,C00746,B012,2024-02-18,Account Service,Medium,Closed,2024-02-27,674.05
CP002185,C00200,B023,2024-11-05,Account Service,Medium,Closed,2024-11-08,255.39
CP002186,C00700,B022,2024-09-10,ATM,Critical,Closed,2024-10-05,426.05
CP002187,C00051,B006,2024-08-07,Unauthorized Transaction,Medium,Closed,2024-08-19,397.92
CP002188,C00028,B013,2025-08-18,Account Service,Medium,Closed,2025-08-28,485.48
CP002189,C00853,B016,2024-07-25,App/Login,Medium,Closed,2024-07-31,411.07
CP002190,C00735,B007,2025-07-25,Account Service,Low,Closed,2025-08-02,189.53
CP002191,C00274,B007,2025-11-02,App/Login,Medium,Closed,2025-11-09,143.58
CP002192,C00786,B009,2026-04-03,ATM,Medium,Closed,2026-04-07,213.69
CP002193,C00837,B007,2024-03-04,Loan Service,Medium,Open,,432.38
CP002194,C00380,B025,2026-07-09,Card Issue,Critical,Closed,2026-07-22,967.61
CP002195,C00363,B025,2026-05-09,Unauthorized Transaction,Critical,Closed,2026-05-14,433.09
CP002196,C00382,B021,2025-11-25,Card Issue,Medium,Closed,2025-12-04,354.7
CP002197,C00412,B007,2026-03-27,Loan Service,Medium,Closed,2026-03-28,102.08
CP002198,C00934,B020,2026-01-23,Account Service,Medium,Open,,682.96
CP002199,C00578,B022,2026-08-15,Charges/Fees,Low,Closed,2026-08-24,184.74
CP002200,C00601,B022,2025-02-05,Card Issue,High,Closed,2025-02-06,621.24
