loan_id,customer_id,branch_id,loan_type,loan_start_date,loan_amount,interest_rate_pct,term_months,emi_amount,outstanding_balance,loan_status,default_status,days_past_due,customer_name,customer_segment,annual_income,city,home_branch_id,declared_risk_segment,credit_score,credit_score_band,past_due_accounts,credit_utilization_pct,hard_inquiries_12m,credit_history_years,total_payment_records,total_amount_paid,paid_payments,late_payments,max_days_late,average_days_late,repayment_rate_pct,late_payment_rate_pct,branch_name,city_branch,loan_to_income_ratio,low_credit_score_flag,high_utilization_flag,high_loan_to_income_flag,high_interest_flag,late_payment_flag,poor_repayment_flag,past_due_accounts_flag,high_inquiry_flag,default_flag,loan_risk_score,loan_risk_level,income_band,interest_rate_band,loan_amount_band
L00001,C00636,B025,Home,2022-09-16,189594.98,16.44,12,18397.03,157595.27,Active,No,18,Kavya Kumar,Premium,65416.0,Chennai,B025,Low,688.0,Good,0.0,39.8,1.0,10.0,12,220560.47,10,12,9,4.25,83.33333333333334,100.0,Hyderabad Branch 3,Hyderabad,2.8982967469732177,0,0,1,1,0,0,0,0,0,25,Medium,Upper Middle,Very High Rate,Medium Loan
L00002,C00481,B002,Education,2022-02-04,297903.3,13.76,12,28241.23,112612.87,Defaulted,Yes,72,Pooja Iyer,Senior Citizen,84011.0,Mumbai,B002,Low,746.0,Good,0.0,41.5,6.0,2.0,10,249791.03,3,10,60,18.1,30.0,100.0,Bengaluru Branch 1,Bengaluru,3.5460034995417264,0,0,1,0,1,1,0,1,1,70,Critical,High Income,High Rate,Medium Loan
L00003,C00107,B014,Education,2025-03-11,779953.63,14.58,36,31141.82,692301.19,Active,No,3,Lakshmi Patel,Mass Affluent,12000.0,Coimbatore,B014,Medium,691.0,Good,0.0,69.0,4.0,7.0,18,562305.51,13,15,10,4.055555555555555,72.22222222222221,83.33333333333334,Delhi Branch 2,Delhi,64.99613583333334,0,0,1,0,0,1,0,0,0,25,Medium,Low Income,High Rate,Large Loan
L00004,C00681,B024,Education,2023-11-30,970548.62,11.74,60,25671.01,236746.2,Active,No,10,Naveen Singh,Premium,32243.0,Coimbatore,B024,Low,794.0,Excellent,0.0,62.9,3.0,11.0,24,617877.91,11,22,10,5.333333333333333,45.83333333333333,91.66666666666666,Delhi Branch 3,Delhi,30.101064417082778,0,0,1,0,0,1,0,0,0,25,Medium,Low Income,Moderate Rate,Large Loan
L00005,C00865,B015,Education,2022-12-12,775837.01,13.71,12,73517.02,503713.9,Active,No,0,Priya Singh,Mass Affluent,70424.0,Kolkata,B015,Medium,733.0,Good,0.0,64.0,6.0,11.0,12,878475.53,7,10,10,4.666666666666667,58.333333333333336,83.33333333333334,Hyderabad Branch 2,Hyderabad,11.016656395546972,0,0,1,0,0,1,0,1,0,30,Medium,Upper Middle,High Rate,Large Loan
L00006,C00771,B004,Home,2024-10-02,920450.34,15.27,24,50064.83,403486.3,Active,No,2,Ajay Singh,Retail,64327.0,Coimbatore,B004,Medium,723.0,Good,0.0,54.9,1.0,8.0,23,1156789.57,13,21,10,4.608695652173913,56.52173913043478,91.30434782608695,Delhi Branch 1,Delhi,14.308926889175618,0,0,1,1,0,1,0,0,0,35,Medium,Upper Middle,High Rate,Large Loan
L00007,C00662,B012,Home,2025-07-09,563407.17,17.12,84,14745.17,493049.81,Active,No,20,Sanjay Patel,Mass Affluent,49095.0,Delhi,B012,Low,669.0,Good,1.0,38.4,5.0,3.0,14,207018.12,9,14,10,4.642857142857143,64.28571428571429,100.0,Bengaluru Branch 2,Bengaluru,11.475856400855486,0,0,1,1,0,1,0,1,0,40,Medium,Lower Middle,Very High Rate,Large Loan
L00008,C00373,B023,Business,2023-11-20,82235.29,14.15,36,3254.0,35571.18,Active,No,19,Geetha Verma,Retail,37786.0,Bengaluru,B023,Low,708.0,Good,1.0,32.6,8.0,7.0,24,78399.98,11,23,10,5.875,45.83333333333333,95.83333333333334,Mumbai Branch 3,Mumbai,2.176342825385063,0,0,1,0,0,1,0,1,0,30,Medium,Lower Middle,High Rate,Small Loan
L00009,C00371,B018,Personal,2023-01-19,866319.05,15.44,48,29194.95,0.0,Closed,No,6,Arun Gupta,Sme Owner,28150.0,Pune,B018,Low,666.0,Good,0.0,9.4,7.0,9.0,24,700403.75,7,24,10,6.625,29.166666666666668,100.0,Madurai Branch 2,Madurai,30.775099467140322,0,0,1,1,0,1,0,1,0,40,Medium,Low Income,High Rate,Large Loan
L00010,C00937,B002,Education,2024-09-17,284761.41,19.44,84,8003.15,170399.11,Active,No,19,Karthik Gupta,Retail,35246.0,Chennai,B002,Medium,579.0,Fair,1.0,20.9,2.0,3.0,24,191181.6,13,20,10,5.083333333333333,54.166666666666664,83.33333333333334,Bengaluru Branch 1,Bengaluru,8.079254667196277,1,0,1,1,0,1,0,0,0,55,High,Low Income,Very High Rate,Medium Loan
L00011,C00699,B016,Personal,2025-04-03,827588.28,16.55,84,21266.06,400470.08,Defaulted,Yes,36,Priya Singh,Retail,79180.0,Kochi,B016,Low,614.0,Fair,0.0,80.2,3.0,5.0,12,234352.03,5,12,36,12.333333333333334,41.66666666666667,100.0,Pune Branch 2,Pune,10.451986360191968,0,1,1,1,1,1,0,0,1,70,Critical,High Income,Very High Rate,Large Loan
L00012,C00455,B010,Education,2023-11-07,440184.61,14.87,36,17681.97,98949.88,Active,No,18,Rahul Patel,Retail,42400.0,Chennai,B010,Medium,702.0,Good,0.0,47.8,2.0,8.0,24,425306.74,11,23,10,5.333333333333333,45.83333333333333,95.83333333333334,Kochi Branch 1,Kochi,10.381712499999999,0,0,1,0,0,1,0,0,0,25,Medium,Lower Middle,High Rate,Medium Loan
L00013,C00633,B019,Personal,2024-02-25,1549842.57,10.94,60,39960.11,0.0,Closed,No,7,Geetha Reddy,Sme Owner,43003.0,Kolkata,B019,Low,829.0,Excellent,0.0,30.1,0.0,5.0,24,962468.53,9,23,10,5.958333333333333,37.5,95.83333333333334,Coimbatore Branch 2,Coimbatore,36.04033602306816,0,0,1,0,0,1,0,0,0,25,Medium,Lower Middle,Moderate Rate,Very Large Loan
L00014,C00201,B010,Business,2025-03-25,160093.78,15.01,60,4670.74,0.0,Closed,No,11,Ajay Patel,Student,47340.0,Kochi,B010,Low,690.0,Good,0.0,33.7,8.0,5.0,18,84129.57,12,15,10,3.8333333333333335,66.66666666666666,83.33333333333334,Kochi Branch 1,Kochi,3.3817866497676383,0,0,1,1,0,1,0,1,0,40,Medium,Lower Middle,High Rate,Small Loan
L00015,C00161,B025,Business,2026-04-11,119180.75,13.15,36,4616.6,26728.39,Active,No,11,Rohit Patel,Student,36865.0,Madurai,B025,Low,718.0,Good,0.0,45.2,0.0,10.0,5,23147.57,1,5,10,8.0,20.0,100.0,Hyderabad Branch 3,Hyderabad,3.2328970568289708,0,0,1,0,0,1,0,0,0,25,Medium,Low Income,High Rate,Small Loan
L00016,C00787,B015,Personal,2022-04-10,260785.39,12.14,36,9882.32,182231.08,Active,No,7,Sanjay Gupta,Retail,61238.0,Chennai,B015,Low,774.0,Excellent,2.0,65.2,0.0,7.0,24,236138.34,12,22,10,5.333333333333333,50.0,91.66666666666666,Hyderabad Branch 2,Hyderabad,4.258554982200595,0,0,1,0,0,1,1,0,0,35,Medium,Upper Middle,High Rate,Medium Loan
L00017,C00898,B020,Personal,2025-04-18,352851.72,14.78,48,11697.03,53616.23,Defaulted,Yes,115,Rahul Kumar,Retail,112698.0,Delhi,B020,Low,701.0,Good,0.0,1.0,8.0,12.0,16,162596.07,5,16,60,20.625,31.25,100.0,Kochi Branch 2,Kochi,3.1309492626311024,0,0,1,0,1,1,0,1,1,70,Critical,High Income,High Rate,Medium Loan
L00018,C00501,B002,Personal,2022-12-14,305201.18,12.81,60,8344.71,0.0,Closed,No,6,Naveen Nair,Sme Owner,46868.0,Pune,B002,Low,804.0,Excellent,0.0,41.5,8.0,8.0,24,200432.77,15,21,10,5.0,62.5,87.5,Bengaluru Branch 1,Bengaluru,6.511930955022617,0,0,1,0,0,1,0,1,0,30,Medium,Lower Middle,High Rate,Medium Loan
L00019,C00479,B021,Personal,2024-11-30,1837723.36,13.43,48,58853.09,1411996.11,Active,No,13,Sanjay Kumar,Retail,135012.0,Kochi,B021,Low,817.0,Excellent,0.0,16.7,5.0,11.0,22,1292291.78,12,21,10,5.045454545454546,54.54545454545454,95.45454545454545,Chennai Branch 3,Chennai,13.611555713566203,0,0,1,0,0,1,0,1,0,30,Medium,High Income,High Rate,Very Large Loan
L00020,C00008,B011,Personal,2026-02-22,899386.34,12.95,24,47180.31,503658.96,Active,No,2,Anitha Gupta,Mass Affluent,51752.0,Pune,B011,Low,828.0,Excellent,0.0,43.2,1.0,7.0,7,325203.02999999997,2,7,10,6.571428571428571,28.57142857142857,100.0,Chennai Branch 2,Chennai,17.378774540114392,0,0,1,0,0,1,0,0,0,25,Medium,Lower Middle,High Rate,Large Loan
L00021,C00122,B016,Auto,2024-06-09,183515.69,17.18,48,6450.58,134396.72,Active,No,13,Divya Sharma,Retail,208881.0,Madurai,B016,Low,642.0,Fair,0.0,65.1,6.0,0.0,24,155762.95,9,24,10,6.25,37.5,100.0,Pune Branch 2,Pune,0.8785657383869284,0,0,0,1,0,1,0,1,0,25,Medium,High Income,Very High Rate,Medium Loan
L00022,C00119,B012,Business,2025-08-20,454962.78,14.16,48,14846.95,317281.58,Defaulted,Yes,51,Pooja Kumar,Retail,22603.0,Pune,B012,Low,677.0,Good,1.0,29.6,7.0,10.0,12,164455.41,5,12,38,14.0,41.66666666666667,100.0,Bengaluru Branch 2,Bengaluru,20.128424545414326,0,0,1,0,1,1,0,1,1,70,Critical,Low Income,High Rate,Medium Loan
L00023,C00698,B010,Business,2024-06-24,1559562.59,15.83,24,85555.0,880570.42,Active,No,17,Vishal Iyer,Sme Owner,111666.0,Kolkata,B010,Low,659.0,Good,0.0,42.5,1.0,10.0,24,2047419.81,18,21,9,3.625,75.0,87.5,Kochi Branch 1,Kochi,13.966315530241973,0,0,1,1,0,1,0,0,0,35,Medium,High Income,High Rate,Very Large Loan
L00024,C00344,B021,Business,2025-06-02,1466176.09,14.59,36,58553.37,675227.3,Defaulted,Yes,87,Sanjay Verma,Retail,23243.0,Kolkata,B021,Low,759.0,Excellent,0.0,30.6,2.0,2.0,12,658498.9400000001,0,12,39,16.0,0.0,100.0,Chennai Branch 3,Chennai,63.08032913135138,0,0,1,0,1,1,0,0,1,70,Critical,Low Income,High Rate,Very Large Loan
L00025,C00316,B017,Home,2025-06-02,138357.32,18.15,48,4975.1,0.0,Closed,No,19,Priya Reddy,Retail,92635.0,Coimbatore,B017,Medium,628.0,Fair,1.0,42.7,2.0,6.0,15,74486.46,11,13,10,3.6666666666666665,73.33333333333333,86.66666666666667,Kolkata Branch 2,Kolkata,1.4935749986506182,0,0,1,1,0,1,0,0,0,35,Medium,High Income,Very High Rate,Small Loan
L00026,C00695,B014,Education,2024-06-14,674796.41,15.16,36,27269.27,207019.01,Active,No,8,Kavya Singh,Retail,49181.0,Kolkata,B014,Medium,731.0,Good,0.0,26.1,8.0,0.0,24,656519.17,11,20,10,5.375,45.83333333333333,83.33333333333334,Delhi Branch 2,Delhi,13.720672820804783,0,0,1,1,0,1,0,1,0,40,Medium,Lower Middle,High Rate,Large Loan
L00027,C00634,B022,Personal,2026-04-04,117661.94,17.48,60,3674.97,0.0,Closed,No,12,Meena Sharma,Sme Owner,31701.0,Coimbatore,B022,High,616.0,Fair,0.0,90.9,8.0,12.0,5,18588.510000000002,3,4,8,4.2,60.0,80.0,Bengaluru Branch 3,Bengaluru,3.7116160373489797,0,1,1,1,0,1,0,1,0,50,High,Low Income,Very High Rate,Small Loan
L00028,C00099,B013,Business,2024-05-06,553134.48,14.74,48,18317.97,480065.17,Defaulted,Yes,114,Rohit Gupta,Mass Affluent,123062.0,Delhi,B013,Medium,721.0,Good,0.0,26.8,3.0,8.0,18,316691.59,5,17,57,14.833333333333334,27.77777777777778,94.44444444444444,Mumbai Branch 2,Mumbai,4.494762639970096,0,0,1,0,1,1,0,0,1,70,Critical,High Income,High Rate,Large Loan
L00029,C00854,B012,Home,2023-05-13,1745649.37,16.27,24,96403.49,1044156.59,Defaulted,Yes,47,Naveen Kumar,Senior Citizen,29964.0,Hyderabad,B012,Medium,606.0,Fair,0.0,64.2,4.0,3.0,20,1744223.41,8,18,58,16.2,40.0,90.0,Bengaluru Branch 2,Bengaluru,58.258222199973304,0,0,1,1,1,1,0,0,1,70,Critical,Low Income,Very High Rate,Very Large Loan
L00030,C00478,B015,Education,2023-04-17,232265.27,15.13,24,12606.2,44731.27,Active,No,12,Suresh Nair,Premium,46105.0,Pune,B015,Low,662.0,Good,0.0,14.5,3.0,5.0,24,303578.48,17,21,10,4.375,70.83333333333334,87.5,Hyderabad Branch 2,Hyderabad,5.037745797635831,0,0,1,1,0,1,0,0,0,35,Medium,Lower Middle,High Rate,Medium Loan
L00031,C00693,B008,Business,2025-12-18,132225.16,14.72,36,5294.88,72876.49,Active,No,1,Arun Singh,Retail,27795.0,Madurai,B008,Low,701.0,Good,0.0,41.7,0.0,12.0,9,47877.35,4,8,10,4.888888888888889,44.44444444444444,88.88888888888889,Madurai Branch 1,Madurai,4.75715632307969,0,0,1,0,0,1,0,0,0,25,Medium,Low Income,High Rate,Small Loan
L00032,C00512,B010,Auto,2025-11-06,557444.72,12.63,48,17480.54,379103.6,Active,No,20,Geetha Iyer,Retail,29028.0,Bengaluru,B010,High,774.0,Excellent,0.0,15.0,6.0,5.0,10,176296.25,4,8,10,5.0,40.0,80.0,Kochi Branch 1,Kochi,19.20369023012264,0,0,1,0,0,1,0,1,0,30,Medium,Low Income,High Rate,Large Loan
L00033,C00211,B010,Personal,2025-02-24,847702.41,14.96,48,28228.49,366249.3,Defaulted,Yes,38,Divya Singh,Senior Citizen,41963.0,Chennai,B010,Low,697.0,Good,0.0,47.4,6.0,0.0,14,361035.3,7,14,43,11.785714285714286,50.0,100.0,Kochi Branch 1,Kochi,20.20118699806973,0,0,1,0,1,1,0,1,1,70,Critical,Lower Middle,High Rate,Large Loan
L00034,C00641,B001,Education,2025-08-27,233325.12,16.34,48,8038.05,210578.56,Active,No,8,Karthik Sharma,Senior Citizen,74065.0,Kochi,B001,High,663.0,Good,0.0,47.4,6.0,0.0,13,104700.79,8,13,10,5.0,61.53846153846154,100.0,Chennai Branch 1,Chennai,3.1502750286910146,0,0,1,1,0,1,0,1,0,40,Medium,High Income,Very High Rate,Medium Loan
L00035,C00828,B003,Personal,2024-08-14,356173.82,15.67,24,19491.61,126188.13,Active,No,13,Sanjay Rao,Mass Affluent,131658.0,Bengaluru,B003,Low,723.0,Good,0.0,50.1,0.0,6.0,24,466828.74,14,23,10,4.75,58.333333333333336,95.83333333333334,Mumbai Branch 1,Mumbai,2.7052956903492382,0,0,1,1,0,1,0,0,0,35,Medium,High Income,High Rate,Medium Loan
L00036,C00188,B014,Personal,2022-12-30,657864.87,13.6,36,25729.83,178110.62,Defaulted,Yes,117,Rahul Kumar,Senior Citizen,54248.0,Hyderabad,B014,Low,726.0,Good,0.0,43.3,5.0,10.0,16,400198.76,8,15,45,10.875,50.0,93.75,Delhi Branch 2,Delhi,12.12698846040407,0,0,1,0,1,1,0,1,1,70,Critical,Upper Middle,High Rate,Large Loan
L00037,C00748,B009,Auto,2022-07-24,1945035.02,13.18,84,44518.15,680078.07,Defaulted,Yes,40,Rohit Reddy,Mass Affluent,16799.0,Madurai,B009,Low,743.0,Good,0.0,13.3,0.0,12.0,19,767101.84,3,18,57,15.736842105263158,15.789473684210526,94.73684210526315,Coimbatore Branch 1,Coimbatore,115.78278588011192,0,0,1,0,1,1,0,0,1,70,Critical,Low Income,High Rate,Very Large Loan
L00038,C00857,B005,Personal,2025-09-08,154298.95,11.88,84,3364.45,69319.26,Active,No,3,Vijay Reddy,Retail,70563.0,Hyderabad,B005,Medium,828.0,Excellent,0.0,43.5,6.0,12.0,12,40679.86,8,12,10,4.666666666666667,66.66666666666666,100.0,Hyderabad Branch 1,Hyderabad,2.1866835310290096,0,0,1,0,0,1,0,1,0,30,Medium,Upper Middle,Moderate Rate,Small Loan
L00039,C00871,B017,Personal,2023-10-17,266855.77,12.14,60,7147.29,0.0,Closed,No,8,Karthik Patel,Premium,147781.0,Madurai,B017,Low,860.0,Excellent,0.0,7.9,7.0,3.0,24,171077.55,12,21,10,4.791666666666667,50.0,87.5,Kolkata Branch 2,Kolkata,1.8057515512819646,0,0,1,0,0,1,0,1,0,30,Medium,High Income,High Rate,Medium Loan
L00040,C00424,B025,Business,2025-02-26,349492.93,17.32,84,9204.98,303791.22,Active,No,13,Sanjay Nair,Senior Citizen,24799.0,Kolkata,B025,Low,647.0,Fair,1.0,55.8,6.0,4.0,19,176100.08000000002,7,17,10,5.473684210526316,36.84210526315789,89.47368421052632,Hyderabad Branch 3,Hyderabad,14.093025121980725,0,0,1,1,0,1,0,1,0,40,Medium,Low Income,Very High Rate,Medium Loan
L00041,C00005,B001,Personal,2025-11-17,262340.01,15.52,60,7765.26,82838.0,Active,No,17,Vishal Verma,Retail,65051.0,Mumbai,B001,Low,678.0,Good,0.0,41.3,3.0,0.0,10,77666.48,4,9,10,5.7,40.0,90.0,Chennai Branch 1,Chennai,4.03283592873284,0,0,1,1,0,1,0,0,0,35,Medium,Upper Middle,High Rate,Medium Loan
L00042,C00837,B007,Business,2024-11-01,120093.83,13.17,84,2747.72,0.0,Closed,No,15,Sanjay Singh,Retail,74426.0,Madurai,B007,Low,718.0,Good,0.0,36.2,1.0,0.0,22,60083.09,13,21,10,5.363636363636363,59.09090909090909,95.45454545454545,Kolkata Branch 1,Kolkata,1.613600489076398,0,0,1,0,0,1,0,0,0,25,Medium,High Income,High Rate,Small Loan
L00043,C00601,B022,Business,2022-06-16,81526.41,16.1,60,2452.59,70939.75,Active,No,20,Anitha Nair,Mass Affluent,37559.0,Pune,B022,Low,614.0,Fair,1.0,90.0,3.0,10.0,23,56232.53,16,18,10,3.9565217391304346,69.56521739130434,78.26086956521739,Bengaluru Branch 3,Bengaluru,2.170622487286669,0,1,1,1,0,1,0,0,0,45,Medium,Low Income,Very High Rate,Small Loan
L00044,C00435,B006,Business,2025-06-19,516075.76,15.92,36,21182.04,427205.32,Defaulted,Yes,90,Pooja Sharma,Premium,85472.0,Hyderabad,B006,High,695.0,Good,1.0,57.9,7.0,1.0,11,215684.9,3,10,44,12.363636363636363,27.27272727272727,90.9090909090909,Pune Branch 1,Pune,6.037951141894422,0,0,1,1,1,1,0,1,1,70,Critical,High Income,High Rate,Large Loan
L00045,C00521,B007,Personal,2024-05-29,108131.62,16.13,60,3255.66,34867.59,Active,No,16,Sneha Singh,Premium,60857.0,Chennai,B007,Low,637.0,Fair,0.0,49.7,2.0,3.0,24,77638.7,14,22,9,4.541666666666667,58.333333333333336,91.66666666666666,Kolkata Branch 1,Kolkata,1.776814828203822,0,0,1,1,0,1,0,0,0,35,Medium,Upper Middle,Very High Rate,Small Loan
L00046,C00349,B012,Education,2025-07-09,245369.67,15.23,12,23561.62,0.0,Closed,No,11,Pooja Iyer,Student,15123.0,Chennai,B012,Low,744.0,Good,0.0,38.0,0.0,5.0,12,284224.77,5,12,10,5.75,41.66666666666667,100.0,Bengaluru Branch 2,Bengaluru,16.224933544931563,0,0,1,1,0,1,0,0,0,35,Medium,Low Income,High Rate,Medium Loan
L00047,C00417,B018,Home,2025-05-04,133249.52,15.01,12,12770.86,31578.53,Active,No,17,Anitha Nair,Senior Citizen,37873.0,Hyderabad,B018,High,691.0,Good,0.0,26.2,0.0,12.0,12,152763.23,8,12,8,4.25,66.66666666666666,100.0,Madurai Branch 2,Madurai,3.5183249280490054,0,0,1,1,0,1,0,0,0,35,Medium,Lower Middle,High Rate,Small Loan
L00048,C00956,B001,Personal,2024-07-30,1372500.43,17.31,24,76985.84,468524.18,Active,No,4,Meena Singh,Retail,62131.0,Bengaluru,B001,Low,644.0,Fair,1.0,38.7,1.0,11.0,24,1852521.94,14,21,10,4.333333333333333,58.333333333333336,87.5,Chennai Branch 1,Chennai,22.090428771466737,0,0,1,1,0,1,0,0,0,35,Medium,Upper Middle,Very High Rate,Very Large Loan
L00049,C00566,B020,Auto,2024-06-27,91336.74,12.22,24,4735.81,26824.89,Active,No,13,Lakshmi Reddy,Retail,45922.0,Mumbai,B020,Low,761.0,Excellent,0.0,29.7,8.0,6.0,24,114093.83,16,21,10,4.083333333333333,66.66666666666666,87.5,Kochi Branch 2,Kochi,1.9889538783154046,0,0,1,0,0,1,0,1,0,30,Medium,Lower Middle,High Rate,Small Loan
L00050,C00705,B006,Home,2023-03-30,940556.01,13.34,24,49645.68,869466.38,Active,No,10,Pooja Reddy,Retail,39076.0,Kolkata,B006,Low,809.0,Excellent,0.0,57.0,2.0,0.0,24,1188990.1,17,23,10,4.333333333333333,70.83333333333334,95.83333333333334,Pune Branch 1,Pune,24.069915293274644,0,0,1,0,0,1,0,0,0,25,Medium,Lower Middle,High Rate,Large Loan
L00051,C00549,B012,Auto,2024-07-18,1617736.53,16.56,36,67261.89,787496.54,Active,No,4,Deepa Sharma,Mass Affluent,63142.0,Chennai,B012,Medium,669.0,Good,0.0,42.5,7.0,1.0,24,1615504.07,9,23,10,6.333333333333333,37.5,95.83333333333334,Bengaluru Branch 2,Bengaluru,25.620609578410566,0,0,1,1,0,1,0,1,0,40,Medium,Upper Middle,Very High Rate,Very Large Loan
L00052,C00889,B013,Personal,2026-03-11,106978.09,14.02,48,3478.57,78010.41,Defaulted,Yes,44,Rohit Kumar,Premium,84963.0,Madurai,B013,Low,728.0,Good,0.0,4.1,1.0,8.0,5,15861.25,3,4,22,7.0,60.0,80.0,Mumbai Branch 2,Mumbai,1.259113849558043,0,0,1,0,1,1,0,0,1,70,Critical,High Income,High Rate,Small Loan
L00053,C00657,B022,Education,2025-11-04,80308.15,15.51,84,1994.03,39432.33,Active,No,0,Rohit Gupta,Retail,43175.0,Bengaluru,B022,Low,735.0,Good,0.0,22.0,2.0,11.0,10,19976.58,5,7,10,4.7,50.0,70.0,Bengaluru Branch 3,Bengaluru,1.8600613781123334,0,0,1,1,0,1,0,0,0,35,Medium,Lower Middle,High Rate,Small Loan
L00054,C00704,B003,Personal,2022-12-31,738708.11,17.7,12,72454.95,612768.49,Active,No,14,Rohit Reddy,Sme Owner,29718.0,Delhi,B003,Medium,541.0,Poor,2.0,44.3,7.0,4.0,12,870759.08,6,11,10,4.916666666666667,50.0,91.66666666666666,Mumbai Branch 1,Mumbai,24.85726192879736,1,0,1,1,0,1,1,1,0,70,Critical,Low Income,Very High Rate,Large Loan
L00055,C00564,B008,Business,2023-01-20,337223.15,15.97,36,13855.19,0.0,Closed,No,7,Geetha Singh,Retail,174202.0,Pune,B008,High,718.0,Good,0.0,30.7,6.0,10.0,24,332979.16,15,24,10,4.375,62.5,100.0,Madurai Branch 1,Madurai,1.9358167529649488,0,0,1,1,0,1,0,1,0,40,Medium,High Income,High Rate,Medium Loan
L00056,C00431,B002,Business,2023-08-01,105185.75,13.61,60,2946.08,89060.59,Active,No,13,Deepa Gupta,Sme Owner,37888.0,Mumbai,B002,Low,740.0,Good,0.0,36.0,8.0,4.0,24,70504.99,11,22,10,5.833333333333333,45.83333333333333,91.66666666666666,Bengaluru Branch 1,Bengaluru,2.776228621199324,0,0,1,0,0,1,0,1,0,30,Medium,Lower Middle,High Rate,Small Loan
L00057,C00773,B001,Auto,2025-04-06,741924.11,14.22,48,24248.55,622139.67,Defaulted,Yes,120,Suresh Patel,Retail,89456.0,Mumbai,B001,Medium,678.0,Good,0.0,11.5,1.0,6.0,11,255577.91999999998,4,11,48,11.272727272727273,36.36363636363637,100.0,Chennai Branch 1,Chennai,8.293732225898765,0,0,1,0,1,1,0,0,1,70,Critical,High Income,High Rate,Large Loan
L00058,C00065,B005,Auto,2024-03-21,1781761.71,12.37,24,92607.06,0.0,Closed,No,10,Kavya Patel,Mass Affluent,26540.0,Madurai,B005,Medium,763.0,Excellent,0.0,78.6,4.0,5.0,24,2218347.9699999997,13,22,9,4.958333333333333,54.166666666666664,91.66666666666666,Hyderabad Branch 1,Hyderabad,67.1349551620196,0,1,1,0,0,1,0,0,0,35,Medium,Low Income,High Rate,Very Large Loan
L00059,C00036,B001,Personal,2026-01-16,821764.67,14.45,24,44135.61,0.0,Closed,No,2,Naveen Gupta,Senior Citizen,137790.0,Delhi,B001,Medium,731.0,Good,1.0,28.4,4.0,8.0,8,354602.69,6,8,10,4.5,75.0,100.0,Chennai Branch 1,Chennai,5.963891937005589,0,0,1,0,0,1,0,0,0,25,Medium,High Income,High Rate,Large Loan
L00060,C00775,B012,Auto,2026-05-15,813028.46,17.41,12,79548.06,516625.42,Defaulted,Yes,54,Ajay Singh,Sme Owner,38744.0,Mumbai,B012,High,609.0,Fair,1.0,99.0,3.0,0.0,4,289696.55,2,3,47,14.75,50.0,75.0,Bengaluru Branch 2,Bengaluru,20.984628845756763,0,1,1,1,1,1,0,0,1,70,Critical,Lower Middle,Very High Rate,Large Loan
L00061,C00537,B023,Education,2023-04-05,478270.14,18.1,24,27141.83,162847.55,Defaulted,Yes,70,Sanjay Reddy,Retail,33973.0,Coimbatore,B023,Low,560.0,Fair,0.0,76.1,2.0,7.0,18,458031.63,4,18,52,13.11111111111111,22.22222222222222,100.0,Mumbai Branch 3,Mumbai,14.07794837076502,1,1,1,1,1,1,0,0,1,85,Critical,Low Income,Very High Rate,Large Loan
L00062,C00352,B018,Education,2023-02-01,1625200.97,13.38,36,63265.46,247548.21,Active,No,17,Pooja Verma,Retail,48707.0,Kochi,B018,Low,749.0,Good,0.0,37.2,8.0,6.0,24,1516047.74,15,20,10,4.416666666666667,62.5,83.33333333333334,Madurai Branch 2,Madurai,33.366887100416776,0,0,1,0,0,1,0,1,0,30,Medium,Lower Middle,High Rate,Very Large Loan
L00063,C00690,B020,Education,2023-04-23,423903.6,16.84,36,17723.88,280552.12,Active,No,4,Sneha Patel,Retail,65577.0,Delhi,B020,High,659.0,Good,0.0,5.9,3.0,4.0,24,425940.26,11,22,10,5.583333333333333,45.83333333333333,91.66666666666666,Kochi Branch 2,Kochi,6.4642115375817735,0,0,1,1,0,1,0,0,0,35,Medium,Upper Middle,Very High Rate,Medium Loan
L00064,C00620,B024,Education,2023-07-07,167177.38,13.43,84,3861.2,134599.87,Defaulted,Yes,73,Naveen Sharma,Sme Owner,77036.0,Coimbatore,B024,Low,704.0,Good,0.0,31.7,5.0,6.0,17,61283.770000000004,9,13,49,13.411764705882353,52.94117647058824,76.47058823529412,Delhi Branch 3,Delhi,2.1701202035412015,0,0,1,0,1,1,0,1,1,70,Critical,High Income,High Rate,Small Loan
L00065,C00486,B013,Business,2023-03-11,204143.95,15.11,24,11076.51,103963.3,Active,No,17,Deepa Iyer,Senior Citizen,65150.0,Madurai,B013,Medium,717.0,Good,0.0,26.5,3.0,5.0,24,266867.39,13,23,10,4.875,54.166666666666664,95.83333333333334,Mumbai Branch 2,Mumbai,3.133445126630852,0,0,1,1,0,1,0,0,0,35,Medium,Upper Middle,High Rate,Medium Loan
L00066,C00206,B017,Education,2025-05-24,714204.67,15.58,48,24152.02,452409.5,Active,No,15,Meena Rao,Retail,18195.0,Pune,B017,High,630.0,Fair,1.0,84.9,2.0,11.0,16,385092.99,8,16,10,5.75,50.0,100.0,Kolkata Branch 2,Kolkata,39.252798571036,0,1,1,1,0,1,0,0,0,45,Medium,Low Income,High Rate,Large Loan
L00067,C00356,B007,Personal,2022-03-04,356144.69,14.55,24,19157.62,0.0,Closed,No,11,Ajay Gupta,Retail,30005.0,Coimbatore,B007,Medium,751.0,Excellent,0.0,55.0,7.0,1.0,24,464505.0,9,22,10,5.833333333333333,37.5,91.66666666666666,Kolkata Branch 1,Kolkata,11.869511414764206,0,0,1,0,0,1,0,1,0,30,Medium,Low Income,High Rate,Medium Loan
L00068,C00513,B014,Business,2025-05-27,867743.99,17.02,48,30385.5,628228.91,Defaulted,Yes,39,Divya Reddy,Mass Affluent,57957.0,Mumbai,B014,High,630.0,Fair,0.0,66.6,7.0,5.0,13,364700.56,3,13,43,13.538461538461538,23.076923076923077,100.0,Delhi Branch 2,Delhi,14.972203357661714,0,0,1,1,1,1,0,1,1,70,Critical,Upper Middle,Very High Rate,Large Loan
L00069,C00388,B019,Education,2023-08-12,1553314.81,18.59,48,56424.16,981270.18,Defaulted,Yes,62,Anitha Nair,Sme Owner,51638.0,Chennai,B019,Low,616.0,Fair,2.0,90.2,1.0,7.0,19,1011013.3,7,17,59,15.842105263157896,36.84210526315789,89.47368421052632,Coimbatore Branch 2,Coimbatore,30.08084763158914,0,1,1,1,1,1,1,0,1,75,Critical,Lower Middle,Very High Rate,Very Large Loan
L00070,C00491,B008,Auto,2025-07-13,408632.07,15.9,84,10279.04,331984.03,Active,No,10,Geetha Sharma,Retail,22388.0,Kochi,B008,Low,646.0,Fair,1.0,48.5,1.0,1.0,14,144431.9,6,13,10,5.714285714285714,42.857142857142854,92.85714285714286,Madurai Branch 1,Madurai,18.252281132749687,0,0,1,1,0,1,0,0,0,35,Medium,Low Income,High Rate,Medium Loan
L00071,C00883,B011,Education,2025-09-21,351767.49,11.98,12,32825.77,296189.44,Active,No,0,Pooja Rao,Mass Affluent,113001.0,Bengaluru,B011,Low,805.0,Excellent,0.0,40.7,3.0,7.0,12,393828.07,4,12,10,6.25,33.33333333333333,100.0,Chennai Branch 2,Chennai,3.112959088857621,0,0,1,0,0,1,0,0,0,25,Medium,High Income,Moderate Rate,Medium Loan
L00072,C00850,B012,Auto,2025-01-06,478391.52,17.81,48,17066.62,0.0,Closed,No,5,Pooja Nair,Retail,21671.0,Mumbai,B012,Low,632.0,Fair,0.0,21.1,8.0,7.0,20,338163.89,12,17,10,4.25,60.0,85.0,Bengaluru Branch 2,Bengaluru,22.07519357666928,0,0,1,1,0,1,0,1,0,40,Medium,Low Income,Very High Rate,Large Loan
L00073,C00838,B004,Personal,2024-04-21,1266395.67,14.83,24,68417.03,0.0,Closed,No,12,Suresh Rao,Senior Citizen,97326.0,Pune,B004,Medium,726.0,Good,0.0,1.0,3.0,6.0,24,1652169.79,13,23,10,5.25,54.166666666666664,95.83333333333334,Delhi Branch 1,Delhi,13.011894766044016,0,0,1,0,0,1,0,0,0,25,Medium,High Income,High Rate,Very Large Loan
L00074,C00851,B014,Personal,2026-02-23,127276.86,14.76,12,12171.91,80832.41,Defaulted,Yes,58,Ajay Singh,Sme Owner,44437.0,Coimbatore,B014,High,702.0,Good,0.0,64.4,0.0,10.0,6,67215.06,2,5,45,16.166666666666668,33.33333333333333,83.33333333333334,Delhi Branch 2,Delhi,2.8642091050250915,0,0,1,0,1,1,0,0,1,70,Critical,Lower Middle,High Rate,Small Loan
L00075,C00606,B007,Auto,2025-04-22,1135374.92,18.44,12,112061.5,910190.75,Active,No,2,Geetha Verma,Senior Citizen,55457.0,Bengaluru,B007,Medium,573.0,Fair,2.0,58.0,4.0,7.0,12,1348559.29,5,12,10,6.416666666666667,41.66666666666667,100.0,Kolkata Branch 1,Kolkata,20.473067782245703,1,0,1,1,0,1,1,0,0,65,High,Upper Middle,Very High Rate,Very Large Loan
L00076,C00301,B011,Education,2024-10-20,1229375.18,17.44,24,69090.89,0.0,Closed,No,0,Arun Sharma,Retail,51810.0,Madurai,B011,Low,647.0,Fair,1.0,37.4,6.0,6.0,23,1593936.57,9,23,10,5.956521739130435,39.130434782608695,100.0,Chennai Branch 2,Chennai,23.728530785562633,0,0,1,1,0,1,0,1,0,40,Medium,Lower Middle,Very High Rate,Very Large Loan
L00077,C00929,B009,Business,2025-11-14,878720.01,15.63,84,21906.28,730137.01,Active,No,1,Lakshmi Kumar,Senior Citizen,65102.0,Bengaluru,B009,Medium,711.0,Good,1.0,24.2,7.0,9.0,10,218311.01,8,8,9,3.2,80.0,80.0,Coimbatore Branch 1,Coimbatore,13.497588553347056,0,0,1,1,0,0,0,1,0,30,Medium,Upper Middle,High Rate,Large Loan
L00078,C00218,B018,Education,2025-11-29,136651.81,13.34,24,7212.94,31996.33,Active,No,10,Suresh Kumar,Student,83732.0,Bengaluru,B018,Low,777.0,Excellent,1.0,50.8,8.0,12.0,10,71744.37,8,9,7,3.1,80.0,90.0,Madurai Branch 2,Madurai,1.632014164238284,0,0,1,0,0,0,0,1,0,20,Low,High Income,High Rate,Small Loan
L00079,C00714,B008,Auto,2024-04-01,1058991.82,15.54,60,31363.81,539745.38,Active,No,20,Sanjay Sharma,Retail,42173.0,Bengaluru,B008,Medium,711.0,Good,0.0,55.3,6.0,9.0,24,752944.45,18,20,10,3.5,75.0,83.33333333333334,Madurai Branch 1,Madurai,25.11065895241031,0,0,1,1,0,1,0,1,0,40,Medium,Lower Middle,High Rate,Large Loan
L00080,C00200,B023,Personal,2025-02-26,888526.52,13.44,84,20529.19,239402.02,Active,No,11,Rahul Gupta,Retail,56163.0,Chennai,B023,Low,746.0,Good,0.0,71.7,0.0,12.0,18,371804.92,9,16,10,4.833333333333333,50.0,88.88888888888889,Mumbai Branch 3,Mumbai,15.820496056122359,0,0,1,0,0,1,0,0,0,25,Medium,Upper Middle,High Rate,Large Loan
L00081,C00876,B003,Business,2026-02-02,178256.06,12.16,24,9233.66,0.0,Closed,No,14,Sanjay Verma,Mass Affluent,70856.0,Madurai,B003,Low,798.0,Excellent,0.0,55.2,3.0,9.0,7,65345.17,4,6,10,5.571428571428571,57.14285714285714,85.71428571428571,Mumbai Branch 1,Mumbai,2.5157511008242066,0,0,1,0,0,1,0,0,0,25,Medium,Upper Middle,High Rate,Medium Loan
L00082,C00421,B021,Auto,2022-12-24,546121.4,12.95,60,14995.58,298614.42,Defaulted,Yes,43,Rahul Sharma,Senior Citizen,102716.0,Chennai,B021,High,816.0,Excellent,0.0,27.6,1.0,12.0,21,289768.88,9,18,57,15.333333333333334,42.857142857142854,85.71428571428571,Chennai Branch 3,Chennai,5.316809455196854,0,0,1,0,1,1,0,0,1,70,Critical,High Income,High Rate,Large Loan
L00083,C00281,B016,Education,2024-12-11,986790.24,13.52,84,22865.34,434666.2,Active,No,3,Meena Kumar,Mass Affluent,63688.0,Pune,B016,Low,731.0,Good,0.0,52.7,2.0,11.0,21,480758.09,11,20,10,5.0476190476190474,52.38095238095239,95.23809523809523,Pune Branch 2,Pune,15.494131390528828,0,0,1,0,0,1,0,0,0,25,Medium,Upper Middle,High Rate,Large Loan
L00084,C00279,B008,Auto,2024-10-14,1704574.16,12.24,84,37679.21,936324.08,Active,No,19,Pooja Rao,Mass Affluent,77941.0,Chennai,B008,Low,764.0,Excellent,0.0,48.0,3.0,11.0,23,865634.34,14,21,10,4.391304347826087,60.86956521739131,91.30434782608695,Madurai Branch 1,Madurai,21.8700576076776,0,0,1,0,0,1,0,0,0,25,Medium,High Income,High Rate,Very Large Loan
L00085,C00905,B022,Auto,2025-09-27,284857.91,16.5,60,8664.43,91988.63,Active,No,7,Lakshmi Patel,Retail,93627.0,Kolkata,B022,Low,698.0,Good,1.0,43.8,0.0,4.0,12,104023.83,8,10,10,3.5833333333333335,66.66666666666666,83.33333333333334,Bengaluru Branch 3,Bengaluru,3.0424761019791298,0,0,1,1,0,1,0,0,0,35,Medium,High Income,Very High Rate,Medium Loan
L00086,C00509,B005,Personal,2026-03-20,715988.58,16.79,48,24934.3,190221.17,Defaulted,Yes,34,Geetha Kumar,Retail,85406.0,Pune,B005,High,638.0,Fair,1.0,62.2,7.0,5.0,6,137740.3,1,6,59,17.666666666666668,16.666666666666664,100.0,Hyderabad Branch 1,Hyderabad,8.383352223497178,0,0,1,1,1,1,0,1,1,70,Critical,High Income,Very High Rate,Large Loan
L00087,C00053,B002,Education,2023-06-05,156698.04,15.36,48,5270.28,42145.99,Active,No,15,Naveen Iyer,Retail,53996.0,Chennai,B002,Low,633.0,Fair,2.0,78.6,5.0,11.0,24,126706.65,11,20,10,5.166666666666667,45.83333333333333,83.33333333333334,Bengaluru Branch 1,Bengaluru,2.9020305207793173,0,1,1,1,0,1,1,1,0,60,High,Upper Middle,High Rate,Small Loan
L00088,C00173,B009,Home,2025-03-24,154639.84,15.16,60,4530.95,107102.79,Active,No,6,Rohit Patel,Mass Affluent,58542.0,Chennai,B009,Low,702.0,Good,0.0,9.0,0.0,8.0,18,81874.37,11,15,9,4.0,61.111111111111114,83.33333333333334,Coimbatore Branch 1,Coimbatore,2.641519592771002,0,0,1,1,0,1,0,0,0,35,Medium,Upper Middle,High Rate,Small Loan
L00089,C00392,B017,Personal,2023-03-20,134718.94,12.77,60,3678.95,77368.48,Active,No,16,Sneha Iyer,Retail,132317.0,Madurai,B017,Low,796.0,Excellent,0.0,61.5,8.0,4.0,24,88835.43,10,21,10,5.791666666666667,41.66666666666667,87.5,Kolkata Branch 2,Kolkata,1.01815292063756,0,0,1,0,0,1,0,1,0,30,Medium,High Income,High Rate,Small Loan
L00090,C00935,B023,Education,2022-12-31,1424346.63,13.58,36,55684.04,368337.69,Active,No,8,Kavya Reddy,Student,113508.0,Hyderabad,B023,Low,725.0,Good,0.0,45.1,5.0,8.0,24,1334917.66,13,21,10,5.041666666666667,54.166666666666664,87.5,Mumbai Branch 3,Mumbai,12.548425044930752,0,0,1,0,0,1,0,1,0,30,Medium,High Income,High Rate,Very Large Loan
L00092,C00502,B020,Business,2023-04-18,274845.94,12.06,48,8488.16,71447.83,Active,No,7,Naveen Gupta,Retail,87529.0,Pune,B020,Medium,802.0,Excellent,0.0,28.2,5.0,11.0,24,204012.88,12,24,10,5.25,50.0,100.0,Kochi Branch 2,Kochi,3.1400557529504507,0,0,1,0,0,1,0,1,0,30,Medium,High Income,High Rate,Medium Loan
L00093,C00406,B011,Personal,2023-11-19,146429.77,15.21,48,4906.62,0.0,Closed,No,20,Lakshmi Verma,Retail,21463.0,Kolkata,B011,Low,687.0,Good,0.0,50.3,8.0,9.0,24,117993.08,13,24,10,5.208333333333333,54.166666666666664,100.0,Chennai Branch 2,Chennai,6.822427899175325,0,0,1,1,0,1,0,1,0,40,Medium,Low Income,High Rate,Small Loan
L00094,C00860,B005,Personal,2024-02-04,537132.02,15.01,48,17908.88,378236.86,Active,No,15,Pooja Singh,Premium,104768.0,Mumbai,B005,Low,737.0,Good,0.0,56.5,8.0,7.0,24,429551.14,11,19,10,4.833333333333333,45.83333333333333,79.16666666666666,Hyderabad Branch 1,Hyderabad,5.126870991142334,0,0,1,1,0,1,0,1,0,40,Medium,High Income,High Rate,Large Loan
L00095,C00505,B005,Home,2023-09-08,1668584.82,15.46,48,56259.12,417865.87,Defaulted,Yes,68,Meena Patel,Retail,74774.0,Delhi,B005,Low,689.0,Good,0.0,36.6,3.0,7.0,18,940225.35,3,16,54,15.38888888888889,16.666666666666664,88.88888888888889,Hyderabad Branch 1,Hyderabad,22.315040254633963,0,0,1,1,1,1,0,0,1,70,Critical,High Income,High Rate,Very Large Loan
L00096,C00674,B016,Business,2023-05-23,276217.13,12.96,36,10655.84,56615.6,Active,No,10,Karthik Gupta,Retail,20524.0,Delhi,B016,Low,760.0,Excellent,0.0,51.3,4.0,1.0,24,255703.88,12,21,10,5.416666666666667,50.0,87.5,Pune Branch 2,Pune,13.45825034106412,0,0,1,0,0,1,0,0,0,25,Medium,Low Income,High Rate,Medium Loan
L00097,C00957,B019,Home,2024-07-29,1411031.04,18.25,24,80252.39,518326.91,Defaulted,Yes,34,Karthik Nair,Student,69664.0,Delhi,B019,Low,613.0,Fair,0.0,59.0,2.0,1.0,17,1303166.7,9,16,43,12.235294117647058,52.94117647058824,94.11764705882352,Coimbatore Branch 2,Coimbatore,20.254809370693614,0,0,1,1,1,1,0,0,1,70,Critical,Upper Middle,Very High Rate,Very Large Loan
L00098,C00822,B015,Auto,2024-07-12,285664.21,15.78,36,11691.6,244428.11,Active,No,8,Rohit Reddy,Retail,39993.0,Madurai,B015,Medium,693.0,Good,0.0,80.1,6.0,8.0,24,280069.07,10,24,10,6.375,41.66666666666667,100.0,Hyderabad Branch 2,Hyderabad,7.142855249668693,0,1,1,1,0,1,0,1,0,50,High,Lower Middle,High Rate,Medium Loan
L00099,C00784,B005,Education,2024-02-13,263936.07,15.78,60,7869.69,0.0,Closed,No,17,Karthik Nair,Mass Affluent,36711.0,Chennai,B005,Medium,621.0,Fair,0.0,81.8,3.0,8.0,24,189384.95,12,20,10,4.958333333333333,50.0,83.33333333333334,Hyderabad Branch 1,Hyderabad,7.189563618533954,0,1,1,1,0,1,0,0,0,45,Medium,Low Income,High Rate,Medium Loan
L00100,C00896,B003,Business,2023-04-12,697353.93,15.92,36,28622.5,253012.54,Active,No,3,Deepa Nair,Mass Affluent,32009.0,Chennai,B003,Low,651.0,Good,0.0,47.8,1.0,1.0,24,687895.6900000001,11,23,10,5.708333333333333,45.83333333333333,95.83333333333334,Mumbai Branch 1,Mumbai,21.786182948545722,0,0,1,1,0,1,0,0,0,35,Medium,Low Income,High Rate,Large Loan
L00101,C00360,B021,Education,2022-10-26,111433.98,15.55,36,4539.39,0.0,Closed,No,15,Rahul Patel,Sme Owner,53753.0,Madurai,B021,Medium,626.0,Fair,0.0,99.0,1.0,8.0,24,108783.25,12,22,10,5.25,50.0,91.66666666666666,Chennai Branch 3,Chennai,2.0730746190910274,0,1,1,1,0,1,0,0,0,45,Medium,Upper Middle,High Rate,Small Loan
L00102,C00609,B017,Personal,2022-11-04,524446.76,15.57,60,15545.48,123477.52,Active,No,16,Vishal Gupta,Retail,47895.0,Delhi,B017,Medium,659.0,Good,0.0,71.9,1.0,4.0,24,373963.57,16,22,9,4.416666666666667,66.66666666666666,91.66666666666666,Kolkata Branch 2,Kolkata,10.949927132268504,0,0,1,1,0,1,0,0,0,35,Medium,Lower Middle,High Rate,Large Loan
L00103,C00404,B019,Business,2024-05-01,150295.8,17.68,60,4719.29,0.0,Closed,No,20,Sanjay Singh,Senior Citizen,49293.0,Pune,B019,Medium,638.0,Fair,0.0,72.3,8.0,10.0,24,113008.78,13,21,10,5.041666666666667,54.166666666666664,87.5,Coimbatore Branch 2,Coimbatore,3.049029273933418,0,0,1,1,0,1,0,1,0,40,Medium,Lower Middle,Very High Rate,Small Loan
L00104,C00966,B010,Home,2025-04-15,132847.67,10.87,84,2784.9,42260.14,Active,No,9,Rohit Iyer,Retail,66320.0,Kolkata,B010,Low,824.0,Excellent,2.0,36.1,6.0,11.0,17,47422.950000000004,8,16,10,5.882352941176471,47.05882352941176,94.11764705882352,Kochi Branch 1,Kochi,2.003131332931243,0,0,1,0,0,1,1,1,0,40,Medium,Upper Middle,Moderate Rate,Small Loan
L00105,C00893,B008,Education,2023-10-28,2310191.16,15.08,12,221547.33,695186.72,Defaulted,Yes,88,Naveen Gupta,Senior Citizen,32875.0,Kochi,B008,Low,646.0,Fair,1.0,73.4,5.0,9.0,9,1919715.56,4,9,35,11.222222222222221,44.44444444444444,100.0,Madurai Branch 1,Madurai,70.27197444866921,0,0,1,1,1,1,0,1,1,70,Critical,Low Income,High Rate,Very Large Loan
L00106,C00818,B006,Home,2023-08-10,718686.48,18.5,48,26052.38,586258.3,Active,No,10,Deepa Nair,Senior Citizen,36324.0,Kolkata,B006,Low,577.0,Fair,0.0,57.3,0.0,10.0,24,623702.39,10,20,10,5.541666666666667,41.66666666666667,83.33333333333334,Pune Branch 1,Pune,19.785444334324414,1,0,1,1,0,1,0,0,0,55,High,Low Income,Very High Rate,Large Loan
L00107,C00271,B010,Personal,2022-12-31,685149.7,14.79,12,65540.28,491416.1,Active,No,12,Pooja Sharma,Premium,137571.0,Kochi,B010,Medium,767.0,Excellent,0.0,38.3,8.0,11.0,12,787136.39,5,12,10,6.5,41.66666666666667,100.0,Kochi Branch 1,Kochi,4.980335245073452,0,0,1,0,0,1,0,1,0,30,Medium,High Income,High Rate,Large Loan
L00108,C00754,B005,Education,2022-01-09,171526.88,15.12,36,6925.87,128747.97,Active,No,7,Vishal Verma,Sme Owner,63447.0,Delhi,B005,Low,665.0,Good,0.0,45.7,5.0,4.0,24,166098.71,16,22,10,4.666666666666667,66.66666666666666,91.66666666666666,Hyderabad Branch 1,Hyderabad,2.7034671458067363,0,0,1,1,0,1,0,1,0,40,Medium,Upper Middle,High Rate,Small Loan
L00109,C00343,B024,Auto,2025-07-02,445814.78,12.98,12,41973.46,235313.32,Active,No,1,Rohit Sharma,Premium,71308.0,Pune,B024,Low,767.0,Excellent,0.0,49.4,3.0,5.0,12,500312.78,5,10,10,6.083333333333333,41.66666666666667,83.33333333333334,Delhi Branch 3,Delhi,6.251960228866327,0,0,1,0,0,1,0,0,0,25,Medium,Upper Middle,High Rate,Medium Loan
L00110,C00531,B007,Business,2025-03-14,96684.82,14.74,24,5216.15,18483.92,Active,No,18,Vishal Reddy,Mass Affluent,35290.0,Madurai,B007,Medium,746.0,Good,1.0,43.8,7.0,11.0,18,94041.56,9,17,10,5.055555555555555,50.0,94.44444444444444,Kolkata Branch 1,Kolkata,2.739722867667895,0,0,1,0,0,1,0,1,0,30,Medium,Low Income,High Rate,Small Loan
L00111,C00456,B013,Auto,2022-06-02,632506.73,16.37,24,34982.89,0.0,Closed,No,2,Meena Gupta,Retail,30790.0,Bengaluru,B013,Low,608.0,Fair,0.0,91.9,6.0,10.0,24,844952.6,14,20,10,4.5,58.333333333333336,83.33333333333334,Mumbai Branch 2,Mumbai,20.542602468333875,0,1,1,1,0,1,0,1,0,50,High,Low Income,Very High Rate,Large Loan
L00112,C00672,B013,Personal,2025-07-20,160036.41,12.66,36,6133.84,32631.43,Active,No,16,Meena Rao,Senior Citizen,54278.0,Chennai,B013,Low,754.0,Excellent,0.0,47.5,5.0,5.0,14,86120.26,9,10,10,4.0,64.28571428571429,71.42857142857143,Mumbai Branch 2,Mumbai,2.948458122996426,0,0,1,0,0,1,0,1,0,30,Medium,Upper Middle,High Rate,Small Loan
L00113,C00760,B014,Personal,2025-09-22,116217.84,16.11,36,4788.5,42518.3,Active,No,6,Karthik Rao,Retail,68386.0,Pune,B014,Low,636.0,Fair,0.0,35.6,3.0,8.0,12,57253.74,6,11,9,4.833333333333333,50.0,91.66666666666666,Delhi Branch 2,Delhi,1.6994390664755943,0,0,1,1,0,1,0,0,0,35,Medium,Upper Middle,Very High Rate,Small Loan
L00114,C00397,B003,Personal,2026-02-05,320893.37,12.83,36,12344.59,299848.9,Active,No,19,Priya Iyer,Senior Citizen,60970.0,Kolkata,B003,High,779.0,Excellent,1.0,23.1,1.0,7.0,7,87379.67,3,6,7,4.428571428571429,42.857142857142854,85.71428571428571,Mumbai Branch 1,Mumbai,5.263135476463835,0,0,1,0,0,1,0,0,0,25,Medium,Upper Middle,High Rate,Medium Loan
L00115,C00395,B019,Personal,2025-02-04,139724.35,12.24,36,5306.42,0.0,Closed,No,3,Meena Rao,Retail,34767.0,Bengaluru,B019,Low,802.0,Excellent,0.0,24.6,2.0,6.0,19,99708.04,10,15,10,4.473684210526316,52.63157894736842,78.94736842105263,Coimbatore Branch 2,Coimbatore,4.0188785342422415,0,0,1,0,0,1,0,0,0,25,Medium,Low Income,High Rate,Small Loan
L00116,C00974,B017,Auto,2022-05-02,818108.14,16.52,60,24897.76,648264.89,Defaulted,Yes,105,Priya Reddy,Student,90219.0,Hyderabad,B017,Low,645.0,Fair,0.0,99.0,3.0,5.0,18,409574.96,7,16,47,14.777777777777779,38.88888888888889,88.88888888888889,Kolkata Branch 2,Kolkata,9.068024917146056,0,1,1,1,1,1,0,0,1,70,Critical,High Income,Very High Rate,Large Loan
L00117,C00266,B018,Personal,2025-08-10,173614.72,15.14,12,16658.33,105270.09,Active,No,19,Lakshmi Reddy,Retail,65376.0,Chennai,B018,Low,732.0,Good,0.0,47.7,0.0,9.0,12,199969.03,8,12,9,4.166666666666667,66.66666666666666,100.0,Madurai Branch 2,Madurai,2.6556338717572197,0,0,1,1,0,1,0,0,0,35,Medium,Upper Middle,High Rate,Small Loan
L00118,C00839,B022,Personal,2022-01-15,500755.43,15.37,36,20323.72,280715.24,Defaulted,Yes,76,Ajay Patel,Mass Affluent,36584.0,Kochi,B022,Low,660.0,Good,0.0,24.4,7.0,3.0,18,345029.14,9,18,60,17.88888888888889,50.0,100.0,Bengaluru Branch 3,Bengaluru,13.687826098841024,0,0,1,1,1,1,0,1,1,70,Critical,Low Income,High Rate,Large Loan
L00119,C00598,B016,Auto,2022-09-05,1160512.2,12.87,60,31788.36,472511.76,Active,No,0,Naveen Verma,Retail,84453.0,Delhi,B016,Medium,795.0,Excellent,1.0,23.5,1.0,8.0,24,758595.38,13,18,10,4.958333333333333,54.166666666666664,75.0,Pune Branch 2,Pune,13.741515399097722,0,0,1,0,0,1,0,0,0,25,Medium,High Income,High Rate,Very Large Loan
L00120,C00649,B005,Education,2022-08-10,169730.92,18.71,12,16790.63,46118.85,Active,No,19,Sanjay Singh,Premium,95371.0,Chennai,B005,Low,590.0,Fair,1.0,72.9,7.0,0.0,12,200461.47,5,12,10,6.25,41.66666666666667,100.0,Hyderabad Branch 1,Hyderabad,1.779691101068459,1,0,1,1,0,1,0,1,0,60,High,High Income,Very High Rate,Small Loan
L00121,C00272,B020,Business,2025-06-20,2117281.7,14.53,48,69746.79,0.0,Closed,No,12,Vijay Gupta,Mass Affluent,30115.0,Madurai,B020,Low,743.0,Good,0.0,39.9,2.0,9.0,15,1043343.26,8,14,10,5.333333333333333,53.333333333333336,93.33333333333333,Kochi Branch 2,Kochi,70.3065482317782,0,0,1,0,0,1,0,0,0,25,Medium,Low Income,High Rate,Very Large Loan
L00122,C00454,B023,Business,2025-11-16,945594.85,12.97,12,89019.88,283011.07,Defaulted,Yes,106,Naveen Patel,Retail,38424.0,Delhi,B023,Medium,757.0,Excellent,0.0,32.2,0.0,7.0,9,726307.8,2,9,46,17.11111111111111,22.22222222222222,100.0,Mumbai Branch 3,Mumbai,24.609484957318344,0,0,1,0,1,1,0,0,1,70,Critical,Lower Middle,High Rate,Large Loan
L00123,C00763,B001,Business,2023-11-01,134837.58,14.83,84,3271.58,53899.56,Active,No,8,Ajay Gupta,Retail,36496.0,Hyderabad,B001,Medium,693.0,Good,0.0,43.2,4.0,10.0,24,78238.53,17,22,10,4.416666666666667,70.83333333333334,91.66666666666666,Chennai Branch 1,Chennai,3.6945851600175357,0,0,1,0,0,1,0,0,0,25,Medium,Low Income,High Rate,Small Loan
L00124,C00081,B024,Personal,2022-11-03,179768.64,16.95,24,10029.59,155310.09,Active,No,3,Rohit Kumar,Sme Owner,29316.0,Hyderabad,B024,Medium,678.0,Good,1.0,66.2,8.0,0.0,24,241968.05,12,22,10,5.25,50.0,91.66666666666666,Delhi Branch 3,Delhi,6.132099877200164,0,0,1,1,0,1,0,1,0,40,Medium,Low Income,Very High Rate,Medium Loan
L00125,C00358,B008,Personal,2023-03-22,247396.36,17.34,24,13883.06,0.0,Closed,No,5,Karthik Singh,Student,100283.0,Hyderabad,B008,Low,584.0,Fair,0.0,77.0,1.0,4.0,24,333887.31,14,23,10,5.083333333333333,58.333333333333336,95.83333333333334,Madurai Branch 1,Madurai,2.4669820408244667,1,1,1,1,0,1,0,0,0,65,High,High Income,Very High Rate,Medium Loan
L00126,C00363,B025,Home,2022-01-26,274778.37,15.05,84,6717.35,200924.02,Defaulted,Yes,62,Sanjay Nair,Retail,128379.0,Kochi,B025,Medium,703.0,Good,0.0,29.0,1.0,0.0,20,123039.32,5,19,58,14.0,25.0,95.0,Hyderabad Branch 3,Hyderabad,2.140368518215596,0,0,1,1,1,1,0,0,1,70,Critical,High Income,High Rate,Medium Loan
L00127,C00863,B010,Home,2025-07-13,869662.15,14.48,12,82965.77,137425.86,Active,No,4,Sanjay Rao,Student,64279.0,Coimbatore,B010,Medium,708.0,Good,0.0,34.1,6.0,11.0,12,1002306.28,8,9,8,3.6666666666666665,66.66666666666666,75.0,Kochi Branch 1,Kochi,13.529490969056768,0,0,1,0,0,1,0,1,0,30,Medium,Upper Middle,High Rate,Large Loan
L00128,C00644,B001,Home,2022-11-22,674069.11,17.03,36,28290.31,532429.15,Active,No,14,Lakshmi Nair,Retail,62112.0,Pune,B001,Low,659.0,Good,0.0,23.8,3.0,4.0,24,677510.61,13,22,8,4.5,54.166666666666664,91.66666666666666,Chennai Branch 1,Chennai,10.852477943070582,0,0,1,1,0,1,0,0,0,35,Medium,Upper Middle,Very High Rate,Large Loan
L00129,C00829,B014,Home,2025-06-21,1430919.09,15.11,24,77639.28,0.0,Closed,No,18,Pooja Iyer,Retail,97228.0,Pune,B014,Low,673.0,Good,0.0,14.7,4.0,9.0,15,1167083.41,9,13,8,4.0,60.0,86.66666666666667,Delhi Branch 2,Delhi,14.717150306496071,0,0,1,1,0,1,0,0,0,35,Medium,High Income,High Rate,Very Large Loan
L00130,C00756,B012,Education,2025-12-21,1994794.63,16.64,48,69219.37,381897.83,Active,No,17,Pooja Patel,Mass Affluent,42718.0,Coimbatore,B012,Medium,659.0,Good,0.0,11.7,5.0,6.0,9,616257.1900000001,5,8,9,4.888888888888889,55.55555555555556,88.88888888888889,Bengaluru Branch 2,Bengaluru,46.69681703263261,0,0,1,1,0,1,0,1,0,40,Medium,Lower Middle,Very High Rate,Very Large Loan
L00131,C00245,B013,Auto,2024-07-08,1492076.91,16.6,12,144980.14,572495.01,Defaulted,Yes,118,Deepa Nair,Retail,77339.0,Madurai,B013,Low,592.0,Fair,0.0,62.9,2.0,5.0,10,1324467.06,4,10,51,14.4,40.0,100.0,Mumbai Branch 2,Mumbai,19.292684286065246,1,0,1,1,1,1,0,0,1,75,Critical,High Income,Very High Rate,Very Large Loan
L00132,C00282,B005,Auto,2022-03-15,80818.57,14.4,84,1931.95,56600.32,Active,No,19,Rahul Reddy,Retail,72629.0,Hyderabad,B005,Medium,764.0,Excellent,0.0,15.6,5.0,12.0,24,46406.49,17,19,10,4.083333333333333,70.83333333333334,79.16666666666666,Hyderabad Branch 1,Hyderabad,1.112758953035289,0,0,1,0,0,1,0,1,0,30,Medium,Upper Middle,High Rate,Small Loan
L00133,C00879,B025,Auto,2022-10-09,1779917.46,12.66,48,55859.74,760174.57,Active,No,2,Meena Verma,Premium,44727.0,Hyderabad,B025,Low,751.0,Excellent,0.0,72.3,5.0,0.0,24,1338064.91,17,19,10,3.7083333333333335,70.83333333333334,79.16666666666666,Hyderabad Branch 3,Hyderabad,39.795145214300085,0,0,1,0,0,1,0,1,0,30,Medium,Lower Middle,High Rate,Very Large Loan
L00134,C00259,B014,Home,2025-04-28,1097976.56,17.47,60,34284.32,1041399.28,Active,No,13,Karthik Iyer,Student,36777.0,Bengaluru,B014,Low,621.0,Fair,1.0,65.6,3.0,8.0,17,579889.14,13,15,10,4.411764705882353,76.47058823529412,88.23529411764706,Delhi Branch 2,Delhi,29.854978927046798,0,0,1,1,0,1,0,0,0,35,Medium,Low Income,Very High Rate,Very Large Loan
L00135,C00328,B013,Business,2023-03-26,309711.61,15.88,24,17003.17,0.0,Closed,No,5,Karthik Iyer,Retail,44797.0,Bengaluru,B013,Low,643.0,Fair,0.0,64.0,7.0,3.0,24,409257.39,10,23,10,6.208333333333333,41.66666666666667,95.83333333333334,Mumbai Branch 2,Mumbai,6.913668549233207,0,0,1,1,0,1,0,1,0,40,Medium,Lower Middle,High Rate,Medium Loan
L00136,C00664,B012,Home,2023-01-28,2061246.55,12.2,84,45494.66,1214949.26,Active,No,13,Sneha Patel,Mass Affluent,51029.0,Hyderabad,B012,Medium,861.0,Excellent,0.0,78.3,7.0,1.0,24,1095347.83,12,21,10,5.5,50.0,87.5,Bengaluru Branch 2,Bengaluru,40.39363009269239,0,1,1,0,0,1,0,1,0,40,Medium,Lower Middle,High Rate,Very Large Loan
L00137,C00037,B008,Auto,2022-03-23,1617073.39,17.43,84,42738.86,1376328.27,Defaulted,Yes,75,Arun Iyer,Senior Citizen,63006.0,Kolkata,B008,Low,649.0,Fair,1.0,64.7,7.0,1.0,21,826653.75,8,21,54,17.523809523809526,38.095238095238095,100.0,Madurai Branch 1,Madurai,25.665387264704947,0,0,1,1,1,1,0,1,1,70,Critical,Upper Middle,Very High Rate,Very Large Loan
L00138,C00735,B007,Business,2025-06-11,1663963.78,15.12,60,48698.67,343810.22,Active,No,2,Pooja Sharma,Retail,30394.0,Delhi,B007,Medium,663.0,Good,0.0,40.4,8.0,6.0,15,727339.12,10,12,10,4.333333333333333,66.66666666666666,80.0,Kolkata Branch 1,Kolkata,54.74645587944989,0,0,1,1,0,1,0,1,0,40,Medium,Low Income,High Rate,Very Large Loan
L00139,C00654,B006,Home,2022-06-15,1072676.86,14.95,84,26133.73,767701.01,Active,No,1,Geetha Nair,Student,87521.0,Madurai,B006,Medium,713.0,Good,0.0,50.0,4.0,6.0,24,626985.0700000001,14,20,10,4.708333333333333,58.333333333333336,83.33333333333334,Pune Branch 1,Pune,12.25622262085671,0,0,1,0,0,1,0,0,0,25,Medium,High Income,High Rate,Large Loan
L00140,C00133,B005,Education,2022-01-07,602050.96,13.83,84,14105.91,438637.11,Active,No,17,Anitha Gupta,Mass Affluent,47454.0,Madurai,B005,Medium,743.0,Good,0.0,3.5,4.0,2.0,24,338219.33,8,24,10,6.208333333333333,33.33333333333333,100.0,Hyderabad Branch 1,Hyderabad,12.687043452606733,0,0,1,0,0,1,0,0,0,25,Medium,Lower Middle,High Rate,Large Loan
L00141,C00260,B015,Education,2025-06-07,513268.48,18.9,60,16638.45,219269.57,Defaulted,Yes,78,Deepa Gupta,Senior Citizen,86718.0,Madurai,B015,Low,563.0,Fair,1.0,43.6,0.0,12.0,12,182839.72,5,10,59,14.833333333333334,41.66666666666667,83.33333333333334,Hyderabad Branch 2,Hyderabad,5.918822851080513,1,0,1,1,1,1,0,0,1,75,Critical,High Income,Very High Rate,Large Loan
L00142,C00025,B014,Personal,2026-04-24,1932918.89,17.55,24,108807.23,1734777.59,Defaulted,Yes,71,Vijay Sharma,Retail,43811.0,Hyderabad,B014,Low,653.0,Good,0.0,31.7,4.0,10.0,4,388045.56,1,4,19,9.75,25.0,100.0,Delhi Branch 2,Delhi,44.11948802812079,0,0,1,1,1,1,0,0,1,70,Critical,Lower Middle,Very High Rate,Very Large Loan
L00143,C00794,B016,Auto,2025-02-05,621887.79,13.09,36,24058.42,465546.48,Active,No,5,Pooja Kumar,Retail,79143.0,Kolkata,B016,Low,810.0,Excellent,0.0,18.3,7.0,2.0,19,455530.18,11,19,10,4.842105263157895,57.89473684210527,100.0,Pune Branch 2,Pune,7.857773776581631,0,0,1,0,0,1,0,1,0,30,Medium,High Income,High Rate,Large Loan
L00144,C00374,B005,Personal,2023-01-22,774809.7,12.41,24,40296.56,0.0,Closed,No,2,Naveen Iyer,Mass Affluent,49793.0,Kochi,B005,Medium,784.0,Excellent,0.0,27.1,1.0,11.0,24,967171.85,9,22,10,5.791666666666667,37.5,91.66666666666666,Hyderabad Branch 1,Hyderabad,15.560614945875926,0,0,1,0,0,1,0,0,0,25,Medium,Lower Middle,High Rate,Large Loan
L00145,C00248,B018,Auto,2025-09-12,688243.58,12.92,24,36086.91,514893.65,Defaulted,Yes,42,Sanjay Sharma,Mass Affluent,39136.0,Hyderabad,B018,Low,793.0,Excellent,0.0,19.0,7.0,9.0,11,355052.89,5,9,40,13.363636363636363,45.45454545454545,81.81818181818183,Madurai Branch 2,Madurai,17.585945932134095,0,0,1,0,1,1,0,1,1,70,Critical,Lower Middle,High Rate,Large Loan
L00146,C00868,B022,Home,2022-08-08,103866.01,18.12,36,4453.54,34639.6,Active,No,11,Arun Reddy,Mass Affluent,59501.0,Bengaluru,B022,Low,575.0,Fair,1.0,80.2,3.0,3.0,24,106970.0,14,21,10,4.208333333333333,58.333333333333336,87.5,Bengaluru Branch 3,Bengaluru,1.7456178887749785,1,1,1,1,0,1,0,0,0,65,High,Upper Middle,Very High Rate,Small Loan
L00147,C00508,B002,Personal,2023-05-31,117711.26,15.78,12,11357.17,100798.77,Active,No,4,Karthik Verma,Student,64189.0,Pune,B002,Low,649.0,Fair,0.0,87.4,2.0,11.0,12,137006.63,6,11,10,5.083333333333333,50.0,91.66666666666666,Bengaluru Branch 1,Bengaluru,1.8338229291623174,0,1,1,1,0,1,0,0,0,45,Medium,Upper Middle,High Rate,Small Loan
L00148,C00174,B007,Business,2024-09-24,178980.63,12.6,84,4010.02,151184.96,Active,No,1,Sneha Singh,Retail,83097.0,Delhi,B007,Medium,752.0,Excellent,0.0,43.8,8.0,0.0,24,95535.8,10,21,10,5.0,41.66666666666667,87.5,Kolkata Branch 1,Kolkata,2.1538759522004405,0,0,1,0,0,1,0,1,0,30,Medium,High Income,High Rate,Medium Loan
L00149,C00615,B004,Business,2023-03-20,346022.36,12.38,24,17987.4,0.0,Closed,No,2,Meena Kumar,Retail,47614.0,Pune,B004,Low,844.0,Excellent,0.0,30.8,3.0,6.0,24,433069.68,12,22,10,5.0,50.0,91.66666666666666,Delhi Branch 1,Delhi,7.267239887428067,0,0,1,0,0,1,0,0,0,25,Medium,Lower Middle,High Rate,Medium Loan
L00150,C00663,B014,Business,2025-06-28,1237876.94,15.55,60,36672.1,1121054.99,Active,No,9,Karthik Reddy,Retail,22638.0,Coimbatore,B014,Low,713.0,Good,0.0,41.9,8.0,0.0,15,551011.07,7,15,10,5.8,46.666666666666664,100.0,Delhi Branch 2,Delhi,54.68137379627175,0,0,1,1,0,1,0,1,0,40,Medium,Low Income,High Rate,Very Large Loan
L00151,C00006,B025,Personal,2022-10-12,1645034.15,16.9,36,68862.96,458940.06,Defaulted,Yes,70,Meena Iyer,Retail,25706.0,Hyderabad,B025,Low,666.0,Good,0.0,48.7,4.0,6.0,22,1351485.9100000001,9,20,58,15.681818181818182,40.909090909090914,90.9090909090909,Hyderabad Branch 3,Hyderabad,63.99417062164475,0,0,1,1,1,1,0,0,1,70,Critical,Low Income,Very High Rate,Very Large Loan
L00152,C00573,B007,Personal,2022-05-25,897667.32,12.42,24,46693.66,306000.81,Active,No,3,Divya Gupta,Sme Owner,198324.0,Kolkata,B007,Low,846.0,Excellent,0.0,56.6,6.0,7.0,24,1120633.59,12,21,10,5.375,50.0,87.5,Kolkata Branch 1,Kolkata,4.526266715072306,0,0,1,0,0,1,0,1,0,30,Medium,High Income,High Rate,Large Loan
L00153,C00743,B008,Personal,2023-05-09,119852.46,16.89,24,6680.78,0.0,Closed,No,10,Kavya Rao,Student,47244.0,Coimbatore,B008,High,625.0,Fair,1.0,65.3,1.0,1.0,24,160037.84,13,22,10,5.375,54.166666666666664,91.66666666666666,Madurai Branch 1,Madurai,2.5368821437642874,0,0,1,1,0,1,0,0,0,35,Medium,Lower Middle,Very High Rate,Small Loan
L00154,C00280,B017,Personal,2024-12-26,534666.42,12.35,24,27780.38,184333.4,Active,No,13,Vijay Gupta,Senior Citizen,35465.0,Kolkata,B017,Medium,749.0,Good,0.0,59.0,0.0,11.0,21,582494.06,10,19,10,5.285714285714286,47.61904761904761,90.47619047619048,Kolkata Branch 2,Kolkata,15.075889468490061,0,0,1,0,0,1,0,0,0,25,Medium,Low Income,High Rate,Large Loan
L00155,C00696,B006,Personal,2025-10-19,509428.33,11.47,12,47321.65,104013.97,Active,No,4,Ajay Gupta,Student,61150.0,Bengaluru,B006,Low,826.0,Excellent,0.0,5.2,0.0,8.0,11,522014.5,5,10,10,5.363636363636363,45.45454545454545,90.9090909090909,Pune Branch 1,Pune,8.330798528209321,0,0,1,0,0,1,0,0,0,25,Medium,Upper Middle,Moderate Rate,Large Loan
L00156,C00766,B010,Education,2022-06-28,415160.55,13.28,60,11513.79,234248.81,Defaulted,Yes,84,Geetha Iyer,Sme Owner,42536.0,Bengaluru,B010,Low,739.0,Good,0.0,50.4,2.0,12.0,17,182750.86000000002,8,16,52,15.294117647058824,47.05882352941176,94.11764705882352,Kochi Branch 1,Kochi,9.760216052285124,0,0,1,0,1,1,0,0,1,70,Critical,Lower Middle,High Rate,Medium Loan
L00157,C00940,B023,Home,2024-07-01,145476.71,14.38,60,4167.91,54588.55,Active,No,19,Geetha Reddy,Retail,80791.0,Madurai,B023,Medium,731.0,Good,0.0,12.2,5.0,0.0,24,99898.45,13,21,10,4.625,54.166666666666664,87.5,Mumbai Branch 3,Mumbai,1.8006548996794196,0,0,1,0,0,1,0,1,0,30,Medium,High Income,High Rate,Small Loan
L00158,C00626,B019,Home,2025-09-23,1717127.4,15.69,24,93998.42,515423.83,Active,No,9,Arun Singh,Retail,42097.0,Coimbatore,B019,Low,715.0,Good,0.0,44.9,6.0,3.0,12,1138426.95,6,11,10,5.0,50.0,91.66666666666666,Coimbatore Branch 2,Coimbatore,40.7897807444711,0,0,1,1,0,1,0,1,0,40,Medium,Lower Middle,High Rate,Very Large Loan
L00159,C00408,B025,Home,2023-09-18,1353487.69,14.82,36,54312.45,648438.05,Defaulted,Yes,38,Suresh Kumar,Retail,55419.0,Kolkata,B025,Low,734.0,Good,2.0,39.2,5.0,5.0,18,928838.4,5,17,59,15.333333333333334,27.77777777777778,94.44444444444444,Hyderabad Branch 3,Hyderabad,24.4228096862087,0,0,1,0,1,1,1,1,1,70,Critical,Upper Middle,High Rate,Very Large Loan
L00160,C00323,B017,Personal,2022-01-04,112191.58,14.78,48,3719.15,43063.25,Defaulted,Yes,55,Rahul Gupta,Mass Affluent,58949.0,Bengaluru,B017,Low,684.0,Good,2.0,40.7,1.0,4.0,20,67758.62,9,17,60,15.3,45.0,85.0,Kolkata Branch 2,Kolkata,1.903197340073623,0,0,1,0,1,1,1,0,1,70,Critical,Upper Middle,High Rate,Small Loan
L00161,C00233,B019,Business,2024-07-21,134064.77,16.12,84,3396.95,97411.64,Active,No,4,Vishal Iyer,Senior Citizen,46513.0,Madurai,B019,Medium,639.0,Fair,0.0,97.7,5.0,4.0,24,81559.81999999999,11,23,10,5.666666666666667,45.83333333333333,95.83333333333334,Coimbatore Branch 2,Coimbatore,2.8823075269279554,0,1,1,1,0,1,0,1,0,50,High,Lower Middle,Very High Rate,Small Loan
L00162,C00658,B020,Education,2024-05-16,214321.22,15.49,36,8719.9,46736.84,Defaulted,Yes,78,Karthik Singh,Senior Citizen,60814.0,Mumbai,B020,Low,692.0,Good,0.0,30.2,2.0,4.0,18,145494.95,5,18,56,16.666666666666668,27.77777777777778,100.0,Kochi Branch 2,Kochi,3.524208570394975,0,0,1,1,1,1,0,0,1,70,Critical,Upper Middle,High Rate,Medium Loan
L00163,C00639,B013,Business,2026-04-03,162646.37,13.45,60,4533.77,0.0,Closed,No,15,Lakshmi Nair,Retail,39091.0,Pune,B013,Low,798.0,Excellent,0.0,21.2,7.0,11.0,5,22729.36,3,5,9,5.4,60.0,100.0,Mumbai Branch 2,Mumbai,4.160711416950193,0,0,1,0,0,1,0,1,0,30,Medium,Lower Middle,High Rate,Small Loan
L00164,C00265,B002,Education,2024-05-17,2324978.44,18.12,48,83544.23,1957200.72,Active,No,6,Vijay Singh,Mass Affluent,97918.0,Coimbatore,B002,Low,614.0,Fair,1.0,74.9,2.0,0.0,24,2009618.63,17,20,10,4.291666666666667,70.83333333333334,83.33333333333334,Bengaluru Branch 1,Bengaluru,23.744137339406443,0,0,1,1,0,1,0,0,0,35,Medium,High Income,Very High Rate,Very Large Loan
L00165,C00341,B017,Business,2023-03-13,1984306.39,16.59,24,110112.47,0.0,Closed,No,18,Deepa Verma,Premium,123990.0,Kolkata,B017,Low,655.0,Good,2.0,1.0,4.0,1.0,24,2655542.49,12,20,10,5.291666666666667,50.0,83.33333333333334,Kolkata Branch 2,Kolkata,16.003761513025243,0,0,1,1,0,1,1,0,0,45,Medium,High Income,Very High Rate,Very Large Loan
L00166,C00028,B013,Auto,2022-03-27,313766.89,15.1,24,17021.85,56813.11,Active,No,11,Ajay Reddy,Retail,147795.0,Mumbai,B013,Low,713.0,Good,1.0,11.9,8.0,10.0,24,409458.36,13,20,10,5.041666666666667,54.166666666666664,83.33333333333334,Mumbai Branch 2,Mumbai,2.122987178186001,0,0,1,1,0,1,0,1,0,40,Medium,High Income,High Rate,Medium Loan
L00167,C00243,B007,Education,2024-10-23,155215.72,15.28,84,3824.22,103398.56,Active,No,14,Vijay Singh,Senior Citizen,151910.0,Mumbai,B007,Medium,667.0,Good,0.0,19.6,7.0,0.0,23,88008.35,11,23,10,5.260869565217392,47.82608695652174,100.0,Kolkata Branch 1,Kolkata,1.0217610427226647,0,0,1,1,0,1,0,1,0,40,Medium,High Income,High Rate,Small Loan
L00168,C00452,B023,Education,2022-03-04,273665.92,15.34,84,6756.29,0.0,Closed,No,12,Ajay Kumar,Mass Affluent,68719.0,Kolkata,B023,Low,691.0,Good,1.0,40.0,8.0,8.0,24,161619.82,13,19,10,4.166666666666667,54.166666666666664,79.16666666666666,Mumbai Branch 3,Mumbai,3.9823908962586763,0,0,1,1,0,1,0,1,0,40,Medium,Upper Middle,High Rate,Medium Loan
L00169,C00825,B010,Personal,2025-07-21,545582.87,15.17,84,13392.11,433130.74,Active,No,16,Sneha Iyer,Mass Affluent,98102.0,Bengaluru,B010,Low,638.0,Fair,0.0,80.2,3.0,2.0,14,186097.87,6,14,10,6.0,42.857142857142854,100.0,Kochi Branch 1,Kochi,5.561383763837639,0,1,1,1,0,1,0,0,0,45,Medium,High Income,High Rate,Large Loan
L00170,C00920,B006,Business,2026-04-21,785944.93,14.07,12,74710.62,533923.75,Active,No,4,Karthik Rao,Retail,53771.0,Delhi,B006,Low,786.0,Excellent,0.0,65.9,4.0,9.0,5,374712.83,4,4,10,5.0,80.0,80.0,Pune Branch 1,Pune,14.616520615201503,0,0,1,0,0,0,0,0,0,15,Low,Upper Middle,High Rate,Large Loan
L00171,C00287,B009,Home,2025-05-15,94467.88,14.64,36,3776.62,0.0,Closed,No,5,Rohit Nair,Sme Owner,45624.0,Kolkata,B009,Low,688.0,Good,1.0,45.4,0.0,7.0,16,60924.93,8,15,9,5.5625,50.0,93.75,Coimbatore Branch 1,Coimbatore,2.0705742591618446,0,0,1,0,0,1,0,0,0,25,Medium,Lower Middle,High Rate,Small Loan
L00172,C00568,B015,Education,2022-03-05,1248690.11,15.87,36,51199.76,500987.88,Defaulted,Yes,83,Arun Gupta,Retail,14121.0,Hyderabad,B015,Low,673.0,Good,0.0,83.4,5.0,10.0,20,981489.88,8,19,55,14.75,40.0,95.0,Hyderabad Branch 2,Hyderabad,88.42788116988882,0,1,1,1,1,1,0,1,1,70,Critical,Low Income,High Rate,Very Large Loan
L00173,C00034,B008,Personal,2024-08-16,1205059.9,18.98,84,33405.98,622906.49,Active,No,8,Kavya Patel,Senior Citizen,92875.0,Delhi,B008,Low,598.0,Fair,0.0,60.9,5.0,7.0,24,805106.77,14,22,10,4.625,58.333333333333336,91.66666666666666,Madurai Branch 1,Madurai,12.975072947510093,1,0,1,1,0,1,0,1,0,60,High,High Income,Very High Rate,Very Large Loan
L00174,C00792,B003,Auto,2025-10-29,164413.59,15.16,36,6644.14,113283.55,Active,No,8,Suresh Gupta,Sme Owner,43551.0,Kochi,B003,Medium,741.0,Good,0.0,35.8,7.0,6.0,11,72972.04,3,11,10,6.545454545454546,27.27272727272727,100.0,Mumbai Branch 1,Mumbai,3.775196665977819,0,0,1,1,0,1,0,1,0,40,Medium,Lower Middle,High Rate,Small Loan
L00175,C00494,B025,Business,2026-04-04,587393.99,17.05,48,20583.26,0.0,Closed,No,13,Meena Verma,Retail,62227.0,Mumbai,B025,Low,660.0,Good,0.0,63.3,3.0,6.0,5,103271.07,2,4,10,5.8,40.0,80.0,Hyderabad Branch 3,Hyderabad,9.439535732077715,0,0,1,1,0,1,0,0,0,35,Medium,Upper Middle,Very High Rate,Large Loan
L00176,C00538,B025,Business,2025-01-06,1480790.46,17.38,60,46126.62,985429.88,Active,No,4,Meena Sharma,Sme Owner,38796.0,Pune,B025,High,661.0,Good,0.0,25.9,0.0,4.0,20,927247.86,7,20,10,6.85,35.0,100.0,Hyderabad Branch 3,Hyderabad,38.16863748840087,0,0,1,1,0,1,0,0,0,35,Medium,Lower Middle,Very High Rate,Very Large Loan
L00177,C00981,B014,Home,2024-07-21,165737.16,14.32,12,15789.23,147581.22,Active,No,0,Anitha Gupta,Retail,28400.0,Chennai,B014,High,671.0,Good,0.0,22.5,1.0,9.0,12,190633.23,5,11,10,6.416666666666667,41.66666666666667,91.66666666666666,Delhi Branch 2,Delhi,5.835815492957747,0,0,1,0,0,1,0,0,0,25,Medium,Low Income,High Rate,Small Loan
L00178,C00384,B024,Home,2026-05-22,498897.99,17.88,12,49008.41,349461.13,Active,No,11,Rohit Kumar,Retail,43482.0,Chennai,B024,Low,641.0,Fair,2.0,67.0,6.0,12.0,4,196132.71,3,3,8,4.0,75.0,75.0,Delhi Branch 3,Delhi,11.473667034635021,0,0,1,1,0,1,1,1,0,50,High,Lower Middle,Very High Rate,Large Loan
L00179,C00236,B012,Personal,2022-07-14,1522448.92,12.7,36,58402.83,900622.04,Active,No,13,Karthik Patel,Senior Citizen,38195.0,Hyderabad,B012,Low,734.0,Good,0.0,23.8,0.0,12.0,24,1391279.36,10,24,10,6.125,41.66666666666667,100.0,Bengaluru Branch 2,Bengaluru,39.859901034166775,0,0,1,0,0,1,0,0,0,25,Medium,Lower Middle,High Rate,Very Large Loan
L00180,C00545,B020,Education,2022-11-02,1249091.23,12.78,36,47999.8,479495.66,Defaulted,Yes,93,Karthik Patel,Sme Owner,63685.0,Chennai,B020,Low,779.0,Excellent,0.0,34.6,7.0,6.0,20,855057.73,8,20,44,14.1,40.0,100.0,Kochi Branch 2,Kochi,19.613586087775772,0,0,1,0,1,1,0,1,1,70,Critical,Upper Middle,High Rate,Very Large Loan
L00181,C00222,B001,Personal,2024-08-20,107828.17,14.99,48,3593.37,17526.1,Defaulted,Yes,45,Karthik Singh,Mass Affluent,66106.0,Delhi,B001,Low,708.0,Good,0.0,26.4,8.0,6.0,18,59798.94,8,18,53,14.333333333333334,44.44444444444444,100.0,Chennai Branch 1,Chennai,1.6311404411097328,0,0,1,0,1,1,0,1,1,70,Critical,Upper Middle,High Rate,Small Loan
L00182,C00204,B021,Home,2023-05-12,1970548.72,16.06,24,108478.71,1387957.01,Active,No,9,Divya Iyer,Sme Owner,117466.0,Kolkata,B021,Medium,691.0,Good,0.0,9.7,7.0,7.0,24,2589992.01,12,22,10,4.916666666666667,50.0,91.66666666666666,Chennai Branch 3,Chennai,16.775481586161103,0,0,1,1,0,1,0,1,0,40,Medium,High Income,Very High Rate,Very Large Loan
L00183,C00747,B014,Auto,2022-10-03,334299.63,13.24,24,17617.59,0.0,Closed,No,13,Divya Gupta,Retail,30003.0,Chennai,B014,Low,714.0,Good,0.0,37.0,0.0,9.0,24,422295.84,10,24,10,5.875,41.66666666666667,100.0,Delhi Branch 2,Delhi,11.142206779322068,0,0,1,0,0,1,0,0,0,25,Medium,Low Income,High Rate,Medium Loan
L00184,C00547,B002,Auto,2025-09-08,2053035.75,15.54,48,69358.39,0.0,Closed,No,1,Priya Gupta,Mass Affluent,99944.0,Bengaluru,B002,Low,692.0,Good,0.0,23.2,3.0,9.0,12,833781.25,4,11,10,5.833333333333333,33.33333333333333,91.66666666666666,Bengaluru Branch 1,Bengaluru,20.54186094212759,0,0,1,1,0,1,0,0,0,35,Medium,High Income,High Rate,Very Large Loan
L00185,C00381,B024,Personal,2024-11-17,316690.47,10.02,24,15839.8,205678.46,Active,No,16,Lakshmi Kumar,Retail,50816.0,Pune,B024,Low,846.0,Excellent,0.0,53.0,8.0,6.0,22,348395.25,8,21,10,6.454545454545454,36.36363636363637,95.45454545454545,Delhi Branch 3,Delhi,6.2321015034634755,0,0,1,0,0,1,0,1,0,30,Medium,Lower Middle,Moderate Rate,Medium Loan
L00186,C00413,B022,Education,2023-08-04,180889.74,15.47,24,9869.04,150872.63,Defaulted,Yes,45,Deepa Rao,Mass Affluent,70809.0,Hyderabad,B022,Low,722.0,Good,0.0,20.1,1.0,5.0,22,189416.85,7,21,57,18.363636363636363,31.818181818181817,95.45454545454545,Bengaluru Branch 3,Bengaluru,2.554615091301953,0,0,1,1,1,1,0,0,1,70,Critical,Upper Middle,High Rate,Medium Loan
L00187,C00595,B024,Business,2022-07-10,175745.48,16.67,12,17086.85,60816.51,Active,No,7,Meena Gupta,Retail,51632.0,Chennai,B024,Low,655.0,Good,0.0,59.6,8.0,6.0,12,205672.26,6,11,10,5.5,50.0,91.66666666666666,Delhi Branch 3,Delhi,3.4038092655717387,0,0,1,1,0,1,0,1,0,40,Medium,Lower Middle,Very High Rate,Medium Loan
L00188,C00194,B020,Auto,2024-02-16,168844.29,13.22,84,3870.15,131650.13,Defaulted,Yes,51,Ajay Iyer,Retail,49812.0,Kochi,B020,Low,822.0,Excellent,0.0,16.3,5.0,6.0,20,72674.94,9,17,58,15.25,45.0,85.0,Kochi Branch 2,Kochi,3.389630811852566,0,0,1,0,1,1,0,1,1,70,Critical,Lower Middle,High Rate,Small Loan
L00189,C00192,B006,Personal,2022-04-27,1420322.24,11.62,48,43343.5,1239689.55,Active,No,14,Vishal Sharma,Retail,37983.0,Kolkata,B006,Low,785.0,Excellent,0.0,35.3,8.0,4.0,24,1036109.61,13,23,10,5.333333333333333,54.166666666666664,95.83333333333334,Pune Branch 1,Pune,37.393629781744465,0,0,1,0,0,1,0,1,0,30,Medium,Lower Middle,Moderate Rate,Very Large Loan
L00190,C00739,B020,Education,2024-02-20,439562.09,11.95,36,16587.36,0.0,Closed,No,10,Vijay Verma,Retail,121694.0,Chennai,B020,Medium,863.0,Excellent,0.0,33.9,3.0,6.0,24,397772.92,14,24,10,4.958333333333333,58.333333333333336,100.0,Kochi Branch 2,Kochi,3.612027626670173,0,0,1,0,0,1,0,0,0,25,Medium,High Income,Moderate Rate,Medium Loan
L00191,C00622,B011,Home,2025-10-07,285593.1,15.95,84,7195.93,59526.63,Defaulted,Yes,73,Anitha Reddy,Senior Citizen,53602.0,Mumbai,B011,Medium,640.0,Fair,1.0,68.3,4.0,8.0,9,58830.99,5,8,48,15.666666666666666,55.55555555555556,88.88888888888889,Chennai Branch 2,Chennai,5.328030670497369,0,0,1,1,1,1,0,0,1,70,Critical,Lower Middle,High Rate,Medium Loan
L00192,C00124,B006,Home,2022-02-25,421844.15,13.42,60,11748.36,67184.69,Defaulted,Yes,43,Kavya Iyer,Retail,69404.0,Coimbatore,B006,Low,711.0,Good,0.0,30.7,1.0,7.0,19,208972.66999999998,9,16,43,12.526315789473685,47.368421052631575,84.21052631578947,Pune Branch 1,Pune,6.078095642902427,0,0,1,0,1,1,0,0,1,70,Critical,Upper Middle,High Rate,Medium Loan
L00193,C00254,B011,Personal,2022-04-19,328440.64,15.97,24,18056.02,95651.43,Active,No,9,Vishal Patel,Sme Owner,85279.0,Pune,B011,Low,679.0,Good,0.0,32.6,1.0,2.0,24,432350.35,15,21,10,4.291666666666667,62.5,87.5,Chennai Branch 2,Chennai,3.851365986936995,0,0,1,1,0,1,0,0,0,35,Medium,High Income,High Rate,Medium Loan
L00194,C00954,B015,Home,2025-09-01,432790.04,14.92,48,14397.48,347548.46,Active,No,17,Arun Gupta,Retail,34946.0,Chennai,B015,Low,747.0,Good,0.0,35.9,3.0,12.0,12,172874.79,6,12,10,5.333333333333333,50.0,100.0,Hyderabad Branch 2,Hyderabad,12.384537286098551,0,0,1,0,0,1,0,0,0,25,Medium,Low Income,High Rate,Medium Loan
L00195,C00616,B012,Personal,2022-09-03,533954.95,16.2,48,18332.45,491589.11,Active,No,10,Rahul Nair,Mass Affluent,150152.0,Kochi,B012,Low,630.0,Fair,0.0,22.0,6.0,2.0,24,439175.13,15,23,10,5.041666666666667,62.5,95.83333333333334,Bengaluru Branch 2,Bengaluru,3.556096155895359,0,0,1,1,0,1,0,1,0,40,Medium,High Income,Very High Rate,Large Loan
L00196,C00389,B016,Business,2022-06-24,454026.94,12.1,84,9983.19,182367.57,Active,No,14,Priya Verma,Student,48137.0,Madurai,B016,Low,773.0,Excellent,1.0,62.9,4.0,9.0,24,238704.7,14,21,10,5.041666666666667,58.333333333333336,87.5,Pune Branch 2,Pune,9.431974157093297,0,0,1,0,0,1,0,0,0,25,Medium,Lower Middle,High Rate,Medium Loan
L00197,C00311,B013,Business,2022-09-18,760594.54,11.69,60,20086.03,0.0,Closed,No,3,Suresh Sharma,Retail,123479.0,Mumbai,B013,Low,791.0,Excellent,1.0,26.8,3.0,0.0,24,482764.12,18,20,9,3.375,75.0,83.33333333333334,Mumbai Branch 2,Mumbai,6.159707642595097,0,0,1,0,0,1,0,0,0,25,Medium,High Income,Moderate Rate,Large Loan
L00198,C00759,B007,Personal,2023-09-29,570302.88,18.27,84,15472.18,172917.6,Defaulted,Yes,54,Vijay Nair,Retail,23125.0,Kolkata,B007,Low,579.0,Fair,1.0,59.9,2.0,3.0,18,259452.61000000002,9,17,59,13.833333333333334,50.0,94.44444444444444,Kolkata Branch 1,Kolkata,24.661746162162164,1,0,1,1,1,1,0,0,1,75,Critical,Low Income,Very High Rate,Large Loan
L00199,C00832,B015,Personal,2024-11-12,766548.14,15.5,36,31194.25,0.0,Closed,No,20,Sneha Gupta,Senior Citizen,65498.0,Coimbatore,B015,Low,691.0,Good,0.0,67.9,6.0,2.0,22,686673.84,15,19,10,3.909090909090909,68.18181818181817,86.36363636363636,Hyderabad Branch 2,Hyderabad,11.703382393355522,0,0,1,1,0,1,0,1,0,40,Medium,Upper Middle,High Rate,Large Loan
L00200,C00044,B004,Auto,2022-03-03,862768.54,16.76,60,26429.48,685635.27,Defaulted,Yes,70,Suresh Kumar,Mass Affluent,24889.0,Coimbatore,B004,Low,590.0,Fair,2.0,70.3,8.0,11.0,19,465825.0,8,18,59,19.57894736842105,42.10526315789473,94.73684210526315,Delhi Branch 1,Delhi,34.66465265780064,1,0,1,1,1,1,1,1,1,90,Critical,Low Income,Very High Rate,Large Loan
L00201,C00922,B006,Business,2022-06-30,114914.34,13.35,60,3193.66,0.0,Closed,No,14,Meena Nair,Mass Affluent,33761.0,Hyderabad,B006,Low,792.0,Excellent,1.0,35.9,3.0,5.0,24,76551.47,13,23,10,5.25,54.166666666666664,95.83333333333334,Pune Branch 1,Pune,3.403759959716833,0,0,1,0,0,1,0,0,0,25,Medium,Low Income,High Rate,Small Loan
L00202,C00284,B024,Auto,2022-09-27,283285.46,17.29,36,11950.71,201981.21,Defaulted,Yes,90,Deepa Patel,Mass Affluent,39406.0,Pune,B024,Low,643.0,Fair,0.0,67.1,5.0,3.0,16,185395.1,7,16,57,12.0,43.75,100.0,Delhi Branch 3,Delhi,7.1888915393594885,0,0,1,1,1,1,0,1,1,70,Critical,Lower Middle,Very High Rate,Medium Loan
L00203,C00030,B005,Education,2025-03-04,1493194.18,15.26,36,60466.07,0.0,Closed,No,7,Karthik Reddy,Retail,67871.0,Kochi,B005,Low,660.0,Good,1.0,1.0,2.0,10.0,18,1085131.8,10,18,10,5.166666666666667,55.55555555555556,100.0,Hyderabad Branch 1,Hyderabad,22.00047413475564,0,0,1,1,0,1,0,0,0,35,Medium,Upper Middle,High Rate,Very Large Loan
L00204,C00487,B007,Education,2022-04-10,92244.77,13.15,12,8697.91,55774.88,Defaulted,Yes,95,Ajay Singh,Mass Affluent,51169.0,Pune,B007,Low,748.0,Good,0.0,25.9,2.0,0.0,11,84573.26000000001,3,10,60,17.636363636363637,27.27272727272727,90.9090909090909,Kolkata Branch 1,Kolkata,1.8027471711387755,0,0,1,0,1,1,0,0,1,70,Critical,Lower Middle,High Rate,Small Loan
L00205,C00227,B012,Education,2026-02-28,191213.97,17.31,24,10725.51,151414.97,Active,No,15,Priya Nair,Retail,63280.0,Kolkata,B012,High,613.0,Fair,0.0,31.3,1.0,4.0,7,75618.91,6,5,9,3.142857142857143,85.71428571428571,71.42857142857143,Bengaluru Branch 2,Bengaluru,3.021712547408344,0,0,1,1,0,0,0,0,0,25,Medium,Upper Middle,Very High Rate,Medium Loan
L00206,C00470,B009,Auto,2023-12-22,1556215.66,16.11,60,46829.12,259200.42,Active,No,3,Sneha Reddy,Retail,130230.0,Mumbai,B009,Low,690.0,Good,0.0,34.2,8.0,4.0,24,1112367.48,18,21,8,3.7083333333333335,75.0,87.5,Coimbatore Branch 1,Coimbatore,11.94974783076096,0,0,1,1,0,1,0,1,0,40,Medium,High Income,Very High Rate,Very Large Loan
L00207,C00215,B014,Education,2022-02-19,169702.67,15.81,36,6949.8,74392.42,Defaulted,Yes,75,Suresh Reddy,Sme Owner,77584.0,Coimbatore,B014,Medium,714.0,Good,0.0,45.8,7.0,11.0,20,123521.95,8,19,60,14.9,40.0,95.0,Delhi Branch 2,Delhi,2.1873410754794804,0,0,1,1,1,1,0,1,1,70,Critical,High Income,High Rate,Small Loan
L00208,C00057,B003,Business,2022-05-04,312366.27,14.56,48,10297.67,0.0,Closed,No,7,Suresh Nair,Mass Affluent,35034.0,Bengaluru,B003,Low,663.0,Good,0.0,9.6,5.0,11.0,24,247734.82,16,23,10,4.583333333333333,66.66666666666666,95.83333333333334,Mumbai Branch 1,Mumbai,8.916089227607468,0,0,1,0,0,1,0,1,0,30,Medium,Low Income,High Rate,Medium Loan
L00209,C00869,B007,Education,2022-03-05,227392.58,16.08,48,7784.41,207327.3,Active,No,11,Rohit Patel,Retail,21677.0,Madurai,B007,Low,686.0,Good,0.0,10.4,6.0,0.0,24,186377.51,15,20,10,3.875,62.5,83.33333333333334,Kolkata Branch 1,Kolkata,10.49003921206809,0,0,1,1,0,1,0,1,0,40,Medium,Low Income,Very High Rate,Medium Loan
L00210,C00090,B009,Education,2025-11-05,162399.69,18.01,12,15970.66,41469.9,Active,No,1,Lakshmi Gupta,Mass Affluent,28243.0,Madurai,B009,Low,555.0,Fair,0.0,24.1,2.0,12.0,10,160162.99,3,8,10,5.7,30.0,80.0,Coimbatore Branch 1,Coimbatore,5.750086393088553,1,0,1,1,0,1,0,0,0,55,High,Low Income,Very High Rate,Small Loan
L00211,C00361,B003,Home,2023-09-01,329942.33,19.19,60,10775.37,0.0,Closed,No,16,Lakshmi Iyer,Mass Affluent,71133.0,Pune,B003,Low,590.0,Fair,0.0,77.8,2.0,11.0,24,257796.16,11,19,10,5.333333333333333,45.83333333333333,79.16666666666666,Mumbai Branch 1,Mumbai,4.638386262353619,1,1,1,1,0,1,0,0,0,65,High,Upper Middle,Very High Rate,Medium Loan
L00212,C00002,B017,Business,2024-07-30,1806925.33,12.4,24,93960.12,1262215.49,Active,No,7,Deepa Rao,Mass Affluent,48703.0,Kochi,B017,Low,776.0,Excellent,1.0,22.3,2.0,11.0,24,2252696.44,15,22,10,4.458333333333333,62.5,91.66666666666666,Kolkata Branch 2,Kolkata,37.10090405108515,0,0,1,0,0,1,0,0,0,25,Medium,Lower Middle,High Rate,Very Large Loan
L00213,C00740,B019,Business,2023-06-26,836322.15,18.53,60,26852.91,350334.2,Active,No,9,Suresh Sharma,Student,37911.0,Chennai,B019,Medium,601.0,Fair,1.0,24.0,3.0,7.0,24,644706.48,12,20,10,4.916666666666667,50.0,83.33333333333334,Coimbatore Branch 2,Coimbatore,22.060144812851153,0,0,1,1,0,1,0,0,0,35,Medium,Lower Middle,Very High Rate,Large Loan
L00214,C00396,B007,Business,2026-02-10,813376.33,12.61,48,25492.57,413927.45,Active,No,6,Kavya Rao,Retail,21615.0,Kochi,B007,Medium,778.0,Excellent,0.0,33.4,6.0,11.0,7,178134.13,4,6,10,4.571428571428571,57.14285714285714,85.71428571428571,Kolkata Branch 1,Kolkata,37.6301795049734,0,0,1,0,0,1,0,1,0,30,Medium,Low Income,High Rate,Large Loan
L00215,C00224,B024,Home,2026-01-30,149580.69,20.7,84,4360.99,85749.66,Active,No,4,Ajay Sharma,Retail,44867.0,Mumbai,B024,Low,517.0,Poor,2.0,39.0,0.0,1.0,8,34751.59,3,7,9,5.625,37.5,87.5,Delhi Branch 3,Delhi,3.3338687676911762,1,0,1,1,0,1,1,0,0,65,High,Lower Middle,Very High Rate,Small Loan
L00216,C00181,B023,Home,2022-11-27,234542.01,17.06,12,22879.57,109134.89,Active,No,4,Kavya Kumar,Mass Affluent,57662.0,Coimbatore,B023,Medium,591.0,Fair,0.0,62.4,3.0,5.0,12,273765.25,6,11,10,4.583333333333333,50.0,91.66666666666666,Mumbai Branch 3,Mumbai,4.067531649960112,1,0,1,1,0,1,0,0,0,55,High,Upper Middle,Very High Rate,Medium Loan
L00217,C00724,B024,Personal,2025-12-26,1432477.74,15.91,36,58783.32,1336208.4,Active,No,8,Kavya Reddy,Retail,24142.0,Mumbai,B024,Medium,659.0,Good,0.0,34.9,1.0,9.0,9,533114.8,4,9,9,5.666666666666667,44.44444444444444,100.0,Delhi Branch 3,Delhi,59.3355041007373,0,0,1,1,0,1,0,0,0,35,Medium,Low Income,High Rate,Very Large Loan
L00218,C00264,B010,Business,2022-12-01,934542.57,14.9,12,89482.45,0.0,Closed,No,2,Karthik Reddy,Mass Affluent,44405.0,Kochi,B010,Medium,688.0,Good,0.0,36.3,2.0,6.0,12,1079644.4,6,12,10,5.5,50.0,100.0,Kochi Branch 1,Kochi,21.04588604886837,0,0,1,0,0,1,0,0,0,25,Medium,Lower Middle,High Rate,Large Loan
L00219,C00031,B013,Home,2025-12-19,177889.43,12.33,24,9239.87,0.0,Closed,No,5,Geetha Singh,Sme Owner,21281.0,Kolkata,B013,Low,789.0,Excellent,0.0,51.4,6.0,9.0,9,82530.06,5,7,10,4.333333333333333,55.55555555555556,77.77777777777779,Mumbai Branch 2,Mumbai,8.359072881913443,0,0,1,0,0,1,0,1,0,30,Medium,Low Income,High Rate,Medium Loan
L00220,C00322,B020,Auto,2025-07-27,99073.12,12.95,84,2248.61,77724.18,Active,No,16,Rahul Iyer,Retail,32154.0,Hyderabad,B020,Low,800.0,Excellent,0.0,18.1,1.0,10.0,14,31540.440000000002,8,13,10,4.642857142857143,57.14285714285714,92.85714285714286,Kochi Branch 2,Kochi,3.0812066927909436,0,0,1,0,0,1,0,0,0,25,Medium,Low Income,High Rate,Small Loan
L00222,C00047,B020,Education,2025-08-01,809763.57,13.1,24,42580.07,584941.83,Active,No,16,Arun Patel,Retail,45724.0,Pune,B020,Medium,742.0,Good,0.0,1.0,7.0,11.0,13,556829.12,10,10,10,3.769230769230769,76.92307692307693,76.92307692307693,Kochi Branch 2,Kochi,17.7098147581139,0,0,1,0,0,1,0,1,0,30,Medium,Lower Middle,High Rate,Large Loan
L00223,C00962,B015,Personal,2023-01-19,312949.35,15.73,60,9318.07,76908.85,Active,No,0,Divya Gupta,Retail,34725.0,Pune,B015,Low,703.0,Good,0.0,43.4,4.0,11.0,24,222586.34,15,22,10,5.0,62.5,91.66666666666666,Hyderabad Branch 2,Hyderabad,9.012220302375809,0,0,1,1,0,1,0,0,0,35,Medium,Low Income,High Rate,Medium Loan
L00224,C00145,B019,Auto,2022-05-19,190348.43,16.22,24,10504.06,124188.19,Defaulted,Yes,62,Ajay Verma,Premium,106663.0,Hyderabad,B019,Low,650.0,Good,0.0,53.1,4.0,6.0,17,169520.88,9,17,58,14.176470588235293,52.94117647058824,100.0,Coimbatore Branch 2,Coimbatore,1.7845778761144915,0,0,1,1,1,1,0,0,1,70,Critical,High Income,Very High Rate,Medium Loan
L00225,C00418,B022,Auto,2024-02-23,1908292.93,17.83,84,51071.83,1044551.23,Defaulted,Yes,76,Rahul Gupta,Retail,58442.0,Mumbai,B022,Low,632.0,Fair,1.0,48.6,3.0,10.0,17,800625.26,7,17,58,14.0,41.17647058823529,100.0,Bengaluru Branch 3,Bengaluru,32.65276564799288,0,0,1,1,1,1,0,0,1,70,Critical,Upper Middle,Very High Rate,Very Large Loan
L00226,C00370,B018,Home,2023-12-31,742920.8,13.61,12,70336.03,448899.36,Defaulted,Yes,54,Meena Sharma,Senior Citizen,75121.0,Delhi,B018,Low,709.0,Good,0.0,67.6,6.0,4.0,10,666780.7,3,9,37,12.3,30.0,90.0,Madurai Branch 2,Madurai,9.889655356025612,0,0,1,0,1,1,0,1,1,70,Critical,High Income,High Rate,Large Loan
L00227,C00529,B006,Auto,2025-03-09,153366.83,14.22,84,3643.19,99405.85,Defaulted,Yes,59,Pooja Iyer,Retail,128276.0,Hyderabad,B006,Medium,698.0,Good,2.0,5.3,6.0,1.0,12,42841.99,6,11,55,13.0,50.0,91.66666666666666,Pune Branch 1,Pune,1.19560034612866,0,0,1,0,1,1,1,1,1,70,Critical,High Income,High Rate,Small Loan
L00228,C00903,B011,Home,2022-08-04,1469575.29,12.79,24,76895.53,1265702.03,Active,No,8,Kavya Rao,Retail,86125.0,Madurai,B011,Low,828.0,Excellent,0.0,33.6,8.0,3.0,24,1848497.24,10,24,10,5.541666666666667,41.66666666666667,100.0,Chennai Branch 2,Chennai,17.063283483309146,0,0,1,0,0,1,0,1,0,30,Medium,High Income,High Rate,Very Large Loan
L00229,C00546,B011,Home,2026-04-21,164524.61,12.9,12,15479.02,112843.04,Active,No,11,Vishal Patel,Retail,54780.0,Madurai,B011,Medium,786.0,Excellent,1.0,10.5,6.0,2.0,5,77045.74,2,4,8,5.2,40.0,80.0,Chennai Branch 2,Chennai,3.003370025556772,0,0,1,0,0,1,0,1,0,30,Medium,Upper Middle,High Rate,Small Loan
L00230,C00463,B011,Personal,2022-02-07,101019.42,15.04,84,2468.72,27335.32,Active,No,0,Deepa Iyer,Sme Owner,46998.0,Hyderabad,B011,Medium,688.0,Good,0.0,38.4,3.0,10.0,24,59340.380000000005,10,23,10,5.958333333333333,41.66666666666667,95.83333333333334,Chennai Branch 2,Chennai,2.1494408272692453,0,0,1,1,0,1,0,0,0,35,Medium,Lower Middle,High Rate,Small Loan
L00231,C00647,B008,Personal,2026-03-23,2124167.12,17.13,24,118829.45,908582.06,Active,No,7,Naveen Kumar,Premium,43160.0,Kochi,B008,Medium,612.0,Fair,0.0,64.6,8.0,5.0,6,711970.85,3,6,8,4.5,50.0,100.0,Madurai Branch 1,Madurai,49.21610565338276,0,0,1,1,0,1,0,1,0,40,Medium,Lower Middle,Very High Rate,Very Large Loan
L00232,C00596,B008,Home,2023-04-26,771070.43,15.92,24,42357.47,317898.47,Defaulted,Yes,109,Geetha Verma,Senior Citizen,25192.0,Kolkata,B008,Low,696.0,Good,0.0,50.9,3.0,5.0,19,741850.6799999999,7,18,57,18.105263157894736,36.84210526315789,94.73684210526315,Madurai Branch 1,Madurai,30.60774968243887,0,0,1,1,1,1,0,0,1,70,Critical,Low Income,High Rate,Large Loan
L00233,C00443,B022,Auto,2024-07-31,2177264.96,20.34,12,218343.39,0.0,Closed,No,0,Priya Rao,Student,57996.0,Kochi,B022,Low,540.0,Poor,1.0,76.4,7.0,9.0,12,2629774.82,7,11,10,4.916666666666667,58.333333333333336,91.66666666666666,Bengaluru Branch 3,Bengaluru,37.54164011311125,1,1,1,1,0,1,0,1,0,70,Critical,Upper Middle,Very High Rate,Very Large Loan
L00234,C00968,B013,Business,2024-12-12,260081.99,13.92,60,7351.65,129302.11,Defaulted,Yes,30,Ajay Nair,Premium,125028.0,Madurai,B013,Low,685.0,Good,0.0,52.0,3.0,8.0,19,128153.70999999999,4,18,59,19.31578947368421,21.052631578947366,94.73684210526315,Mumbai Branch 2,Mumbai,2.080189957449531,0,0,1,0,1,1,0,0,1,70,Critical,High Income,High Rate,Medium Loan
L00235,C00207,B023,Auto,2022-12-13,587791.8,13.12,12,55409.17,192106.85,Defaulted,Yes,33,Ajay Verma,Retail,128939.0,Kochi,B023,Medium,771.0,Excellent,0.0,31.3,7.0,12.0,9,469418.08,5,9,59,12.444444444444445,55.55555555555556,100.0,Mumbai Branch 3,Mumbai,4.5586812368639436,0,0,1,0,1,1,0,1,1,70,Critical,High Income,High Rate,Large Loan
L00236,C00299,B014,Auto,2024-10-07,97748.07,14.18,48,3191.47,40040.89,Active,No,17,Rahul Sharma,Mass Affluent,38739.0,Kolkata,B014,Low,748.0,Good,0.0,17.7,4.0,9.0,23,73308.65,13,20,10,4.913043478260869,56.52173913043478,86.95652173913044,Delhi Branch 2,Delhi,2.5232471153101526,0,0,1,0,0,1,0,0,0,25,Medium,Lower Middle,High Rate,Small Loan
L00237,C00405,B014,Personal,2025-03-23,884847.9,10.54,36,32351.02,342737.69,Active,No,14,Anitha Kumar,Mass Affluent,100018.0,Kochi,B014,High,819.0,Excellent,1.0,25.9,1.0,6.0,18,586620.47,8,17,10,6.055555555555555,44.44444444444444,94.44444444444444,Delhi Branch 2,Delhi,8.846886560419124,0,0,1,0,0,1,0,0,0,25,Medium,High Income,Moderate Rate,Large Loan
L00238,C00982,B016,Education,2023-08-20,232100.55,15.42,60,6850.83,67862.75,Defaulted,Yes,84,Vijay Reddy,Mass Affluent,66688.0,Coimbatore,B016,Low,670.0,Good,0.0,35.1,1.0,3.0,19,116447.52,6,18,57,14.68421052631579,31.57894736842105,94.73684210526315,Pune Branch 2,Pune,3.480394523752399,0,0,1,1,1,1,0,0,1,70,Critical,Upper Middle,High Rate,Medium Loan
L00239,C00288,B013,Home,2026-04-21,631315.2,15.66,36,25775.2,495319.76,Defaulted,Yes,58,Divya Patel,Retail,67927.0,Bengaluru,B013,Low,723.0,Good,0.0,48.4,3.0,0.0,4,91043.25,2,3,32,10.75,50.0,75.0,Mumbai Branch 2,Mumbai,9.29402446744299,0,0,1,1,1,1,0,0,1,70,Critical,Upper Middle,High Rate,Large Loan
L00240,C00996,B001,Auto,2025-10-28,1816312.18,16.46,12,176273.1,426536.26,Active,No,12,Divya Patel,Senior Citizen,23132.0,Bengaluru,B001,Medium,661.0,Good,0.0,31.4,7.0,9.0,11,1907250.24,6,10,10,5.454545454545454,54.54545454545454,90.9090909090909,Chennai Branch 1,Chennai,78.51946135223932,0,0,1,1,0,1,0,1,0,40,Medium,Low Income,Very High Rate,Very Large Loan
L00241,C00438,B016,Business,2023-02-17,532479.81,18.74,60,17190.22,261232.4,Active,No,12,Geetha Iyer,Mass Affluent,46940.0,Coimbatore,B016,Low,602.0,Fair,0.0,52.2,0.0,11.0,24,412387.17,16,21,10,4.333333333333333,66.66666666666666,87.5,Pune Branch 2,Pune,11.343839156369835,0,0,1,1,0,1,0,0,0,35,Medium,Lower Middle,Very High Rate,Large Loan
L00242,C00273,B023,Business,2025-10-22,1353845.8,15.23,60,39746.66,0.0,Closed,No,13,Ajay Iyer,Retail,42483.0,Delhi,B023,Medium,635.0,Fair,0.0,44.7,7.0,12.0,11,433544.39,6,10,10,4.7272727272727275,54.54545454545454,90.9090909090909,Mumbai Branch 3,Mumbai,31.86794247110609,0,0,1,1,0,1,0,1,0,40,Medium,Lower Middle,High Rate,Very Large Loan
L00243,C00709,B011,Business,2024-01-08,2188620.67,16.89,84,56859.84,1414889.34,Active,No,2,Pooja Iyer,Sme Owner,48699.0,Pune,B011,Medium,668.0,Good,0.0,39.1,6.0,12.0,24,1361931.76,13,22,10,5.25,54.166666666666664,91.66666666666666,Chennai Branch 2,Chennai,44.94179901024661,0,0,1,1,0,1,0,1,0,40,Medium,Lower Middle,Very High Rate,Very Large Loan
L00244,C00984,B023,Home,2024-07-26,95811.67,14.53,48,3156.2,87159.3,Active,No,16,Rohit Reddy,Premium,44123.0,Madurai,B023,Low,756.0,Excellent,0.0,44.2,7.0,5.0,24,75417.47,15,24,10,5.125,62.5,100.0,Mumbai Branch 3,Mumbai,2.1714677152505497,0,0,1,0,0,1,0,1,0,30,Medium,Lower Middle,High Rate,Small Loan
L00245,C00768,B025,Business,2025-01-06,1574888.55,14.66,48,52050.07,808880.48,Active,No,1,Vijay Verma,Senior Citizen,44658.0,Delhi,B025,Low,732.0,Good,0.0,8.5,6.0,10.0,20,1031265.3,12,17,10,4.8,60.0,85.0,Hyderabad Branch 3,Hyderabad,35.26554144834073,0,0,1,0,0,1,0,1,0,30,Medium,Lower Middle,High Rate,Very Large Loan
L00246,C00039,B007,Education,2022-08-13,178020.92,12.16,24,9221.48,122946.75,Active,No,19,Suresh Kumar,Retail,36650.0,Kolkata,B007,Low,787.0,Excellent,0.0,25.4,0.0,11.0,24,221422.5,14,21,10,4.458333333333333,58.333333333333336,87.5,Kolkata Branch 1,Kolkata,4.857323874488404,0,0,1,0,0,1,0,0,0,25,Medium,Low Income,High Rate,Medium Loan
L00247,C00808,B014,Education,2023-05-21,2398673.89,14.65,36,95913.64,1204893.94,Active,No,9,Sneha Kumar,Mass Affluent,93971.0,Hyderabad,B014,Low,765.0,Excellent,1.0,71.7,8.0,3.0,24,2303575.33,13,22,10,4.625,54.166666666666664,91.66666666666666,Delhi Branch 2,Delhi,25.525682284960254,0,0,1,0,0,1,0,1,0,30,Medium,High Income,High Rate,Very Large Loan
L00248,C00786,B009,Personal,2023-12-07,99298.91,15.17,48,3324.03,44547.07,Active,No,18,Naveen Rao,Sme Owner,43400.0,Hyderabad,B009,High,704.0,Good,0.0,41.4,0.0,0.0,24,79758.51,14,21,10,4.5,58.333333333333336,87.5,Coimbatore Branch 1,Coimbatore,2.2879933179723504,0,0,1,1,0,1,0,0,0,35,Medium,Lower Middle,High Rate,Small Loan
L00249,C00140,B017,Personal,2022-10-13,238860.02,16.87,60,7338.97,163519.81,Active,No,5,Divya Patel,Mass Affluent,54850.0,Madurai,B017,Low,673.0,Good,0.0,64.0,4.0,11.0,24,176413.04,8,23,10,6.083333333333333,33.33333333333333,95.83333333333334,Kolkata Branch 2,Kolkata,4.354786144029171,0,0,1,1,0,1,0,0,0,35,Medium,Upper Middle,Very High Rate,Medium Loan
L00250,C00498,B003,Home,2022-08-30,1771697.51,17.79,48,63175.78,1669257.79,Active,No,2,Sanjay Gupta,Premium,92800.0,Pune,B003,Medium,644.0,Fair,0.0,99.0,1.0,11.0,24,1512439.43,18,22,10,4.208333333333333,75.0,91.66666666666666,Mumbai Branch 1,Mumbai,19.091567995689655,0,1,1,1,0,1,0,0,0,45,Medium,High Income,Very High Rate,Very Large Loan
L00251,C00202,B015,Auto,2026-05-18,228210.8,11.11,60,5916.36,0.0,Closed,No,18,Rohit Iyer,Mass Affluent,56707.0,Pune,B015,Medium,796.0,Excellent,1.0,36.4,2.0,10.0,4,23430.23,4,3,4,2.5,100.0,75.0,Hyderabad Branch 2,Hyderabad,4.024384996561271,0,0,1,0,0,0,0,0,0,15,Low,Upper Middle,Moderate Rate,Medium Loan
L00252,C00585,B011,Auto,2022-10-18,836301.5,15.5,24,45648.12,644348.98,Defaulted,Yes,78,Meena Iyer,Student,31124.0,Hyderabad,B011,Low,634.0,Fair,2.0,54.9,4.0,10.0,21,847182.69,7,18,51,14.333333333333334,33.33333333333333,85.71428571428571,Chennai Branch 2,Chennai,26.869987790772395,0,0,1,1,1,1,1,0,1,70,Critical,Low Income,High Rate,Large Loan
L00253,C00635,B005,Auto,2022-01-02,80276.29,15.77,84,2010.63,0.0,Closed,No,6,Naveen Reddy,Retail,104818.0,Pune,B005,Low,674.0,Good,1.0,69.5,4.0,7.0,24,47902.55,11,24,10,5.791666666666667,45.83333333333333,100.0,Hyderabad Branch 1,Hyderabad,0.7658635921311224,0,0,0,1,0,1,0,0,0,20,Low,High Income,High Rate,Small Loan
L00254,C00936,B024,Home,2022-03-05,1061345.38,16.36,24,58692.4,221332.79,Active,No,7,Kavya Iyer,Retail,53053.0,Delhi,B024,Low,591.0,Fair,0.0,69.4,5.0,2.0,24,1401964.49,14,23,10,5.25,58.333333333333336,95.83333333333334,Delhi Branch 3,Delhi,20.00537914915273,1,0,1,1,0,1,0,1,0,60,High,Lower Middle,Very High Rate,Large Loan
L00255,C00894,B009,Auto,2024-11-21,935351.12,17.54,60,29260.9,0.0,Closed,No,8,Vijay Singh,Retail,42464.0,Coimbatore,B009,Medium,561.0,Fair,0.0,55.7,1.0,0.0,22,644681.68,11,19,10,5.318181818181818,50.0,86.36363636363636,Coimbatore Branch 1,Coimbatore,22.02691974378297,1,0,1,1,0,1,0,0,0,55,High,Lower Middle,Very High Rate,Large Loan
L00256,C00115,B008,Education,2026-02-17,1719445.72,18.93,12,170411.4,318409.17,Active,No,15,Karthik Sharma,Sme Owner,48148.0,Madurai,B008,Low,579.0,Fair,0.0,72.3,6.0,6.0,7,1200172.53,4,7,8,5.0,57.14285714285714,100.0,Madurai Branch 1,Madurai,35.71167483592257,1,0,1,1,0,1,0,1,0,60,High,Lower Middle,Very High Rate,Very Large Loan
L00257,C00977,B018,Home,2023-05-06,587728.27,13.37,36,22874.06,554987.48,Active,No,8,Sneha Kumar,Student,44328.0,Kochi,B018,Low,717.0,Good,0.0,52.6,3.0,7.0,24,546972.51,11,23,10,5.541666666666667,45.83333333333333,95.83333333333334,Madurai Branch 2,Madurai,13.258623669012813,0,0,1,0,0,1,0,0,0,25,Medium,Lower Middle,High Rate,Large Loan
L00258,C00899,B014,Home,2023-08-05,163774.31,14.51,36,6529.59,35368.46,Active,No,20,Vishal Patel,Retail,42345.0,Coimbatore,B014,Low,739.0,Good,0.0,54.7,1.0,11.0,24,155633.1,13,20,10,5.125,54.166666666666664,83.33333333333334,Delhi Branch 2,Delhi,3.8676186090447513,0,0,1,0,0,1,0,0,0,25,Medium,Lower Middle,High Rate,Small Loan
L00259,C00151,B018,Home,2024-06-13,895344.63,15.71,48,30374.57,773244.77,Active,No,15,Kavya Iyer,Mass Affluent,43116.0,Pune,B018,Low,721.0,Good,1.0,54.5,7.0,11.0,24,728372.67,8,24,10,6.416666666666667,33.33333333333333,100.0,Madurai Branch 2,Madurai,20.76594837183412,0,0,1,1,0,1,0,1,0,40,Medium,Lower Middle,High Rate,Large Loan
L00260,C00055,B008,Business,2024-02-07,566489.82,13.77,36,22236.3,322229.84,Active,No,9,Suresh Verma,Sme Owner,24640.0,Kochi,B008,Low,778.0,Excellent,0.0,33.0,0.0,5.0,24,532428.4500000001,15,22,10,4.458333333333333,62.5,91.66666666666666,Madurai Branch 1,Madurai,22.990658279220778,0,0,1,0,0,1,0,0,0,25,Medium,Low Income,High Rate,Large Loan
L00261,C00726,B020,Education,2022-12-15,2179546.52,15.9,36,89421.95,1421530.45,Active,No,8,Pooja Sharma,Retail,34096.0,Kolkata,B020,High,641.0,Fair,0.0,74.8,3.0,8.0,24,2157121.55,12,23,10,5.333333333333333,50.0,95.83333333333334,Kochi Branch 2,Kochi,63.92381862975129,0,0,1,1,0,1,0,0,0,35,Medium,Low Income,High Rate,Very Large Loan
L00262,C00590,B022,Home,2024-08-20,163547.58,18.84,60,5293.49,0.0,Closed,No,8,Pooja Iyer,Mass Affluent,24981.0,Mumbai,B022,Low,559.0,Fair,1.0,82.9,6.0,12.0,24,126460.81,12,24,10,5.416666666666667,50.0,100.0,Bengaluru Branch 3,Bengaluru,6.54687882790921,1,1,1,1,0,1,0,1,0,70,Critical,Low Income,Very High Rate,Small Loan
L00263,C00291,B021,Home,2026-01-01,166572.62,13.06,24,8753.39,0.0,Closed,No,16,Rohit Iyer,Retail,55274.0,Madurai,B021,Medium,737.0,Good,1.0,47.3,0.0,5.0,8,70958.52,6,8,10,3.875,75.0,100.0,Chennai Branch 3,Chennai,3.0135799833556463,0,0,1,0,0,1,0,0,0,25,Medium,Upper Middle,High Rate,Small Loan
L00264,C00072,B015,Education,2022-01-30,169813.84,14.79,12,16244.11,54221.12,Active,No,4,Divya Singh,Premium,54710.0,Kolkata,B015,Low,716.0,Good,0.0,10.8,6.0,4.0,12,192513.84,8,12,10,5.166666666666667,66.66666666666666,100.0,Hyderabad Branch 2,Hyderabad,3.1038903308353136,0,0,1,0,0,1,0,1,0,30,Medium,Upper Middle,High Rate,Small Loan
L00265,C00741,B014,Auto,2023-06-14,91578.73,19.24,60,2994.62,18943.7,Active,No,8,Sneha Nair,Mass Affluent,96842.0,Kochi,B014,Low,503.0,Poor,1.0,76.7,4.0,10.0,24,72057.01,14,24,10,5.0,58.333333333333336,100.0,Delhi Branch 2,Delhi,0.9456509572293013,1,1,0,1,0,1,0,0,0,50,High,High Income,Very High Rate,Small Loan
L00266,C00091,B018,Education,2024-02-17,164045.29,17.82,84,4388.99,66031.61,Defaulted,Yes,100,Kavya Singh,Retail,79455.0,Bengaluru,B018,Low,583.0,Fair,0.0,99.0,5.0,5.0,21,82505.04000000001,5,21,57,16.761904761904763,23.809523809523807,100.0,Madurai Branch 2,Madurai,2.0646314265936696,1,1,1,1,1,1,0,1,1,90,Critical,High Income,Very High Rate,Small Loan
L00267,C00022,B022,Auto,2025-11-05,309207.63,17.75,48,11015.52,0.0,Closed,No,12,Rohit Nair,Sme Owner,76828.0,Mumbai,B022,Medium,637.0,Fair,0.0,94.1,5.0,7.0,10,109622.54000000001,4,9,10,6.0,40.0,90.0,Bengaluru Branch 3,Bengaluru,4.024673686676732,0,1,1,1,0,1,0,1,0,50,High,High Income,Very High Rate,Medium Loan
L00268,C00184,B019,Education,2026-03-20,1752375.09,15.21,48,58719.17,1271630.87,Active,No,12,Kavya Kumar,Student,54987.0,Chennai,B019,High,730.0,Good,0.0,41.2,6.0,0.0,6,350667.0,6,5,5,2.3333333333333335,100.0,83.33333333333334,Coimbatore Branch 2,Coimbatore,31.86889792132686,0,0,1,1,0,0,0,1,0,30,Medium,Upper Middle,High Rate,Very Large Loan
L00269,C00873,B001,Business,2022-04-06,1144531.09,14.67,48,37836.29,629614.74,Active,No,10,Ajay Gupta,Premium,50357.0,Chennai,B001,High,711.0,Good,0.0,40.0,8.0,1.0,24,908829.27,15,23,10,5.0,62.5,95.83333333333334,Chennai Branch 1,Chennai,22.728341442103382,0,0,1,0,0,1,0,1,0,30,Medium,Lower Middle,High Rate,Very Large Loan
L00270,C00983,B007,Personal,2023-01-14,206889.24,14.43,36,8234.77,78620.91,Active,No,19,Divya Reddy,Premium,69305.0,Chennai,B007,Low,700.0,Good,0.0,24.1,7.0,6.0,24,197961.99,8,24,10,6.333333333333333,33.33333333333333,100.0,Kolkata Branch 1,Kolkata,2.9851993362672244,0,0,1,0,0,1,0,1,0,30,Medium,Upper Middle,High Rate,Medium Loan
L00271,C00447,B002,Business,2025-02-17,2015526.01,13.56,60,56367.54,1056973.55,Active,No,9,Vishal Reddy,Retail,66658.0,Pune,B002,Low,761.0,Excellent,0.0,40.5,2.0,5.0,19,1067558.74,11,16,10,4.7894736842105265,57.89473684210527,84.21052631578947,Bengaluru Branch 1,Bengaluru,30.236820936721774,0,0,1,0,0,1,0,0,0,25,Medium,Upper Middle,High Rate,Very Large Loan
L00272,C00046,B015,Business,2025-11-07,428348.64,14.24,12,40778.79,206174.17,Active,No,19,Suresh Reddy,Senior Citizen,37619.0,Delhi,B015,Low,671.0,Good,0.0,65.3,6.0,12.0,10,409593.83,3,9,10,6.6,30.0,90.0,Hyderabad Branch 2,Hyderabad,11.386497248730695,0,0,1,0,0,1,0,1,0,30,Medium,Lower Middle,High Rate,Medium Loan
L00273,C00495,B023,Business,2023-04-21,207592.94,15.91,84,5223.68,0.0,Closed,No,8,Rohit Reddy,Mass Affluent,61295.0,Madurai,B023,Low,668.0,Good,0.0,72.1,3.0,4.0,24,124141.41,15,22,10,4.833333333333333,62.5,91.66666666666666,Mumbai Branch 3,Mumbai,3.386784240150094,0,0,1,1,0,1,0,0,0,35,Medium,Upper Middle,High Rate,Medium Loan
L00274,C00817,B021,Education,2023-09-18,82468.14,18.8,24,4728.17,25708.24,Active,No,1,Ajay Kumar,Sme Owner,66728.0,Mumbai,B021,Medium,584.0,Fair,0.0,65.5,1.0,7.0,24,113682.66,15,20,10,4.75,62.5,83.33333333333334,Chennai Branch 3,Chennai,1.2358850857211365,1,0,1,1,0,1,0,0,0,55,High,Upper Middle,Very High Rate,Small Loan
L00275,C00113,B025,Personal,2023-05-22,259467.25,15.68,36,10597.8,0.0,Closed,No,6,Deepa Nair,Sme Owner,128565.0,Madurai,B025,Low,717.0,Good,0.0,51.3,0.0,12.0,24,254758.54,9,22,10,5.833333333333333,37.5,91.66666666666666,Hyderabad Branch 3,Hyderabad,2.0181795200871155,0,0,1,1,0,1,0,0,0,35,Medium,High Income,High Rate,Medium Loan
L00276,C00990,B004,Personal,2022-08-11,269017.73,14.78,12,25731.55,0.0,Closed,No,8,Pooja Iyer,Mass Affluent,22159.0,Delhi,B004,Medium,651.0,Good,0.0,40.8,1.0,5.0,12,310447.67,7,11,10,5.25,58.333333333333336,91.66666666666666,Delhi Branch 1,Delhi,12.140337109075318,0,0,1,0,0,1,0,0,0,25,Medium,Low Income,High Rate,Medium Loan
L00277,C00611,B011,Auto,2023-10-25,96019.35,13.15,60,2652.53,42942.21,Active,No,9,Vishal Reddy,Sme Owner,59148.0,Kolkata,B011,Medium,744.0,Good,0.0,7.3,6.0,7.0,24,63735.78,16,22,10,4.541666666666667,66.66666666666666,91.66666666666666,Chennai Branch 2,Chennai,1.623374416717387,0,0,1,0,0,1,0,1,0,30,Medium,Upper Middle,High Rate,Small Loan
L00278,C00336,B018,Auto,2022-06-03,646043.91,15.05,36,26048.13,411459.05,Defaulted,Yes,62,Karthik Singh,Senior Citizen,44212.0,Chennai,B018,Low,685.0,Good,0.0,14.4,8.0,3.0,18,432432.01,8,17,54,14.166666666666666,44.44444444444444,94.44444444444444,Madurai Branch 2,Madurai,14.612410883922918,0,0,1,1,1,1,0,1,1,70,Critical,Lower Middle,High Rate,Large Loan
L00279,C00118,B019,Personal,2023-10-12,736446.82,18.36,24,41952.92,0.0,Closed,No,17,Pooja Verma,Retail,60348.0,Bengaluru,B019,Low,620.0,Fair,0.0,70.2,7.0,1.0,24,1004158.15,14,24,10,5.291666666666667,58.333333333333336,100.0,Coimbatore Branch 2,Coimbatore,12.203334327566779,0,0,1,1,0,1,0,1,0,40,Medium,Upper Middle,Very High Rate,Large Loan
L00280,C00402,B009,Home,2025-09-06,318020.03,17.19,12,31057.31,290731.46,Active,No,19,Priya Reddy,Mass Affluent,37135.0,Chennai,B009,Medium,607.0,Fair,0.0,53.0,1.0,3.0,12,374382.73,7,11,9,4.666666666666667,58.333333333333336,91.66666666666666,Coimbatore Branch 1,Coimbatore,8.56388932274135,0,0,1,1,0,1,0,0,0,35,Medium,Low Income,Very High Rate,Medium Loan
L00281,C00307,B004,Business,2025-01-16,1189350.72,16.59,24,65999.05,0.0,Closed,No,17,Rahul Rao,Premium,92696.0,Kochi,B004,Medium,606.0,Fair,1.0,48.5,1.0,4.0,20,1321404.45,8,18,10,5.8,40.0,90.0,Delhi Branch 1,Delhi,12.830658496591006,0,0,1,1,0,1,0,0,0,35,Medium,High Income,Very High Rate,Very Large Loan
L00282,C00891,B025,Home,2024-12-29,1065717.81,14.98,84,25990.83,0.0,Closed,No,12,Priya Reddy,Senior Citizen,22377.0,Coimbatore,B025,Low,649.0,Fair,0.0,68.8,5.0,9.0,21,547738.26,12,18,10,4.428571428571429,57.14285714285714,85.71428571428571,Hyderabad Branch 3,Hyderabad,47.62558922107522,0,0,1,0,0,1,0,1,0,30,Medium,Low Income,High Rate,Large Loan
L00283,C00269,B024,Personal,2025-04-09,107700.02,18.95,84,2982.91,0.0,Closed,No,13,Pooja Singh,Retail,24212.0,Kolkata,B024,Medium,554.0,Fair,1.0,62.5,7.0,5.0,17,50915.62,10,17,10,5.647058823529412,58.82352941176471,100.0,Delhi Branch 3,Delhi,4.448208326449694,1,0,1,1,0,1,0,1,0,60,High,Low Income,Very High Rate,Small Loan
L00284,C00607,B004,Education,2023-09-20,181098.96,13.9,60,5116.05,112920.44,Active,No,12,Anitha Patel,Mass Affluent,32939.0,Coimbatore,B004,Medium,735.0,Good,0.0,32.1,0.0,4.0,24,122804.88,15,20,10,4.208333333333333,62.5,83.33333333333334,Delhi Branch 1,Delhi,5.49801026139227,0,0,1,0,0,1,0,0,0,25,Medium,Low Income,High Rate,Medium Loan
L00285,C00473,B005,Education,2022-08-28,1827165.8,14.67,36,73091.71,553615.61,Active,No,15,Divya Reddy,Mass Affluent,92491.0,Delhi,B005,Low,705.0,Good,0.0,32.4,0.0,5.0,24,1761515.17,13,22,10,5.25,54.166666666666664,91.66666666666666,Hyderabad Branch 1,Hyderabad,19.75506589830362,0,0,1,0,0,1,0,0,0,25,Medium,High Income,High Rate,Very Large Loan
L00286,C00488,B001,Education,2025-09-03,83618.23,17.71,24,4718.16,0.0,Closed,No,1,Ajay Singh,Premium,66722.0,Coimbatore,B001,Low,637.0,Fair,0.0,48.3,6.0,7.0,12,56730.94,8,11,10,5.25,66.66666666666666,91.66666666666666,Chennai Branch 1,Chennai,1.2532332663888972,0,0,1,1,0,1,0,1,0,40,Medium,Upper Middle,Very High Rate,Small Loan
L00287,C00580,B004,Home,2022-01-19,856818.49,15.72,24,46925.09,0.0,Closed,No,14,Vishal Patel,Retail,78036.0,Madurai,B004,Low,700.0,Good,0.0,35.4,5.0,10.0,24,1129751.2,13,22,10,5.25,54.166666666666664,91.66666666666666,Delhi Branch 1,Delhi,10.979784842893023,0,0,1,1,0,1,0,1,0,40,Medium,High Income,High Rate,Large Loan
L00288,C00650,B021,Personal,2025-07-28,168068.74,13.01,36,6490.72,0.0,Closed,No,8,Pooja Patel,Mass Affluent,23613.0,Kochi,B021,Medium,735.0,Good,0.0,4.3,0.0,12.0,14,90225.42,7,13,10,5.714285714285714,50.0,92.85714285714286,Chennai Branch 3,Chennai,7.117636047939694,0,0,1,0,0,1,0,0,0,25,Medium,Low Income,High Rate,Small Loan
L00289,C00999,B012,Auto,2026-01-20,819302.9,14.15,36,32419.36,221542.36,Active,No,3,Meena Singh,Student,72002.0,Hyderabad,B012,Low,720.0,Good,0.0,55.1,6.0,9.0,8,259525.55,2,8,9,6.375,25.0,100.0,Bengaluru Branch 2,Bengaluru,11.378890864142663,0,0,1,0,0,1,0,1,0,30,Medium,Upper Middle,High Rate,Large Loan
L00290,C00208,B014,Business,2023-04-28,934632.68,15.7,84,23354.69,647224.43,Defaulted,Yes,34,Rohit Iyer,Retail,47851.0,Delhi,B014,Low,661.0,Good,0.0,34.3,8.0,9.0,19,414944.66000000003,8,17,57,14.31578947368421,42.10526315789473,89.47368421052632,Delhi Branch 2,Delhi,19.532145200727257,0,0,1,1,1,1,0,1,1,70,Critical,Lower Middle,High Rate,Large Loan
L00291,C00719,B005,Home,2024-02-24,1724527.1,13.32,24,90997.55,0.0,Closed,No,17,Ajay Kumar,Retail,103904.0,Madurai,B005,Low,730.0,Good,0.0,40.6,8.0,12.0,24,2173288.17,17,21,10,4.333333333333333,70.83333333333334,87.5,Hyderabad Branch 1,Hyderabad,16.597311941792423,0,0,1,0,0,1,0,1,0,30,Medium,High Income,High Rate,Very Large Loan
L00292,C00750,B022,Education,2025-08-10,177264.57,12.69,12,16646.62,0.0,Closed,No,16,Ajay Gupta,Sme Owner,27203.0,Pune,B022,Medium,734.0,Good,0.0,42.6,4.0,12.0,12,198430.76,3,12,10,7.833333333333333,25.0,100.0,Bengaluru Branch 3,Bengaluru,6.516361063118039,0,0,1,0,0,1,0,0,0,25,Medium,Low Income,High Rate,Medium Loan
L00293,C00242,B025,Home,2022-05-06,413109.15,13.27,24,21781.18,0.0,Closed,No,9,Suresh Singh,Retail,45049.0,Bengaluru,B025,Low,742.0,Good,0.0,33.6,2.0,6.0,24,522164.82,15,21,10,4.666666666666667,62.5,87.5,Hyderabad Branch 3,Hyderabad,9.17021798486093,0,0,1,0,0,1,0,0,0,25,Medium,Lower Middle,High Rate,Medium Loan
L00294,C00023,B008,Auto,2023-07-28,330362.82,17.84,48,11793.95,301888.94,Defaulted,Yes,106,Divya Singh,Senior Citizen,24950.0,Chennai,B008,Low,568.0,Fair,1.0,67.6,5.0,4.0,17,184829.08,8,16,46,12.647058823529411,47.05882352941176,94.11764705882352,Madurai Branch 1,Madurai,13.240994789579158,1,0,1,1,1,1,0,1,1,80,Critical,Low Income,Very High Rate,Medium Loan
L00295,C00888,B024,Personal,2024-11-21,328500.15,17.22,24,18401.48,0.0,Closed,No,18,Geetha Patel,Retail,107756.0,Bengaluru,B024,Low,581.0,Fair,1.0,58.3,7.0,10.0,22,407613.14,13,20,10,4.954545454545454,59.09090909090909,90.9090909090909,Delhi Branch 3,Delhi,3.0485555328705596,1,0,1,1,0,1,0,1,0,60,High,High Income,Very High Rate,Medium Loan
L00296,C00791,B024,Home,2023-09-12,1214666.1,10.87,12,112225.03,1063851.89,Defaulted,Yes,31,Vishal Nair,Student,67977.0,Kolkata,B024,Low,837.0,Excellent,0.0,32.9,2.0,10.0,10,1014781.6,4,9,44,13.3,40.0,90.0,Delhi Branch 3,Delhi,17.86878061697339,0,0,1,0,1,1,0,0,1,70,Critical,Upper Middle,Moderate Rate,Very Large Loan
L00297,C00270,B023,Auto,2023-04-28,1490529.88,15.06,24,80811.56,1342911.0,Active,No,4,Ajay Rao,Retail,68826.0,Coimbatore,B023,Low,718.0,Good,0.0,21.2,0.0,10.0,24,1933952.53,11,22,10,5.708333333333333,45.83333333333333,91.66666666666666,Mumbai Branch 3,Mumbai,21.656494348066136,0,0,1,1,0,1,0,0,0,35,Medium,Upper Middle,High Rate,Very Large Loan
L00298,C00258,B001,Auto,2024-06-12,1484829.07,16.58,48,51449.33,695300.23,Active,No,14,Sneha Iyer,Senior Citizen,175086.0,Bengaluru,B001,Low,654.0,Good,1.0,76.9,6.0,5.0,24,1237043.69,14,19,9,4.166666666666667,58.333333333333336,79.16666666666666,Chennai Branch 1,Chennai,8.48056994848246,0,1,1,1,0,1,0,1,0,50,High,High Income,Very High Rate,Very Large Loan
L00299,C00221,B024,Auto,2023-11-23,195505.05,10.73,24,9894.18,74385.85,Active,No,3,Sneha Reddy,Premium,32607.0,Pune,B024,Medium,868.0,Excellent,0.0,32.8,8.0,6.0,24,237432.04,15,21,10,4.083333333333333,62.5,87.5,Delhi Branch 3,Delhi,5.995799981599043,0,0,1,0,0,1,0,1,0,30,Medium,Low Income,Moderate Rate,Medium Loan
L00300,C00330,B010,Home,2023-11-27,232730.99,13.27,12,21967.87,0.0,Closed,No,4,Deepa Rao,Retail,66978.0,Bengaluru,B010,Low,758.0,Excellent,0.0,22.5,7.0,11.0,12,261958.36,9,11,7,3.75,75.0,91.66666666666666,Kochi Branch 1,Kochi,3.4747378243602376,0,0,1,0,0,1,0,1,0,30,Medium,Upper Middle,High Rate,Medium Loan
L00301,C00458,B020,Auto,2022-05-22,435846.42,17.02,24,24342.02,289112.04,Defaulted,Yes,56,Lakshmi Sharma,Student,63034.0,Bengaluru,B020,Low,644.0,Fair,1.0,89.3,5.0,5.0,19,423030.24,8,18,60,18.105263157894736,42.10526315789473,94.73684210526315,Kochi Branch 2,Kochi,6.914465526541232,0,1,1,1,1,1,0,1,1,70,Critical,Upper Middle,Very High Rate,Medium Loan
L00302,C00949,B001,Personal,2025-03-12,566101.3,13.42,24,29918.45,365126.33,Active,No,17,Naveen Iyer,Retail,34515.0,Kolkata,B001,Low,730.0,Good,0.0,52.7,4.0,4.0,18,537840.66,6,18,10,6.777777777777778,33.33333333333333,100.0,Chennai Branch 1,Chennai,16.401602201941188,0,0,1,0,0,1,0,0,0,25,Medium,Low Income,High Rate,Large Loan
L00303,C00816,B023,Home,2024-08-27,751273.96,14.45,48,24698.13,0.0,Closed,No,2,Vijay Rao,Retail,74303.0,Pune,B023,Low,769.0,Excellent,0.0,47.6,1.0,9.0,24,594172.29,7,23,10,6.333333333333333,29.166666666666668,95.83333333333334,Mumbai Branch 3,Mumbai,10.110950567271846,0,0,1,0,0,1,0,0,0,25,Medium,High Income,High Rate,Large Loan
L00304,C00277,B012,Education,2023-03-29,208241.69,12.21,12,19472.33,0.0,Closed,No,19,Arun Nair,Premium,125754.0,Madurai,B012,Low,824.0,Excellent,0.0,32.5,0.0,11.0,12,233195.65,10,11,10,4.5,83.33333333333334,91.66666666666666,Bengaluru Branch 2,Bengaluru,1.6559448606008556,0,0,1,0,0,0,0,0,0,15,Low,High Income,High Rate,Medium Loan
L00305,C00485,B010,Business,2023-05-12,128882.29,17.42,60,4018.98,51816.68,Active,No,2,Lakshmi Kumar,Retail,104336.0,Madurai,B010,Low,596.0,Fair,0.0,31.3,6.0,1.0,24,96201.25,9,24,10,5.916666666666667,37.5,100.0,Kochi Branch 1,Kochi,1.2352619421867812,1,0,1,1,0,1,0,1,0,60,High,High Income,Very High Rate,Small Loan
L00306,C00541,B004,Education,2022-07-03,560408.24,12.35,84,12439.06,524777.11,Active,No,1,Sneha Sharma,Premium,46347.0,Madurai,B004,Low,756.0,Excellent,0.0,45.8,0.0,9.0,24,298652.12,14,19,10,4.166666666666667,58.333333333333336,79.16666666666666,Delhi Branch 1,Delhi,12.091575290741579,0,0,1,0,0,1,0,0,0,25,Medium,Lower Middle,High Rate,Large Loan
L00307,C00605,B015,Personal,2025-05-09,1142549.97,14.36,36,45410.01,826878.42,Defaulted,Yes,62,Sneha Kumar,Retail,61385.0,Coimbatore,B015,Medium,752.0,Excellent,0.0,63.2,8.0,1.0,13,546794.11,4,12,54,16.23076923076923,30.76923076923077,92.3076923076923,Hyderabad Branch 2,Hyderabad,18.612852814205425,0,0,1,0,1,1,0,1,1,70,Critical,Upper Middle,High Rate,Very Large Loan
L00308,C00216,B005,Auto,2023-07-01,287264.88,14.65,48,9491.71,215161.1,Active,No,18,Rohit Sharma,Student,117841.0,Mumbai,B005,Low,759.0,Excellent,1.0,38.6,4.0,4.0,24,228853.19,17,23,10,4.375,70.83333333333334,95.83333333333334,Hyderabad Branch 1,Hyderabad,2.437732877351686,0,0,1,0,0,1,0,0,0,25,Medium,High Income,High Rate,Medium Loan
L00309,C00350,B024,Personal,2025-11-14,1035295.79,16.63,24,57484.8,676463.38,Active,No,5,Rohit Reddy,Sme Owner,49454.0,Delhi,B024,Medium,605.0,Fair,0.0,75.0,8.0,12.0,10,573397.0700000001,6,10,9,4.1,60.0,100.0,Delhi Branch 3,Delhi,20.934520766773165,0,1,1,1,0,1,0,1,0,50,High,Lower Middle,Very High Rate,Large Loan
L00310,C00024,B018,Education,2022-11-18,1438784.08,12.25,36,54653.81,0.0,Closed,No,16,Rahul Reddy,Sme Owner,41307.0,Bengaluru,B018,Low,810.0,Excellent,0.0,6.0,2.0,9.0,24,1310388.59,7,24,10,6.375,29.166666666666668,100.0,Madurai Branch 2,Madurai,34.83148328370494,0,0,1,0,0,1,0,0,0,25,Medium,Lower Middle,High Rate,Very Large Loan
L00311,C00353,B004,Personal,2022-08-06,1753044.43,14.21,48,57280.73,527112.44,Active,No,11,Deepa Patel,Mass Affluent,49196.0,Hyderabad,B004,Medium,710.0,Good,0.0,46.4,5.0,8.0,24,1377312.17,16,23,10,4.625,66.66666666666666,95.83333333333334,Delhi Branch 1,Delhi,35.633881413123014,0,0,1,0,0,1,0,1,0,30,Medium,Lower Middle,High Rate,Very Large Loan
L00312,C00685,B001,Education,2022-05-03,244739.07,14.06,12,23262.45,103692.32,Active,No,13,Deepa Nair,Sme Owner,36147.0,Delhi,B001,Low,683.0,Good,0.0,52.1,5.0,11.0,12,280304.01,7,11,10,4.75,58.333333333333336,91.66666666666666,Chennai Branch 1,Chennai,6.770660635737406,0,0,1,0,0,1,0,1,0,30,Medium,Low Income,High Rate,Medium Loan
L00313,C00948,B021,Auto,2024-04-04,1759096.34,15.73,36,71922.61,938561.21,Active,No,17,Rohit Gupta,Mass Affluent,81691.0,Madurai,B021,Low,717.0,Good,0.0,1.0,4.0,12.0,24,1724669.77,11,24,10,5.333333333333333,45.83333333333333,100.0,Chennai Branch 3,Chennai,21.533539067951182,0,0,1,1,0,1,0,0,0,35,Medium,High Income,High Rate,Very Large Loan
L00314,C00965,B002,Auto,2023-08-16,592785.4,16.79,24,32993.45,0.0,Closed,No,6,Vishal Sharma,Sme Owner,72272.0,Kochi,B002,High,647.0,Fair,1.0,11.1,5.0,6.0,24,790303.63,15,20,10,4.625,62.5,83.33333333333334,Bengaluru Branch 1,Bengaluru,8.202144675669693,0,0,1,1,0,1,0,1,0,40,Medium,Upper Middle,Very High Rate,Large Loan
L00315,C00420,B011,Education,2023-12-26,262057.26,16.29,48,9016.95,0.0,Closed,No,9,Anitha Rao,Mass Affluent,77175.0,Mumbai,B011,Low,623.0,Fair,1.0,60.7,6.0,5.0,24,217334.48,15,24,10,5.0,62.5,100.0,Chennai Branch 2,Chennai,3.3956237123420796,0,0,1,1,0,1,0,1,0,40,Medium,High Income,Very High Rate,Medium Loan
L00316,C00033,B014,Auto,2023-02-16,140051.09,15.32,84,3455.26,56032.61,Defaulted,Yes,56,Vishal Rao,Sme Owner,80315.0,Pune,B014,Medium,717.0,Good,0.0,43.7,0.0,0.0,20,64536.68,6,19,57,15.5,30.0,95.0,Delhi Branch 2,Delhi,1.7437725206997448,0,0,1,1,1,1,0,0,1,70,Critical,High Income,High Rate,Small Loan
L00317,C00191,B024,Personal,2024-01-21,891860.23,16.57,60,27179.44,416237.09,Active,No,12,Deepa Singh,Senior Citizen,25087.0,Kochi,B024,Medium,668.0,Good,1.0,19.9,7.0,4.0,24,648940.89,15,23,10,4.916666666666667,62.5,95.83333333333334,Delhi Branch 3,Delhi,35.55069278909395,0,0,1,1,0,1,0,1,0,40,Medium,Low Income,Very High Rate,Large Loan
L00318,C00878,B017,Auto,2024-04-16,811090.69,14.12,60,23062.01,148770.27,Active,No,20,Vijay Gupta,Retail,89269.0,Pune,B017,Low,743.0,Good,0.0,29.2,2.0,9.0,24,550751.7,10,24,10,5.5,41.66666666666667,100.0,Kolkata Branch 2,Kolkata,9.085916611589688,0,0,1,0,0,1,0,0,0,25,Medium,High Income,High Rate,Large Loan
L00319,C00798,B008,Home,2022-11-11,324640.69,13.74,36,12734.93,240042.82,Active,No,16,Lakshmi Rao,Senior Citizen,41878.0,Mumbai,B008,Low,744.0,Good,1.0,42.2,2.0,6.0,24,305558.45,16,21,10,4.083333333333333,66.66666666666666,87.5,Madurai Branch 1,Madurai,7.7520581212092265,0,0,1,0,0,1,0,0,0,25,Medium,Lower Middle,High Rate,Medium Loan
L00320,C00414,B003,Home,2022-11-24,527485.52,16.71,60,16136.66,216719.62,Active,No,8,Divya Kumar,Senior Citizen,36744.0,Delhi,B003,Low,582.0,Fair,1.0,68.1,7.0,3.0,24,387827.61,14,22,10,4.708333333333333,58.333333333333336,91.66666666666666,Mumbai Branch 1,Mumbai,14.355691269322882,1,0,1,1,0,1,0,1,0,60,High,Low Income,Very High Rate,Large Loan
L00321,C00975,B003,Home,2024-01-25,705937.97,19.28,84,19746.09,235699.81,Active,No,12,Rahul Rao,Senior Citizen,57735.0,Bengaluru,B003,Low,579.0,Fair,0.0,81.7,1.0,8.0,24,473091.94,13,21,10,5.166666666666667,54.166666666666664,87.5,Mumbai Branch 1,Mumbai,12.227210011258334,1,1,1,1,0,1,0,0,0,65,High,Upper Middle,Very High Rate,Large Loan
L00322,C00482,B025,Auto,2024-05-29,818029.54,15.29,24,44507.62,243697.86,Defaulted,Yes,90,Naveen Singh,Premium,64154.0,Delhi,B025,Low,637.0,Fair,0.0,72.6,8.0,2.0,21,843119.36,6,21,47,16.19047619047619,28.57142857142857,100.0,Hyderabad Branch 3,Hyderabad,12.751029398011037,0,0,1,1,1,1,0,1,1,70,Critical,Upper Middle,High Rate,Large Loan
L00323,C00892,B013,Home,2022-11-14,101804.93,12.26,48,3161.04,25195.48,Active,No,19,Geetha Gupta,Senior Citizen,189391.0,Kolkata,B013,High,776.0,Excellent,0.0,11.4,2.0,0.0,24,75905.25,14,23,10,4.833333333333333,58.333333333333336,95.83333333333334,Mumbai Branch 2,Mumbai,0.5375383729955489,0,0,0,0,0,1,0,0,0,10,Low,High Income,High Rate,Small Loan
L00324,C00444,B020,Home,2025-10-06,283404.44,12.4,36,10800.86,180212.47,Active,No,11,Rohit Reddy,Retail,117304.0,Chennai,B020,Low,835.0,Excellent,0.0,28.3,2.0,4.0,11,119031.23,7,11,8,4.909090909090909,63.63636363636363,100.0,Kochi Branch 2,Kochi,2.4159827456864216,0,0,1,0,0,1,0,0,0,25,Medium,High Income,High Rate,Medium Loan
L00325,C00679,B001,Business,2023-09-18,83477.97,17.32,84,2198.65,49718.94,Active,No,0,Karthik Singh,Mass Affluent,34296.0,Pune,B001,Low,666.0,Good,0.0,46.3,2.0,7.0,24,52834.1,14,23,10,5.208333333333333,58.333333333333336,95.83333333333334,Chennai Branch 1,Chennai,2.434043911826452,0,0,1,1,0,1,0,0,0,35,Medium,Low Income,Very High Rate,Small Loan
L00326,C00062,B012,Auto,2025-04-26,1683156.51,18.86,84,46491.19,325771.87,Defaulted,Yes,99,Karthik Iyer,Retail,52952.0,Pune,B012,Low,567.0,Fair,0.0,27.1,1.0,8.0,14,603547.09,5,13,47,14.928571428571429,35.714285714285715,92.85714285714286,Bengaluru Branch 2,Bengaluru,31.786457735307447,1,0,1,1,1,1,0,0,1,75,Critical,Lower Middle,Very High Rate,Very Large Loan
L00327,C00493,B008,Education,2023-08-26,1523098.2,17.64,84,40521.66,0.0,Closed,No,19,Karthik Singh,Student,83267.0,Mumbai,B008,High,560.0,Fair,0.0,67.6,5.0,10.0,24,975479.28,7,24,10,6.5,29.166666666666668,100.0,Madurai Branch 1,Madurai,18.29173862394466,1,0,1,1,0,1,0,1,0,60,High,High Income,Very High Rate,Very Large Loan
L00328,C00088,B020,Auto,2022-11-16,82011.9,17.36,60,2553.3,76634.68,Active,No,12,Ajay Gupta,Mass Affluent,61356.0,Bengaluru,B020,Low,663.0,Good,0.0,17.0,4.0,9.0,24,61616.09,14,23,10,4.75,58.333333333333336,95.83333333333334,Kochi Branch 2,Kochi,1.3366565617054567,0,0,1,1,0,1,0,0,0,35,Medium,Upper Middle,Very High Rate,Small Loan
L00329,C00652,B015,Business,2022-01-10,537566.6,11.37,84,11493.05,303420.0,Active,No,16,Sneha Nair,Senior Citizen,31445.0,Delhi,B015,Low,812.0,Excellent,1.0,31.2,7.0,10.0,24,276925.72,12,23,10,5.375,50.0,95.83333333333334,Hyderabad Branch 2,Hyderabad,17.095455557322307,0,0,1,0,0,1,0,1,0,30,Medium,Low Income,Moderate Rate,Large Loan
L00330,C00555,B003,Business,2022-02-03,230303.71,16.06,84,5823.94,0.0,Closed,No,5,Sanjay Reddy,Retail,48809.0,Chennai,B003,Medium,687.0,Good,0.0,45.8,8.0,0.0,24,139649.06,14,22,10,4.916666666666667,58.333333333333336,91.66666666666666,Mumbai Branch 1,Mumbai,4.718468110389477,0,0,1,1,0,1,0,1,0,40,Medium,Lower Middle,Very High Rate,Medium Loan
L00331,C00123,B013,Home,2024-09-03,836138.9,14.81,60,24255.0,0.0,Closed,No,4,Sneha Kumar,Retail,49808.0,Pune,B013,Low,699.0,Good,0.0,40.8,5.0,9.0,24,585301.51,12,23,10,5.291666666666667,50.0,95.83333333333334,Mumbai Branch 2,Mumbai,16.78724100546097,0,0,1,0,0,1,0,1,0,30,Medium,Lower Middle,High Rate,Large Loan
L00332,C00164,B024,Home,2024-07-06,336863.28,15.38,36,13674.78,0.0,Closed,No,9,Priya Patel,Mass Affluent,25308.0,Coimbatore,B024,Low,718.0,Good,0.0,54.1,4.0,1.0,24,329560.66,12,21,10,5.166666666666667,50.0,87.5,Delhi Branch 3,Delhi,13.310545282124231,0,0,1,1,0,1,0,0,0,35,Medium,Low Income,High Rate,Medium Loan
L00333,C00852,B010,Home,2025-12-28,1168724.77,12.99,60,32130.19,855652.0,Active,No,8,Sanjay Kumar,Student,74477.0,Coimbatore,B010,Low,819.0,Excellent,0.0,45.6,1.0,8.0,9,289059.21,5,7,9,4.444444444444445,55.55555555555556,77.77777777777779,Kochi Branch 1,Kochi,15.692425446782229,0,0,1,0,0,1,0,0,0,25,Medium,High Income,High Rate,Very Large Loan
L00334,C00187,B025,Auto,2023-05-09,1306101.44,14.54,84,31374.42,630781.77,Active,No,3,Rohit Singh,Retail,41838.0,Pune,B025,Low,752.0,Excellent,0.0,1.0,6.0,0.0,24,751016.32,17,22,10,4.166666666666667,70.83333333333334,91.66666666666666,Hyderabad Branch 3,Hyderabad,31.21806587312969,0,0,1,0,0,1,0,1,0,30,Medium,Lower Middle,High Rate,Very Large Loan
L00335,C00870,B009,Education,2025-05-12,94137.52,15.11,36,3800.28,17750.36,Defaulted,Yes,78,Karthik Sharma,Retail,61409.0,Mumbai,B009,Medium,748.0,Good,0.0,15.1,5.0,11.0,16,55376.97,3,15,55,22.8125,18.75,93.75,Coimbatore Branch 1,Coimbatore,1.5329596638929148,0,0,1,1,1,1,0,1,1,70,Critical,Upper Middle,High Rate,Small Loan
L00336,C00409,B025,Business,2024-03-01,1916684.47,18.63,60,61701.27,1732907.52,Active,No,19,Ajay Verma,Premium,56686.0,Coimbatore,B025,Low,555.0,Fair,1.0,54.2,2.0,7.0,24,1475713.62,8,22,10,5.875,33.33333333333333,91.66666666666666,Hyderabad Branch 3,Hyderabad,33.81230762445754,1,0,1,1,0,1,0,0,0,55,High,Upper Middle,Very High Rate,Very Large Loan
L00337,C00098,B001,Home,2022-02-08,181747.13,13.58,36,7105.3,0.0,Closed,No,19,Priya Kumar,Sme Owner,78109.0,Hyderabad,B001,Low,727.0,Good,0.0,11.4,2.0,5.0,24,170151.61,10,22,10,5.5,41.66666666666667,91.66666666666666,Chennai Branch 1,Chennai,2.326839800791202,0,0,1,0,0,1,0,0,0,25,Medium,High Income,High Rate,Medium Loan
L00338,C00753,B023,Auto,2025-12-19,625015.42,14.67,60,18057.74,208529.11,Active,No,9,Vijay Singh,Sme Owner,72403.0,Hyderabad,B023,Medium,768.0,Excellent,0.0,49.5,5.0,11.0,9,162647.12,4,8,9,5.111111111111111,44.44444444444444,88.88888888888889,Mumbai Branch 3,Mumbai,8.63245197022223,0,0,1,0,0,1,0,1,0,30,Medium,Upper Middle,High Rate,Large Loan
L00339,C00584,B003,Home,2023-04-12,409410.0,13.48,60,11422.54,0.0,Closed,No,7,Vishal Reddy,Retail,58237.0,Kochi,B003,Low,768.0,Excellent,0.0,21.1,7.0,11.0,24,275172.41,12,22,10,5.833333333333333,50.0,91.66666666666666,Mumbai Branch 1,Mumbai,7.030066796023147,0,0,1,0,0,1,0,1,0,30,Medium,Upper Middle,High Rate,Medium Loan
L00340,C00788,B020,Auto,2023-01-26,1622127.44,14.86,84,39398.39,0.0,Closed,No,2,Ajay Sharma,Premium,43160.0,Pune,B020,Medium,693.0,Good,0.0,15.7,0.0,8.0,24,950501.41,12,21,10,4.666666666666667,50.0,87.5,Kochi Branch 2,Kochi,37.58404633920296,0,0,1,0,0,1,0,0,0,25,Medium,Lower Middle,High Rate,Very Large Loan
L00341,C00131,B021,Education,2024-10-08,211632.11,14.29,24,11338.19,138684.69,Active,No,19,Sneha Singh,Retail,173763.0,Coimbatore,B021,Low,763.0,Excellent,0.0,21.1,1.0,3.0,23,259622.04,13,20,10,4.739130434782608,56.52173913043478,86.95652173913044,Chennai Branch 3,Chennai,1.217935406271761,0,0,1,0,0,1,0,0,0,25,Medium,High Income,High Rate,Medium Loan
L00342,C00193,B015,Home,2022-11-20,2245642.37,11.12,84,47543.46,474780.67,Active,No,6,Kavya Singh,Sme Owner,73535.0,Hyderabad,B015,Low,806.0,Excellent,0.0,22.9,7.0,11.0,24,1140441.92,11,23,10,5.5,45.83333333333333,95.83333333333334,Hyderabad Branch 2,Hyderabad,30.538415312436257,0,0,1,0,0,1,0,1,0,30,Medium,Upper Middle,Moderate Rate,Very Large Loan
L00343,C00504,B014,Home,2022-01-13,150070.45,13.38,12,14179.16,66188.56,Active,No,6,Lakshmi Verma,Sme Owner,48796.0,Kochi,B014,Low,749.0,Good,0.0,1.0,7.0,6.0,12,169277.84,7,11,10,4.833333333333333,58.333333333333336,91.66666666666666,Delhi Branch 2,Delhi,3.075466226739897,0,0,1,0,0,1,0,1,0,30,Medium,Lower Middle,High Rate,Small Loan
L00344,C00716,B008,Home,2025-07-28,175690.84,15.15,48,5878.32,134301.36,Active,No,18,Rahul Gupta,Premium,120141.0,Kolkata,B008,Low,663.0,Good,0.0,54.6,0.0,7.0,14,81879.31,7,12,9,5.214285714285714,50.0,85.71428571428571,Madurai Branch 1,Madurai,1.4623720461790728,0,0,1,1,0,1,0,0,0,35,Medium,High Income,High Rate,Medium Loan
L00345,C00907,B014,Home,2023-01-11,1741946.52,12.65,12,163525.23,1090185.82,Defaulted,Yes,84,Meena Gupta,Student,71495.0,Coimbatore,B014,Low,754.0,Excellent,1.0,30.7,6.0,9.0,10,1542911.76,3,9,58,17.0,30.0,90.0,Delhi Branch 2,Delhi,24.3645922092454,0,0,1,0,1,1,0,1,1,70,Critical,Upper Middle,High Rate,Very Large Loan
L00346,C00993,B011,Auto,2025-06-28,1312378.65,16.68,24,72924.51,299414.68,Active,No,14,Lakshmi Sharma,Mass Affluent,78106.0,Kochi,B011,Low,673.0,Good,0.0,42.8,6.0,12.0,15,1089169.56,6,14,10,5.933333333333334,40.0,93.33333333333333,Chennai Branch 2,Chennai,16.802533096048958,0,0,1,1,0,1,0,1,0,40,Medium,High Income,Very High Rate,Very Large Loan
L00347,C00613,B005,Personal,2025-11-29,1581362.35,13.02,60,43513.82,244419.38,Defaulted,Yes,43,Ajay Nair,Retail,31164.0,Hyderabad,B005,Low,767.0,Excellent,0.0,27.9,8.0,4.0,6,262842.97,3,4,9,4.166666666666667,50.0,66.66666666666666,Hyderabad Branch 1,Hyderabad,50.74324059812604,0,0,1,0,1,1,0,1,1,70,Critical,Low Income,High Rate,Very Large Loan
L00348,C00603,B007,Home,2023-03-12,177073.05,13.3,36,6881.26,101583.15,Active,No,8,Sanjay Sharma,Retail,125593.0,Madurai,B007,Low,753.0,Excellent,0.0,33.5,7.0,10.0,24,165082.56,11,22,10,5.666666666666667,45.83333333333333,91.66666666666666,Kolkata Branch 1,Kolkata,1.4098958540683,0,0,1,0,0,1,0,1,0,30,Medium,High Income,High Rate,Medium Loan
L00349,C00534,B004,Auto,2022-08-21,334098.96,13.98,48,10852.65,126203.4,Active,No,15,Meena Singh,Student,79672.0,Madurai,B004,Medium,742.0,Good,0.0,36.7,4.0,5.0,24,262478.1,16,22,10,4.333333333333333,66.66666666666666,91.66666666666666,Delhi Branch 1,Delhi,4.193430063259363,0,0,1,0,0,1,0,0,0,25,Medium,High Income,High Rate,Medium Loan
L00350,C00305,B002,Personal,2025-07-06,487072.64,14.12,48,15878.57,0.0,Closed,No,17,Kavya Patel,Sme Owner,64624.0,Bengaluru,B002,Low,689.0,Good,0.0,1.0,5.0,0.0,14,221962.47,9,13,10,4.928571428571429,64.28571428571429,92.85714285714286,Bengaluru Branch 1,Bengaluru,7.537024015845507,0,0,1,0,0,1,0,1,0,30,Medium,Upper Middle,High Rate,Large Loan
L00351,C00105,B015,Personal,2023-01-17,1206476.89,13.17,60,33349.03,225936.48,Active,No,7,Naveen Kumar,Senior Citizen,21221.0,Pune,B015,Low,771.0,Excellent,0.0,1.0,3.0,4.0,24,800206.24,11,22,10,5.416666666666667,45.83333333333333,91.66666666666666,Hyderabad Branch 2,Hyderabad,56.85297064228829,0,0,1,0,0,1,0,0,0,25,Medium,Low Income,High Rate,Very Large Loan
L00352,C00213,B019,Auto,2023-02-18,1607736.22,14.81,84,38981.86,0.0,Closed,No,20,Meena Nair,Mass Affluent,79820.0,Chennai,B019,Medium,752.0,Excellent,0.0,34.5,5.0,10.0,24,933357.83,14,21,10,4.666666666666667,58.333333333333336,87.5,Coimbatore Branch 2,Coimbatore,20.142022300175395,0,0,1,0,0,1,0,1,0,30,Medium,High Income,High Rate,Very Large Loan
L00353,C00255,B011,Personal,2024-02-19,130723.27,15.14,12,12542.9,109663.33,Defaulted,Yes,120,Rohit Singh,Sme Owner,49291.0,Coimbatore,B011,Low,659.0,Good,1.0,33.2,6.0,11.0,10,119334.3,4,10,56,15.0,40.0,100.0,Chennai Branch 2,Chennai,2.6520717778093363,0,0,1,1,1,1,0,1,1,70,Critical,Lower Middle,High Rate,Small Loan
L00354,C00511,B016,Home,2023-04-24,261353.81,17.24,60,8110.68,78281.16,Active,No,14,Pooja Reddy,Retail,53510.0,Bengaluru,B016,Medium,634.0,Fair,1.0,71.3,5.0,10.0,24,193545.21,12,23,10,5.5,50.0,95.83333333333334,Pune Branch 2,Pune,4.884205008409643,0,0,1,1,0,1,0,1,0,40,Medium,Lower Middle,Very High Rate,Medium Loan
L00355,C00422,B008,Personal,2022-12-02,864070.93,14.62,12,82533.17,197857.15,Defaulted,Yes,89,Sanjay Singh,Retail,72756.0,Mumbai,B008,Low,673.0,Good,0.0,24.2,0.0,6.0,11,838368.78,3,10,60,14.272727272727273,27.27272727272727,90.9090909090909,Madurai Branch 1,Madurai,11.876284155258674,0,0,1,0,1,1,0,0,1,70,Critical,Upper Middle,High Rate,Large Loan
L00356,C00933,B016,Home,2023-03-17,817663.99,16.87,84,21229.09,567218.91,Active,No,3,Kavya Gupta,Student,48482.0,Coimbatore,B016,Low,585.0,Fair,0.0,72.8,2.0,4.0,24,508045.74,16,19,10,3.875,66.66666666666666,79.16666666666666,Pune Branch 2,Pune,16.865310630749555,1,0,1,1,0,1,0,0,0,55,High,Lower Middle,Very High Rate,Large Loan
L00357,C00457,B014,Education,2024-06-05,144053.48,15.97,12,13921.57,0.0,Closed,No,17,Lakshmi Rao,Mass Affluent,22365.0,Madurai,B014,Low,662.0,Good,0.0,35.9,6.0,5.0,12,168228.51,8,9,10,4.916666666666667,66.66666666666666,75.0,Delhi Branch 2,Delhi,6.441023027051196,0,0,1,1,0,1,0,1,0,40,Medium,Low Income,High Rate,Small Loan
L00358,C00010,B002,Auto,2023-01-03,1094741.95,18.71,12,108297.35,329562.9,Defaulted,Yes,80,Kavya Gupta,Retail,43548.0,Bengaluru,B002,Medium,606.0,Fair,1.0,62.9,8.0,1.0,10,1068081.06,3,10,59,15.2,30.0,100.0,Bengaluru Branch 1,Bengaluru,25.138742307339026,0,0,1,1,1,1,0,1,1,70,Critical,Lower Middle,Very High Rate,Very Large Loan
L00359,C00678,B016,Personal,2026-05-16,550802.48,13.67,24,29224.66,353523.42,Active,No,9,Divya Reddy,Retail,107823.0,Coimbatore,B016,Low,745.0,Good,1.0,53.7,5.0,7.0,4,116095.9,2,4,10,5.5,50.0,100.0,Pune Branch 2,Pune,5.108395054858425,0,0,1,0,0,1,0,1,0,30,Medium,High Income,High Rate,Large Loan
L00360,C00518,B013,Personal,2023-03-04,148999.65,13.97,36,5873.48,0.0,Closed,No,0,Rahul Iyer,Mass Affluent,57023.0,Pune,B013,High,778.0,Excellent,0.0,34.0,8.0,8.0,24,140414.74,8,24,10,6.125,33.33333333333333,100.0,Mumbai Branch 2,Mumbai,2.6129745892008485,0,0,1,0,0,1,0,1,0,30,Medium,Upper Middle,High Rate,Small Loan
L00361,C00012,B013,Personal,2023-07-30,837582.26,13.06,60,23075.39,355280.65,Defaulted,Yes,87,Deepa Singh,Senior Citizen,29821.0,Coimbatore,B013,Medium,727.0,Good,0.0,63.3,1.0,8.0,24,484995.74,8,24,60,19.125,33.33333333333333,100.0,Mumbai Branch 2,Mumbai,28.08699439991952,0,0,1,0,1,1,0,0,1,70,Critical,Low Income,High Rate,Large Loan
L00362,C00909,B021,Auto,2024-10-24,838609.66,10.46,36,30604.59,402774.45,Active,No,15,Rahul Verma,Retail,42905.0,Kochi,B021,Low,822.0,Excellent,1.0,13.1,6.0,1.0,23,700060.21,12,22,10,5.304347826086956,52.17391304347826,95.65217391304348,Chennai Branch 3,Chennai,19.54573266519054,0,0,1,0,0,1,0,1,0,30,Medium,Lower Middle,Moderate Rate,Large Loan
L00363,C00593,B002,Education,2023-05-29,1237370.85,17.57,60,38740.02,234616.44,Active,No,0,Suresh Reddy,Premium,46689.0,Hyderabad,B002,Low,631.0,Fair,0.0,48.5,3.0,12.0,24,927951.02,14,21,10,4.625,58.333333333333336,87.5,Bengaluru Branch 1,Bengaluru,26.502406348390416,0,0,1,1,0,1,0,0,0,35,Medium,Lower Middle,Very High Rate,Very Large Loan
L00364,C00068,B005,Education,2025-08-25,2124040.72,13.56,12,201005.05,0.0,Closed,No,9,Pooja Kumar,Student,39953.0,Madurai,B005,Low,725.0,Good,0.0,49.9,5.0,9.0,12,2433886.96,3,12,10,7.083333333333333,25.0,100.0,Hyderabad Branch 1,Hyderabad,53.16348509498661,0,0,1,0,0,1,0,1,0,30,Medium,Lower Middle,High Rate,Very Large Loan
L00365,C00729,B003,Personal,2023-11-03,93589.7,17.15,36,3937.27,81630.43,Defaulted,Yes,86,Suresh Sharma,Retail,66042.0,Pune,B003,Low,615.0,Fair,1.0,36.6,8.0,6.0,20,72453.59,6,20,57,17.6,30.0,100.0,Mumbai Branch 1,Mumbai,1.4171239514248508,0,0,1,1,1,1,0,1,1,70,Critical,Upper Middle,Very High Rate,Small Loan
L00366,C00415,B016,Home,2023-05-12,196364.99,18.38,48,7098.59,0.0,Closed,No,0,Sneha Singh,Sme Owner,56548.0,Hyderabad,B016,Medium,576.0,Fair,0.0,99.0,3.0,0.0,24,169734.04,13,21,10,5.208333333333333,54.166666666666664,87.5,Pune Branch 2,Pune,3.472536429228266,1,1,1,1,0,1,0,0,0,65,High,Upper Middle,Very High Rate,Medium Loan
L00367,C00655,B025,Personal,2022-09-25,170805.05,14.17,24,9133.8,128295.98,Active,No,2,Arun Singh,Mass Affluent,43036.0,Chennai,B025,Low,739.0,Good,0.0,10.5,5.0,6.0,24,219364.97,15,21,10,4.166666666666667,62.5,87.5,Hyderabad Branch 3,Hyderabad,3.9688876754345195,0,0,1,0,0,1,0,1,0,30,Medium,Lower Middle,High Rate,Small Loan
L00368,C00980,B013,Business,2024-02-25,270674.27,15.38,24,14747.24,232410.66,Defaulted,Yes,106,Vishal Verma,Retail,169601.0,Chennai,B013,Low,676.0,Good,0.0,8.1,5.0,5.0,18,245520.95,6,16,54,14.555555555555555,33.33333333333333,88.88888888888889,Mumbai Branch 2,Mumbai,1.5959473705933338,0,0,1,1,1,1,0,1,1,70,Critical,High Income,High Rate,Medium Loan
L00369,C00782,B024,Auto,2024-04-01,94555.07,15.06,12,9066.26,65198.22,Defaulted,Yes,111,Rohit Reddy,Senior Citizen,13412.0,Mumbai,B024,Low,659.0,Good,1.0,29.1,6.0,7.0,8,70994.31,5,8,25,6.25,62.5,100.0,Delhi Branch 3,Delhi,7.050035043244856,0,0,1,1,1,1,0,1,1,70,Critical,Low Income,High Rate,Small Loan
L00370,C00706,B015,Personal,2026-01-12,571172.2,13.17,12,53866.3,0.0,Closed,No,12,Suresh Nair,Retail,78911.0,Delhi,B015,Low,770.0,Excellent,0.0,66.9,5.0,6.0,8,429804.48,5,7,10,4.875,62.5,87.5,Hyderabad Branch 2,Hyderabad,7.238182255959245,0,0,1,0,0,1,0,1,0,30,Medium,High Income,High Rate,Large Loan
L00371,C00274,B007,Education,2025-03-06,508153.83,18.29,48,18331.65,0.0,Closed,No,12,Anitha Patel,Retail,61319.0,Pune,B007,Medium,621.0,Fair,1.0,57.9,5.0,3.0,18,329550.07,10,18,10,5.277777777777778,55.55555555555556,100.0,Kolkata Branch 1,Kolkata,8.287053441836951,0,0,1,1,0,1,0,1,0,40,Medium,Upper Middle,Very High Rate,Large Loan
L00372,C00042,B010,Education,2022-04-25,315690.63,12.77,36,12128.66,0.0,Closed,No,0,Vijay Iyer,Premium,139006.0,Kochi,B010,Low,740.0,Good,0.0,43.3,4.0,7.0,24,290082.78,11,21,10,5.666666666666667,45.83333333333333,87.5,Kochi Branch 1,Kochi,2.2710575802483346,0,0,1,0,0,1,0,0,0,25,Medium,High Income,High Rate,Medium Loan
L00373,C00972,B012,Business,2023-05-20,526943.99,19.93,12,52663.66,0.0,Closed,No,3,Vijay Gupta,Mass Affluent,99157.0,Mumbai,B012,Medium,508.0,Poor,0.0,60.8,6.0,6.0,12,637139.88,6,12,10,5.333333333333333,50.0,100.0,Bengaluru Branch 2,Bengaluru,5.314238934215436,1,0,1,1,0,1,0,1,0,60,High,High Income,Very High Rate,Large Loan
L00374,C00864,B016,Education,2023-11-18,116556.56,12.65,36,4466.38,0.0,Closed,No,12,Kavya Verma,Retail,56383.0,Delhi,B016,Low,746.0,Good,1.0,55.6,1.0,6.0,24,107492.17,14,22,9,4.583333333333333,58.333333333333336,91.66666666666666,Pune Branch 2,Pune,2.0672287746306512,0,0,1,0,0,1,0,0,0,25,Medium,Upper Middle,High Rate,Small Loan
L00375,C00466,B020,Home,2023-11-24,1463386.87,18.73,60,47230.81,686745.07,Defaulted,Yes,33,Divya Patel,Mass Affluent,47791.0,Kolkata,B020,Low,599.0,Fair,1.0,58.4,6.0,11.0,18,781462.28,7,17,59,17.333333333333332,38.88888888888889,94.44444444444444,Kochi Branch 2,Kochi,30.620553451486686,1,0,1,1,1,1,0,1,1,80,Critical,Lower Middle,Very High Rate,Very Large Loan
L00376,C00680,B011,Education,2024-07-10,149036.35,15.28,12,14317.43,133475.29,Active,No,15,Rahul Gupta,Mass Affluent,24493.0,Delhi,B011,Medium,697.0,Good,0.0,1.0,7.0,3.0,12,172427.73,5,12,10,5.833333333333333,41.66666666666667,100.0,Chennai Branch 2,Chennai,6.08485485648961,0,0,1,1,0,1,0,1,0,40,Medium,Low Income,High Rate,Small Loan
L00377,C00210,B016,Home,2025-09-24,1655029.43,11.35,24,84613.38,1180325.4,Active,No,11,Arun Patel,Senior Citizen,55561.0,Delhi,B016,Low,791.0,Excellent,0.0,45.1,3.0,0.0,12,1008242.62,8,10,9,3.8333333333333335,66.66666666666666,83.33333333333334,Pune Branch 2,Pune,29.787610554165692,0,0,1,0,0,1,0,0,0,25,Medium,Upper Middle,Moderate Rate,Very Large Loan
L00378,C00551,B010,Education,2024-06-20,276640.04,14.49,24,14867.1,232275.33,Active,No,4,Meena Gupta,Mass Affluent,67325.0,Pune,B010,Low,721.0,Good,0.0,23.8,4.0,2.0,24,357501.26,15,23,10,4.791666666666667,62.5,95.83333333333334,Kochi Branch 1,Kochi,4.109023988117341,0,0,1,0,0,1,0,0,0,25,Medium,Upper Middle,High Rate,Medium Loan
L00379,C00309,B014,Home,2025-08-12,104690.75,13.21,60,2897.32,0.0,Closed,No,18,Vijay Verma,Retail,35387.0,Delhi,B014,Low,754.0,Excellent,0.0,40.3,4.0,12.0,13,37696.37,5,11,10,5.3076923076923075,38.46153846153847,84.61538461538461,Delhi Branch 2,Delhi,2.9584522564783677,0,0,1,0,0,1,0,0,0,25,Medium,Low Income,High Rate,Small Loan
L00380,C00833,B006,Education,2024-10-25,1979441.08,12.46,84,44117.97,1812877.87,Active,No,19,Geetha Singh,Retail,189411.0,Delhi,B006,Low,770.0,Excellent,0.0,35.8,7.0,4.0,23,1011562.09,13,22,10,4.869565217391305,56.52173913043478,95.65217391304348,Pune Branch 1,Pune,10.450507520682537,0,0,1,0,0,1,0,1,0,30,Medium,High Income,High Rate,Very Large Loan
L00381,C00544,B001,Personal,2024-08-25,265795.24,14.22,84,6313.9,46251.11,Active,No,19,Vijay Sharma,Retail,54285.0,Madurai,B001,Low,758.0,Excellent,1.0,27.6,2.0,0.0,24,151175.81,14,23,10,5.041666666666667,58.333333333333336,95.83333333333334,Chennai Branch 1,Chennai,4.89629253016487,0,0,1,0,0,1,0,0,0,25,Medium,Upper Middle,High Rate,Medium Loan
L00382,C00276,B017,Business,2023-02-05,309039.14,12.23,48,9587.94,235683.33,Active,No,9,Sanjay Kumar,Mass Affluent,71756.0,Chennai,B017,Low,799.0,Excellent,0.0,41.8,6.0,5.0,24,230799.93,11,21,10,5.25,45.83333333333333,87.5,Kolkata Branch 2,Kolkata,4.306805563297843,0,0,1,0,0,1,0,1,0,30,Medium,Upper Middle,High Rate,Medium Loan
L00383,C00525,B019,Business,2023-05-24,1828798.13,13.73,48,59024.46,1331857.29,Active,No,12,Divya Rao,Student,37239.0,Kochi,B019,Low,707.0,Good,0.0,27.9,6.0,12.0,24,1417005.93,12,21,10,5.125,50.0,87.5,Coimbatore Branch 2,Coimbatore,49.10975402132173,0,0,1,0,0,1,0,1,0,30,Medium,Low Income,High Rate,Very Large Loan
L00384,C00987,B011,Business,2025-02-06,639261.23,13.57,12,60500.75,303143.39,Active,No,4,Suresh Singh,Mass Affluent,57251.0,Madurai,B011,Low,726.0,Good,0.0,60.3,4.0,2.0,12,729986.47,6,10,8,4.583333333333333,50.0,83.33333333333334,Chennai Branch 2,Chennai,11.165939983581072,0,0,1,0,0,1,0,0,0,25,Medium,Upper Middle,High Rate,Large Loan
L00385,C00011,B009,Auto,2023-04-26,1349357.03,17.82,24,76261.16,883309.32,Active,No,1,Ajay Iyer,Retail,57234.0,Bengaluru,B009,Low,644.0,Fair,1.0,67.7,1.0,9.0,24,1839576.9100000001,14,21,10,4.708333333333333,58.333333333333336,87.5,Coimbatore Branch 1,Coimbatore,23.576144075200055,0,0,1,1,0,1,0,0,0,35,Medium,Upper Middle,Very High Rate,Very Large Loan
L00386,C00234,B002,Personal,2026-05-16,144660.68,12.91,36,5574.66,101685.64,Defaulted,Yes,47,Vishal Kumar,Retail,12000.0,Chennai,B002,Low,747.0,Good,0.0,32.8,4.0,8.0,4,20564.63,3,4,37,11.75,75.0,100.0,Bengaluru Branch 1,Bengaluru,12.055056666666665,0,0,1,0,1,1,0,0,1,70,Critical,Low Income,High Rate,Small Loan
L00387,C00261,B018,Auto,2025-11-12,142463.94,15.09,36,5748.82,45506.46,Active,No,5,Arun Iyer,Retail,85076.0,Bengaluru,B018,High,719.0,Good,0.0,19.5,2.0,4.0,10,57329.16,5,9,8,4.0,50.0,90.0,Madurai Branch 2,Madurai,1.6745491090319244,0,0,1,1,0,1,0,0,0,35,Medium,High Income,High Rate,Small Loan
L00388,C00530,B012,Auto,2023-02-04,2045283.81,15.42,24,111502.06,758289.8,Active,No,11,Rahul Iyer,Retail,66945.0,Hyderabad,B012,Medium,645.0,Fair,1.0,79.5,1.0,10.0,24,2668049.09,10,24,10,6.125,41.66666666666667,100.0,Bengaluru Branch 2,Bengaluru,30.551703786690567,0,1,1,1,0,1,0,0,0,45,Medium,Upper Middle,High Rate,Very Large Loan
L00389,C00900,B019,Home,2023-09-20,839763.79,17.2,84,22033.8,321119.29,Defaulted,Yes,48,Rohit Kumar,Senior Citizen,46159.0,Kochi,B019,Low,566.0,Fair,1.0,57.4,8.0,3.0,19,390840.75,10,14,58,14.789473684210526,52.63157894736842,73.68421052631578,Coimbatore Branch 2,Coimbatore,18.192850581685047,1,0,1,1,1,1,0,1,1,80,Critical,Lower Middle,Very High Rate,Large Loan
L00390,C00474,B024,Auto,2025-03-25,124649.77,14.18,36,4935.44,0.0,Closed,No,10,Kavya Gupta,Retail,71051.0,Kolkata,B024,Medium,729.0,Good,0.0,1.0,6.0,9.0,18,88651.33,10,17,10,5.111111111111111,55.55555555555556,94.44444444444444,Delhi Branch 3,Delhi,1.7543703818383978,0,0,1,0,0,1,0,1,0,30,Medium,Upper Middle,High Rate,Small Loan
L00391,C00219,B011,Business,2025-07-17,1584927.01,13.18,12,149485.03,465501.72,Active,No,20,Sanjay Patel,Senior Citizen,57897.0,Pune,B011,Medium,733.0,Good,0.0,73.0,8.0,12.0,12,1779385.03,4,11,9,5.916666666666667,33.33333333333333,91.66666666666666,Chennai Branch 2,Chennai,27.37494187954471,0,0,1,0,0,1,0,1,0,30,Medium,Upper Middle,High Rate,Very Large Loan
L00392,C00677,B019,Home,2022-06-02,475713.08,14.37,36,18910.92,443822.22,Active,No,13,Lakshmi Sharma,Student,39969.0,Kochi,B019,Low,726.0,Good,0.0,22.7,1.0,9.0,24,454154.25,15,22,10,4.75,62.5,91.66666666666666,Coimbatore Branch 2,Coimbatore,11.902051089594437,0,0,1,0,0,1,0,0,0,25,Medium,Lower Middle,High Rate,Large Loan
L00393,C00337,B017,Education,2023-05-31,550486.22,17.38,24,30909.8,0.0,Closed,No,19,Rohit Iyer,Sme Owner,75016.0,Delhi,B017,Low,622.0,Fair,0.0,66.8,2.0,4.0,24,741045.64,12,20,10,5.25,50.0,83.33333333333334,Kolkata Branch 2,Kolkata,7.33825077316839,0,0,1,1,0,1,0,0,0,35,Medium,High Income,Very High Rate,Large Loan
L00394,C00292,B002,Home,2026-01-31,2392557.75,13.6,48,76960.61,0.0,Closed,No,19,Vijay Rao,Premium,85496.0,Chennai,B002,Medium,717.0,Good,0.0,40.5,2.0,5.0,8,617763.16,6,6,6,3.0,75.0,75.0,Bengaluru Branch 1,Bengaluru,27.9844407925517,0,0,1,0,0,1,0,0,0,25,Medium,High Income,High Rate,Very Large Loan
L00395,C00824,B020,Personal,2025-03-13,2305721.95,15.92,84,58038.32,458663.97,Active,No,10,Sanjay Patel,Mass Affluent,40088.0,Madurai,B020,Low,648.0,Fair,2.0,70.8,7.0,10.0,18,1042719.11,9,15,10,4.611111111111111,50.0,83.33333333333334,Kochi Branch 2,Kochi,57.51651242267013,0,0,1,1,0,1,1,1,0,50,High,Lower Middle,High Rate,Very Large Loan
L00396,C00765,B018,Business,2022-06-04,135665.43,14.42,84,3245.31,72456.95,Active,No,18,Rohit Reddy,Sme Owner,65776.0,Hyderabad,B018,Low,781.0,Excellent,0.0,30.3,4.0,2.0,24,77917.1,10,24,10,5.958333333333333,41.66666666666667,100.0,Madurai Branch 2,Madurai,2.0625369435660423,0,0,1,0,0,1,0,0,0,25,Medium,Upper Middle,High Rate,Small Loan
L00397,C00718,B005,Education,2023-11-27,233392.11,19.34,12,23210.85,0.0,Closed,No,5,Priya Verma,Senior Citizen,42069.0,Delhi,B005,Low,574.0,Fair,0.0,45.9,3.0,3.0,12,278016.27,6,11,10,4.833333333333333,50.0,91.66666666666666,Hyderabad Branch 1,Hyderabad,5.547840690294516,1,0,1,1,0,1,0,0,0,55,High,Lower Middle,Very High Rate,Medium Loan
L00398,C00861,B009,Business,2022-02-22,464856.37,12.41,12,43545.42,163069.41,Defaulted,Yes,68,Ajay Sharma,Mass Affluent,52859.0,Chennai,B009,Medium,767.0,Excellent,0.0,44.1,6.0,9.0,11,414870.12,2,10,35,13.727272727272727,18.181818181818183,90.9090909090909,Coimbatore Branch 1,Coimbatore,8.794270985073497,0,0,1,0,1,1,0,1,1,70,Critical,Lower Middle,High Rate,Medium Loan
L00399,C00931,B004,Home,2024-02-26,329134.37,13.18,84,7533.26,0.0,Closed,No,1,Geetha Reddy,Mass Affluent,29604.0,Pune,B004,Low,777.0,Excellent,1.0,44.2,1.0,3.0,24,180796.55,13,23,10,4.833333333333333,54.166666666666664,95.83333333333334,Delhi Branch 1,Delhi,11.117901972706392,0,0,1,0,0,1,0,0,0,25,Medium,Low Income,High Rate,Medium Loan
L00400,C00190,B014,Education,2024-05-21,175254.97,18.05,12,17240.71,0.0,Closed,No,12,Meena Singh,Mass Affluent,47481.0,Hyderabad,B014,Low,594.0,Fair,1.0,59.6,3.0,2.0,12,206506.44,8,11,10,4.0,66.66666666666666,91.66666666666666,Delhi Branch 2,Delhi,3.6910547376845475,1,0,1,1,0,1,0,0,0,55,High,Lower Middle,Very High Rate,Medium Loan
L00401,C00527,B014,Education,2025-07-07,163523.63,16.38,60,4957.49,143983.82,Active,No,19,Kavya Nair,Senior Citizen,95622.0,Bengaluru,B014,Medium,630.0,Fair,1.0,73.7,0.0,6.0,14,68979.26,8,13,10,5.285714285714286,57.14285714285714,92.85714285714286,Delhi Branch 2,Delhi,1.7101046830227353,0,0,1,1,0,1,0,0,0,35,Medium,High Income,Very High Rate,Small Loan
L00402,C00060,B016,Education,2024-11-28,172857.12,16.22,12,16741.21,0.0,Closed,No,20,Priya Sharma,Premium,26644.0,Coimbatore,B016,High,609.0,Fair,1.0,51.1,2.0,9.0,12,200380.14,3,11,10,6.75,25.0,91.66666666666666,Pune Branch 2,Pune,6.487656508031827,0,0,1,1,0,1,0,0,0,35,Medium,Low Income,Very High Rate,Small Loan
L00403,C00806,B021,Auto,2026-05-02,95430.3,12.4,12,8938.64,58694.09,Active,No,3,Kavya Iyer,Retail,78742.0,Kolkata,B021,High,745.0,Good,0.0,27.7,2.0,7.0,4,36066.97,1,4,9,6.75,25.0,100.0,Chennai Branch 3,Chennai,1.211936450687054,0,0,1,0,0,1,0,0,0,25,Medium,High Income,High Rate,Small Loan
L00404,C00813,B024,Home,2026-01-29,174023.51,16.21,24,9601.75,32243.07,Defaulted,Yes,62,Lakshmi Kumar,Retail,32607.0,Kolkata,B024,Low,630.0,Fair,1.0,68.2,1.0,10.0,7,62924.72,1,6,52,17.857142857142858,14.285714285714285,85.71428571428571,Delhi Branch 3,Delhi,5.336998497255191,0,0,1,1,1,1,0,0,1,70,Critical,Low Income,Very High Rate,Small Loan
L00405,C00121,B015,Business,2025-02-16,87489.86,15.37,24,4766.01,0.0,Closed,No,7,Suresh Iyer,Retail,78722.0,Chennai,B015,High,743.0,Good,0.0,1.0,8.0,11.0,19,90205.54,11,17,10,4.894736842105263,57.89473684210527,89.47368421052632,Hyderabad Branch 2,Hyderabad,1.1113775056528035,0,0,1,1,0,1,0,1,0,40,Medium,High Income,High Rate,Small Loan
L00406,C00995,B022,Personal,2024-03-11,169025.61,11.84,60,4484.81,0.0,Closed,No,19,Kavya Nair,Retail,32926.0,Mumbai,B022,Low,787.0,Excellent,0.0,50.9,7.0,3.0,24,107407.36,15,21,10,4.625,62.5,87.5,Bengaluru Branch 3,Bengaluru,5.133499665917512,0,0,1,0,0,1,0,1,0,30,Medium,Low Income,Moderate Rate,Small Loan
L00407,C00872,B008,Education,2025-06-20,1836285.43,16.49,48,63489.57,0.0,Closed,No,19,Suresh Iyer,Senior Citizen,50130.0,Kochi,B008,Low,625.0,Fair,3.0,69.0,0.0,1.0,15,956482.11,9,14,10,4.6,60.0,93.33333333333333,Madurai Branch 1,Madurai,36.630469379613004,0,0,1,1,0,1,1,0,0,45,Medium,Lower Middle,Very High Rate,Very Large Loan
L00408,C00519,B025,Personal,2022-05-07,1503152.98,13.98,12,142774.48,1233364.21,Active,No,4,Rahul Sharma,Sme Owner,66990.0,Coimbatore,B025,High,712.0,Good,1.0,45.4,8.0,5.0,12,1718172.03,7,11,10,5.333333333333333,58.333333333333336,91.66666666666666,Hyderabad Branch 3,Hyderabad,22.43846812957158,0,0,1,0,0,1,0,1,0,30,Medium,Upper Middle,High Rate,Very Large Loan
L00409,C00251,B002,Home,2024-09-27,478451.32,16.07,24,26342.73,0.0,Closed,No,13,Sneha Verma,Retail,32576.0,Mumbai,B002,Medium,674.0,Good,0.0,51.6,7.0,4.0,24,632184.17,12,24,10,5.083333333333333,50.0,100.0,Bengaluru Branch 1,Bengaluru,14.68723354616896,0,0,1,1,0,1,0,1,0,40,Medium,Low Income,Very High Rate,Large Loan
L00410,C00400,B014,Business,2022-12-14,163104.17,15.46,36,6632.0,121006.02,Active,No,19,Divya Rao,Sme Owner,95681.0,Madurai,B014,Medium,664.0,Good,0.0,3.8,6.0,5.0,24,158513.48,12,22,10,5.666666666666667,50.0,91.66666666666666,Delhi Branch 2,Delhi,1.7046662346756412,0,0,1,1,0,1,0,1,0,40,Medium,High Income,High Rate,Small Loan
L00412,C00252,B019,Education,2023-10-06,1736349.2,15.79,36,71079.38,1177352.29,Active,No,19,Ajay Iyer,Retail,28549.0,Mumbai,B019,Low,636.0,Fair,3.0,63.5,2.0,4.0,24,1713317.86,13,21,10,4.875,54.166666666666664,87.5,Coimbatore Branch 2,Coimbatore,60.819965673053346,0,0,1,1,0,1,1,0,0,45,Medium,Low Income,High Rate,Very Large Loan
L00413,C00085,B012,Personal,2024-06-08,2278894.11,12.9,48,71975.07,0.0,Closed,No,20,Rohit Sharma,Senior Citizen,64284.0,Hyderabad,B012,Medium,749.0,Good,0.0,32.2,3.0,9.0,24,1725766.38,16,21,10,3.75,66.66666666666666,87.5,Bengaluru Branch 2,Bengaluru,35.45040927758073,0,0,1,0,0,1,0,0,0,25,Medium,Upper Middle,High Rate,Very Large Loan
L00414,C00439,B024,Business,2023-07-13,122421.67,16.31,60,3704.28,18798.28,Defaulted,Yes,65,Divya Verma,Sme Owner,28054.0,Hyderabad,B024,Medium,658.0,Good,0.0,26.2,2.0,11.0,18,63228.3,5,17,38,12.333333333333334,27.77777777777778,94.44444444444444,Delhi Branch 3,Delhi,4.3637866257931135,0,0,1,1,1,1,0,0,1,70,Critical,Low Income,Very High Rate,Small Loan
L00415,C00906,B006,Personal,2024-06-07,308376.06,16.13,36,12711.09,0.0,Closed,No,11,Vijay Reddy,Retail,66857.0,Pune,B006,Medium,712.0,Good,0.0,45.1,7.0,6.0,24,302769.81,12,22,10,5.375,50.0,91.66666666666666,Pune Branch 1,Pune,4.61247229160746,0,0,1,1,0,1,0,1,0,40,Medium,Upper Middle,Very High Rate,Medium Loan
L00416,C00532,B015,Personal,2024-05-21,2106138.7,17.08,48,73855.26,672244.16,Active,No,9,Naveen Singh,Sme Owner,34596.0,Mumbai,B015,Medium,631.0,Fair,1.0,71.3,2.0,8.0,24,1756270.17,10,24,10,5.833333333333333,41.66666666666667,100.0,Hyderabad Branch 2,Hyderabad,60.8780986241184,0,0,1,1,0,1,0,0,0,35,Medium,Low Income,Very High Rate,Very Large Loan
L00417,C00334,B012,Personal,2023-10-31,1744321.04,14.85,48,57925.99,341106.11,Active,No,16,Rahul Gupta,Retail,96042.0,Chennai,B012,Low,693.0,Good,0.0,26.5,5.0,4.0,24,1400720.75,15,22,10,5.041666666666667,62.5,91.66666666666666,Bengaluru Branch 2,Bengaluru,18.16206492992649,0,0,1,0,0,1,0,1,0,30,Medium,High Income,High Rate,Very Large Loan
L00418,C00515,B006,Auto,2024-02-17,425906.12,15.35,24,23194.14,375607.05,Active,No,16,Suresh Rao,Mass Affluent,102633.0,Coimbatore,B006,Medium,646.0,Fair,1.0,92.0,7.0,11.0,24,551538.43,12,21,10,5.041666666666667,50.0,87.5,Pune Branch 1,Pune,4.149797043835803,0,1,1,1,0,1,0,1,0,50,High,High Income,High Rate,Medium Loan
L00419,C00630,B001,Business,2023-12-09,115057.97,13.39,36,4479.91,0.0,Closed,No,11,Vijay Kumar,Mass Affluent,53630.0,Madurai,B001,Low,720.0,Good,0.0,50.9,3.0,5.0,24,108402.86,13,23,10,5.375,54.166666666666664,95.83333333333334,Chennai Branch 1,Chennai,2.1454031325750513,0,0,1,0,0,1,0,0,0,25,Medium,Upper Middle,High Rate,Small Loan
L00420,C00268,B007,Auto,2022-11-19,278598.04,16.32,36,11527.77,214048.54,Active,No,18,Suresh Rao,Premium,21399.0,Kochi,B007,Medium,632.0,Fair,1.0,75.7,1.0,12.0,24,277798.21,8,23,10,5.583333333333333,33.33333333333333,95.83333333333334,Kolkata Branch 1,Kolkata,13.019208374223094,0,1,1,1,0,1,0,0,0,45,Medium,Low Income,Very High Rate,Medium Loan
L00421,C00582,B014,Auto,2025-10-28,611420.2,17.44,48,21623.89,316102.97,Active,No,7,Kavya Sharma,Retail,53184.0,Madurai,B014,Low,596.0,Fair,1.0,64.3,7.0,5.0,11,239072.3,3,10,10,6.909090909090909,27.27272727272727,90.9090909090909,Delhi Branch 2,Delhi,11.496318441636582,1,0,1,1,0,1,0,1,0,60,High,Lower Middle,Very High Rate,Large Loan
L00422,C00043,B025,Auto,2026-01-28,1725290.08,14.66,84,41616.46,0.0,Closed,No,4,Suresh Gupta,Retail,83036.0,Delhi,B025,Low,684.0,Good,2.0,26.3,5.0,0.0,8,335341.18,5,8,10,5.125,62.5,100.0,Hyderabad Branch 3,Hyderabad,20.77761549207573,0,0,1,0,0,1,1,1,0,40,Medium,High Income,High Rate,Very Large Loan
L00423,C00565,B011,Business,2026-03-05,622814.56,14.74,36,24950.64,321604.09,Active,No,18,Meena Sharma,Mass Affluent,61097.0,Hyderabad,B011,Low,671.0,Good,0.0,34.1,0.0,5.0,6,148235.75,3,6,8,6.0,50.0,100.0,Chennai Branch 2,Chennai,10.193864837880747,0,0,1,0,0,1,0,0,0,25,Medium,Upper Middle,High Rate,Large Loan
L00424,C00576,B012,Home,2026-05-02,83291.64,15.95,36,3420.74,51740.0,Active,No,20,Anitha Nair,Mass Affluent,34908.0,Mumbai,B012,Low,661.0,Good,1.0,31.3,7.0,9.0,4,13617.36,2,4,10,5.75,50.0,100.0,Bengaluru Branch 2,Bengaluru,2.386033001031282,0,0,1,1,0,1,0,1,0,40,Medium,Low Income,High Rate,Small Loan
L00425,C00324,B022,Home,2023-11-03,209693.25,13.54,48,6734.65,0.0,Closed,No,12,Sanjay Iyer,Sme Owner,59818.0,Bengaluru,B022,Low,766.0,Excellent,0.0,37.8,6.0,6.0,24,161605.48,10,21,10,5.916666666666667,41.66666666666667,87.5,Bengaluru Branch 3,Bengaluru,3.5055209134374268,0,0,1,0,0,1,0,1,0,30,Medium,Upper Middle,High Rate,Medium Loan
L00426,C00702,B006,Personal,2025-06-16,1352877.15,18.05,60,42897.48,1090346.1,Defaulted,Yes,115,Ajay Gupta,Sme Owner,56198.0,Kochi,B006,Medium,623.0,Fair,2.0,60.3,1.0,7.0,11,435187.69,5,10,57,15.636363636363637,45.45454545454545,90.9090909090909,Pune Branch 1,Pune,24.07340385778853,0,0,1,1,1,1,1,0,1,70,Critical,Upper Middle,Very High Rate,Very Large Loan
L00427,C00859,B001,Business,2022-05-01,1871535.27,14.14,12,178014.2,414996.09,Defaulted,Yes,103,Rahul Rao,Mass Affluent,24258.0,Pune,B001,Medium,679.0,Good,1.0,38.9,1.0,10.0,10,1640461.28,5,9,48,13.2,50.0,90.0,Chennai Branch 1,Chennai,77.15126020281969,0,0,1,0,1,1,0,0,1,70,Critical,Low Income,High Rate,Very Large Loan
L00428,C00205,B023,Auto,2025-03-01,176480.69,16.05,48,6037.11,57727.0,Active,No,17,Geetha Nair,Mass Affluent,70144.0,Kochi,B023,Medium,632.0,Fair,1.0,65.5,6.0,2.0,18,108636.33,13,17,10,4.333333333333333,72.22222222222221,94.44444444444444,Mumbai Branch 3,Mumbai,2.515976990191606,0,0,1,1,0,1,0,1,0,40,Medium,Upper Middle,Very High Rate,Medium Loan
L00429,C00684,B017,Education,2025-05-30,620757.19,16.73,84,16044.36,258835.59,Active,No,19,Sanjay Singh,Senior Citizen,37755.0,Bengaluru,B017,Low,690.0,Good,0.0,60.7,0.0,9.0,16,255720.03,9,15,10,5.625,56.25,93.75,Kolkata Branch 2,Kolkata,16.441721361409083,0,0,1,1,0,1,0,0,0,35,Medium,Lower Middle,Very High Rate,Large Loan
L00430,C00035,B003,Home,2024-06-08,483446.12,14.11,84,11439.83,95548.6,Defaulted,Yes,75,Anitha Nair,Retail,48282.0,Pune,B003,Low,713.0,Good,0.0,46.5,2.0,0.0,22,229919.27,8,21,57,18.318181818181817,36.36363636363637,95.45454545454545,Mumbai Branch 1,Mumbai,10.012967979785428,0,0,1,0,1,1,0,0,1,70,Critical,Lower Middle,High Rate,Large Loan
L00431,C00688,B017,Education,2023-06-24,161793.76,16.85,24,9013.26,92508.5,Defaulted,Yes,93,Divya Iyer,Retail,70394.0,Madurai,B017,Low,661.0,Good,0.0,26.0,6.0,0.0,20,165067.98,9,19,60,16.1,45.0,95.0,Kolkata Branch 2,Kolkata,2.298402704775975,0,0,1,1,1,1,0,1,1,70,Critical,Upper Middle,Very High Rate,Small Loan
L00432,C00978,B018,Education,2023-01-03,1996821.02,14.72,60,57774.69,0.0,Closed,No,6,Pooja Kumar,Retail,63303.0,Pune,B018,Medium,705.0,Good,0.0,16.4,0.0,4.0,24,1384923.6,10,22,10,5.166666666666667,41.66666666666667,91.66666666666666,Madurai Branch 2,Madurai,31.54386079648674,0,0,1,0,0,1,0,0,0,25,Medium,Upper Middle,High Rate,Very Large Loan
L00433,C00730,B002,Business,2025-12-28,322985.23,12.25,12,30212.58,70418.24,Defaulted,Yes,79,Sanjay Singh,Student,71247.0,Kochi,B002,Low,755.0,Excellent,0.0,30.1,6.0,3.0,5,151157.33,3,5,8,4.8,60.0,100.0,Bengaluru Branch 1,Bengaluru,4.533316911589259,0,0,1,0,1,1,0,1,1,70,Critical,Upper Middle,High Rate,Medium Loan
L00434,C00924,B013,Home,2025-10-19,119695.32,14.68,84,2889.22,96014.98,Defaulted,Yes,67,Pooja Kumar,Retail,35471.0,Pune,B013,Low,677.0,Good,0.0,13.0,3.0,4.0,9,23568.97,5,7,53,16.555555555555557,55.55555555555556,77.77777777777779,Mumbai Branch 2,Mumbai,3.3744557525866203,0,0,1,0,1,1,0,0,1,70,Critical,Low Income,High Rate,Small Loan
L00435,C00351,B021,Education,2024-05-09,417367.44,14.93,24,22583.06,122951.23,Defaulted,Yes,32,Arun Gupta,Student,49952.0,Delhi,B021,Low,,,,,,,20,391228.91,8,18,55,16.2,40.0,90.0,Chennai Branch 3,Chennai,8.35536995515695,0,0,1,0,1,1,0,0,1,70,Critical,Lower Middle,High Rate,Medium Loan
L00436,C00159,B009,Personal,2025-01-11,250459.42,16.36,60,7588.92,0.0,Closed,No,2,Rahul Nair,Mass Affluent,28022.0,Hyderabad,B009,Medium,642.0,Fair,1.0,83.8,7.0,11.0,20,151077.6,9,17,10,5.65,45.0,85.0,Coimbatore Branch 1,Coimbatore,8.937956605524231,0,1,1,1,0,1,0,1,0,50,High,Low Income,Very High Rate,Medium Loan
L00437,C00434,B011,Education,2026-01-24,103214.07,12.74,48,3246.08,80145.51,Active,No,14,Divya Sharma,Retail,145483.0,Pune,B011,High,842.0,Excellent,0.0,22.5,0.0,6.0,8,25793.46,3,7,10,6.0,37.5,87.5,Chennai Branch 2,Chennai,0.7094579435397951,0,0,0,0,0,1,0,0,0,10,Low,High Income,High Rate,Small Loan
L00438,C00056,B015,Auto,2024-02-13,342397.4,11.88,48,10523.01,141978.28,Active,No,1,Arun Gupta,Mass Affluent,23167.0,Kochi,B015,Low,806.0,Excellent,0.0,43.8,3.0,9.0,24,254531.57,14,22,10,4.666666666666667,58.333333333333336,91.66666666666666,Hyderabad Branch 2,Hyderabad,14.77953122976648,0,0,1,0,0,1,0,0,0,25,Medium,Low Income,Moderate Rate,Medium Loan
L00439,C00128,B008,Auto,2025-06-10,270023.29,14.74,12,25818.73,0.0,Closed,No,8,Sneha Patel,Mass Affluent,45797.0,Bengaluru,B008,High,766.0,Excellent,0.0,1.0,6.0,7.0,12,311369.43,4,12,10,7.0,33.33333333333333,100.0,Madurai Branch 1,Madurai,5.896091228683101,0,0,1,0,0,1,0,1,0,30,Medium,Lower Middle,High Rate,Medium Loan
L00440,C00992,B014,Personal,2022-08-09,282987.38,13.27,12,26711.65,0.0,Closed,No,6,Anitha Kumar,Senior Citizen,40047.0,Pune,B014,Low,798.0,Excellent,0.0,14.5,4.0,9.0,12,321497.78,9,10,10,3.8333333333333335,75.0,83.33333333333334,Delhi Branch 2,Delhi,7.066381501735461,0,0,1,0,0,1,0,0,0,25,Medium,Lower Middle,High Rate,Medium Loan
L00441,C00163,B016,Business,2025-01-05,711439.14,14.16,12,67681.58,216073.0,Active,No,7,Deepa Sharma,Senior Citizen,34870.0,Pune,B016,Low,702.0,Good,1.0,23.5,5.0,12.0,12,813375.89,7,10,10,4.666666666666667,58.333333333333336,83.33333333333334,Pune Branch 2,Pune,20.402613708058503,0,0,1,0,0,1,0,1,0,30,Medium,Low Income,High Rate,Large Loan
L00442,C00212,B025,Personal,2024-01-18,318336.14,17.21,24,17829.48,0.0,Closed,No,16,Kavya Rao,Mass Affluent,27090.0,Bengaluru,B025,Medium,657.0,Good,0.0,1.0,6.0,9.0,24,428954.49,13,21,9,4.25,54.166666666666664,87.5,Hyderabad Branch 3,Hyderabad,11.751057216685124,0,0,1,1,0,1,0,1,0,40,Medium,Low Income,Very High Rate,Medium Loan
L00443,C00755,B021,Home,2022-02-16,700908.35,16.86,48,24450.02,347462.5,Active,No,13,Rohit Gupta,Retail,43366.0,Kochi,B021,High,660.0,Good,1.0,21.7,1.0,11.0,24,590447.72,12,21,10,5.291666666666667,50.0,87.5,Chennai Branch 3,Chennai,16.162623945026056,0,0,1,1,0,1,0,0,0,35,Medium,Lower Middle,Very High Rate,Large Loan
L00444,C00134,B023,Personal,2023-10-18,95420.29,17.09,12,9310.63,37649.77,Active,No,16,Rohit Gupta,Senior Citizen,37166.0,Chennai,B023,Low,590.0,Fair,0.0,28.2,3.0,6.0,12,110987.41,6,12,10,5.333333333333333,50.0,100.0,Mumbai Branch 3,Mumbai,2.5674081149437655,1,0,1,1,0,1,0,0,0,55,High,Low Income,Very High Rate,Small Loan
L00445,C00412,B007,Business,2023-08-09,1462187.66,11.85,48,44901.35,0.0,Closed,No,8,Rohit Reddy,Student,38846.0,Pune,B007,Medium,779.0,Excellent,0.0,27.3,0.0,0.0,24,1077408.74,13,22,10,5.208333333333333,54.166666666666664,91.66666666666666,Kolkata Branch 1,Kolkata,37.64062348761777,0,0,1,0,0,1,0,0,0,25,Medium,Lower Middle,Moderate Rate,Very Large Loan
L00446,C00391,B023,Home,2024-07-17,196253.27,12.14,60,5256.32,120991.29,Defaulted,Yes,36,Sanjay Kumar,Retail,85579.0,Kolkata,B023,Low,860.0,Excellent,1.0,22.8,7.0,4.0,20,96311.63,5,19,52,14.95,25.0,95.0,Mumbai Branch 3,Mumbai,2.293240982016616,0,0,1,0,1,1,0,1,1,70,Critical,High Income,High Rate,Medium Loan
L00447,C00617,B015,Home,2023-12-08,1026714.22,16.53,24,56922.75,342010.67,Active,No,11,Ajay Rao,Retail,85287.0,Delhi,B015,Low,678.0,Good,0.0,58.7,4.0,6.0,24,1365174.98,13,21,10,5.083333333333333,54.166666666666664,87.5,Hyderabad Branch 2,Hyderabad,12.038343710061323,0,0,1,1,0,1,0,0,0,35,Medium,High Income,Very High Rate,Large Loan
L00448,C00225,B011,Auto,2022-11-26,2096003.18,17.06,12,204465.11,0.0,Closed,No,8,Naveen Nair,Retail,63088.0,Bengaluru,B011,Medium,612.0,Fair,0.0,21.8,3.0,9.0,12,2447381.59,5,11,9,5.166666666666667,41.66666666666667,91.66666666666666,Chennai Branch 2,Chennai,33.22348433933553,0,0,1,1,0,1,0,0,0,35,Medium,Upper Middle,Very High Rate,Very Large Loan
L00449,C00734,B015,Business,2025-04-26,2389091.14,15.83,12,230607.02,1945009.44,Active,No,11,Rohit Verma,Mass Affluent,17279.0,Bengaluru,B015,Low,674.0,Good,0.0,43.2,1.0,11.0,12,2751008.09,6,11,8,4.916666666666667,50.0,91.66666666666666,Hyderabad Branch 2,Hyderabad,138.26559060130796,0,0,1,1,0,1,0,0,0,35,Medium,Low Income,High Rate,Very Large Loan
L00450,C00170,B011,Personal,2025-04-07,143045.58,10.73,60,3663.16,0.0,Closed,No,18,Lakshmi Rao,Retail,65189.0,Chennai,B011,Low,898.0,Excellent,0.0,35.6,4.0,2.0,17,61935.770000000004,11,16,10,4.823529411764706,64.70588235294117,94.11764705882352,Chennai Branch 2,Chennai,2.194320820997407,0,0,1,0,0,1,0,0,0,25,Medium,Upper Middle,Moderate Rate,Small Loan
L00451,C00589,B016,Auto,2023-08-24,462713.46,15.62,84,11531.48,122852.14,Active,No,18,Geetha Sharma,Senior Citizen,33005.0,Bengaluru,B016,Low,713.0,Good,0.0,33.4,7.0,6.0,24,276769.51,15,22,10,4.666666666666667,62.5,91.66666666666666,Pune Branch 2,Pune,14.019495833964552,0,0,1,1,0,1,0,1,0,40,Medium,Low Income,High Rate,Medium Loan
L00452,C00367,B012,Auto,2022-12-14,81206.89,14.99,36,3270.16,0.0,Closed,No,16,Kavya Verma,Retail,22081.0,Pune,B012,Medium,649.0,Fair,0.0,81.5,0.0,9.0,24,78560.97,14,22,9,4.458333333333333,58.333333333333336,91.66666666666666,Bengaluru Branch 2,Bengaluru,3.6776817173135274,0,1,1,0,0,1,0,0,0,35,Medium,Low Income,High Rate,Small Loan
L00453,C00410,B006,Personal,2024-10-08,998206.01,15.57,36,40679.67,0.0,Closed,No,18,Pooja Gupta,Retail,60226.0,Pune,B006,High,661.0,Good,0.0,1.0,6.0,11.0,23,935090.73,14,21,10,4.565217391304348,60.86956521739131,91.30434782608695,Pune Branch 1,Pune,16.574336831268887,0,0,1,1,0,1,0,1,0,40,Medium,Upper Middle,High Rate,Large Loan
L00454,C00362,B008,Personal,2026-04-15,1657255.47,18.47,36,71542.8,1156572.97,Defaulted,Yes,78,Deepa Sharma,Retail,54935.0,Pune,B008,Medium,573.0,Fair,1.0,50.6,2.0,4.0,5,302918.35,2,4,45,16.6,40.0,80.0,Madurai Branch 1,Madurai,30.16757021935014,1,0,1,1,1,1,0,0,1,75,Critical,Upper Middle,Very High Rate,Very Large Loan
L00455,C00880,B018,Home,2025-10-22,1763331.56,18.27,60,56235.58,1334870.77,Active,No,10,Rahul Kumar,Retail,69844.0,Madurai,B018,Low,599.0,Fair,2.0,51.3,6.0,1.0,11,617997.86,4,10,10,5.909090909090909,36.36363636363637,90.9090909090909,Madurai Branch 2,Madurai,25.24671496477865,1,0,1,1,0,1,1,1,0,70,Critical,Upper Middle,Very High Rate,Very Large Loan
L00456,C00004,B017,Personal,2022-02-27,109716.15,21.27,84,3250.86,74916.94,Active,No,14,Rahul Singh,Retail,35173.0,Kolkata,B017,Medium,498.0,Poor,0.0,86.2,7.0,7.0,24,78180.38,10,24,10,6.333333333333333,41.66666666666667,100.0,Kolkata Branch 2,Kolkata,3.119328746481676,1,1,1,1,0,1,0,1,0,70,Critical,Low Income,Very High Rate,Small Loan
L00457,C00592,B014,Home,2024-10-11,1740185.4,10.8,84,36378.16,320741.1,Active,No,7,Vishal Gupta,Retail,123535.0,Kochi,B014,Low,812.0,Excellent,0.0,14.2,6.0,8.0,23,835438.45,16,21,10,4.434782608695652,69.56521739130434,91.30434782608695,Delhi Branch 2,Delhi,14.086577892904844,0,0,1,0,0,1,0,1,0,30,Medium,High Income,Moderate Rate,Very Large Loan
L00458,C00632,B001,Education,2022-01-26,144816.32,12.31,36,5508.25,114624.03,Active,No,2,Lakshmi Rao,Mass Affluent,76376.0,Coimbatore,B001,Low,774.0,Excellent,0.0,24.8,2.0,1.0,24,132571.19,9,24,10,6.625,37.5,100.0,Chennai Branch 1,Chennai,1.8960972033099404,0,0,1,0,0,1,0,0,0,25,Medium,High Income,High Rate,Small Loan
L00459,C00451,B016,Education,2022-12-30,1154096.99,14.83,36,46320.97,0.0,Closed,No,5,Lakshmi Sharma,Premium,57263.0,Hyderabad,B016,Medium,689.0,Good,1.0,22.2,2.0,12.0,24,1108080.12,15,23,10,5.208333333333333,62.5,95.83333333333334,Pune Branch 2,Pune,20.154322861184358,0,0,1,0,0,1,0,0,0,25,Medium,Upper Middle,High Rate,Very Large Loan
L00460,C00769,B007,Business,2022-09-15,2169304.44,21.4,24,129073.61,1518106.86,Active,No,16,Pooja Iyer,Retail,44680.0,Madurai,B007,Low,464.0,Poor,1.0,62.0,2.0,6.0,24,3101591.6,12,19,10,5.125,50.0,79.16666666666666,Kolkata Branch 1,Kolkata,48.55202417188899,1,0,1,1,0,1,0,0,0,55,High,Lower Middle,Very High Rate,Very Large Loan
L00461,C00727,B003,Education,2022-04-17,876127.84,16.95,84,22805.4,496637.37,Active,No,16,Karthik Patel,Retail,52192.0,Kolkata,B003,Low,677.0,Good,0.0,41.4,3.0,8.0,24,544214.97,18,22,10,4.083333333333333,75.0,91.66666666666666,Mumbai Branch 1,Mumbai,16.786630901287552,0,0,1,1,0,1,0,0,0,35,Medium,Lower Middle,Very High Rate,Large Loan
L00462,C00827,B018,Auto,2025-11-19,140851.57,15.15,12,13515.88,97451.6,Active,No,2,Arun Iyer,Student,46889.0,Chennai,B018,Low,723.0,Good,0.0,36.9,6.0,6.0,10,134817.53,4,10,10,6.1,40.0,100.0,Madurai Branch 2,Madurai,3.0039363176864513,0,0,1,1,0,1,0,1,0,40,Medium,Lower Middle,High Rate,Small Loan
L00463,C00675,B020,Business,2022-03-30,965833.2,18.41,36,41646.19,866717.17,Defaulted,Yes,60,Sanjay Rao,Retail,126889.0,Madurai,B020,Medium,622.0,Fair,0.0,61.5,5.0,2.0,21,807911.21,5,20,57,19.333333333333332,23.809523809523807,95.23809523809523,Kochi Branch 2,Kochi,7.611638518705325,0,0,1,1,1,1,0,1,1,70,Critical,High Income,Very High Rate,Large Loan
L00464,C00185,B002,Auto,2025-03-10,900353.67,18.02,36,38530.14,0.0,Closed,No,13,Priya Nair,Mass Affluent,34947.0,Kochi,B002,Low,596.0,Fair,2.0,52.4,8.0,9.0,18,696118.13,10,18,10,4.888888888888889,55.55555555555556,100.0,Bengaluru Branch 1,Bengaluru,25.763403725641687,1,0,1,1,0,1,1,1,0,70,Critical,Low Income,Very High Rate,Large Loan
L00465,C00475,B018,Auto,2025-04-17,171817.12,16.67,24,9545.87,51526.66,Active,No,8,Vijay Singh,Mass Affluent,26285.0,Mumbai,B018,Low,582.0,Fair,0.0,61.3,1.0,5.0,17,161377.83,5,16,10,6.352941176470588,29.411764705882355,94.11764705882352,Madurai Branch 2,Madurai,6.5366984972417725,1,0,1,1,0,1,0,0,0,55,High,Low Income,Very High Rate,Small Loan
L00466,C00214,B018,Business,2024-03-19,879331.89,15.33,36,35659.35,0.0,Closed,No,4,Geetha Sharma,Senior Citizen,63351.0,Delhi,B018,Low,688.0,Good,0.0,53.0,6.0,5.0,24,852624.99,12,24,10,5.0,50.0,100.0,Madurai Branch 2,Madurai,13.880315859260312,0,0,1,1,0,1,0,1,0,40,Medium,Upper Middle,High Rate,Large Loan
L00467,C00168,B024,Education,2025-03-08,176927.72,14.8,48,5868.1,105525.78,Active,No,12,Deepa Gupta,Senior Citizen,52633.0,Kolkata,B024,Medium,725.0,Good,0.0,26.6,1.0,11.0,18,105394.52,11,16,9,4.555555555555555,61.111111111111114,88.88888888888889,Delhi Branch 3,Delhi,3.3615359185302,0,0,1,0,0,1,0,0,0,25,Medium,Lower Middle,High Rate,Medium Loan
L00468,C00027,B017,Business,2026-03-24,1532067.6,15.03,60,44723.61,1136212.94,Active,No,2,Pooja Singh,Premium,177512.0,Pune,B017,Low,702.0,Good,0.0,52.5,1.0,0.0,6,266379.58,4,6,10,5.0,66.66666666666666,100.0,Kolkata Branch 2,Kolkata,8.63078327099013,0,0,1,1,0,1,0,0,0,35,Medium,High Income,High Rate,Very Large Loan
L00469,C00625,B017,Personal,2024-10-10,1171885.69,12.28,24,60820.87,540174.77,Active,No,5,Meena Rao,Sme Owner,59376.0,Delhi,B017,Low,756.0,Excellent,1.0,52.0,2.0,4.0,23,1405097.76,14,18,10,4.3478260869565215,60.86956521739131,78.26086956521739,Kolkata Branch 2,Kolkata,19.736689739962273,0,0,1,0,0,1,0,0,0,25,Medium,Upper Middle,High Rate,Very Large Loan
L00470,C00150,B025,Education,2022-06-10,220953.42,15.44,84,5473.33,33907.4,Active,No,3,Sneha Reddy,Retail,40857.0,Madurai,B025,Low,720.0,Good,1.0,29.2,2.0,0.0,24,131227.54,13,23,10,5.5,54.166666666666664,95.83333333333334,Hyderabad Branch 3,Hyderabad,5.407969748145973,0,0,1,1,0,1,0,0,0,35,Medium,Lower Middle,High Rate,Medium Loan
L00471,C00366,B006,Personal,2026-04-19,198614.15,16.27,84,5057.33,91831.73,Defaulted,Yes,43,Arun Kumar,Retail,35944.0,Delhi,B006,Low,638.0,Fair,1.0,86.3,7.0,9.0,3,15209.79,1,2,9,5.333333333333333,33.33333333333333,66.66666666666666,Pune Branch 1,Pune,5.525655185844647,0,1,1,1,1,1,0,1,1,70,Critical,Low Income,Very High Rate,Medium Loan
L00472,C00575,B014,Education,2023-05-15,154240.08,12.03,48,4759.59,0.0,Closed,No,0,Kavya Singh,Retail,37033.0,Delhi,B014,Medium,819.0,Excellent,1.0,37.9,3.0,3.0,24,113680.43,12,24,10,5.666666666666667,50.0,100.0,Delhi Branch 2,Delhi,4.164936138039046,0,0,1,0,0,1,0,0,0,25,Medium,Low Income,High Rate,Small Loan
L00473,C00096,B020,Education,2022-01-10,1890256.61,14.99,48,62992.8,574862.08,Active,No,13,Rohit Sharma,Retail,29115.0,Kochi,B020,Low,682.0,Good,1.0,50.5,1.0,9.0,24,1515252.17,14,23,10,4.875,58.333333333333336,95.83333333333334,Kochi Branch 2,Kochi,64.92380594195433,0,0,1,0,0,1,0,0,0,25,Medium,Low Income,High Rate,Very Large Loan
L00474,C00335,B005,Auto,2026-02-18,281795.76,15.61,84,7020.4,130548.74,Active,No,9,Naveen Patel,Mass Affluent,25270.0,Hyderabad,B005,Medium,672.0,Good,0.0,50.1,0.0,8.0,7,49280.68,5,4,8,3.2857142857142856,71.42857142857143,57.14285714285714,Hyderabad Branch 1,Hyderabad,11.151395330431342,0,0,1,1,0,1,0,0,0,35,Medium,Low Income,High Rate,Medium Loan
L00475,C00960,B004,Auto,2022-01-04,221308.09,15.69,12,21335.94,0.0,Closed,No,1,Rahul Rao,Retail,35829.0,Hyderabad,B004,Low,675.0,Good,0.0,31.4,1.0,2.0,12,257987.38999999998,6,12,10,5.666666666666667,50.0,100.0,Delhi Branch 1,Delhi,6.176786681180049,0,0,1,1,0,1,0,0,0,35,Medium,Low Income,High Rate,Medium Loan
L00476,C00707,B001,Home,2022-02-07,342617.4,12.4,24,17816.1,261619.75,Active,No,5,Divya Singh,Retail,33826.0,Bengaluru,B001,Low,763.0,Excellent,0.0,51.1,6.0,5.0,24,427755.5,9,22,10,5.916666666666667,37.5,91.66666666666666,Chennai Branch 1,Chennai,10.128818068941053,0,0,1,0,0,1,0,1,0,30,Medium,Low Income,High Rate,Medium Loan
L00478,C00132,B005,Home,2026-03-22,832345.44,15.97,84,20986.0,286549.78,Defaulted,Yes,99,Lakshmi Singh,Retail,29293.0,Mumbai,B005,Low,668.0,Good,0.0,3.3,3.0,9.0,6,120661.85,3,5,59,20.333333333333332,50.0,83.33333333333334,Hyderabad Branch 1,Hyderabad,28.41448264090397,0,0,1,1,1,1,0,0,1,70,Critical,Low Income,High Rate,Large Loan
L00479,C00911,B019,Business,2025-12-11,107469.29,16.81,84,2784.86,0.0,Closed,No,13,Vishal Verma,Retail,38993.0,Bengaluru,B019,Low,619.0,Fair,2.0,99.0,6.0,2.0,9,25085.0,2,9,10,7.555555555555555,22.22222222222222,100.0,Coimbatore Branch 2,Coimbatore,2.756117508270715,0,1,1,1,0,1,1,1,0,60,High,Lower Middle,Very High Rate,Small Loan
L00480,C00877,B011,Personal,2025-08-23,212905.31,17.04,24,11894.31,143644.87,Active,No,5,Suresh Singh,Retail,54929.0,Coimbatore,B011,Low,626.0,Fair,1.0,40.9,1.0,7.0,13,155074.41999999998,5,10,9,5.076923076923077,38.46153846153847,76.92307692307693,Chennai Branch 2,Chennai,3.8760092118917147,0,0,1,1,0,1,0,0,0,35,Medium,Upper Middle,Very High Rate,Medium Loan
L00481,C00144,B005,Home,2022-03-03,2209686.85,15.9,60,66106.46,1011926.59,Active,No,7,Priya Kumar,Student,56191.0,Mumbai,B005,Low,660.0,Good,0.0,39.3,7.0,12.0,24,1581442.55,19,23,10,3.5833333333333335,79.16666666666666,95.83333333333334,Hyderabad Branch 1,Hyderabad,39.32456888113755,0,0,1,1,0,1,0,1,0,40,Medium,Upper Middle,High Rate,Very Large Loan
L00482,C00040,B012,Home,2024-09-10,1060372.66,18.52,36,45819.88,0.0,Closed,No,7,Ajay Reddy,Retail,49190.0,Kolkata,B012,Low,612.0,Fair,2.0,42.4,6.0,0.0,24,1101686.15,11,23,10,5.625,45.83333333333333,95.83333333333334,Bengaluru Branch 2,Bengaluru,21.556671274649318,0,0,1,1,0,1,1,1,0,50,High,Lower Middle,Very High Rate,Large Loan
L00483,C00394,B010,Auto,2024-11-21,193131.66,15.57,60,5724.74,60033.28,Active,No,15,Karthik Rao,Retail,54717.0,Kolkata,B010,Low,719.0,Good,0.0,8.6,5.0,3.0,22,126201.15,16,19,9,3.8181818181818183,72.72727272727273,86.36363636363636,Kochi Branch 1,Kochi,3.5296463621909098,0,0,1,1,0,1,0,1,0,40,Medium,Upper Middle,High Rate,Medium Loan
L00484,C00130,B022,Personal,2023-07-24,108685.02,18.03,60,3444.41,47710.72,Active,No,11,Kavya Nair,Senior Citizen,18723.0,Mumbai,B022,High,599.0,Fair,0.0,41.9,0.0,7.0,24,83148.42,9,23,10,5.541666666666667,37.5,95.83333333333334,Bengaluru Branch 3,Bengaluru,5.804893446563051,1,0,1,1,0,1,0,0,0,55,High,Low Income,Very High Rate,Small Loan
L00485,C00793,B005,Auto,2022-11-15,319955.36,13.05,24,16810.99,264391.68,Active,No,14,Lakshmi Nair,Senior Citizen,60479.0,Mumbai,B005,Low,731.0,Good,0.0,14.7,4.0,10.0,24,402822.55,16,22,10,4.083333333333333,66.66666666666666,91.66666666666666,Hyderabad Branch 1,Hyderabad,5.2903546685626415,0,0,1,0,0,1,0,0,0,25,Medium,Upper Middle,High Rate,Medium Loan
L00486,C00810,B014,Auto,2025-07-17,724365.27,16.54,60,22056.92,575863.52,Defaulted,Yes,61,Anitha Gupta,Student,18923.0,Hyderabad,B014,Low,678.0,Good,0.0,39.7,3.0,11.0,13,258460.14,3,12,58,16.615384615384617,23.076923076923077,92.3076923076923,Delhi Branch 2,Delhi,38.27962109602072,0,0,1,1,1,1,0,0,1,70,Critical,Low Income,Very High Rate,Large Loan
L00487,C00562,B003,Education,2022-05-07,94766.14,13.93,60,2679.51,67360.44,Active,No,12,Vijay Rao,Sme Owner,94880.0,Chennai,B003,Medium,743.0,Good,0.0,34.7,8.0,8.0,24,64275.52,15,22,10,4.583333333333333,62.5,91.66666666666666,Mumbai Branch 1,Mumbai,0.998799957841484,0,0,0,0,0,1,0,1,0,15,Low,High Income,High Rate,Small Loan
L00488,C00897,B002,Business,2023-08-22,645528.82,15.87,60,19295.93,0.0,Closed,No,11,Vijay Reddy,Retail,66628.0,Madurai,B002,Low,707.0,Good,0.0,35.5,1.0,6.0,24,462722.75,11,23,9,5.291666666666667,45.83333333333333,95.83333333333334,Bengaluru Branch 1,Bengaluru,9.688551659962778,0,0,1,1,0,1,0,0,0,35,Medium,Upper Middle,High Rate,Large Loan
L00489,C00244,B001,Business,2023-05-03,223945.79,13.57,60,6264.88,196503.1,Active,No,2,Karthik Nair,Mass Affluent,19150.0,Kolkata,B001,High,769.0,Excellent,0.0,56.6,6.0,7.0,24,150986.09,21,20,9,3.3333333333333335,87.5,83.33333333333334,Chennai Branch 1,Chennai,11.694297127937338,0,0,1,0,0,0,0,1,0,20,Low,Low Income,High Rate,Medium Loan
L00490,C00843,B004,Education,2024-10-14,636241.18,18.01,48,22803.94,140865.65,Defaulted,Yes,81,Lakshmi Singh,Retail,60375.0,Bengaluru,B004,Low,590.0,Fair,1.0,64.8,2.0,6.0,20,403280.13,9,19,49,18.25,45.0,95.0,Delhi Branch 1,Delhi,10.538156190476192,1,0,1,1,1,1,0,0,1,75,Critical,Upper Middle,Very High Rate,Large Loan
L00491,C00496,B020,Home,2023-12-11,144492.58,13.61,48,4649.05,132506.26,Active,No,12,Anitha Iyer,Mass Affluent,25511.0,Chennai,B020,Low,738.0,Good,0.0,47.3,2.0,10.0,24,111883.36,14,22,10,5.041666666666667,58.333333333333336,91.66666666666666,Kochi Branch 2,Kochi,5.663932421308455,0,0,1,0,0,1,0,0,0,25,Medium,Low Income,High Rate,Small Loan
L00492,C00029,B017,Business,2023-07-05,170380.87,14.02,84,4018.96,146782.48,Active,No,4,Anitha Nair,Premium,51837.0,Kochi,B017,Low,758.0,Excellent,1.0,37.9,8.0,2.0,24,96328.37,14,22,10,5.125,58.333333333333336,91.66666666666666,Kolkata Branch 2,Kolkata,3.286858228678357,0,0,1,0,0,1,0,1,0,30,Medium,Lower Middle,High Rate,Small Loan
L00493,C00770,B003,Auto,2023-01-24,512379.79,14.92,36,20603.36,264600.46,Active,No,13,Anitha Kumar,Sme Owner,68375.0,Mumbai,B003,Low,675.0,Good,0.0,52.7,7.0,1.0,24,495254.83999999997,12,21,9,4.833333333333333,50.0,87.5,Mumbai Branch 1,Mumbai,7.493671517367458,0,0,1,0,0,1,0,1,0,30,Medium,Upper Middle,High Rate,Large Loan
L00494,C00492,B025,Education,2025-01-02,830729.69,13.24,60,23011.21,135545.69,Active,No,1,Rahul Gupta,Sme Owner,58624.0,Bengaluru,B025,Low,816.0,Excellent,1.0,35.1,5.0,8.0,20,460305.38,12,17,10,4.1,60.0,85.0,Hyderabad Branch 3,Hyderabad,14.170470967521833,0,0,1,0,0,1,0,1,0,30,Medium,Upper Middle,High Rate,Large Loan
L00495,C00178,B024,Education,2024-03-30,161846.37,17.38,84,4270.82,146773.9,Active,No,18,Suresh Nair,Premium,28779.0,Coimbatore,B024,Low,616.0,Fair,0.0,51.1,5.0,1.0,24,102463.3,13,23,10,5.0,54.166666666666664,95.83333333333334,Delhi Branch 3,Delhi,5.623766287918274,0,0,1,1,0,1,0,1,0,40,Medium,Low Income,Very High Rate,Small Loan
L00496,C00153,B008,Personal,2024-02-25,887782.16,13.47,24,46956.28,0.0,Closed,No,9,Vijay Sharma,Student,26346.0,Kochi,B008,Low,792.0,Excellent,0.0,33.3,2.0,0.0,24,1127569.32,15,21,10,4.791666666666667,62.5,87.5,Madurai Branch 1,Madurai,33.69703788051317,0,0,1,0,0,1,0,0,0,25,Medium,Low Income,High Rate,Large Loan
L00497,C00772,B003,Personal,2024-02-24,129254.06,12.9,48,4082.27,88808.37,Active,No,13,Lakshmi Singh,Sme Owner,77021.0,Mumbai,B003,Low,779.0,Excellent,1.0,28.3,8.0,12.0,24,97675.47,12,21,10,5.083333333333333,50.0,87.5,Mumbai Branch 1,Mumbai,1.678166474078498,0,0,1,0,0,1,0,1,0,30,Medium,High Income,High Rate,Small Loan
L00498,C00148,B016,Home,2024-06-16,108218.93,13.15,12,10204.14,28340.78,Defaulted,Yes,58,Arun Patel,Retail,31390.0,Kolkata,B016,Medium,773.0,Excellent,0.0,40.2,8.0,10.0,11,103622.12,2,11,51,15.454545454545455,18.181818181818183,100.0,Pune Branch 2,Pune,3.4475606881172345,0,0,1,0,1,1,0,1,1,70,Critical,Low Income,High Rate,Small Loan
L00499,C00875,B011,Personal,2022-11-20,306069.67,15.67,12,29502.57,0.0,Closed,No,19,Vishal Nair,Retail,100186.0,Kochi,B011,Low,679.0,Good,1.0,64.7,5.0,0.0,12,352748.66000000003,8,12,10,4.833333333333333,66.66666666666666,100.0,Chennai Branch 2,Chennai,3.055014373265726,0,0,1,1,0,1,0,1,0,40,Medium,High Income,High Rate,Medium Loan
L00500,C00230,B010,Home,2024-06-26,958407.21,14.56,24,51562.31,639731.49,Active,No,7,Pooja Nair,Retail,21601.0,Delhi,B010,Medium,715.0,Good,0.0,45.8,8.0,8.0,24,1243074.6,17,15,10,3.0833333333333335,70.83333333333334,62.5,Kochi Branch 1,Kochi,44.3686500624971,0,0,1,0,0,1,0,1,0,30,Medium,Low Income,High Rate,Large Loan
L00501,C00112,B020,Education,2024-01-11,554868.96,13.53,48,17815.92,367589.17,Active,No,18,Geetha Sharma,Retail,68414.0,Madurai,B020,Low,759.0,Excellent,0.0,40.1,5.0,2.0,24,425288.35,13,23,10,5.166666666666667,54.166666666666664,95.83333333333334,Kochi Branch 2,Kochi,8.110459262724003,0,0,1,0,0,1,0,1,0,30,Medium,Upper Middle,High Rate,Large Loan
L00502,C00469,B017,Auto,2024-10-01,93900.27,18.43,36,4050.49,58327.34,Active,No,15,Deepa Verma,Retail,56868.0,Kochi,B017,Medium,582.0,Fair,2.0,81.7,6.0,6.0,23,93338.63,13,21,10,4.739130434782608,56.52173913043478,91.30434782608695,Kolkata Branch 2,Kolkata,1.6511969824857566,1,1,1,1,0,1,1,1,0,80,Critical,Upper Middle,Very High Rate,Small Loan
L00503,C00959,B023,Business,2023-02-17,1220380.37,19.28,48,45032.04,566227.28,Defaulted,Yes,106,Vishal Patel,Retail,43548.0,Mumbai,B023,Low,500.0,Poor,1.0,44.2,4.0,9.0,20,834379.26,5,20,53,16.0,25.0,100.0,Mumbai Branch 3,Mumbai,28.023798337466705,1,0,1,1,1,1,0,0,1,75,Critical,Lower Middle,Very High Rate,Very Large Loan
L00504,C00733,B020,Education,2023-07-09,103613.74,15.88,36,4249.31,0.0,Closed,No,17,Meena Kumar,Retail,84390.0,Chennai,B020,Low,694.0,Good,1.0,26.3,4.0,4.0,24,102337.74,15,21,10,4.083333333333333,62.5,87.5,Kochi Branch 2,Kochi,1.2277964213769406,0,0,1,1,0,1,0,0,0,35,Medium,High Income,High Rate,Small Loan
L00505,C00228,B025,Auto,2022-04-13,1647758.28,14.42,84,39416.73,0.0,Closed,No,13,Suresh Gupta,Student,55931.0,Coimbatore,B025,Low,692.0,Good,0.0,13.1,6.0,2.0,24,947468.29,14,22,10,4.583333333333333,58.333333333333336,91.66666666666666,Hyderabad Branch 3,Hyderabad,29.46055461193256,0,0,1,0,0,1,0,1,0,30,Medium,Upper Middle,High Rate,Very Large Loan
L00506,C00932,B018,Personal,2023-03-11,1699609.56,16.85,36,71076.73,1056881.04,Defaulted,Yes,52,Anitha Gupta,Sme Owner,41072.0,Delhi,B018,Low,668.0,Good,0.0,18.8,8.0,1.0,19,1244027.87,5,18,54,18.473684210526315,26.31578947368421,94.73684210526315,Madurai Branch 2,Madurai,41.381222243864435,0,0,1,1,1,1,0,1,1,70,Critical,Lower Middle,Very High Rate,Very Large Loan
L00507,C00423,B013,Education,2023-07-12,1135648.09,14.88,36,45627.82,793973.09,Active,No,18,Arun Iyer,Retail,50563.0,Madurai,B013,Low,695.0,Good,0.0,39.0,6.0,1.0,24,1095014.21,11,23,10,5.666666666666667,45.83333333333333,95.83333333333334,Mumbai Branch 2,Mumbai,22.46006150742638,0,0,1,0,0,1,0,1,0,30,Medium,Lower Middle,High Rate,Very Large Loan
L00508,C00249,B023,Auto,2026-05-16,754704.18,15.22,12,72464.18,480533.09,Active,No,14,Ajay Sharma,Premium,57359.0,Delhi,B023,Low,668.0,Good,0.0,9.2,5.0,5.0,4,289862.47,3,4,10,5.25,75.0,100.0,Mumbai Branch 3,Mumbai,13.15755469934971,0,0,1,1,0,1,0,1,0,40,Medium,Upper Middle,High Rate,Large Loan
L00509,C00308,B016,Personal,2025-10-07,81635.41,14.96,60,2378.31,41682.69,Active,No,16,Rahul Iyer,Mass Affluent,67165.0,Hyderabad,B016,Low,650.0,Good,0.0,9.6,6.0,0.0,11,26232.09,5,10,8,4.7272727272727275,45.45454545454545,90.9090909090909,Pune Branch 2,Pune,1.2154456934415248,0,0,1,0,0,1,0,1,0,30,Medium,Upper Middle,High Rate,Small Loan
L00510,C00229,B022,Home,2026-04-02,2350547.69,15.45,48,79233.05,0.0,Closed,No,15,Deepa Rao,Retail,37042.0,Mumbai,B022,Low,653.0,Good,0.0,23.1,6.0,0.0,5,392483.12,4,4,10,3.4,80.0,80.0,Bengaluru Branch 3,Bengaluru,63.45628448787862,0,0,1,1,0,0,0,1,0,30,Medium,Low Income,High Rate,Very Large Loan
L00511,C00855,B003,Business,2023-04-21,448802.32,13.88,60,12671.19,266399.09,Active,No,8,Vijay Sharma,Senior Citizen,108016.0,Hyderabad,B003,Medium,733.0,Good,0.0,10.0,8.0,0.0,24,304185.99,14,22,10,5.25,58.333333333333336,91.66666666666666,Mumbai Branch 1,Mumbai,4.154961487187084,0,0,1,0,0,1,0,1,0,30,Medium,High Income,High Rate,Medium Loan
L00512,C00713,B016,Education,2025-03-24,132640.07,14.17,36,5250.7,0.0,Closed,No,7,Kavya Singh,Sme Owner,31239.0,Coimbatore,B016,Medium,742.0,Good,0.0,51.9,7.0,0.0,18,94460.99,11,17,9,4.0,61.111111111111114,94.44444444444444,Pune Branch 2,Pune,4.245976823841993,0,0,1,0,0,1,0,1,0,30,Medium,Low Income,High Rate,Small Loan
L00513,C00925,B020,Home,2023-08-25,168736.84,17.23,36,7109.91,0.0,Closed,No,20,Kavya Nair,Retail,64165.0,Chennai,B020,Low,666.0,Good,0.0,30.7,0.0,9.0,24,171341.58,14,22,10,5.041666666666667,58.333333333333336,91.66666666666666,Kochi Branch 2,Kochi,2.6297333437232133,0,0,1,1,0,1,0,0,0,35,Medium,Upper Middle,Very High Rate,Small Loan
L00514,C00416,B006,Personal,2025-07-14,530949.21,13.93,36,20912.02,490161.71,Defaulted,Yes,104,Sanjay Rao,Sme Owner,38339.0,Coimbatore,B006,Low,768.0,Excellent,0.0,14.7,2.0,10.0,13,247973.55,5,13,54,17.307692307692307,38.46153846153847,100.0,Pune Branch 1,Pune,13.84880174235113,0,0,1,0,1,1,0,0,1,70,Critical,Lower Middle,High Rate,Large Loan
L00515,C00947,B006,Personal,2026-03-12,87852.76,14.06,36,3469.7,59692.89,Active,No,9,Ajay Patel,Senior Citizen,70485.0,Hyderabad,B006,High,720.0,Good,0.0,28.6,0.0,7.0,6,21053.97,2,6,8,5.833333333333333,33.33333333333333,100.0,Pune Branch 1,Pune,1.246403631978435,0,0,1,0,0,1,0,0,0,25,Medium,Upper Middle,High Rate,Small Loan
L00516,C00676,B010,Business,2025-06-26,169541.49,15.62,48,5738.98,0.0,Closed,No,1,Kavya Patel,Retail,47931.0,Kochi,B010,Low,653.0,Good,1.0,21.5,8.0,10.0,15,85333.14,8,13,10,4.666666666666667,53.333333333333336,86.66666666666667,Kochi Branch 1,Kochi,3.5371990987043875,0,0,1,1,0,1,0,1,0,40,Medium,Lower Middle,High Rate,Small Loan
L00517,C00823,B004,Education,2025-01-15,331239.92,15.57,60,9818.5,152817.91,Active,No,13,Vishal Gupta,Retail,174627.0,Hyderabad,B004,Low,634.0,Fair,0.0,63.5,8.0,3.0,20,196184.4,13,18,9,4.15,65.0,90.0,Delhi Branch 1,Delhi,1.89684252721515,0,0,1,1,0,1,0,1,0,40,Medium,High Income,High Rate,Medium Loan
L00518,C00077,B010,Business,2026-01-30,119749.78,13.96,24,6382.66,103825.24,Active,No,2,Rohit Rao,Mass Affluent,83678.0,Pune,B010,Medium,728.0,Good,0.0,35.9,7.0,10.0,8,51327.27,5,8,10,5.625,62.5,100.0,Kochi Branch 1,Kochi,1.4310784196563016,0,0,1,0,0,1,0,1,0,30,Medium,High Income,High Rate,Small Loan
L00519,C00139,B011,Home,2025-08-19,333731.96,15.22,12,32043.83,196932.11,Active,No,17,Naveen Singh,Retail,99271.0,Madurai,B011,High,731.0,Good,0.0,1.0,5.0,2.0,12,382469.82,8,9,10,4.25,66.66666666666666,75.0,Chennai Branch 2,Chennai,3.361827321171339,0,0,1,1,0,1,0,1,0,40,Medium,High Income,High Rate,Medium Loan
L00520,C00426,B015,Personal,2023-02-03,1372062.07,16.58,84,35291.4,0.0,Closed,No,6,Geetha Verma,Mass Affluent,96746.0,Coimbatore,B015,Medium,657.0,Good,1.0,49.1,6.0,4.0,24,847032.77,11,23,10,5.333333333333333,45.83333333333333,95.83333333333334,Hyderabad Branch 2,Hyderabad,14.18210644367726,0,0,1,1,0,1,0,1,0,40,Medium,High Income,Very High Rate,Very Large Loan
L00521,C00950,B020,Home,2025-09-22,895527.31,15.12,60,26209.1,0.0,Closed,No,14,Sanjay Kumar,Retail,121074.0,Hyderabad,B020,Low,718.0,Good,1.0,59.7,6.0,4.0,12,315456.75,7,10,9,4.916666666666667,58.333333333333336,83.33333333333334,Kochi Branch 2,Kochi,7.396528651898839,0,0,1,1,0,1,0,1,0,40,Medium,High Income,High Rate,Large Loan
L00522,C00169,B008,Home,2024-11-10,87214.42,14.38,24,4679.05,21622.78,Active,No,9,Pooja Verma,Retail,75059.0,Chennai,B008,Medium,755.0,Excellent,0.0,56.7,2.0,9.0,22,103249.77,9,19,10,5.363636363636363,40.909090909090914,86.36363636363636,Madurai Branch 1,Madurai,1.161944870035572,0,0,1,0,0,1,0,0,0,25,Medium,High Income,High Rate,Small Loan
L00523,C00327,B003,Personal,2023-04-03,1663875.88,16.18,24,91762.75,875070.89,Defaulted,Yes,83,Ajay Gupta,Mass Affluent,60279.0,Chennai,B003,Medium,632.0,Fair,1.0,70.3,4.0,3.0,22,1873371.13,6,21,54,17.318181818181817,27.27272727272727,95.45454545454545,Mumbai Branch 1,Mumbai,27.60291112991257,0,0,1,1,1,1,0,0,1,70,Critical,Upper Middle,Very High Rate,Very Large Loan
L00524,C00955,B023,Education,2024-07-15,93644.81,17.19,48,3292.4,24279.87,Defaulted,Yes,120,Vishal Gupta,Retail,44407.0,Chennai,B023,Low,652.0,Good,0.0,17.9,8.0,11.0,20,61417.77,6,19,53,18.05,30.0,95.0,Mumbai Branch 3,Mumbai,2.1087848762582477,0,0,1,1,1,1,0,1,1,70,Critical,Lower Middle,Very High Rate,Small Loan
L00525,C00725,B004,Personal,2023-04-12,2042137.4,11.33,12,189459.3,0.0,Closed,No,14,Rohit Gupta,Sme Owner,42450.0,Mumbai,B004,High,803.0,Excellent,0.0,54.1,2.0,12.0,12,2274501.19,5,12,10,6.333333333333333,41.66666666666667,100.0,Delhi Branch 1,Delhi,48.10688810365135,0,0,1,0,0,1,0,0,0,25,Medium,Lower Middle,Moderate Rate,Very Large Loan
L00526,C00988,B013,Business,2024-10-28,841148.13,15.16,36,33991.73,286479.64,Active,No,0,Rohit Verma,Premium,61062.0,Mumbai,B013,High,666.0,Good,0.0,1.0,3.0,3.0,23,778976.99,14,19,10,4.521739130434782,60.86956521739131,82.6086956521739,Mumbai Branch 2,Mumbai,13.775312469293505,0,0,1,1,0,1,0,0,0,35,Medium,Upper Middle,High Rate,Large Loan
L00527,C00895,B015,Education,2024-12-21,290117.48,12.91,48,9165.29,245883.53,Defaulted,Yes,51,Anitha Verma,Senior Citizen,52111.0,Pune,B015,Low,769.0,Excellent,0.0,18.5,8.0,0.0,17,145562.82,6,16,43,14.0,35.294117647058826,94.11764705882352,Hyderabad Branch 2,Hyderabad,5.567298267160484,0,0,1,0,1,1,0,1,1,70,Critical,Lower Middle,High Rate,Medium Loan
L00528,C00425,B024,Auto,2024-02-14,551924.56,15.07,24,29928.11,111110.96,Active,No,12,Geetha Patel,Sme Owner,40523.0,Pune,B024,Medium,694.0,Good,0.0,20.3,3.0,5.0,24,719654.86,16,19,10,4.291666666666667,66.66666666666666,79.16666666666666,Delhi Branch 3,Delhi,13.620032080546851,0,0,1,1,0,1,0,0,0,35,Medium,Lower Middle,High Rate,Large Loan
L00529,C00054,B015,Auto,2025-11-30,515237.52,16.87,36,21555.53,384408.67,Defaulted,Yes,70,Lakshmi Singh,Premium,31983.0,Kolkata,B015,Low,615.0,Fair,0.0,48.7,4.0,4.0,9,175438.91,4,8,56,14.0,44.44444444444444,88.88888888888889,Hyderabad Branch 2,Hyderabad,16.10973079448457,0,0,1,1,1,1,0,0,1,70,Critical,Low Income,Very High Rate,Large Loan
L00530,C00812,B022,Auto,2024-06-27,294312.91,15.62,36,12006.33,203764.09,Active,No,16,Sneha Patel,Retail,94446.0,Kolkata,B022,Low,707.0,Good,0.0,73.3,3.0,11.0,24,287534.82,16,20,10,4.5,66.66666666666666,83.33333333333334,Bengaluru Branch 3,Bengaluru,3.1162030154797447,0,0,1,1,0,1,0,0,0,35,Medium,High Income,High Rate,Medium Loan
L00531,C00440,B010,Education,2026-01-15,1716973.26,16.44,24,95063.09,0.0,Closed,No,18,Priya Iyer,Senior Citizen,20599.0,Coimbatore,B010,Low,685.0,Good,0.0,37.3,2.0,3.0,8,759031.4299999999,8,5,5,2.375,100.0,62.5,Kochi Branch 1,Kochi,83.35226273120054,0,0,1,1,0,0,0,0,0,25,Medium,Low Income,Very High Rate,Very Large Loan
L00532,C00801,B014,Personal,2022-08-02,108287.85,16.02,36,4453.64,79986.89,Active,No,15,Rohit Nair,Retail,72477.0,Kochi,B014,High,697.0,Good,0.0,55.0,4.0,12.0,24,107330.15,12,22,10,5.416666666666667,50.0,91.66666666666666,Delhi Branch 2,Delhi,1.4940995074299435,0,0,1,1,0,1,0,0,0,35,Medium,Upper Middle,Very High Rate,Small Loan
L00533,C00275,B019,Auto,2022-06-02,334481.58,14.98,36,13466.6,247122.64,Active,No,15,Kavya Rao,Senior Citizen,76612.0,Pune,B019,Low,706.0,Good,0.0,50.5,2.0,11.0,24,322332.74,14,22,10,4.916666666666667,58.333333333333336,91.66666666666666,Coimbatore Branch 2,Coimbatore,4.365916305539602,0,0,1,0,0,1,0,0,0,25,Medium,High Income,High Rate,Medium Loan
L00534,C00953,B006,Business,2026-03-18,105960.38,11.33,48,3207.95,67477.26,Defaulted,Yes,55,Meena Rao,Premium,88946.0,Delhi,B006,Medium,794.0,Excellent,0.0,44.8,7.0,0.0,5,14702.26,2,5,35,10.8,40.0,100.0,Pune Branch 1,Pune,1.1912888718998045,0,0,1,0,1,1,0,1,1,70,Critical,High Income,Moderate Rate,Small Loan
L00535,C00916,B003,Auto,2023-04-03,2188186.16,16.73,60,66976.73,0.0,Closed,No,1,Naveen Reddy,Student,50145.0,Bengaluru,B003,Medium,690.0,Good,0.0,52.6,7.0,10.0,24,1609458.6199999999,12,22,10,5.583333333333333,50.0,91.66666666666666,Mumbai Branch 1,Mumbai,43.63717539136504,0,0,1,1,0,1,0,1,0,40,Medium,Lower Middle,Very High Rate,Very Large Loan
L00536,C00075,B022,Home,2022-04-16,220752.17,16.66,48,7663.78,164955.58,Active,No,11,Kavya Reddy,Premium,39644.0,Delhi,B022,Medium,612.0,Fair,0.0,69.9,3.0,5.0,24,183686.6,18,21,10,4.041666666666667,75.0,87.5,Bengaluru Branch 3,Bengaluru,5.568362677832711,0,0,1,1,0,1,0,0,0,35,Medium,Lower Middle,Very High Rate,Medium Loan
L00537,C00441,B007,Business,2026-05-12,881100.21,13.27,24,46456.01,344089.59,Active,No,11,Arun Singh,Retail,280812.0,Pune,B007,Low,738.0,Good,0.0,38.2,5.0,5.0,4,182859.15,2,3,10,4.5,50.0,75.0,Kolkata Branch 1,Kolkata,3.137687171488398,0,0,1,0,0,1,0,1,0,30,Medium,High Income,High Rate,Large Loan
L00538,C00348,B018,Personal,2023-11-26,182311.72,18.84,12,18054.94,155786.29,Defaulted,Yes,73,Geetha Verma,Mass Affluent,17821.0,Coimbatore,B018,Medium,525.0,Poor,1.0,73.2,0.0,4.0,11,186892.32,4,10,52,15.545454545454545,36.36363636363637,90.9090909090909,Madurai Branch 2,Madurai,10.230162168228494,1,0,1,1,1,1,0,0,1,75,Critical,Low Income,Very High Rate,Medium Loan
L00539,C00097,B010,Education,2022-10-01,1711937.96,18.34,84,46544.33,1001711.0,Defaulted,Yes,111,Vishal Singh,Retail,76354.0,Kolkata,B010,Low,619.0,Fair,0.0,57.9,4.0,4.0,17,743042.04,9,15,58,13.117647058823529,52.94117647058824,88.23529411764706,Kochi Branch 1,Kochi,22.421064515284073,0,0,1,1,1,1,0,0,1,70,Critical,High Income,Very High Rate,Very Large Loan
L00540,C00912,B007,Home,2026-02-22,336491.8,16.66,84,8677.48,80112.42,Active,No,16,Rahul Gupta,Sme Owner,167958.0,Mumbai,B007,Low,689.0,Good,0.0,33.0,6.0,6.0,7,61403.8,4,6,8,4.571428571428571,57.14285714285714,85.71428571428571,Kolkata Branch 1,Kolkata,2.003428238011884,0,0,1,1,0,1,0,1,0,40,Medium,High Income,Very High Rate,Medium Loan
L00541,C00783,B006,Education,2024-11-13,1109159.41,17.92,84,29767.73,1016951.33,Active,No,8,Arun Gupta,Student,63720.0,Chennai,B006,Low,609.0,Fair,0.0,55.6,0.0,2.0,22,653688.32,10,21,10,5.545454545454546,45.45454545454545,95.45454545454545,Pune Branch 1,Pune,17.40677040175769,0,0,1,1,0,1,0,0,0,35,Medium,Upper Middle,Very High Rate,Very Large Loan
L00542,C00446,B017,Education,2025-07-19,1450779.99,15.32,24,78970.79,1012098.75,Defaulted,Yes,74,Meena Iyer,Senior Citizen,52087.0,Chennai,B017,Low,724.0,Good,1.0,37.1,6.0,2.0,12,866657.35,3,12,41,15.666666666666666,25.0,100.0,Kolkata Branch 2,Kolkata,27.853014955747117,0,0,1,1,1,1,0,1,1,70,Critical,Lower Middle,High Rate,Very Large Loan
L00543,C00071,B008,Education,2023-01-15,493916.76,18.17,84,13358.68,0.0,Closed,No,6,Meena Singh,Student,40264.0,Mumbai,B008,Low,604.0,Fair,0.0,50.7,1.0,11.0,24,320812.66,12,21,10,5.416666666666667,50.0,87.5,Madurai Branch 1,Madurai,12.266957083250547,0,0,1,1,0,1,0,0,0,35,Medium,Lower Middle,Very High Rate,Large Loan
L00544,C00927,B008,Auto,2025-03-17,167791.53,12.94,84,3806.87,131774.82,Defaulted,Yes,52,Priya Rao,Mass Affluent,93238.0,Pune,B008,Low,741.0,Good,0.0,38.9,1.0,4.0,14,49135.19,5,14,56,14.285714285714286,35.714285714285715,100.0,Madurai Branch 1,Madurai,1.7996045603723803,0,0,1,0,1,1,0,0,1,70,Critical,High Income,High Rate,Small Loan
L00545,C00141,B010,Education,2026-04-15,256739.75,15.06,12,24617.06,179246.06,Active,No,8,Suresh Iyer,Retail,156140.0,Chennai,B010,Low,728.0,Good,0.0,49.4,6.0,9.0,5,123321.87,3,5,7,4.4,60.0,100.0,Kochi Branch 1,Kochi,1.6442919815550148,0,0,1,1,0,1,0,1,0,40,Medium,High Income,High Rate,Medium Loan
L00546,C00437,B023,Auto,2024-01-24,174686.16,15.93,36,7171.35,101549.44,Defaulted,Yes,51,Pooja Rao,Premium,56671.0,Delhi,B023,Low,646.0,Fair,0.0,69.1,0.0,2.0,20,132615.54,6,19,58,17.6,30.0,95.0,Mumbai Branch 3,Mumbai,3.082461223553493,0,0,1,1,1,1,0,0,1,70,Critical,Upper Middle,High Rate,Medium Loan
L00547,C00637,B012,Auto,2022-06-25,761631.67,14.39,24,40867.89,656855.69,Active,No,11,Karthik Rao,Premium,112339.0,Madurai,B012,Low,728.0,Good,1.0,1.0,1.0,12.0,24,980650.64,9,22,10,5.583333333333333,37.5,91.66666666666666,Bengaluru Branch 2,Bengaluru,6.779761881448117,0,0,1,0,0,1,0,0,0,25,Medium,High Income,High Rate,Large Loan
L00548,C00715,B025,Home,2024-10-31,889863.2,11.48,24,45590.66,365828.8,Active,No,9,Meena Sharma,Retail,44884.0,Madurai,B025,High,805.0,Excellent,0.0,29.7,2.0,12.0,23,1052439.29,13,20,10,4.3478260869565215,56.52173913043478,86.95652173913044,Hyderabad Branch 3,Hyderabad,19.82584439889493,0,0,1,0,0,1,0,0,0,25,Medium,Lower Middle,Moderate Rate,Large Loan
L00549,C00182,B003,Auto,2024-02-18,92334.07,15.34,60,2719.24,75035.72,Active,No,16,Meena Rao,Retail,38300.0,Delhi,B003,Low,680.0,Good,1.0,59.3,1.0,7.0,24,65182.81,11,23,10,6.0,45.83333333333333,95.83333333333334,Mumbai Branch 1,Mumbai,2.4108112271540474,0,0,1,1,0,1,0,0,0,35,Medium,Lower Middle,High Rate,Small Loan
L00550,C00445,B010,Auto,2026-05-16,1061697.78,14.3,24,56889.31,514138.85,Defaulted,Yes,99,Anitha Iyer,Retail,54799.0,Chennai,B010,Low,679.0,Good,0.0,53.4,3.0,6.0,3,171927.33000000002,1,3,9,5.666666666666667,33.33333333333333,100.0,Kochi Branch 1,Kochi,19.37440062774868,0,0,1,0,1,1,0,0,1,70,Critical,Upper Middle,High Rate,Large Loan
L00551,C00051,B006,Home,2025-07-04,1162889.22,17.37,36,49135.3,221450.26,Active,No,16,Sanjay Patel,Sme Owner,85909.0,Kochi,B006,Low,583.0,Fair,2.0,72.0,7.0,1.0,14,685153.19,8,12,10,3.857142857142857,57.14285714285714,85.71428571428571,Pune Branch 1,Pune,13.536290959038052,1,0,1,1,0,1,1,1,0,70,Critical,High Income,Very High Rate,Very Large Loan
L00552,C00867,B015,Business,2024-01-11,1739871.18,17.96,24,98534.7,0.0,Closed,No,19,Anitha Singh,Retail,39164.0,Madurai,B015,Low,524.0,Poor,0.0,39.9,0.0,0.0,24,2362583.63,14,22,10,5.041666666666667,58.333333333333336,91.66666666666666,Hyderabad Branch 2,Hyderabad,44.42526759268716,1,0,1,1,0,1,0,0,0,55,High,Lower Middle,Very High Rate,Very Large Loan
L00553,C00176,B015,Education,2023-03-14,479012.05,11.45,84,10273.1,149397.11,Active,No,0,Anitha Gupta,Premium,34658.0,Coimbatore,B015,Low,894.0,Excellent,0.0,24.6,1.0,0.0,24,245618.3,8,22,10,6.458333333333333,33.33333333333333,91.66666666666666,Hyderabad Branch 2,Hyderabad,13.821110566103064,0,0,1,0,0,1,0,0,0,25,Medium,Low Income,Moderate Rate,Large Loan
L00554,C00095,B024,Education,2022-11-19,1834810.71,14.78,48,60823.98,1029915.24,Active,No,0,Rohit Kumar,Retail,52217.0,Coimbatore,B024,Low,654.0,Good,0.0,58.1,0.0,7.0,24,1457100.19,10,20,10,5.291666666666667,41.66666666666667,83.33333333333334,Delhi Branch 3,Delhi,35.138186988911656,0,0,1,0,0,1,0,0,0,25,Medium,Lower Middle,High Rate,Very Large Loan
L00555,C00459,B011,Business,2023-10-01,353361.85,16.93,48,12347.05,286328.08,Defaulted,Yes,66,Naveen Sharma,Retail,84861.0,Kolkata,B011,Low,647.0,Fair,2.0,82.0,1.0,0.0,18,206169.07,9,17,59,11.5,50.0,94.44444444444444,Chennai Branch 2,Chennai,4.164007612448592,0,1,1,1,1,1,1,0,1,75,Critical,High Income,Very High Rate,Medium Loan
L00556,C00186,B022,Home,2024-06-06,1368772.62,14.49,12,130592.31,919265.38,Defaulted,Yes,58,Sanjay Verma,Sme Owner,36161.0,Kolkata,B022,Medium,670.0,Good,0.0,54.0,8.0,4.0,10,1226859.51,3,10,54,16.2,30.0,100.0,Bengaluru Branch 3,Bengaluru,37.852178313652836,0,0,1,0,1,1,0,1,1,70,Critical,Low Income,High Rate,Very Large Loan
L00557,C00667,B019,Personal,2025-11-13,89149.52,14.11,84,2109.55,68188.93,Active,No,13,Vishal Sharma,Retail,86022.0,Kolkata,B019,Medium,687.0,Good,0.0,26.6,7.0,4.0,10,20841.44,5,7,10,4.7,50.0,70.0,Coimbatore Branch 2,Coimbatore,1.036357210946037,0,0,1,0,0,1,0,1,0,30,Medium,High Income,High Rate,Small Loan
L00558,C00332,B012,Auto,2023-07-16,238778.61,17.16,60,7394.18,49641.22,Active,No,0,Deepa Patel,Retail,83296.0,Coimbatore,B012,Low,670.0,Good,0.0,37.9,2.0,6.0,24,177595.34,17,22,10,3.7916666666666665,70.83333333333334,91.66666666666666,Bengaluru Branch 2,Bengaluru,2.8666275691509795,0,0,1,1,0,1,0,0,0,35,Medium,High Income,Very High Rate,Medium Loan
L00559,C00240,B022,Home,2022-11-08,2108528.78,13.21,48,67139.07,444397.83,Active,No,3,Karthik Verma,Retail,21738.0,Coimbatore,B022,High,766.0,Excellent,0.0,45.3,8.0,3.0,24,1605149.13,12,22,10,5.708333333333333,50.0,91.66666666666666,Bengaluru Branch 3,Bengaluru,96.99736774312264,0,0,1,0,0,1,0,1,0,30,Medium,Low Income,High Rate,Very Large Loan
L00560,C00939,B020,Education,2022-03-16,100458.0,15.58,12,9675.78,75139.14,Active,No,1,Rahul Verma,Mass Affluent,27054.0,Pune,B020,High,680.0,Good,0.0,37.6,7.0,8.0,12,116344.09,6,9,10,5.416666666666667,50.0,75.0,Kochi Branch 2,Kochi,3.7132401862940787,0,0,1,1,0,1,0,1,0,40,Medium,Low Income,High Rate,Small Loan
L00561,C00858,B004,Business,2024-05-07,229304.41,18.0,36,9809.13,53456.15,Defaulted,Yes,63,Rohit Gupta,Retail,52586.0,Delhi,B004,Low,627.0,Fair,0.0,77.7,3.0,5.0,18,163384.65,8,17,59,16.944444444444443,44.44444444444444,94.44444444444444,Delhi Branch 1,Delhi,4.360560034990302,0,1,1,1,1,1,0,0,1,70,Critical,Lower Middle,Very High Rate,Medium Loan
L00562,C00887,B002,Education,2022-08-05,659775.49,15.69,60,19622.82,574809.42,Active,No,8,Naveen Reddy,Retail,37887.0,Coimbatore,B002,Low,712.0,Good,0.0,11.3,6.0,9.0,24,471502.98,16,22,10,4.208333333333333,66.66666666666666,91.66666666666666,Bengaluru Branch 1,Bengaluru,17.414297516298465,0,0,1,1,0,1,0,1,0,40,Medium,Lower Middle,High Rate,Large Loan
L00563,C00746,B012,Business,2024-10-03,177864.23,13.65,84,4140.64,167085.83,Active,No,7,Anitha Rao,Sme Owner,23182.0,Chennai,B012,Low,744.0,Good,0.0,10.7,7.0,11.0,23,95348.90000000001,14,21,10,4.608695652173913,60.86956521739131,91.30434782608695,Bengaluru Branch 2,Bengaluru,7.672514450867053,0,0,1,0,0,1,0,1,0,30,Medium,Low Income,High Rate,Medium Loan
L00564,C00721,B016,Auto,2022-12-30,232734.21,16.09,12,22515.1,74281.19,Defaulted,Yes,97,Rahul Sharma,Senior Citizen,67149.0,Delhi,B016,Medium,648.0,Fair,0.0,65.7,0.0,9.0,9,193059.37,5,8,58,14.222222222222221,55.55555555555556,88.88888888888889,Pune Branch 2,Pune,3.46593709511683,0,0,1,1,1,1,0,0,1,70,Critical,Upper Middle,Very High Rate,Medium Loan
L00565,C00902,B024,Personal,2024-08-01,281585.42,12.23,12,26335.28,0.0,Closed,No,0,Karthik Singh,Mass Affluent,87315.0,Kochi,B024,Low,840.0,Excellent,0.0,17.3,5.0,8.0,12,314631.1,8,11,10,4.583333333333333,66.66666666666666,91.66666666666666,Delhi Branch 3,Delhi,3.224937525052969,0,0,1,0,0,1,0,1,0,30,Medium,High Income,High Rate,Medium Loan
L00566,C00339,B022,Home,2022-02-19,1653569.68,15.45,36,67222.2,1119505.92,Defaulted,Yes,74,Kavya Iyer,Senior Citizen,28594.0,Delhi,B022,Low,696.0,Good,0.0,40.1,0.0,0.0,14,942685.51,8,12,15,4.785714285714286,57.14285714285714,85.71428571428571,Bengaluru Branch 3,Bengaluru,57.82925368958522,0,0,1,1,1,1,0,0,1,70,Critical,Low Income,High Rate,Very Large Loan
L00567,C00561,B009,Business,2023-06-02,113621.34,15.13,12,10901.02,76767.86,Active,No,3,Anitha Patel,Sme Owner,63515.0,Coimbatore,B009,Low,687.0,Good,1.0,17.2,7.0,12.0,12,131405.45,7,12,9,4.75,58.333333333333336,100.0,Coimbatore Branch 1,Coimbatore,1.7888898685349917,0,0,1,1,0,1,0,1,0,40,Medium,Upper Middle,High Rate,Small Loan
L00568,C00041,B004,Auto,2026-04-07,1658375.61,14.49,60,47664.48,0.0,Closed,No,2,Priya Kumar,Senior Citizen,37786.0,Delhi,B004,Low,691.0,Good,0.0,66.3,2.0,4.0,5,237383.56,3,5,10,4.8,60.0,100.0,Delhi Branch 1,Delhi,43.88862568146933,0,0,1,0,0,1,0,0,0,25,Medium,Lower Middle,High Rate,Very Large Loan
L00569,C00913,B006,Home,2025-11-24,205032.54,14.5,60,5894.69,0.0,Closed,No,5,Geetha Iyer,Retail,37240.0,Pune,B006,Low,756.0,Excellent,1.0,6.7,4.0,9.0,10,58557.6,4,9,9,5.9,40.0,90.0,Pune Branch 1,Pune,5.505707303974222,0,0,1,0,0,1,0,0,0,25,Medium,Low Income,High Rate,Medium Loan
L00570,C00853,B016,Business,2025-10-07,160462.92,15.12,60,4696.21,124986.29,Defaulted,Yes,53,Rohit Patel,Mass Affluent,77890.0,Mumbai,B016,Low,729.0,Good,1.0,33.8,8.0,12.0,9,39325.46,3,9,19,9.444444444444445,33.33333333333333,100.0,Pune Branch 2,Pune,2.0601222236487358,0,0,1,1,1,1,0,1,1,70,Critical,High Income,High Rate,Small Loan
L00571,C00303,B006,Home,2023-12-27,100360.44,16.6,84,2583.09,50420.07,Defaulted,Yes,80,Deepa Verma,Premium,55547.0,Chennai,B006,Low,679.0,Good,0.0,48.5,1.0,10.0,21,48560.58,7,20,59,17.666666666666668,33.33333333333333,95.23809523809523,Pune Branch 1,Pune,1.8067661619889464,0,0,1,1,1,1,0,0,1,70,Critical,Upper Middle,Very High Rate,Small Loan
L00572,C00552,B017,Business,2024-05-04,1602868.34,18.34,24,91283.35,1477665.78,Active,No,10,Meena Iyer,Mass Affluent,41988.0,Chennai,B017,Medium,623.0,Fair,1.0,49.6,8.0,5.0,24,2198470.65,13,22,10,5.458333333333333,54.166666666666664,91.66666666666666,Kolkata Branch 2,Kolkata,38.174438887301136,0,0,1,1,0,1,0,1,0,40,Medium,Lower Middle,Very High Rate,Very Large Loan
L00573,C00125,B012,Auto,2022-10-06,99089.06,14.33,84,2362.92,0.0,Closed,No,2,Karthik Iyer,Retail,70370.0,Hyderabad,B012,Low,694.0,Good,0.0,11.7,0.0,7.0,24,56742.44,14,22,10,4.375,58.333333333333336,91.66666666666666,Bengaluru Branch 2,Bengaluru,1.4081151058689783,0,0,1,0,0,1,0,0,0,25,Medium,Upper Middle,High Rate,Small Loan
L00574,C00835,B022,Home,2023-05-21,346488.13,16.06,12,33511.18,0.0,Closed,No,5,Suresh Patel,Retail,116336.0,Mumbai,B022,Low,633.0,Fair,0.0,87.9,5.0,5.0,12,402532.05,5,12,9,5.25,41.66666666666667,100.0,Bengaluru Branch 3,Bengaluru,2.978339722871682,0,1,1,1,0,1,0,1,0,50,High,High Income,Very High Rate,Medium Loan
L00575,C00811,B013,Business,2023-05-06,1350361.48,18.22,24,76768.05,1239937.36,Defaulted,Yes,67,Naveen Rao,Premium,16262.0,Chennai,B013,Low,559.0,Fair,1.0,92.6,4.0,2.0,19,1355253.04,6,19,53,17.105263157894736,31.57894736842105,100.0,Mumbai Branch 2,Mumbai,83.03784774320502,1,1,1,1,1,1,0,0,1,85,Critical,Low Income,Very High Rate,Very Large Loan
L00576,C00064,B010,Education,2023-04-21,110347.31,15.49,84,2738.06,39229.85,Active,No,19,Divya Reddy,Mass Affluent,64849.0,Chennai,B010,Low,732.0,Good,0.0,31.7,6.0,7.0,24,65568.83,8,23,10,5.791666666666667,33.33333333333333,95.83333333333334,Kochi Branch 1,Kochi,1.7016038797822635,0,0,1,1,0,1,0,1,0,40,Medium,Upper Middle,High Rate,Small Loan
L00577,C00295,B002,Business,2026-02-19,430871.97,15.47,36,17523.32,142106.59,Defaulted,Yes,33,Meena Patel,Retail,43825.0,Kochi,B002,Low,709.0,Good,0.0,50.0,4.0,5.0,5,80877.92,2,5,27,9.4,40.0,100.0,Bengaluru Branch 1,Bengaluru,9.831647917855104,0,0,1,1,1,1,0,0,1,70,Critical,Lower Middle,High Rate,Medium Loan
L00578,C00217,B012,Business,2023-08-12,1928709.52,17.89,12,189479.64,1569180.04,Active,No,18,Pooja Gupta,Premium,38128.0,Bengaluru,B012,Low,555.0,Fair,0.0,60.2,5.0,3.0,12,2277454.89,5,10,9,5.25,41.66666666666667,83.33333333333334,Bengaluru Branch 2,Bengaluru,50.585121695342,1,0,1,1,0,1,0,1,0,60,High,Lower Middle,Very High Rate,Very Large Loan
L00579,C00885,B021,Auto,2022-04-28,100613.69,17.94,36,4299.0,0.0,Closed,No,15,Lakshmi Kumar,Retail,40782.0,Chennai,B021,Medium,620.0,Fair,0.0,64.9,6.0,1.0,24,103130.21,13,21,10,5.166666666666667,54.166666666666664,87.5,Chennai Branch 3,Chennai,2.467110244715806,0,0,1,1,0,1,0,1,0,40,Medium,Lower Middle,Very High Rate,Small Loan
L00580,C00646,B003,Business,2022-08-30,140074.79,13.23,36,5435.29,44701.08,Defaulted,Yes,92,Meena Patel,Retail,103425.0,Bengaluru,B003,Medium,714.0,Good,0.0,32.3,7.0,7.0,20,99049.4,6,18,58,13.6,30.0,90.0,Mumbai Branch 1,Mumbai,1.3543610345661108,0,0,1,0,1,1,0,1,1,70,Critical,High Income,High Rate,Small Loan
L00581,C00318,B010,Auto,2023-06-03,168381.81,15.77,48,5720.77,0.0,Closed,No,7,Lakshmi Iyer,Mass Affluent,19418.0,Kochi,B010,Low,683.0,Good,0.0,1.0,1.0,10.0,24,137597.39,13,23,10,5.166666666666667,54.166666666666664,95.83333333333334,Kochi Branch 1,Kochi,8.671429086414667,0,0,1,1,0,1,0,0,0,35,Medium,Low Income,High Rate,Small Loan
L00582,C00683,B001,Personal,2023-05-30,161508.9,12.59,48,5059.27,115966.65,Defaulted,Yes,75,Anitha Patel,Retail,47087.0,Kochi,B001,Low,793.0,Excellent,2.0,63.0,3.0,12.0,20,90188.14,5,19,45,13.4,25.0,95.0,Chennai Branch 1,Chennai,3.430010406269246,0,0,1,0,1,1,1,0,1,70,Critical,Lower Middle,High Rate,Small Loan
L00583,C00156,B010,Business,2023-07-22,1011149.32,15.39,84,25005.48,0.0,Closed,No,15,Ajay Patel,Sme Owner,34070.0,Hyderabad,B010,Low,731.0,Good,0.0,35.1,7.0,12.0,24,599123.07,13,24,10,5.125,54.166666666666664,100.0,Kochi Branch 1,Kochi,29.678582917522746,0,0,1,1,0,1,0,1,0,40,Medium,Low Income,High Rate,Large Loan
L00584,C00135,B021,Education,2024-02-14,297463.54,18.42,60,9523.79,149917.66,Active,No,7,Vijay Nair,Retail,36912.0,Coimbatore,B021,Low,597.0,Fair,1.0,53.9,6.0,7.0,24,228423.49,14,21,10,4.5,58.333333333333336,87.5,Chennai Branch 3,Chennai,8.058721824880797,1,0,1,1,0,1,0,1,0,60,High,Low Income,Very High Rate,Medium Loan
L00585,C00380,B025,Auto,2024-08-20,951378.22,13.42,36,37066.75,147790.93,Defaulted,Yes,43,Anitha Patel,Student,123197.0,Chennai,B025,Low,710.0,Good,0.0,24.5,3.0,6.0,19,639424.69,6,19,52,16.63157894736842,31.57894736842105,100.0,Hyderabad Branch 3,Hyderabad,7.722413857480295,0,0,1,0,1,1,0,0,1,70,Critical,High Income,High Rate,Large Loan
L00586,C00257,B005,Business,2023-03-08,1601257.69,14.73,60,46343.07,1316482.32,Active,No,4,Divya Kumar,Mass Affluent,29999.0,Kochi,B005,Low,703.0,Good,0.0,51.0,7.0,8.0,24,1111772.34,15,21,10,4.625,62.5,87.5,Hyderabad Branch 1,Hyderabad,53.37703556785226,0,0,1,0,0,1,0,1,0,30,Medium,Low Income,High Rate,Very Large Loan
L00587,C00840,B004,Auto,2022-01-10,2142704.59,13.96,36,84446.37,1647679.63,Active,No,3,Naveen Singh,Retail,72703.0,Bengaluru,B004,High,752.0,Excellent,0.0,60.5,4.0,8.0,24,2026999.99,9,21,10,6.041666666666667,37.5,87.5,Delhi Branch 1,Delhi,29.47202440064371,0,0,1,0,0,1,0,0,0,25,Medium,Upper Middle,High Rate,Very Large Loan
L00588,C00199,B020,Education,2023-11-04,807285.82,13.51,84,18699.24,206599.71,Active,No,13,Deepa Verma,Retail,69261.0,Bengaluru,B020,Low,747.0,Good,1.0,45.3,3.0,4.0,24,446243.05,11,22,10,5.458333333333333,45.83333333333333,91.66666666666666,Kochi Branch 2,Kochi,11.655705519700842,0,0,1,0,0,1,0,0,0,25,Medium,Upper Middle,High Rate,Large Loan
L00589,C00914,B001,Personal,2023-03-21,1024255.48,15.37,12,98473.63,538660.36,Active,No,2,Meena Nair,Retail,60795.0,Hyderabad,B001,Low,739.0,Good,1.0,58.5,6.0,8.0,12,1173611.47,5,12,10,6.25,41.66666666666667,100.0,Chennai Branch 1,Chennai,16.847692737889627,0,0,1,1,0,1,0,1,0,40,Medium,Upper Middle,High Rate,Large Loan
L00590,C00346,B015,Personal,2025-02-07,1389059.35,15.23,84,34165.9,479619.56,Defaulted,Yes,79,Rohit Verma,Premium,24576.0,Mumbai,B015,Low,662.0,Good,0.0,38.0,4.0,0.0,15,483402.06,8,15,57,16.133333333333333,53.333333333333336,100.0,Hyderabad Branch 2,Hyderabad,56.5209696451823,0,0,1,1,1,1,0,0,1,70,Critical,Low Income,High Rate,Very Large Loan
L00591,C00548,B016,Business,2023-04-17,431346.41,18.96,60,14004.38,136889.63,Defaulted,Yes,109,Divya Patel,Retail,54273.0,Mumbai,B016,Medium,581.0,Fair,0.0,54.5,6.0,12.0,18,237584.35,7,18,55,14.555555555555555,38.88888888888889,100.0,Pune Branch 2,Pune,7.947716359884288,1,0,1,1,1,1,0,1,1,80,Critical,Upper Middle,Very High Rate,Medium Loan
L00592,C00945,B016,Education,2025-11-30,672098.81,12.4,84,14946.2,452168.4,Defaulted,Yes,74,Geetha Patel,Retail,76913.0,Mumbai,B016,Medium,788.0,Excellent,0.0,24.0,1.0,10.0,8,114149.37,3,8,48,12.625,37.5,100.0,Pune Branch 2,Pune,8.738429264233615,0,0,1,0,1,1,0,0,1,70,Critical,High Income,High Rate,Large Loan
L00593,C00926,B025,Auto,2023-04-30,261700.85,18.69,48,9528.09,58724.02,Active,No,8,Deepa Kumar,Senior Citizen,81794.0,Chennai,B025,Medium,589.0,Fair,2.0,37.8,4.0,4.0,24,227280.45,14,24,10,5.375,58.333333333333336,100.0,Hyderabad Branch 3,Hyderabad,3.1995115778663474,1,0,1,1,0,1,1,0,0,65,High,High Income,Very High Rate,Medium Loan
L00594,C00928,B010,Education,2023-07-12,1701460.51,16.11,36,70104.9,1438657.39,Defaulted,Yes,87,Rahul Gupta,Student,45621.0,Coimbatore,B010,Low,632.0,Fair,1.0,44.1,7.0,8.0,17,1114151.05,9,15,46,10.294117647058824,52.94117647058824,88.23529411764706,Kochi Branch 1,Kochi,37.295554897963655,0,0,1,1,1,1,0,1,1,70,Critical,Lower Middle,Very High Rate,Very Large Loan
L00595,C00671,B021,Business,2022-03-23,1222164.57,17.06,60,37744.52,705442.61,Active,No,19,Sanjay Gupta,Mass Affluent,23325.0,Coimbatore,B021,Medium,649.0,Fair,0.0,52.3,5.0,9.0,24,902395.38,17,23,10,4.416666666666667,70.83333333333334,95.83333333333334,Chennai Branch 3,Chennai,52.39719485530547,0,0,1,1,0,1,0,1,0,40,Medium,Low Income,Very High Rate,Very Large Loan
L00596,C00742,B014,Education,2025-03-23,472918.8,12.7,36,18141.69,301570.45,Active,No,3,Karthik Reddy,Senior Citizen,60830.0,Pune,B014,Medium,827.0,Excellent,0.0,51.0,5.0,10.0,18,325198.06,8,18,10,6.055555555555555,44.44444444444444,100.0,Delhi Branch 2,Delhi,7.774433667598224,0,0,1,0,0,1,0,1,0,30,Medium,Upper Middle,High Rate,Large Loan
L00597,C00712,B019,Auto,2022-02-13,106532.94,13.29,36,4139.1,62124.45,Active,No,18,Pooja Patel,Student,78130.0,Bengaluru,B019,Medium,801.0,Excellent,2.0,28.0,3.0,12.0,24,98763.15,14,24,10,4.666666666666667,58.333333333333336,100.0,Coimbatore Branch 2,Coimbatore,1.3635343658005887,0,0,1,0,0,1,1,0,0,35,Medium,High Income,High Rate,Small Loan
L00598,C00799,B013,Auto,2022-02-11,175350.78,19.16,84,4887.28,0.0,Closed,No,15,Karthik Iyer,Premium,35072.0,Madurai,B013,Medium,536.0,Poor,0.0,72.2,6.0,10.0,24,117119.85,15,20,10,4.5,62.5,83.33333333333334,Mumbai Branch 2,Mumbai,4.999737112226278,1,0,1,1,0,1,0,1,0,60,High,Low Income,Very High Rate,Medium Loan
L00599,C00777,B001,Education,2022-03-06,728794.38,14.49,24,39166.62,578730.86,Active,No,16,Meena Reddy,Premium,151845.0,Madurai,B001,Medium,737.0,Good,0.0,41.7,8.0,8.0,24,935623.61,15,21,10,4.833333333333333,62.5,87.5,Chennai Branch 1,Chennai,4.799594191445224,0,0,1,0,0,1,0,1,0,30,Medium,High Income,High Rate,Large Loan
L00600,C00524,B014,Education,2025-10-19,1965052.33,17.64,12,192640.63,0.0,Closed,No,18,Suresh Verma,Retail,63079.0,Mumbai,B014,Low,589.0,Fair,1.0,85.1,0.0,3.0,11,2123360.07,6,9,10,5.090909090909091,54.54545454545454,81.81818181818183,Delhi Branch 2,Delhi,31.152242901758115,1,1,1,1,0,1,0,0,0,65,High,Upper Middle,Very High Rate,Very Large Loan
L00601,C00379,B001,Education,2023-04-20,143232.33,15.52,24,7820.49,35087.88,Active,No,8,Kavya Rao,Mass Affluent,49859.0,Bengaluru,B001,Low,680.0,Good,0.0,59.4,5.0,4.0,24,187946.11,13,20,10,4.791666666666667,54.166666666666664,83.33333333333334,Chennai Branch 1,Chennai,2.872747748651196,0,0,1,1,0,1,0,1,0,40,Medium,Lower Middle,High Rate,Small Loan
L00602,C00059,B025,Education,2026-01-02,2287209.23,14.09,60,64975.8,2064689.83,Active,No,12,Rahul Verma,Retail,115994.0,Chennai,B025,Medium,729.0,Good,0.0,36.1,8.0,11.0,8,517635.07,5,7,8,3.875,62.5,87.5,Hyderabad Branch 3,Hyderabad,19.7183408624584,0,0,1,0,0,1,0,1,0,30,Medium,High Income,High Rate,Very Large Loan
L00603,C00862,B019,Business,2022-05-17,842765.07,12.51,60,22831.91,0.0,Closed,No,3,Geetha Singh,Mass Affluent,46425.0,Hyderabad,B019,Medium,823.0,Excellent,0.0,35.5,4.0,9.0,24,546011.52,15,20,10,4.75,62.5,83.33333333333334,Coimbatore Branch 2,Coimbatore,18.153259450726978,0,0,1,0,0,1,0,0,0,25,Medium,Lower Middle,High Rate,Large Loan
L00604,C00167,B001,Business,2025-08-06,227959.69,16.65,60,6962.27,0.0,Closed,No,5,Karthik Rao,Retail,48994.0,Pune,B001,Medium,665.0,Good,0.0,36.2,1.0,11.0,13,90511.86,6,12,10,4.769230769230769,46.15384615384615,92.3076923076923,Chennai Branch 1,Chennai,4.652808303057517,0,0,1,1,0,1,0,0,0,35,Medium,Lower Middle,Very High Rate,Medium Loan
L00605,C00378,B021,Education,2025-07-03,515490.41,15.0,12,49401.16,295820.65,Defaulted,Yes,42,Deepa Sharma,Mass Affluent,73796.0,Kochi,B021,Low,721.0,Good,0.0,38.0,3.0,1.0,12,551309.4,3,11,52,18.083333333333332,25.0,91.66666666666666,Chennai Branch 3,Chennai,6.985343514553634,0,0,1,1,1,1,0,0,1,70,Critical,High Income,High Rate,Large Loan
L00606,C00016,B003,Home,2024-01-24,803216.17,16.61,36,33429.41,160136.68,Active,No,8,Sanjay Iyer,Mass Affluent,70828.0,Hyderabad,B003,Low,643.0,Fair,1.0,40.3,1.0,2.0,24,799659.52,16,19,9,3.8333333333333335,66.66666666666666,79.16666666666666,Mumbai Branch 1,Mumbai,11.340376263624556,0,0,1,1,0,1,0,0,0,35,Medium,Upper Middle,Very High Rate,Large Loan
L00607,C00262,B011,Auto,2024-12-20,294687.98,16.75,12,28670.68,273103.34,Active,No,0,Geetha Verma,Student,85082.0,Madurai,B011,Low,620.0,Fair,0.0,55.8,0.0,10.0,12,343954.83999999997,2,12,10,7.166666666666667,16.666666666666664,100.0,Chennai Branch 2,Chennai,3.46357607954679,0,0,1,1,0,1,0,0,0,35,Medium,High Income,Very High Rate,Medium Loan
L00608,C00293,B010,Auto,2023-06-08,1692948.26,14.98,60,49349.44,620950.89,Active,No,9,Ajay Singh,Mass Affluent,22716.0,Hyderabad,B010,Low,693.0,Good,0.0,23.8,8.0,7.0,24,1187969.27,13,23,10,5.583333333333333,54.166666666666664,95.83333333333334,Kochi Branch 1,Kochi,74.52668867758408,0,0,1,0,0,1,0,1,0,30,Medium,Low Income,High Rate,Very Large Loan
L00609,C00070,B010,Education,2022-03-16,80191.12,13.21,36,3110.3,21587.27,Active,No,3,Deepa Gupta,Sme Owner,63571.0,Madurai,B010,High,801.0,Excellent,0.0,20.6,8.0,6.0,24,74314.84,14,23,10,5.333333333333333,58.333333333333336,95.83333333333334,Kochi Branch 1,Kochi,1.2614418524169826,0,0,1,0,0,1,0,1,0,30,Medium,Upper Middle,High Rate,Small Loan
L00610,C00723,B006,Business,2024-06-29,109063.4,13.81,12,10343.75,0.0,Closed,No,13,Sanjay Rao,Retail,99139.0,Bengaluru,B006,Low,725.0,Good,0.0,19.5,4.0,5.0,12,123484.9,8,10,10,4.0,66.66666666666666,83.33333333333334,Pune Branch 1,Pune,1.1001059119014716,0,0,1,0,0,1,0,0,0,25,Medium,High Income,High Rate,Small Loan
L00611,C00660,B017,Auto,2024-10-27,2192467.43,13.98,60,62083.37,598751.99,Active,No,6,Karthik Patel,Retail,22409.0,Kochi,B017,Low,702.0,Good,0.0,26.6,4.0,5.0,23,1433589.73,15,23,10,4.434782608695652,65.21739130434783,100.0,Kolkata Branch 2,Kolkata,97.83870007586239,0,0,1,0,0,1,0,0,0,25,Medium,Low Income,High Rate,Very Large Loan
L00612,C00503,B008,Business,2025-03-25,451724.62,18.39,48,16333.61,379916.64,Defaulted,Yes,44,Pooja Rao,Premium,25420.0,Delhi,B008,Low,575.0,Fair,0.0,44.2,8.0,12.0,17,253608.32,10,15,57,20.647058823529413,58.82352941176471,88.23529411764706,Madurai Branch 1,Madurai,17.77044138473643,1,0,1,1,1,1,0,1,1,80,Critical,Low Income,Very High Rate,Medium Loan
L00613,C00209,B011,Auto,2025-07-16,1613792.07,17.34,48,56939.96,1188091.84,Active,No,11,Divya Patel,Student,35351.0,Coimbatore,B011,Medium,644.0,Fair,1.0,25.8,2.0,4.0,14,799724.23,6,13,9,5.428571428571429,42.857142857142854,92.85714285714286,Chennai Branch 2,Chennai,45.650535204096066,0,0,1,1,0,1,0,0,0,35,Medium,Low Income,Very High Rate,Very Large Loan
L00614,C00365,B015,Home,2025-12-09,2321068.78,14.53,60,66788.75,2037501.44,Active,No,1,Vishal Gupta,Retail,39949.0,Coimbatore,B015,High,714.0,Good,0.0,24.6,5.0,1.0,9,601564.01,6,7,9,4.111111111111111,66.66666666666666,77.77777777777779,Hyderabad Branch 2,Hyderabad,58.10079801747227,0,0,1,0,0,1,0,1,0,30,Medium,Lower Middle,High Rate,Very Large Loan
L00615,C00149,B015,Auto,2022-10-20,656254.27,13.31,84,15091.5,0.0,Closed,No,1,Rohit Rao,Retail,53228.0,Coimbatore,B015,Medium,778.0,Excellent,0.0,50.2,7.0,3.0,24,362453.41,13,22,10,5.333333333333333,54.166666666666664,91.66666666666666,Hyderabad Branch 2,Hyderabad,12.329117569700157,0,0,1,0,0,1,0,1,0,30,Medium,Lower Middle,High Rate,Large Loan
L00616,C00429,B007,Auto,2025-02-17,1077280.78,13.64,12,102018.49,507444.17,Defaulted,Yes,111,Suresh Rao,Mass Affluent,24211.0,Kolkata,B007,Medium,754.0,Excellent,0.0,48.4,2.0,6.0,8,781862.83,5,7,51,10.125,62.5,87.5,Kolkata Branch 1,Kolkata,44.495509479162365,0,0,1,0,1,1,0,0,1,70,Critical,Low Income,High Rate,Very Large Loan
L00617,C00536,B019,Auto,2022-02-11,148527.83,17.01,84,3873.57,132157.03,Defaulted,Yes,74,Sneha Iyer,Senior Citizen,31202.0,Coimbatore,B019,Medium,671.0,Good,0.0,44.2,7.0,12.0,20,71089.71,7,17,52,12.35,35.0,85.0,Coimbatore Branch 2,Coimbatore,4.760202230626241,0,0,1,1,1,1,0,1,1,70,Critical,Low Income,Very High Rate,Small Loan
L00618,C00171,B018,Home,2022-09-05,1181636.44,11.95,36,44590.36,822019.43,Active,No,15,Vishal Nair,Retail,155346.0,Hyderabad,B018,Low,769.0,Excellent,0.0,47.4,6.0,11.0,24,1075164.55,15,23,10,4.583333333333333,62.5,95.83333333333334,Madurai Branch 2,Madurai,7.606481274059196,0,0,1,0,0,1,0,1,0,30,Medium,High Income,Moderate Rate,Very Large Loan
L00619,C00014,B006,Personal,2024-06-15,1411273.57,15.52,12,135858.6,861614.36,Active,No,14,Deepa Kumar,Retail,41915.0,Pune,B006,Low,677.0,Good,0.0,43.7,2.0,4.0,12,1628948.17,4,11,10,6.25,33.33333333333333,91.66666666666666,Pune Branch 1,Pune,33.669893117022546,0,0,1,1,0,1,0,0,0,35,Medium,Lower Middle,High Rate,Very Large Loan
L00620,C00510,B011,Education,2022-01-19,146344.71,13.46,36,5706.63,42843.63,Active,No,14,Meena Patel,Sme Owner,18792.0,Kochi,B011,Low,727.0,Good,0.0,46.4,4.0,3.0,24,136140.27,10,24,10,5.333333333333333,41.66666666666667,100.0,Chennai Branch 2,Chennai,7.787606960408684,0,0,1,0,0,1,0,0,0,25,Medium,Low Income,High Rate,Small Loan
L00621,C00559,B014,Auto,2025-11-09,205557.59,14.07,12,19539.96,0.0,Closed,No,20,Sanjay Iyer,Retail,70612.0,Mumbai,B014,Low,750.0,Excellent,1.0,43.9,7.0,8.0,10,192870.36,5,10,10,4.3,50.0,100.0,Delhi Branch 2,Delhi,2.9110857927830964,0,0,1,0,0,1,0,1,0,30,Medium,Upper Middle,High Rate,Medium Loan
L00622,C00651,B002,Home,2024-03-25,149224.84,16.03,48,5102.25,123640.08,Active,No,14,Deepa Sharma,Retail,57746.0,Madurai,B002,Low,685.0,Good,0.0,14.4,8.0,9.0,24,122346.02,16,23,10,4.625,66.66666666666666,95.83333333333334,Bengaluru Branch 1,Bengaluru,2.584158902781145,0,0,1,1,0,1,0,1,0,40,Medium,Upper Middle,Very High Rate,Small Loan
L00623,C00844,B023,Education,2022-05-28,85753.46,15.77,24,4700.0,52279.0,Active,No,10,Ajay Singh,Mass Affluent,83145.0,Hyderabad,B023,Low,651.0,Good,0.0,63.5,8.0,9.0,24,112468.64,16,21,10,4.166666666666667,66.66666666666666,87.5,Mumbai Branch 3,Mumbai,1.031372421672981,0,0,1,1,0,1,0,1,0,40,Medium,High Income,High Rate,Small Loan
L00624,C00506,B023,Auto,2022-09-16,1847184.5,15.26,48,61973.04,844459.03,Active,No,14,Karthik Kumar,Retail,24148.0,Hyderabad,B023,Low,680.0,Good,0.0,58.2,4.0,12.0,24,1488372.92,14,21,9,4.375,58.333333333333336,87.5,Mumbai Branch 3,Mumbai,76.49430594666225,0,0,1,1,0,1,0,0,0,35,Medium,Low Income,High Rate,Very Large Loan
L00625,C00785,B001,Education,2023-02-23,1726060.16,12.39,84,38369.91,1216809.86,Active,No,3,Pooja Iyer,Retail,61946.0,Chennai,B001,Low,823.0,Excellent,0.0,17.1,6.0,12.0,24,917897.78,11,22,10,5.541666666666667,45.83333333333333,91.66666666666666,Chennai Branch 1,Chennai,27.86394860039389,0,0,1,0,0,1,0,1,0,30,Medium,Upper Middle,High Rate,Very Large Loan
L00626,C00507,B025,Home,2025-09-20,813008.76,16.26,12,78767.0,276460.8,Active,No,0,Naveen Kumar,Mass Affluent,46727.0,Bengaluru,B025,Low,674.0,Good,1.0,45.6,1.0,0.0,12,945426.27,9,10,7,3.25,75.0,83.33333333333334,Hyderabad Branch 3,Hyderabad,17.399121706936032,0,0,1,1,0,1,0,0,0,35,Medium,Lower Middle,Very High Rate,Large Loan
L00627,C00831,B024,Personal,2026-04-28,1335861.05,18.87,24,76667.29,0.0,Closed,No,13,Ajay Kumar,Sme Owner,46543.0,Coimbatore,B024,Low,589.0,Fair,0.0,65.6,8.0,5.0,5,390860.04,3,4,10,5.2,60.0,80.0,Delhi Branch 3,Delhi,28.701653309842513,1,0,1,1,0,1,0,1,0,60,High,Lower Middle,Very High Rate,Very Large Loan
L00628,C00108,B020,Personal,2023-08-10,975621.03,12.49,36,37255.17,0.0,Closed,No,20,Rahul Singh,Mass Affluent,26314.0,Bengaluru,B020,Medium,789.0,Excellent,1.0,11.2,4.0,3.0,24,893014.6,16,21,9,3.9583333333333335,66.66666666666666,87.5,Kochi Branch 2,Kochi,37.0761203161815,0,0,1,0,0,1,0,0,0,25,Medium,Low Income,High Rate,Large Loan
L00629,C00189,B005,Education,2022-08-22,182217.29,13.56,84,4228.31,59585.73,Active,No,7,Geetha Reddy,Student,38637.0,Delhi,B005,Medium,773.0,Excellent,0.0,23.1,3.0,1.0,24,100827.29,14,23,10,4.708333333333333,58.333333333333336,95.83333333333334,Hyderabad Branch 1,Hyderabad,4.7161345342547305,0,0,1,0,0,1,0,0,0,25,Medium,Lower Middle,High Rate,Medium Loan
L00630,C00383,B020,Education,2022-05-31,235603.81,16.83,48,8212.76,104267.51,Active,No,2,Sanjay Singh,Retail,50924.0,Mumbai,B020,Low,627.0,Fair,0.0,46.9,8.0,1.0,24,195964.67,14,22,9,4.375,58.333333333333336,91.66666666666666,Kochi Branch 2,Kochi,4.626577056005027,0,0,1,1,0,1,0,1,0,40,Medium,Lower Middle,Very High Rate,Medium Loan
L00631,C00614,B025,Home,2024-07-16,357119.73,13.63,36,13976.28,161607.81,Active,No,14,Karthik Rao,Mass Affluent,109299.0,Hyderabad,B025,Low,757.0,Excellent,0.0,1.0,3.0,4.0,24,334444.34,13,21,10,5.166666666666667,54.166666666666664,87.5,Hyderabad Branch 3,Hyderabad,3.2673650262124996,0,0,1,0,0,1,0,0,0,25,Medium,High Income,High Rate,Medium Loan
L00632,C00967,B006,Auto,2024-02-28,2205766.4,13.99,60,62478.33,566234.53,Active,No,3,Sanjay Gupta,Retail,92624.0,Delhi,B006,Low,790.0,Excellent,1.0,40.5,2.0,12.0,24,1502328.19,14,22,10,4.458333333333333,58.333333333333336,91.66666666666666,Pune Branch 1,Pune,23.814199343582654,0,0,1,0,0,1,0,0,0,25,Medium,High Income,High Rate,Very Large Loan
L00633,C00638,B012,Auto,2023-12-14,635742.76,16.6,84,16362.81,280576.22,Active,No,5,Naveen Iyer,Retail,29283.0,Madurai,B012,Low,629.0,Fair,1.0,75.3,0.0,3.0,24,393690.03,11,22,10,5.375,45.83333333333333,91.66666666666666,Bengaluru Branch 2,Bengaluru,21.710301540142744,0,1,1,1,0,1,0,0,0,45,Medium,Low Income,Very High Rate,Large Loan
L00634,C00032,B004,Auto,2023-07-01,610835.37,15.72,48,20727.68,469092.34,Defaulted,Yes,73,Meena Gupta,Senior Citizen,55989.0,Mumbai,B004,Low,659.0,Good,0.0,1.0,0.0,8.0,18,337141.77,6,18,59,14.0,33.33333333333333,100.0,Delhi Branch 1,Delhi,10.909917483791459,0,0,1,1,1,1,0,0,1,70,Critical,Upper Middle,High Rate,Large Loan
L00635,C00656,B009,Education,2025-02-23,2071461.27,13.89,36,81517.76,719226.56,Active,No,13,Sanjay Reddy,Sme Owner,40821.0,Delhi,B009,Medium,763.0,Excellent,0.0,79.7,8.0,10.0,19,1564572.84,9,19,10,5.315789473684211,47.368421052631575,100.0,Coimbatore Branch 1,Coimbatore,50.74499081355185,0,1,1,0,0,1,0,1,0,40,Medium,Lower Middle,High Rate,Very Large Loan
L00636,C00387,B018,Auto,2025-09-24,81399.67,18.29,36,3501.77,17900.93,Defaulted,Yes,105,Naveen Singh,Mass Affluent,16811.0,Delhi,B018,Low,586.0,Fair,1.0,38.0,0.0,7.0,10,33829.96,4,10,59,20.4,40.0,100.0,Madurai Branch 2,Madurai,4.842048063767771,1,0,1,1,1,1,0,0,1,75,Critical,Low Income,Very High Rate,Small Loan
L00637,C00069,B021,Education,2023-02-16,1616872.32,17.79,60,50918.0,1003057.91,Active,No,6,Vishal Verma,Sme Owner,30533.0,Bengaluru,B021,Low,572.0,Fair,0.0,60.7,4.0,1.0,24,1222172.08,9,21,10,6.25,37.5,87.5,Chennai Branch 3,Chennai,52.954911734844266,1,0,1,1,0,1,0,0,0,55,High,Low Income,Very High Rate,Very Large Loan
L00638,C00340,B021,Auto,2023-07-02,170106.66,11.92,24,8777.5,97635.83,Active,No,0,Kavya Patel,Retail,31407.0,Chennai,B021,Medium,784.0,Excellent,0.0,41.1,2.0,9.0,24,210266.07,11,21,10,5.458333333333333,45.83333333333333,87.5,Chennai Branch 3,Chennai,5.416202120546375,0,0,1,0,0,1,0,0,0,25,Medium,Low Income,Moderate Rate,Small Loan
L00639,C00079,B012,Personal,2022-11-23,157464.74,15.45,84,3901.94,76134.44,Active,No,2,Vijay Rao,Retail,81349.0,Madurai,B012,Low,681.0,Good,1.0,26.0,2.0,7.0,24,93286.1,14,21,10,4.625,58.333333333333336,87.5,Bengaluru Branch 2,Bengaluru,1.9356690309653468,0,0,1,1,0,1,0,0,0,35,Medium,High Income,High Rate,Small Loan
L00640,C00602,B003,Education,2022-11-01,910892.66,13.98,36,35914.47,246792.44,Active,No,4,Ajay Gupta,Senior Citizen,64557.0,Pune,B003,Medium,726.0,Good,0.0,2.1,0.0,12.0,24,864993.97,17,22,10,4.125,70.83333333333334,91.66666666666666,Mumbai Branch 1,Mumbai,14.109897609864152,0,0,1,0,0,1,0,0,0,25,Medium,Upper Middle,High Rate,Large Loan
L00641,C00553,B004,Business,2022-03-22,227748.23,18.4,48,8236.89,214459.4,Defaulted,Yes,43,Kavya Verma,Retail,45678.0,Pune,B004,Medium,599.0,Fair,1.0,74.3,2.0,0.0,19,142715.49,6,16,59,15.052631578947368,31.57894736842105,84.21052631578947,Delhi Branch 1,Delhi,4.985950129165025,1,0,1,1,1,1,0,0,1,75,Critical,Lower Middle,Very High Rate,Medium Loan
L00642,C00419,B018,Education,2026-01-15,505605.1,13.75,60,14220.14,301692.56,Defaulted,Yes,64,Rohit Gupta,Retail,20238.0,Kochi,B018,Medium,703.0,Good,0.0,23.8,7.0,10.0,7,94480.72,2,7,47,15.714285714285714,28.57142857142857,100.0,Madurai Branch 2,Madurai,24.982957802154363,0,0,1,0,1,1,0,1,1,70,Critical,Low Income,High Rate,Large Loan
L00643,C00910,B015,Home,2023-05-30,110975.75,15.29,84,2735.16,65813.35,Active,No,20,Kavya Sharma,Student,63270.0,Mumbai,B015,Low,695.0,Good,1.0,33.2,6.0,8.0,24,65714.15,12,22,10,5.833333333333333,50.0,91.66666666666666,Hyderabad Branch 2,Hyderabad,1.7540026868974237,0,0,1,1,0,1,0,1,0,40,Medium,Upper Middle,High Rate,Small Loan
L00644,C00790,B001,Education,2022-08-14,168569.84,17.98,60,5335.24,0.0,Closed,No,7,Vijay Singh,Retail,29427.0,Kochi,B001,High,628.0,Fair,1.0,69.9,0.0,9.0,24,127873.84999999999,13,24,10,5.0,54.166666666666664,100.0,Chennai Branch 1,Chennai,5.728407245047065,0,0,1,1,0,1,0,0,0,35,Medium,Low Income,Very High Rate,Small Loan
L00645,C00232,B019,Business,2023-10-25,109113.13,15.19,12,10473.95,0.0,Closed,No,19,Vijay Singh,Retail,43707.0,Chennai,B019,Low,695.0,Good,0.0,41.2,0.0,2.0,12,126224.49,7,10,10,4.666666666666667,58.333333333333336,83.33333333333334,Coimbatore Branch 2,Coimbatore,2.496468071475965,0,0,1,1,0,1,0,0,0,35,Medium,Lower Middle,High Rate,Small Loan
L00646,C00781,B004,Business,2022-03-27,93188.02,15.04,60,2721.09,15176.89,Defaulted,Yes,57,Suresh Nair,Retail,42971.0,Bengaluru,B004,Low,717.0,Good,0.0,44.6,8.0,0.0,17,45326.22,6,16,51,12.176470588235293,35.294117647058826,94.11764705882352,Delhi Branch 1,Delhi,2.1686258174117428,0,0,1,1,1,1,0,1,1,70,Critical,Lower Middle,High Rate,Small Loan
L00647,C00648,B001,Personal,2025-02-06,542479.67,12.93,12,51051.86,228537.19,Active,No,7,Ajay Patel,Sme Owner,18720.0,Kolkata,B001,Low,726.0,Good,0.0,36.2,2.0,12.0,12,613838.8,4,10,10,6.25,33.33333333333333,83.33333333333334,Chennai Branch 1,Chennai,28.978614850427352,0,0,1,0,0,1,0,0,0,25,Medium,Low Income,High Rate,Large Loan
L00648,C00253,B003,Business,2024-06-03,887158.85,17.1,84,23203.43,0.0,Closed,No,5,Suresh Sharma,Senior Citizen,57716.0,Delhi,B003,Low,618.0,Fair,0.0,55.8,2.0,5.0,24,558074.68,12,23,10,5.166666666666667,50.0,95.83333333333334,Mumbai Branch 1,Mumbai,15.371107665118858,0,0,1,1,0,1,0,0,0,35,Medium,Upper Middle,Very High Rate,Large Loan
L00649,C00752,B008,Education,2024-04-21,166673.6,19.1,12,16542.35,27939.88,Active,No,4,Rahul Gupta,Mass Affluent,43962.0,Chennai,B008,Low,596.0,Fair,2.0,31.9,7.0,0.0,12,200153.87,7,10,10,5.25,58.333333333333336,83.33333333333334,Madurai Branch 1,Madurai,3.791310677403212,1,0,1,1,0,1,1,1,0,70,Critical,Lower Middle,Very High Rate,Small Loan
L00650,C00572,B010,Education,2024-05-30,129645.8,17.57,36,5499.5,34401.43,Active,No,3,Pooja Iyer,Sme Owner,26704.0,Madurai,B010,Low,652.0,Good,0.0,14.2,8.0,7.0,24,131689.0,14,22,10,4.958333333333333,58.333333333333336,91.66666666666666,Kochi Branch 1,Kochi,4.854920611144398,0,0,1,1,0,1,0,1,0,40,Medium,Low Income,Very High Rate,Small Loan
