transaction_id,account_id,customer_id,branch_id,transaction_datetime,transaction_type,transaction_amount,currency,channel,merchant_category,transaction_city,device_id,transaction_status,fee_amount,operational_cost,fraud_confirmed,high_value_flag,rapid_transaction_flag,location_change_flag,failed_transaction_flag,basic_fraud_flag_count,previous_transaction_time,minutes_since_previous,unusual_amount_flag,previous_city,multiple_device_flag,unusual_merchant_flag,repeated_failed_flag,failed_login_flag,previous_customer_transaction,days_since_previous,high_value_after_dormant_flag
T00004149,A000002,C00002,B017,2026-01-31 06:47:40,Debit,21136.66,INR,UPI,Dining,Kochi,D00002-1,Success,10.28,12.5,No,1,0,0,0,1,2025-12-23 19:53:03,55374.61666666667,1,Kochi,0,0,0,0,2025-12-23 19:53:03,38.454594907407404,1
T00001728,A000003,C00002,B017,2026-06-17 16:49:16,Debit,30517.2,INR,Net Banking,Utilities,Kochi,D00002-1,Success,21.96,15.53,No,1,0,0,0,1,2026-04-18 18:41:05,86288.18333333333,1,Kochi,0,0,0,0,2026-04-18 18:41:05,59.922349537037036,1
T00021149,A000003,C00002,B017,2026-07-25 00:59:49,Debit,23618.92,INR,UPI,Dining,Kochi,D00002-1,Success,23.04,13.8,No,1,0,0,0,1,2026-06-17 16:49:16,53770.55,1,Kochi,0,0,0,0,2026-06-17 16:49:16,37.34065972222222,1
T00017127,A000005,C00003,B022,2025-03-11 06:11:47,Debit,31311.0,INR,Card,Utilities,Kolkata,D00003-1,Success,29.1,17.11,No,1,0,0,0,1,2024-09-28 14:43:58,235647.81666666668,1,Kolkata,0,0,0,0,2024-09-28 14:43:58,163.64431712962963,1
T00016494,A000004,C00003,B022,2026-03-26 21:24:15,Debit,20228.24,INR,Net Banking,E-Commerce,Kolkata,D00003-1,Success,32.62,7.24,No,1,0,0,0,1,2026-01-27 05:38:58,84465.28333333334,1,Kolkata,0,0,0,0,2026-01-27 05:38:58,58.65644675925926,1
T00011895,A000007,C00004,B017,2025-04-16 19:42:18,Credit,23183.66,INR,UPI,Travel,Kolkata,D00004-1,Success,9.64,16.59,No,1,0,0,0,1,2025-02-09 08:39:01,95703.28333333334,1,Kolkata,0,0,0,1,2025-02-09 08:39:01,66.46061342592593,1
T00022934,A000008,C00005,B001,2024-05-03 02:46:35,Debit,28279.31,INR,Card,Fuel,Mumbai,D00005-1,Success,8.22,15.85,No,1,0,0,0,1,2024-03-09 05:43:52,79022.71666666666,1,Mumbai,0,0,0,0,2024-03-09 05:43:52,54.87688657407407,1
T00016842,A000016,C00011,B009,2024-05-28 20:55:36,Debit,27588.82,INR,UPI,ATM,Bengaluru,D00011-1,Success,14.26,23.65,No,1,0,0,0,1,2024-04-09 10:57:00,71158.6,1,Bengaluru,0,0,0,0,2024-04-09 10:57:00,49.41569444444445,1
T00026097,A000018,C00013,B007,2026-04-08 08:23:00,Debit,21642.9,INR,Net Banking,Transfer,Madurai,D00013-1,Failed,0.0,10.0,No,1,0,0,1,2,2026-01-07 20:01:08,130341.86666666667,1,Madurai,0,0,1,1,2026-01-07 20:01:08,90.51518518518519,1
T00021876,A000021,C00015,B003,2025-06-04 09:34:38,Credit,22236.75,INR,UPI,Healthcare,Delhi,D00015-1,Success,11.29,26.59,No,1,0,0,0,1,2025-01-28 01:19:54,183374.73333333334,1,Delhi,0,0,0,0,2025-01-28 01:19:54,127.34356481481481,1
T00010320,A000021,C00015,B003,2026-02-06 16:46:25,Debit,34338.08,INR,UPI,Travel,Delhi,D00015-1,Success,32.75,4.32,No,1,0,0,0,1,2025-12-19 01:57:28,71448.95,1,Delhi,0,0,0,0,2025-12-19 01:57:28,49.61732638888889,1
T00007432,A000025,C00019,B002,2024-10-05 11:09:10,Debit,24460.97,INR,UPI,Fuel,Hyderabad,D00019-1,Success,4.47,19.07,No,1,0,0,0,1,2024-08-25 19:36:07,58533.05,1,Hyderabad,0,0,0,0,2024-08-25 19:36:07,40.64795138888889,1
T00023103,A000028,C00021,B012,2026-04-23 14:23:15,Debit,40367.74,INR,Net Banking,Dining,Mumbai,D00021-1,Success,32.66,18.93,No,1,0,0,0,1,2026-03-24 00:17:30,44045.75,1,Mumbai,0,0,0,0,2026-03-24 00:17:30,30.58732638888889,1
T00008380,A000028,C00021,B012,2026-06-19 08:30:39,Credit,29926.54,INR,Mobile Banking,Dining,Mumbai,D00021-1,Success,13.56,24.18,No,1,0,0,0,1,2026-04-27 22:28:41,75481.96666666666,1,Mumbai,0,0,0,0,2026-04-27 22:28:41,52.41803240740741,1
T00017977,A000031,C00023,B008,2025-03-25 12:43:54,Debit,19840.93,INR,UPI,Dining,Chennai,D00023-1,Success,3.18,14.73,No,1,0,0,0,1,2024-12-29 12:15:27,123868.45,1,Chennai,0,0,0,0,2024-12-29 12:15:27,86.01975694444444,1
T00017129,A000034,C00025,B014,2024-10-23 17:01:58,Debit,23090.76,INR,Net Banking,Fuel,Hyderabad,D00025-1,Success,14.7,15.67,No,1,0,0,0,1,2024-09-07 02:44:31,67097.45,1,Hyderabad,0,0,1,0,2024-09-07 02:44:31,46.59545138888889,1
T00000608,A000034,C00025,B014,2026-01-14 16:39:43,Debit,30752.84,INR,Mobile Banking,Travel,Hyderabad,D00025-1,Success,25.22,18.14,No,1,0,0,0,1,2025-12-13 05:53:29,46726.23333333333,1,Hyderabad,0,0,1,0,2025-12-13 05:53:29,32.44877314814815,1
T00019715,A000040,C00028,B013,2026-01-02 17:44:10,Debit,47072.51,INR,Net Banking,Transfer,Mumbai,D00028-1,Success,6.32,25.26,No,1,0,0,0,1,2025-08-04 04:54:41,218209.48333333334,1,Mumbai,0,0,0,0,2025-08-04 04:54:41,151.53436342592593,1
T00006309,A000043,C00030,B005,2024-11-02 09:32:51,Debit,29288.15,INR,UPI,E-Commerce,Kochi,D00030-1,Success,19.6,29.61,No,1,0,0,0,1,2024-06-23 18:22:59,189549.86666666667,1,Kochi,0,0,0,0,2024-06-23 18:22:59,131.63185185185185,1
T00019421,A000046,C00032,B004,2025-01-04 23:04:06,Debit,36442.5,INR,ATM,E-Commerce,Mumbai,D00032-1,Success,23.53,20.63,No,1,0,0,0,1,2024-11-05 03:10:02,87594.06666666667,1,Mumbai,0,0,0,0,2024-11-05 03:10:02,60.82921296296296,1
T00004431,A000046,C00032,B004,2026-08-30 19:16:03,Debit,32903.98,INR,UPI,Electronics,Mumbai,D00032-1,Success,18.67,29.81,No,1,0,0,0,1,2026-06-09 23:49:18,117806.75,1,Mumbai,0,0,0,0,2026-06-09 23:49:18,81.81024305555556,1
T00026038,A000047,C00033,B014,2026-07-07 00:32:00,Debit,73000.41,INR,Net Banking,Transfer,Pune,D00033-1,Failed,0.0,10.0,No,1,0,0,1,2,2026-05-12 12:02:45,79949.25,1,Pune,0,0,1,1,2026-05-12 12:02:45,55.5203125,1
T00000273,A000049,C00034,B008,2025-05-22 04:02:05,Debit,27673.92,INR,Mobile Banking,Electronics,Delhi,D00034-1,Success,22.08,23.69,No,1,0,0,0,1,2025-04-06 21:13:58,65208.11666666667,1,Delhi,0,0,0,1,2025-04-06 21:13:58,45.28341435185185,1
T00004105,A000053,C00037,B008,2025-11-12 23:04:53,Debit,33592.73,INR,Net Banking,Healthcare,Kolkata,D00037-1,Success,14.62,18.8,No,1,0,0,0,1,2025-10-01 06:31:14,61473.65,1,Kolkata,0,0,0,0,2025-10-01 06:31:14,42.69003472222222,1
T00015777,A000056,C00039,B007,2025-12-20 07:22:13,Debit,20876.37,INR,Mobile Banking,Healthcare,Kolkata,D00039-1,Success,25.78,3.73,No,1,0,0,0,1,2025-10-19 21:12:05,88450.13333333333,1,Kolkata,0,0,0,1,2025-10-19 21:12:05,61.4237037037037,1
T00011177,A000057,C00040,B012,2026-03-28 13:14:18,Debit,23290.33,INR,Mobile Banking,Transfer,Kolkata,D00040-1,Success,22.12,24.98,No,1,0,0,0,1,2026-02-07 15:49:05,70405.21666666666,1,Kolkata,0,0,1,0,2026-02-07 15:49:05,48.89251157407407,1
T00014210,A000061,C00042,B010,2026-06-07 20:55:06,Credit,22182.69,INR,Net Banking,Fuel,Kochi,D00042-1,Success,18.06,23.37,No,1,0,0,0,1,2026-04-28 13:15:33,58059.55,1,Kochi,0,0,0,1,2026-04-28 13:15:33,40.31913194444444,1
T00004913,A000061,C00042,B010,2026-07-26 14:13:30,Debit,51344.7,INR,UPI,ATM,Kochi,D00042-1,Success,7.77,22.6,No,1,0,0,0,1,2026-06-20 11:38:26,51995.066666666666,1,Kochi,0,0,0,1,2026-06-20 11:38:26,36.10768518518518,1
T00020724,A000069,C00045,B025,2025-06-05 11:45:18,Debit,22068.9,INR,Mobile Banking,Dining,Mumbai,D00045-1,Success,34.12,13.08,No,1,0,0,0,1,2025-04-27 23:25:25,55459.88333333333,1,Mumbai,0,0,0,1,2025-04-27 23:25:25,38.51380787037037,1
T00007782,A000070,C00045,B025,2025-11-23 11:47:17,Debit,39461.47,INR,Net Banking,Healthcare,Mumbai,D00045-1,Success,26.62,4.31,No,1,0,0,0,1,2025-09-25 19:27:38,84499.65,1,Mumbai,0,0,0,1,2025-09-25 19:27:38,58.6803125,1
T00026126,A000069,C00045,B025,2026-05-06 05:32:00,Debit,41106.59,INR,Card,Travel,Chennai,D00045-1,Success,30.0,18.0,Yes,1,0,0,0,1,2026-04-04 08:09:23,45922.61666666667,1,Mumbai,0,0,0,1,2026-04-04 08:09:23,31.890706018518518,1
T00009456,A000080,C00050,B004,2024-11-11 03:54:30,Debit,28892.88,INR,Card,Healthcare,Madurai,D00050-1,Success,0.06,12.7,No,1,0,0,0,1,2024-10-10 01:32:54,46221.6,1,Madurai,0,0,0,0,2024-10-10 01:32:54,32.098333333333336,1
T00005085,A000081,C00051,B006,2026-05-17 11:42:26,Debit,20976.27,INR,Mobile Banking,Dining,Kochi,D00051-1,Success,20.9,28.6,No,1,0,0,0,1,2026-03-29 12:34:25,70508.01666666666,1,Kochi,0,0,0,1,2026-03-29 12:34:25,48.96390046296296,1
T00014747,A000090,C00055,B008,2024-04-28 04:42:46,Debit,42088.95,INR,ATM,Fuel,Kochi,D00055-1,Success,17.56,29.29,No,1,0,0,0,1,2024-03-24 10:05:52,50076.9,1,Kochi,0,0,0,1,2024-03-24 10:05:52,34.775625,1
T00023490,A000090,C00055,B008,2024-09-03 11:40:50,Debit,22795.36,INR,Card,E-Commerce,Kochi,D00055-1,Success,20.49,13.13,No,1,0,0,0,1,2024-07-09 21:26:18,80054.53333333334,1,Kochi,0,0,0,1,2024-07-09 21:26:18,55.59342592592593,1
T00003459,A000091,C00055,B008,2026-08-01 14:21:59,Debit,23128.86,INR,UPI,Fuel,Kochi,D00055-1,Failed,10.96,26.05,No,1,0,0,1,2,2026-06-12 11:02:13,72199.76666666666,1,Kochi,0,0,0,1,2026-06-12 11:02:13,50.13872685185185,1
T00006960,A000094,C00057,B003,2025-01-12 00:11:33,Debit,24589.37,INR,UPI,Dining,Bengaluru,D00057-1,Success,13.76,10.96,No,1,0,0,0,1,2024-07-13 14:43:56,262647.61666666664,1,Bengaluru,0,0,0,1,2024-07-13 14:43:56,182.39417824074073,1
T00003267,A000097,C00060,B016,2026-04-04 21:30:14,Debit,45058.07,INR,Mobile Banking,Electronics,Coimbatore,D00060-1,Success,0.5,14.2,No,1,0,0,0,1,2026-02-25 00:26:23,55983.85,1,Coimbatore,0,0,1,0,2026-02-25 00:26:23,38.87767361111111,1
T00000533,A000110,C00067,B023,2026-05-16 00:33:20,Debit,79349.56,INR,Mobile Banking,Fuel,Pune,D00067-1,Success,30.82,8.33,No,1,0,0,0,1,2026-04-05 07:30:33,58622.78333333333,1,Pune,0,0,0,0,2026-04-05 07:30:33,40.7102662037037,1
T00020784,A000114,C00069,B021,2026-02-19 11:22:23,Debit,31051.36,INR,Net Banking,Transfer,Bengaluru,D00069-1,Success,18.88,25.9,No,1,0,0,0,1,2026-01-16 07:50:19,49172.066666666666,1,Bengaluru,0,0,0,1,2026-01-16 07:50:19,34.147268518518516,1
T00003672,A000114,C00069,B021,2026-06-25 07:26:13,Debit,41789.39,INR,Net Banking,Electronics,Bengaluru,D00069-1,Success,4.96,29.95,No,1,0,0,0,1,2026-04-06 08:01:04,115165.15,1,Bengaluru,0,0,0,1,2026-04-06 08:01:04,79.97579861111112,1
T00022025,A000119,C00073,B016,2024-03-01 16:39:39,Debit,21448.64,INR,Net Banking,Healthcare,Hyderabad,D00073-1,Success,20.4,16.27,No,1,0,0,0,1,2024-01-05 14:19:00,80780.65,1,Hyderabad,0,0,0,0,2024-01-05 14:19:00,56.09767361111111,1
T00018685,A000120,C00074,B025,2025-11-11 09:57:44,Credit,33099.07,INR,UPI,Utilities,Hyderabad,D00074-1,Success,1.95,2.25,No,1,0,0,0,1,2025-09-29 16:19:06,61538.63333333333,1,Hyderabad,0,0,0,0,2025-09-29 16:19:06,42.735162037037036,1
T00025326,A000120,C00074,B025,2026-07-29 16:12:30,Debit,28907.08,INR,ATM,Fuel,Hyderabad,D00074-1,Success,17.39,14.18,No,1,0,0,0,1,2026-05-29 20:21:29,87591.01666666666,1,Hyderabad,0,0,0,0,2026-05-29 20:21:29,60.82709490740741,1
T00001553,A000124,C00077,B010,2026-04-26 13:07:50,Debit,27479.12,INR,UPI,Travel,Pune,D00077-1,Success,16.58,13.79,No,1,0,0,0,1,2026-03-26 21:19:52,44147.96666666667,1,Pune,0,0,0,1,2026-03-26 21:19:52,30.658310185185186,1
T00022401,A000126,C00079,B012,2025-11-08 14:44:17,Debit,29402.68,INR,UPI,E-Commerce,Madurai,D00079-1,Success,16.09,5.66,No,1,0,0,0,1,2025-10-02 16:40:42,53163.583333333336,1,Madurai,1,0,0,0,2025-10-02 16:40:42,36.91915509259259,1
T00014496,A000126,C00079,B012,2026-06-10 16:32:54,Debit,33525.9,INR,Card,Healthcare,Madurai,D00079-1,Success,27.82,11.21,No,1,0,0,0,1,2026-05-10 20:42:28,44390.433333333334,1,Madurai,1,0,0,0,2026-05-10 20:42:28,30.826689814814817,1
T00026085,A000133,C00085,B012,2026-01-21 14:26:00,Debit,78611.33,INR,Card,Travel,Bengaluru,D00085-1,Success,30.0,18.0,Yes,1,0,0,0,1,2025-12-01 19:55:36,73110.4,1,Hyderabad,0,0,0,1,2025-12-01 19:55:36,50.77111111111111,1
T00010762,A000136,C00087,B021,2025-07-18 18:32:51,Debit,19785.22,INR,ATM,ATM,Coimbatore,D00087-1,Success,1.25,25.88,No,1,0,0,0,1,2025-06-11 03:21:44,54191.11666666667,1,Coimbatore,0,0,0,1,2025-06-11 03:21:44,37.632719907407406,1
T00003105,A000137,C00088,B020,2024-09-07 04:23:12,Debit,44725.88,INR,UPI,E-Commerce,Bengaluru,D00088-1,Success,31.32,6.74,No,1,0,0,0,1,2024-07-02 06:41:34,96341.63333333333,1,Bengaluru,0,0,0,1,2024-07-02 06:41:34,66.90391203703703,1
T00017398,A000137,C00088,B020,2025-08-10 04:01:34,Credit,22412.65,INR,Net Banking,E-Commerce,Bengaluru,D00088-1,Success,26.79,29.07,No,1,0,0,0,1,2025-06-04 17:30:21,95671.21666666666,1,Bengaluru,0,0,0,1,2025-06-04 17:30:21,66.43834490740741,1
T00017686,A000138,C00089,B024,2025-04-05 11:40:24,Credit,24095.79,INR,UPI,Utilities,Madurai,D00089-1,Success,19.57,6.66,No,1,0,0,0,1,2025-02-05 18:09:55,84570.48333333334,1,Madurai,0,0,0,1,2025-02-05 18:09:55,58.729502314814816,1
T00004309,A000144,C00094,B005,2024-06-09 08:21:47,Debit,22926.57,INR,Net Banking,ATM,Hyderabad,D00094-1,Success,14.73,16.96,No,1,0,0,0,1,2024-02-06 05:28:17,178733.5,1,Hyderabad,0,0,0,0,2024-02-06 05:28:17,124.1204861111111,1
T00020638,A000148,C00096,B020,2024-09-20 17:49:53,Debit,40036.29,INR,UPI,Dining,Kochi,D00096-1,Success,2.48,21.58,No,1,0,0,0,1,2024-07-29 01:02:22,77327.51666666666,1,Kochi,0,0,0,1,2024-07-29 01:02:22,53.69966435185185,1
T00000201,A000157,C00102,B009,2025-10-06 04:10:05,Debit,28122.4,INR,UPI,Utilities,Pune,D00102-1,Success,12.26,5.57,No,1,0,0,0,1,2025-01-16 01:03:27,378906.63333333336,1,Pune,0,0,0,1,2025-01-16 01:03:27,263.12960648148146,1
T00015244,A000162,C00105,B015,2024-08-27 15:47:51,Credit,31612.16,INR,Net Banking,Healthcare,Pune,D00105-1,Success,21.67,12.23,No,1,0,0,0,1,2024-07-11 02:35:48,68472.05,1,Pune,0,0,0,0,2024-07-11 02:35:48,47.55003472222222,1
T00008917,A000164,C00107,B014,2024-07-01 17:11:58,Debit,58332.77,INR,Mobile Banking,Utilities,Coimbatore,D00107-1,Success,14.35,26.81,No,1,0,0,0,1,2024-03-10 12:26:48,163005.16666666666,1,Coimbatore,0,0,0,0,2024-03-10 12:26:48,113.19803240740741,1
T00019106,A000164,C00107,B014,2025-01-07 15:23:57,Debit,45550.3,INR,Mobile Banking,Electronics,Coimbatore,D00107-1,Success,29.64,27.29,No,1,0,0,0,1,2024-09-24 23:25:29,150718.46666666667,1,Coimbatore,0,0,0,0,2024-09-24 23:25:29,104.66560185185185,1
T00013039,A000169,C00110,B006,2024-05-17 23:39:32,Debit,29718.52,INR,Card,Transfer,Mumbai,D00110-1,Success,7.25,27.32,No,1,0,0,0,1,2024-04-15 03:36:02,47283.5,1,Mumbai,0,0,0,0,2024-04-15 03:36:02,32.83576388888889,1
T00023204,A000168,C00110,B006,2025-08-21 21:34:50,Debit,41540.58,INR,Card,E-Commerce,Mumbai,D00110-1,Success,9.82,25.33,No,1,0,0,0,1,2025-06-05 12:04:33,111450.28333333334,1,Mumbai,0,0,0,0,2025-06-05 12:04:33,77.3960300925926,1
T00015257,A000171,C00112,B020,2025-09-16 09:04:46,Debit,35828.45,INR,UPI,Electronics,Madurai,D00112-1,Success,11.65,15.22,No,1,0,0,0,1,2025-06-04 20:59:30,149045.26666666666,1,Madurai,0,0,0,1,2025-06-04 20:59:30,103.5036574074074,1
T00002792,A000185,C00122,B016,2024-08-01 13:32:15,Debit,20979.1,INR,Mobile Banking,Utilities,Madurai,D00122-1,Success,14.9,21.02,No,1,0,0,0,1,2024-06-26 20:01:51,51450.4,1,Madurai,0,0,0,1,2024-06-26 20:01:51,35.72944444444445,1
T00001695,A000185,C00122,B016,2024-10-31 22:53:33,Debit,25017.8,INR,UPI,Healthcare,Madurai,D00122-1,Success,26.15,15.0,No,1,0,0,0,1,2024-08-01 13:32:15,131601.3,1,Madurai,0,0,0,1,2024-08-01 13:32:15,91.38979166666667,1
T00002624,A000186,C00123,B013,2024-08-30 22:14:03,Debit,26363.52,INR,ATM,Electronics,Pune,D00123-1,Success,12.88,7.83,No,1,0,0,0,1,2024-07-07 17:20:07,78053.93333333333,1,Pune,0,0,0,1,2024-07-07 17:20:07,54.20412037037037,1
T00011821,A000186,C00123,B013,2025-11-03 09:01:19,Debit,38344.24,INR,UPI,Fuel,Pune,D00123-1,Success,15.81,16.64,No,1,0,0,0,1,2025-08-31 00:51:39,92649.66666666667,1,Pune,0,0,0,1,2025-08-31 00:51:39,64.3400462962963,1
T00017608,A000187,C00124,B006,2026-03-22 15:54:25,Debit,33504.34,INR,Card,Healthcare,Coimbatore,D00124-1,Success,19.64,21.13,No,1,0,0,0,1,2026-02-11 14:00:50,56273.583333333336,1,Coimbatore,0,0,0,1,2026-02-11 14:00:50,39.07887731481482,1
T00011579,A000191,C00127,B002,2025-08-31 10:14:17,Debit,24099.89,INR,Card,Electronics,Mumbai,D00127-1,Success,3.83,6.16,No,1,0,0,0,1,2025-07-24 12:50:33,54563.73333333333,1,Mumbai,0,0,0,0,2025-07-24 12:50:33,37.891481481481485,1
T00007369,A000192,C00128,B008,2025-12-02 14:58:09,Debit,32504.14,INR,UPI,Dining,Bengaluru,D00128-1,Success,3.08,29.21,No,1,0,0,0,1,2025-09-30 09:37:40,91040.48333333334,1,Bengaluru,0,0,0,1,2025-09-30 09:37:40,63.22255787037037,1
T00006346,A000192,C00128,B008,2026-05-14 14:07:27,Debit,44559.82,INR,Mobile Banking,Utilities,Bengaluru,D00128-1,Success,16.45,8.62,No,1,0,0,0,1,2026-04-10 12:39:53,49047.566666666666,1,Bengaluru,0,0,0,1,2026-04-10 12:39:53,34.06081018518518,1
T00022950,A000195,C00130,B022,2026-06-07 01:13:36,Debit,26097.41,INR,Net Banking,E-Commerce,Mumbai,D00130-1,Success,22.92,29.42,No,1,0,0,0,1,2026-04-25 18:08:42,60904.9,1,Mumbai,0,0,0,0,2026-04-25 18:08:42,42.295069444444444,1
T00010184,A000201,C00134,B023,2025-08-17 20:18:53,Credit,24904.88,INR,Net Banking,Fuel,Chennai,D00134-1,Success,19.9,4.4,No,1,0,0,0,1,2025-06-28 22:44:16,71854.61666666667,1,Chennai,0,0,0,1,2025-06-28 22:44:16,49.899039351851854,1
T00010529,A000202,C00134,B023,2026-01-18 13:02:03,Debit,27735.62,INR,ATM,Transfer,Chennai,D00134-1,Success,2.28,22.46,No,1,0,0,0,1,2025-12-18 22:12:38,44089.416666666664,1,Chennai,0,0,0,1,2025-12-18 22:12:38,30.617650462962963,1
T00021018,A000206,C00138,B017,2026-01-13 00:44:00,Debit,30267.78,INR,UPI,E-Commerce,Kochi,D00138-1,Success,14.3,10.61,No,1,0,0,0,1,2025-10-21 01:15:34,120928.43333333333,1,Kochi,0,0,0,0,2025-10-21 01:15:34,83.9780787037037,1
T00025923,A000208,C00139,B011,2025-08-24 04:04:03,Debit,34620.31,INR,Card,Grocery,Madurai,D00139-1,Success,9.47,22.52,No,1,0,0,0,1,2025-05-17 20:18:54,141585.15,1,Madurai,0,0,0,0,2025-05-17 20:18:54,98.32302083333333,1
T00003989,A000209,C00140,B017,2024-07-01 23:25:51,Debit,19844.64,INR,UPI,E-Commerce,Madurai,D00140-1,Success,16.23,7.92,No,1,0,0,0,1,2024-05-28 03:23:26,50162.416666666664,1,Madurai,0,0,1,0,2024-05-28 03:23:26,34.83501157407407,1
T00021508,A000215,C00146,B016,2025-05-03 17:38:21,Credit,21517.46,INR,UPI,Travel,Kochi,D00146-1,Success,33.12,16.74,No,1,0,0,0,1,2025-03-18 06:48:04,66890.28333333334,1,Kochi,0,0,1,1,2025-03-18 06:48:04,46.451585648148146,1
T00007593,A000216,C00147,B022,2026-01-04 23:44:05,Debit,35523.39,INR,Net Banking,Grocery,Mumbai,D00147-1,Failed,21.4,21.51,No,1,0,0,1,2,2025-11-15 00:09:56,73414.15,1,Mumbai,0,0,1,0,2025-11-15 00:09:56,50.98204861111111,1
T00020441,A000217,C00148,B016,2025-04-02 23:22:50,Credit,22988.11,INR,Card,ATM,Kolkata,D00148-1,Success,26.3,25.23,No,1,0,0,0,1,2025-02-13 03:09:53,70332.95,1,Kolkata,0,0,0,1,2025-02-13 03:09:53,48.842326388888885,1
T00006017,A000222,C00150,B025,2026-07-20 09:50:30,Debit,20502.4,INR,Card,Transfer,Madurai,D00150-1,Failed,34.15,15.18,No,1,0,0,1,2,2026-05-29 08:55:31,74934.98333333334,1,Madurai,0,0,0,0,2026-05-29 08:55:31,52.03818287037037,1
T00016812,A000225,C00152,B007,2025-04-02 02:00:03,Debit,25852.04,INR,UPI,Travel,Chennai,D00152-1,Success,33.2,22.11,No,1,0,0,0,1,2024-11-20 10:37:51,191002.2,1,Chennai,0,0,0,1,2024-11-20 10:37:51,132.64041666666665,1
T00008751,A000226,C00153,B008,2024-09-26 06:54:30,Debit,26570.9,INR,ATM,Transfer,Kochi,D00153-1,Success,23.32,8.49,No,1,0,0,0,1,2024-06-30 19:53:50,125940.66666666667,1,Kochi,0,0,0,0,2024-06-30 19:53:50,87.4587962962963,1
T00008303,A000226,C00153,B008,2025-02-11 02:59:33,Debit,70349.26,INR,UPI,Fuel,Kochi,D00153-1,Success,5.1,21.23,No,1,0,0,0,1,2024-10-20 13:28:57,163530.6,1,Kochi,0,0,0,0,2024-10-20 13:28:57,113.56291666666667,1
T00011933,A000229,C00156,B010,2026-08-20 00:25:02,Credit,47199.17,INR,Card,Travel,Hyderabad,D00156-1,Success,25.7,19.17,No,1,0,0,0,1,2026-07-14 10:51:44,52653.3,1,Hyderabad,0,0,0,1,2026-07-14 10:51:44,36.564791666666665,1
T00003405,A000231,C00157,B023,2026-07-19 23:45:27,Credit,57764.81,INR,Card,Utilities,Delhi,D00157-1,Success,15.17,10.11,No,1,0,0,0,1,2026-04-26 13:35:18,121570.15,1,Delhi,0,0,0,1,2026-04-26 13:35:18,84.42371527777777,1
T00026001,A000233,C00159,B009,2025-08-22 10:03:00,Debit,59391.09,INR,Mobile Banking,Transfer,Hyderabad,D00159-2,Success,20.0,12.0,Yes,1,0,0,0,1,2025-07-13 19:21:09,57041.85,1,Hyderabad,1,0,1,1,2025-07-13 19:21:09,39.61239583333333,1
T00003502,A000234,C00160,B010,2026-04-21 15:03:37,Debit,19932.72,INR,Mobile Banking,Dining,Mumbai,D00160-1,Failed,17.45,26.62,No,1,0,0,1,2,2026-02-26 02:56:36,78487.01666666666,1,Mumbai,0,0,0,0,2026-02-26 02:56:36,54.504872685185184,1
T00013311,A000238,C00163,B016,2025-09-05 12:14:04,Credit,19776.76,INR,ATM,Dining,Pune,D00163-1,Success,30.94,23.05,No,1,0,0,0,1,2025-07-30 13:01:17,53232.78333333333,1,Pune,0,0,0,0,2025-07-30 13:01:17,36.967210648148146,1
T00008154,A000239,C00164,B024,2024-07-23 07:08:58,Debit,28045.35,INR,UPI,Travel,Coimbatore,D00164-1,Success,22.17,24.91,No,1,0,0,0,1,2024-06-22 05:37:20,44731.63333333333,1,Coimbatore,0,0,0,1,2024-06-22 05:37:20,31.06363425925926,1
T00002621,A000240,C00164,B024,2025-07-12 13:20:39,Debit,27048.42,INR,Card,ATM,Coimbatore,D00164-1,Success,25.47,3.33,No,1,0,0,0,1,2025-04-17 16:51:00,123629.65,1,Coimbatore,0,0,0,1,2025-04-17 16:51:00,85.85392361111111,1
T00017289,A000244,C00167,B001,2024-08-02 23:26:27,Debit,41342.72,INR,UPI,Healthcare,Pune,D00167-1,Success,26.39,11.45,No,1,0,0,0,1,2024-05-24 20:47:33,100958.9,1,Pune,0,0,1,1,2024-05-24 20:47:33,70.11034722222222,1
T00007819,A000248,C00169,B008,2024-06-09 08:19:28,Debit,28469.88,INR,Card,Transfer,Chennai,D00169-1,Success,8.84,11.87,No,1,0,0,0,1,2024-04-21 17:45:00,69994.46666666666,1,Chennai,0,0,0,1,2024-04-21 17:45:00,48.60726851851852,1
T00021822,A000251,C00172,B008,2025-04-25 16:38:37,Debit,58713.62,INR,Net Banking,Utilities,Kolkata,D00172-1,Success,13.17,2.39,No,1,0,0,0,1,2025-03-15 06:43:03,59635.566666666666,1,Kolkata,0,0,0,0,2025-03-15 06:43:03,41.413587962962964,1
T00012305,A000255,C00175,B013,2026-02-22 01:20:38,Debit,32399.93,INR,Mobile Banking,Grocery,Chennai,D00175-1,Success,20.37,16.79,No,1,0,0,0,1,2025-11-12 23:20:00,145560.63333333333,1,Chennai,0,0,0,1,2025-11-12 23:20:00,101.08377314814815,1
T00012156,A000256,C00176,B015,2026-03-15 13:48:01,Credit,21050.9,EUR,Net Banking,ATM,Coimbatore,D00176-1,Success,17.44,8.95,No,1,0,0,0,1,2026-01-14 04:48:26,86939.58333333333,1,Coimbatore,0,0,0,0,2026-01-14 04:48:26,60.374710648148145,1
T00025342,A000259,C00178,B024,2026-01-11 21:02:29,Debit,56974.98,INR,ATM,Grocery,Coimbatore,D00178-1,Success,16.14,26.9,No,1,0,0,0,1,2025-11-17 20:23:35,79238.9,1,Coimbatore,0,0,1,1,2025-11-17 20:23:35,55.02701388888889,1
T00013873,A000262,C00180,B022,2026-08-22 20:43:26,Credit,28496.81,INR,UPI,Electronics,Mumbai,D00180-1,Success,8.83,18.83,No,1,0,0,0,1,2026-07-06 20:56:28,67666.96666666666,1,Mumbai,1,0,0,0,2026-07-06 20:56:28,46.990949074074074,1
T00001010,A000266,C00184,B019,2025-08-17 02:27:23,Debit,42516.16,INR,Mobile Banking,Fuel,Chennai,D00184-1,Success,32.85,12.84,No,1,0,0,0,1,2025-05-23 18:08:08,122899.25,1,Chennai,0,0,0,1,2025-05-23 18:08:08,85.34670138888889,1
T00008761,A000267,C00185,B002,2026-04-14 12:47:43,Debit,46959.55,INR,UPI,E-Commerce,Kochi,D00185-1,Success,13.19,10.19,No,1,0,0,0,1,2026-01-13 21:04:22,130543.35,1,Kochi,0,0,0,1,2026-01-13 21:04:22,90.65510416666666,1
T00005979,A000268,C00186,B022,2025-11-13 13:39:57,Debit,20740.64,INR,Mobile Banking,Electronics,Kolkata,D00186-1,Success,25.87,21.38,No,1,0,0,0,1,2025-09-20 00:42:41,78537.26666666666,1,Kolkata,0,0,1,0,2025-09-20 00:42:41,54.53976851851852,1
T00016686,A000271,C00188,B014,2025-07-22 11:36:42,Debit,20187.24,INR,UPI,ATM,Hyderabad,D00188-1,Success,20.39,2.44,No,1,0,0,0,1,2025-06-06 11:59:41,66217.01666666666,1,Hyderabad,0,0,0,0,2025-06-06 11:59:41,45.984039351851855,1
T00026160,A000272,C00189,B005,2025-09-04 04:36:00,Debit,861300.8,INR,Branch,Transfer,Delhi,D00189-1,Success,50.0,25.0,Yes,1,0,0,0,1,2025-07-27 08:56:54,55899.1,1,Delhi,0,0,0,1,2025-07-27 08:56:54,38.81881944444444,1
T00018664,A000274,C00191,B024,2025-05-14 02:07:25,Debit,21657.51,INR,UPI,Healthcare,Kochi,D00191-1,Success,13.0,22.0,No,1,0,0,0,1,2025-03-28 13:12:55,67014.5,1,Kochi,0,0,0,1,2025-03-28 13:12:55,46.537847222222226,1
T00014356,A000274,C00191,B024,2026-06-04 13:04:01,Debit,22619.06,INR,Mobile Banking,Dining,Kochi,D00191-1,Success,13.44,5.45,No,1,0,0,0,1,2026-04-08 16:50:37,81853.4,1,Kochi,0,0,0,1,2026-04-08 16:50:37,56.84263888888889,1
T00011779,A000276,C00192,B006,2026-05-05 07:09:06,Credit,26204.88,INR,UPI,Electronics,Kolkata,D00192-1,Success,4.85,19.84,No,1,0,0,0,1,2026-04-01 11:50:39,48678.45,1,Kolkata,0,0,0,1,2026-04-01 11:50:39,33.80447916666667,1
T00025516,A000278,C00193,B015,2025-07-07 12:30:20,Debit,43812.7,INR,UPI,Electronics,Hyderabad,D00193-1,Success,8.16,25.78,No,1,0,0,0,1,2025-02-14 01:46:39,206563.68333333332,1,Hyderabad,0,0,0,1,2025-02-14 01:46:39,143.44700231481482,1
T00009670,A000281,C00195,B019,2025-07-23 01:12:19,Credit,31632.71,INR,Net Banking,Electronics,Mumbai,D00195-1,Success,21.22,2.39,No,1,0,0,0,1,2025-06-22 16:12:50,43739.48333333333,1,Mumbai,0,0,0,1,2025-06-22 16:12:50,30.374641203703703,1
T00012127,A000282,C00196,B025,2025-11-10 11:55:21,Credit,30669.6,INR,Net Banking,E-Commerce,Bengaluru,D00196-1,Failed,10.41,19.79,No,1,0,0,1,2,2025-10-05 11:30:35,51864.76666666667,1,Bengaluru,0,0,0,1,2025-10-05 11:30:35,36.01719907407407,1
T00003294,A000289,C00200,B023,2025-03-18 07:41:05,Credit,22638.3,EUR,Net Banking,Healthcare,Chennai,D00200-1,Success,6.53,27.7,No,1,0,0,0,1,2025-01-27 07:39:04,72002.01666666666,1,Chennai,0,0,0,0,2025-01-27 07:39:04,50.00140046296296,1
T00024844,A000291,C00201,B010,2024-09-03 03:13:05,Debit,28063.17,INR,Net Banking,Fuel,Kochi,D00201-1,Success,9.77,12.23,No,1,0,0,0,1,2024-06-17 19:56:31,111316.56666666667,1,Kochi,0,0,0,1,2024-06-17 19:56:31,77.3031712962963,1
T00015963,A000290,C00201,B010,2025-09-15 00:36:55,Credit,36980.27,INR,Card,E-Commerce,Kochi,D00201-1,Success,1.5,21.54,No,1,0,0,0,1,2025-08-08 16:23:54,53773.01666666667,1,Kochi,0,0,0,1,2025-08-08 16:23:54,37.34237268518518,1
T00011335,A000291,C00201,B010,2026-06-10 07:52:47,Credit,21825.91,INR,Card,Travel,Kochi,D00201-1,Success,18.56,11.08,No,1,0,0,0,1,2026-02-22 00:40:38,155952.15,1,Kochi,0,0,0,1,2026-02-22 00:40:38,108.30010416666667,1
T00014247,A000292,C00202,B015,2024-07-17 02:00:25,Debit,21882.38,INR,Card,Grocery,Pune,D00202-1,Success,16.38,2.07,No,1,0,0,0,1,2024-02-26 07:17:11,204163.23333333334,1,Pune,0,0,0,1,2024-02-26 07:17:11,141.78002314814816,1
T00013780,A000293,C00203,B024,2025-07-03 08:34:31,Debit,42263.18,INR,UPI,Electronics,Bengaluru,D00203-1,Success,34.93,25.68,No,1,0,0,0,1,2025-05-15 18:25:25,69969.1,1,Bengaluru,0,0,0,0,2025-05-15 18:25:25,48.58965277777778,1
T00023773,A000298,C00206,B017,2025-12-02 18:28:05,Debit,20374.46,INR,Card,Transfer,Pune,D00206-1,Success,17.67,24.2,No,1,0,0,0,1,2025-09-22 12:46:04,102582.01666666666,1,Pune,0,0,0,0,2025-09-22 12:46:04,71.23751157407408,1
T00014440,A000301,C00209,B011,2025-02-15 22:40:23,Debit,88014.8,INR,ATM,Utilities,Coimbatore,D00209-1,Success,12.83,11.5,No,1,0,0,0,1,2024-12-14 20:56:55,90823.46666666666,1,Coimbatore,0,0,0,1,2024-12-14 20:56:55,63.071851851851854,1
T00009345,A000302,C00209,B011,2026-04-15 16:48:38,Credit,23091.21,INR,Branch,E-Commerce,Coimbatore,D00209-1,Success,5.5,13.64,No,1,0,0,0,1,2026-03-07 23:30:49,55757.816666666666,1,Coimbatore,0,0,0,1,2026-03-07 23:30:49,38.72070601851852,1
T00019575,A000307,C00212,B025,2026-04-28 08:15:14,Debit,58111.81,INR,Card,Fuel,Bengaluru,D00212-1,Success,18.13,18.24,No,1,0,0,0,1,2026-03-21 16:24:04,54231.166666666664,1,Bengaluru,0,0,0,0,2026-03-21 16:24:04,37.66053240740741,1
T00000835,A000314,C00218,B018,2025-02-16 02:31:44,Credit,27173.73,INR,Mobile Banking,Transfer,Bengaluru,D00218-1,Success,5.2,21.65,No,1,0,0,0,1,2024-12-31 00:07:21,67824.38333333333,1,Bengaluru,0,0,0,0,2024-12-31 00:07:21,47.100266203703704,1
T00023123,A000313,C00218,B018,2025-11-17 13:35:08,Debit,21392.39,USD,UPI,Transfer,Bengaluru,D00218-1,Failed,3.31,16.25,No,1,0,0,1,2,2025-10-18 11:53:57,43301.183333333334,1,Bengaluru,0,0,0,0,2025-10-18 11:53:57,30.070266203703703,1
T00016718,A000316,C00219,B011,2025-01-07 19:42:38,Debit,44197.38,INR,Card,Dining,Pune,D00219-1,Success,18.6,24.79,No,1,0,0,0,1,2024-10-31 17:41:21,98041.28333333334,1,Pune,0,0,0,0,2024-10-31 17:41:21,68.08422453703703,1
T00017373,A000316,C00219,B011,2025-04-06 13:48:02,Debit,68235.67,INR,Card,Utilities,Pune,D00219-1,Success,4.46,20.69,No,1,0,0,0,1,2025-02-07 03:25:15,84142.78333333334,1,Pune,0,0,0,0,2025-02-07 03:25:15,58.432488425925925,1
T00017168,A000316,C00219,B011,2026-06-11 00:56:44,Debit,42557.75,INR,ATM,Travel,Pune,D00219-1,Success,12.63,11.21,No,1,0,0,0,1,2026-04-28 20:55:53,62160.85,1,Pune,0,0,0,0,2026-04-28 20:55:53,43.167256944444446,1
T00014426,A000318,C00221,B024,2025-07-06 04:09:25,Debit,22365.14,INR,Card,Dining,Pune,D00221-1,Success,32.58,9.83,No,1,0,0,0,1,2025-04-04 12:54:27,133394.96666666667,1,Pune,0,0,0,1,2025-04-04 12:54:27,92.63539351851851,1
T00019177,A000320,C00222,B001,2025-03-09 01:35:54,Credit,33932.64,INR,UPI,Grocery,Delhi,D00222-1,Success,20.29,14.65,No,1,0,0,0,1,2025-02-02 06:34:56,50100.96666666667,1,Delhi,0,0,0,1,2025-02-02 06:34:56,34.79233796296296,1
T00022277,A000322,C00223,B004,2025-05-06 23:29:21,Debit,20335.11,USD,UPI,Travel,Mumbai,D00223-1,Success,32.37,15.86,No,1,0,0,0,1,2025-03-04 13:08:12,91341.15,1,Mumbai,0,0,0,0,2025-03-04 13:08:12,63.431354166666665,1
T00011982,A000324,C00224,B024,2026-01-16 00:15:36,Debit,24043.15,INR,Mobile Banking,Electronics,Mumbai,D00224-1,Success,9.02,6.74,No,1,0,0,0,1,2025-12-13 16:00:33,48015.05,1,Mumbai,0,0,1,0,2025-12-13 16:00:33,33.343784722222225,1
T00024689,A000331,C00227,B012,2026-03-24 02:22:27,Credit,37586.78,INR,ATM,Travel,Kolkata,D00227-1,Success,14.04,17.52,No,1,0,0,0,1,2026-02-18 03:35:07,48887.333333333336,1,Kolkata,0,0,0,1,2026-02-18 03:35:07,33.94953703703704,1
T00011397,A000333,C00229,B022,2026-06-06 15:01:38,Debit,71065.11,INR,UPI,Transfer,Mumbai,D00229-1,Success,30.08,12.08,No,1,0,0,0,1,2026-04-24 09:07:39,62273.98333333333,1,Mumbai,0,0,0,0,2026-04-24 09:07:39,43.24582175925926,1
T00010280,A000337,C00233,B019,2026-07-19 00:19:07,Debit,26162.03,INR,Mobile Banking,Electronics,Madurai,D00233-1,Failed,20.27,12.8,No,1,0,0,1,2,2026-02-21 16:25:20,212153.78333333333,1,Madurai,0,0,0,0,2026-02-21 16:25:20,147.3290162037037,1
T00017222,A000340,C00236,B012,2025-11-03 04:50:48,Debit,36856.51,INR,UPI,Travel,Hyderabad,D00236-1,Success,6.52,8.99,No,1,0,0,0,1,2025-09-29 00:54:05,50636.71666666667,1,Hyderabad,0,0,0,1,2025-09-29 00:54:05,35.16438657407407,1
T00014404,A000342,C00237,B005,2025-07-16 00:27:10,Debit,22400.21,INR,UPI,Healthcare,Pune,D00237-1,Success,3.81,27.53,No,1,0,0,0,1,2025-05-14 14:15:52,89891.3,1,Pune,0,0,0,0,2025-05-14 14:15:52,62.42451388888889,1
T00015139,A000341,C00237,B005,2026-05-16 08:58:03,Credit,29304.85,INR,Net Banking,Transfer,Pune,D00237-1,Success,20.91,21.61,No,1,0,0,0,1,2026-04-06 08:03:57,57654.1,1,Pune,0,0,0,0,2026-04-06 08:03:57,40.03756944444444,1
T00014049,A000345,C00239,B017,2024-11-09 21:36:34,Debit,21069.84,INR,Net Banking,Fuel,Chennai,D00239-1,Success,19.38,11.41,No,1,0,0,0,1,2024-09-29 02:59:45,60156.816666666666,1,Chennai,0,0,0,1,2024-09-29 02:59:45,41.77556712962963,1
T00008187,A000345,C00239,B017,2025-08-24 23:43:25,Debit,67150.54,INR,Mobile Banking,Dining,Chennai,D00239-1,Success,0.05,13.17,No,1,0,0,0,1,2025-03-24 13:23:07,220940.3,1,Chennai,0,0,0,1,2025-03-24 13:23:07,153.4307638888889,1
T00021403,A000346,C00240,B022,2026-06-17 19:01:53,Debit,30122.5,INR,UPI,Dining,Coimbatore,D00240-1,Success,14.63,24.03,No,1,0,0,0,1,2026-04-08 22:48:59,100572.9,1,Coimbatore,0,0,0,1,2026-04-08 22:48:59,69.84229166666667,1
T00002183,A000347,C00241,B003,2024-03-15 09:43:27,Debit,40853.28,INR,UPI,Dining,Kolkata,D00241-1,Success,7.11,18.88,No,1,0,0,0,1,2024-01-20 13:45:34,78957.88333333333,1,Kolkata,0,0,0,1,2024-01-20 13:45:34,54.831863425925924,1
T00021973,A000347,C00241,B003,2025-02-28 19:37:13,Debit,27982.61,INR,UPI,Grocery,Kolkata,D00241-1,Success,8.29,25.1,No,1,0,0,0,1,2024-12-16 17:10:12,106707.01666666666,1,Kolkata,0,0,0,1,2024-12-16 17:10:12,74.1020949074074,1
T00020309,A000347,C00241,B003,2026-01-24 08:17:04,Debit,27733.48,INR,ATM,Grocery,Kolkata,D00241-1,Success,15.83,27.97,No,1,0,0,0,1,2025-11-10 05:33:02,108164.03333333334,1,Kolkata,0,0,0,1,2025-11-10 05:33:02,75.11391203703704,1
T00020588,A000348,C00242,B025,2025-10-23 08:27:22,Debit,20442.42,INR,Mobile Banking,Fuel,Bengaluru,D00242-1,Success,31.83,18.67,No,1,0,0,0,1,2025-09-12 09:19:09,58988.21666666667,1,Bengaluru,0,0,0,1,2025-09-12 09:19:09,40.96403935185185,1
T00001263,A000350,C00243,B007,2024-08-30 18:05:26,Credit,49255.46,INR,ATM,Healthcare,Mumbai,D00243-1,Success,32.99,26.92,No,1,0,0,0,1,2024-07-31 04:31:04,44014.36666666667,1,Mumbai,0,0,0,1,2024-07-31 04:31:04,30.565532407407407,1
T00023816,A000350,C00243,B007,2026-01-01 13:03:32,Debit,50088.74,INR,Card,Fuel,Mumbai,D00243-1,Success,7.29,21.2,No,1,0,0,0,1,2025-10-28 18:41:28,93262.06666666667,1,Mumbai,0,0,0,1,2025-10-28 18:41:28,64.76532407407407,1
T00022746,A000353,C00245,B013,2025-09-06 02:05:31,Debit,44174.52,INR,UPI,E-Commerce,Madurai,D00245-1,Failed,24.75,5.75,No,1,0,0,1,2,2025-07-04 05:39:01,91946.5,1,Madurai,0,0,0,0,2025-07-04 05:39:01,63.85173611111111,1
T00006337,A000357,C00248,B018,2026-08-18 18:34:20,Debit,32252.31,INR,UPI,Transfer,Hyderabad,D00248-1,Success,21.07,28.82,No,1,0,0,0,1,2026-06-01 00:27:58,113406.36666666667,1,Hyderabad,0,0,0,1,2026-06-01 00:27:58,78.7544212962963,1
T00018166,A000358,C00249,B023,2026-01-09 18:20:25,Debit,42146.46,INR,Net Banking,Travel,Delhi,D00249-1,Success,11.47,6.92,No,1,0,0,0,1,2025-07-18 23:53:25,251667.0,1,Delhi,0,0,0,0,2025-07-18 23:53:25,174.76875,1
T00025208,A000361,C00252,B019,2024-07-21 10:42:32,Debit,24162.24,INR,Mobile Banking,Utilities,Mumbai,D00252-1,Success,9.71,10.4,No,1,0,0,0,1,2024-06-16 06:33:56,50648.6,1,Mumbai,0,0,0,0,2024-06-16 06:33:56,35.17263888888889,1
T00020960,A000366,C00255,B011,2026-06-20 06:32:25,Credit,27370.89,USD,Mobile Banking,ATM,Coimbatore,D00255-1,Success,4.39,11.26,No,1,0,0,0,1,2026-04-29 02:18:47,75133.63333333333,1,Coimbatore,0,0,0,1,2026-04-29 02:18:47,52.17613425925926,1
T00006548,A000368,C00256,B006,2026-03-04 15:31:40,Credit,21262.99,INR,Card,Fuel,Pune,D00256-1,Success,8.56,23.96,No,1,0,0,0,1,2025-09-30 23:08:18,222743.36666666667,1,Pune,0,0,0,1,2025-09-30 23:08:18,154.6828935185185,1
T00020198,A000369,C00257,B005,2026-05-06 18:27:42,Debit,30869.65,INR,Net Banking,E-Commerce,Kochi,D00257-1,Success,1.03,11.21,No,1,0,0,0,1,2026-03-19 13:52:34,69395.13333333333,1,Kochi,0,0,0,0,2026-03-19 13:52:34,48.191064814814816,1
T00004224,A000370,C00258,B001,2025-03-02 13:10:38,Credit,31492.9,INR,Net Banking,Dining,Bengaluru,D00258-1,Success,0.66,23.75,No,1,0,0,0,1,2024-11-06 11:44:36,167126.03333333333,1,Bengaluru,0,0,0,1,2024-11-06 11:44:36,116.05974537037036,1
T00024655,A000371,C00259,B014,2026-04-17 05:55:11,Debit,23116.22,INR,ATM,Electronics,Bengaluru,D00259-1,Success,17.23,16.88,No,1,0,0,0,1,2026-02-02 20:18:49,105696.36666666667,1,Bengaluru,0,0,0,0,2026-02-02 20:18:49,73.40025462962963,1
T00009364,A000372,C00260,B015,2025-02-02 09:09:54,Debit,24609.79,INR,UPI,E-Commerce,Madurai,D00260-1,Success,22.79,22.14,No,1,0,0,0,1,2024-12-30 00:06:51,49503.05,1,Madurai,0,0,0,1,2024-12-30 00:06:51,34.377118055555556,1
T00024347,A000372,C00260,B015,2026-04-19 15:09:36,Credit,22753.12,INR,Card,ATM,Madurai,D00260-1,Success,24.5,7.66,No,1,0,0,0,1,2026-03-14 02:48:03,52581.55,1,Madurai,0,0,0,1,2026-03-14 02:48:03,36.514965277777776,1
T00018058,A000373,C00261,B018,2026-02-13 07:26:05,Credit,39544.9,INR,Card,Healthcare,Bengaluru,D00261-1,Success,9.02,9.97,No,1,0,0,0,1,2025-12-24 04:27:53,73618.2,1,Bengaluru,0,0,0,0,2025-12-24 04:27:53,51.12375,1
T00009194,A000377,C00264,B010,2024-08-13 11:27:06,Debit,105069.33,INR,UPI,E-Commerce,Kochi,D00264-1,Success,26.42,4.61,No,1,0,0,0,1,2024-07-12 08:26:39,46260.45,1,Kochi,0,0,0,0,2024-07-12 08:26:39,32.1253125,1
T00022857,A000377,C00264,B010,2025-02-19 01:04:49,Debit,26228.21,INR,UPI,Utilities,Kochi,D00264-1,Success,22.93,25.6,No,1,0,0,0,1,2025-01-15 16:35:56,49468.88333333333,1,Kochi,0,0,0,0,2025-01-15 16:35:56,34.3533912037037,1
T00014921,A000378,C00264,B010,2025-03-24 10:53:25,Debit,28079.12,INR,UPI,E-Commerce,Kochi,D00264-1,Success,34.13,29.42,No,1,0,0,0,1,2025-02-19 01:04:49,48108.6,1,Kochi,0,0,0,0,2025-02-19 01:04:49,33.40875,1
T00025005,A000378,C00264,B010,2026-05-30 23:03:13,Debit,21328.18,INR,UPI,Electronics,Kochi,D00264-1,Success,32.3,5.01,No,1,0,0,0,1,2026-04-01 06:48:23,85934.83333333333,1,Kochi,0,0,0,0,2026-04-01 06:48:23,59.67696759259259,1
T00002214,A000380,C00266,B018,2024-08-26 20:19:48,Debit,35226.48,INR,Card,Transfer,Chennai,D00266-1,Success,11.5,13.7,No,1,0,0,0,1,2024-07-27 15:10:49,43508.98333333333,1,Chennai,0,0,0,0,2024-07-27 15:10:49,30.214571759259258,1
T00000829,A000380,C00266,B018,2025-08-09 18:08:25,Debit,31020.87,INR,ATM,Travel,Chennai,D00266-1,Success,28.94,18.99,No,1,0,0,0,1,2025-07-08 01:21:20,47087.083333333336,1,Chennai,0,0,0,0,2025-07-08 01:21:20,32.699363425925924,1
T00019271,A000382,C00267,B003,2024-10-23 08:46:22,Credit,26109.49,INR,Mobile Banking,Healthcare,Coimbatore,D00267-1,Failed,32.51,10.83,No,1,0,0,1,2,2024-06-27 09:01:15,169905.11666666667,1,Coimbatore,0,0,1,0,2024-06-27 09:01:15,117.98966435185186,1
T00004858,A000386,C00270,B023,2026-08-01 04:24:15,Debit,60571.77,INR,Mobile Banking,Healthcare,Coimbatore,D00270-1,Success,12.28,21.32,No,1,0,0,0,1,2026-06-11 17:55:29,72628.76666666666,1,Coimbatore,0,0,0,1,2026-06-11 17:55:29,50.436643518518515,1
T00006716,A000390,C00272,B020,2025-03-27 10:09:39,Credit,48969.66,EUR,Mobile Banking,Utilities,Madurai,D00272-1,Success,31.95,22.28,No,1,0,0,0,1,2025-02-15 11:56:32,57493.11666666667,1,Madurai,0,0,0,1,2025-02-15 11:56:32,39.92577546296296,1
T00004168,A000392,C00273,B023,2025-03-16 16:00:11,Credit,35505.07,INR,UPI,Transfer,Delhi,D00273-1,Success,5.16,14.06,No,1,0,0,0,1,2025-01-29 13:38:34,66381.61666666667,1,Delhi,0,0,0,1,2025-01-29 13:38:34,46.09834490740741,1
T00023345,A000396,C00277,B012,2026-03-25 20:43:41,Credit,24789.99,INR,Mobile Banking,Fuel,Madurai,D00277-1,Success,3.85,23.69,No,1,0,0,0,1,2025-12-28 16:15:28,125548.21666666666,1,Madurai,0,0,0,0,2025-12-28 16:15:28,87.18626157407408,1
T00010856,A000397,C00278,B021,2024-04-14 16:59:05,Credit,38231.79,INR,Card,Dining,Kolkata,D00278-1,Success,24.49,17.87,No,1,0,0,0,1,2024-03-12 21:16:56,47262.15,1,Kolkata,0,0,0,1,2024-03-12 21:16:56,32.8209375,1
T00003826,A000397,C00278,B021,2026-01-23 21:03:40,Debit,34392.64,INR,UPI,Electronics,Kolkata,D00278-1,Success,15.85,7.61,No,1,0,0,0,1,2025-11-07 07:24:26,111699.23333333334,1,Kolkata,0,0,0,1,2025-11-07 07:24:26,77.56891203703704,1
T00016207,A000398,C00279,B008,2026-01-31 22:23:40,Debit,26445.48,USD,ATM,Healthcare,Chennai,D00279-1,Success,19.26,20.2,No,1,0,0,0,1,2025-12-12 22:30:11,71993.48333333334,1,Chennai,0,0,0,1,2025-12-12 22:30:11,49.99547453703704,1
T00000132,A000398,C00279,B008,2026-04-01 23:43:16,Credit,19872.83,USD,Card,ATM,Chennai,D00279-1,Success,4.5,7.82,No,1,0,0,0,1,2026-01-31 22:23:40,86479.6,1,Chennai,0,0,0,1,2026-01-31 22:23:40,60.055277777777775,1
T00007798,A000404,C00283,B011,2026-03-13 04:17:01,Debit,24716.11,INR,UPI,Healthcare,Kolkata,D00283-1,Success,7.66,8.44,No,1,0,0,0,1,2026-01-14 20:20:29,82556.53333333334,1,Kolkata,1,0,0,0,2026-01-14 20:20:29,57.330925925925925,1
T00012271,A000405,C00284,B024,2025-09-08 00:24:12,Debit,23315.13,INR,ATM,Fuel,Pune,D00284-1,Success,11.76,9.24,No,1,0,0,0,1,2025-06-28 11:45:59,102998.21666666666,1,Pune,0,0,0,0,2025-06-28 11:45:59,71.52653935185185,1
T00025700,A000410,C00288,B013,2026-02-02 17:24:27,Debit,21951.87,INR,Mobile Banking,Transfer,Bengaluru,D00288-1,Success,15.43,22.93,No,1,0,0,0,1,2025-06-25 19:42:29,319541.9666666667,1,Bengaluru,0,0,0,0,2025-06-25 19:42:29,221.9041435185185,1
T00021047,A000414,C00290,B020,2025-08-29 01:01:50,Debit,25856.27,INR,Card,Electronics,Coimbatore,D00290-1,Success,13.16,27.0,No,1,0,0,0,1,2025-04-25 19:16:49,180345.01666666666,1,Coimbatore,0,0,0,1,2025-04-25 19:16:49,125.23959490740741,1
T00007129,A000418,C00293,B010,2025-01-22 14:41:30,Debit,27217.29,INR,Card,Utilities,Hyderabad,D00293-1,Success,8.77,26.73,No,1,0,0,0,1,2024-12-19 23:46:03,48415.45,1,Hyderabad,0,0,0,0,2024-12-19 23:46:03,33.62184027777778,1
T00011499,A000418,C00293,B010,2025-10-05 23:47:12,Credit,29861.94,INR,UPI,ATM,Hyderabad,D00293-1,Success,12.56,26.18,No,1,0,0,0,1,2025-08-02 02:30:56,93436.26666666666,1,Hyderabad,0,0,0,0,2025-08-02 02:30:56,64.8862962962963,1
T00025552,A000422,C00295,B002,2025-06-03 13:04:16,Debit,22852.12,INR,Mobile Banking,Utilities,Kochi,D00295-1,Success,21.05,25.8,No,1,0,0,0,1,2025-03-28 01:13:08,97191.13333333333,1,Kochi,0,0,0,1,2025-03-28 01:13:08,67.49384259259259,1
T00003997,A000423,C00295,B002,2025-10-02 12:14:46,Debit,44393.65,INR,UPI,Healthcare,Kochi,D00295-1,Success,15.37,10.43,No,1,0,0,0,1,2025-08-21 11:00:55,60553.85,1,Kochi,0,0,0,1,2025-08-21 11:00:55,42.05128472222222,1
T00005738,A000425,C00296,B025,2026-08-21 00:55:28,Credit,46847.58,INR,UPI,Healthcare,Chennai,D00296-1,Success,19.46,2.24,No,1,0,0,0,1,2026-07-17 22:02:25,49133.05,1,Chennai,0,0,0,1,2026-07-17 22:02:25,34.12017361111111,1
T00014188,A000429,C00300,B006,2025-02-03 17:26:52,Debit,58191.7,INR,UPI,Utilities,Mumbai,D00300-1,Success,15.92,27.17,No,1,0,0,0,1,2024-11-30 23:24:49,93242.05,1,Mumbai,0,0,0,0,2024-11-30 23:24:49,64.75142361111111,1
T00000757,A000430,C00301,B011,2026-05-29 00:44:48,Debit,26175.96,INR,UPI,Grocery,Madurai,D00301-1,Success,13.41,22.75,No,1,0,0,0,1,2026-04-06 09:41:22,75783.43333333333,1,Madurai,0,0,0,1,2026-04-06 09:41:22,52.62738425925926,1
T00003973,A000432,C00303,B006,2026-05-02 23:26:51,Credit,26137.08,INR,Card,Travel,Chennai,D00303-1,Success,29.68,8.77,No,1,0,0,0,1,2025-12-01 14:53:47,219393.06666666668,1,Chennai,0,0,0,1,2025-12-01 14:53:47,152.3562962962963,1
T00000522,A000435,C00305,B002,2024-02-12 21:34:04,Debit,42386.75,INR,ATM,Dining,Bengaluru,D00305-1,Success,12.39,12.01,No,1,0,0,0,1,2024-01-01 10:10:10,61163.9,1,Bengaluru,0,0,0,1,2024-01-01 10:10:10,42.47493055555555,1
T00002078,A000436,C00306,B012,2025-02-13 15:57:02,Debit,25898.27,INR,Card,Transfer,Hyderabad,D00306-1,Success,23.85,11.7,No,1,0,0,0,1,2025-01-07 05:52:35,53884.45,1,Hyderabad,0,0,0,0,2025-01-07 05:52:35,37.419756944444444,1
T00019532,A000441,C00308,B016,2026-06-19 22:19:42,Debit,45961.88,INR,UPI,Grocery,Hyderabad,D00308-1,Success,15.9,15.39,No,1,0,0,0,1,2026-03-17 21:34:41,135405.01666666666,1,Hyderabad,0,0,0,0,2026-03-17 21:34:41,94.03126157407408,1
T00014073,A000448,C00313,B017,2025-06-28 09:43:20,Debit,63164.6,INR,UPI,Healthcare,Delhi,D00313-1,Success,26.38,7.1,No,1,0,0,0,1,2025-05-27 23:20:09,45263.183333333334,1,Delhi,0,0,0,1,2025-05-27 23:20:09,31.432766203703704,1
T00016076,A000452,C00316,B017,2025-12-04 22:25:56,Debit,30721.53,INR,Net Banking,Transfer,Coimbatore,D00316-1,Success,14.87,2.12,No,1,0,0,0,1,2025-07-23 10:20:28,193685.46666666667,1,Coimbatore,0,0,0,0,2025-07-23 10:20:28,134.5037962962963,1
T00021602,A000452,C00316,B017,2026-03-06 01:18:58,Credit,25768.56,INR,Mobile Banking,ATM,Coimbatore,D00316-1,Success,4.09,13.91,No,1,0,0,0,1,2026-02-02 23:26:00,44752.96666666667,1,Coimbatore,0,0,0,0,2026-02-02 23:26:00,31.078449074074076,1
T00016688,A000457,C00320,B019,2026-01-23 03:28:24,Debit,64903.12,INR,ATM,Electronics,Pune,D00320-1,Success,11.53,23.4,No,1,0,0,0,1,2025-12-18 15:03:37,51144.78333333333,1,Pune,0,0,0,1,2025-12-18 15:03:37,35.51721064814815,1
T00019527,A000459,C00322,B020,2026-05-06 07:44:46,Debit,22810.31,INR,Net Banking,ATM,Hyderabad,D00322-1,Success,30.48,27.75,No,1,0,0,0,1,2026-02-23 08:45:34,103619.2,1,Hyderabad,0,0,0,0,2026-02-23 08:45:34,71.95777777777778,1
T00007169,A000460,C00323,B017,2024-06-04 11:46:01,Debit,23196.23,EUR,Card,ATM,Bengaluru,D00323-1,Success,4.2,28.36,No,1,0,0,0,1,2024-03-21 02:49:14,108536.78333333334,1,Bengaluru,0,0,0,1,2024-03-21 02:49:14,75.3727662037037,1
T00007944,A000461,C00323,B017,2024-07-25 11:15:30,Debit,20497.72,INR,Card,Grocery,Bengaluru,D00323-1,Success,25.71,20.16,No,1,0,0,0,1,2024-06-04 11:46:01,73409.48333333334,1,Bengaluru,0,0,0,1,2024-06-04 11:46:01,50.97880787037037,1
T00010494,A000460,C00323,B017,2026-07-15 04:58:49,Debit,36731.58,EUR,Card,Healthcare,Bengaluru,D00323-1,Success,33.92,3.15,No,1,0,0,0,1,2026-06-07 09:25:03,54453.76666666667,1,Bengaluru,0,0,0,1,2026-06-07 09:25:03,37.815115740740744,1
T00004061,A000463,C00324,B022,2025-07-23 03:46:23,Debit,31005.34,INR,Branch,Grocery,Bengaluru,D00324-1,Success,9.68,19.13,No,1,0,0,0,1,2025-06-20 16:20:12,46766.183333333334,1,Bengaluru,0,0,0,0,2025-06-20 16:20:12,32.4765162037037,1
T00016156,A000463,C00324,B022,2025-11-18 11:10:47,Debit,20221.7,INR,UPI,Grocery,Bengaluru,D00324-1,Success,25.99,28.37,No,1,0,0,0,1,2025-10-10 18:12:04,55738.71666666667,1,Bengaluru,0,0,0,0,2025-10-10 18:12:04,38.70744212962963,1
T00007251,A000465,C00325,B024,2025-06-28 14:18:53,Debit,39388.94,INR,UPI,E-Commerce,Coimbatore,D00325-1,Success,18.62,4.08,No,1,0,0,0,1,2025-05-01 23:38:13,82960.66666666667,1,Coimbatore,0,0,1,0,2025-05-01 23:38:13,57.61157407407408,1
T00022686,A000467,C00327,B003,2026-08-15 21:36:44,Debit,30664.15,INR,Net Banking,Grocery,Chennai,D00327-1,Success,31.12,2.59,No,1,0,0,0,1,2026-07-09 21:24:32,53292.2,1,Chennai,0,0,0,0,2026-07-09 21:24:32,37.008472222222224,1
T00025297,A000469,C00328,B013,2025-02-20 08:09:25,Credit,22849.23,INR,Mobile Banking,Fuel,Bengaluru,D00328-1,Success,18.93,18.04,No,1,0,0,0,1,2025-01-11 18:52:52,56956.55,1,Bengaluru,0,0,0,0,2025-01-11 18:52:52,39.55315972222222,1
T00016806,A000470,C00329,B022,2025-02-14 15:06:08,Debit,36093.73,INR,UPI,Transfer,Mumbai,D00329-1,Success,0.52,4.88,No,1,0,0,0,1,2024-12-29 01:56:35,68469.55,1,Mumbai,0,0,1,0,2024-12-29 01:56:35,47.548298611111115,1
T00014135,A000473,C00331,B022,2026-07-23 01:37:24,Debit,34613.17,INR,UPI,Travel,Mumbai,D00331-1,Success,31.33,18.61,No,1,0,0,0,1,2026-06-19 09:13:19,48504.083333333336,1,Mumbai,0,0,0,0,2026-06-19 09:13:19,33.68339120370371,1
T00020726,A000477,C00334,B012,2024-08-19 08:49:07,Debit,35404.42,INR,UPI,Healthcare,Chennai,D00334-1,Success,10.21,28.34,No,1,0,0,0,1,2024-06-23 21:40:17,81308.83333333333,1,Chennai,0,0,0,0,2024-06-23 21:40:17,56.46446759259259,1
T00014279,A000478,C00335,B005,2024-10-04 09:23:06,Debit,95369.5,INR,Mobile Banking,Transfer,Hyderabad,D00335-1,Success,23.12,13.9,No,1,0,0,0,1,2024-08-06 09:45:55,84937.18333333333,1,Hyderabad,0,0,0,1,2024-08-06 09:45:55,58.984155092592594,1
T00002505,A000480,C00336,B018,2024-11-07 16:50:20,Debit,20418.22,INR,Mobile Banking,Utilities,Chennai,D00336-1,Success,31.1,24.74,No,1,0,0,0,1,2024-08-13 15:18:10,123932.16666666667,1,Chennai,0,0,0,1,2024-08-13 15:18:10,86.06400462962964,1
T00013922,A000479,C00336,B018,2025-05-30 21:46:30,Debit,26093.35,INR,UPI,E-Commerce,Chennai,D00336-1,Success,4.28,19.85,No,1,0,0,0,1,2025-04-09 04:15:48,74490.7,1,Chennai,0,0,0,1,2025-04-09 04:15:48,51.72965277777778,1
T00023560,A000481,C00337,B017,2026-05-20 07:07:06,Debit,31096.61,INR,UPI,E-Commerce,Delhi,D00337-1,Success,17.02,12.29,No,1,0,0,0,1,2026-04-01 07:27:32,70539.56666666667,1,Delhi,0,0,0,0,2026-04-01 07:27:32,48.98581018518519,1
T00018031,A000485,C00340,B021,2025-12-18 06:08:03,Debit,51802.04,INR,ATM,Travel,Chennai,D00340-1,Success,5.89,14.84,No,1,0,0,0,1,2025-10-01 04:19:26,112428.61666666667,1,Chennai,0,0,1,0,2025-10-01 04:19:26,78.07542824074073,1
T00012650,A000487,C00341,B017,2025-04-17 18:34:55,Debit,26804.46,INR,Net Banking,Grocery,Kolkata,D00341-1,Success,4.05,27.25,No,1,0,0,0,1,2025-03-14 18:56:27,48938.46666666667,1,Kolkata,0,0,0,1,2025-03-14 18:56:27,33.9850462962963,1
T00011194,A000487,C00341,B017,2025-10-11 19:58:09,Credit,69918.29,INR,Mobile Banking,Utilities,Kolkata,D00341-1,Success,25.11,6.64,No,1,0,0,0,1,2025-09-06 22:19:44,50258.416666666664,1,Kolkata,0,0,0,1,2025-09-06 22:19:44,34.90167824074074,1
T00015942,A000488,C00342,B003,2024-05-10 22:06:54,Credit,20106.35,INR,Mobile Banking,Dining,Pune,D00342-1,Success,21.41,3.39,No,1,0,0,0,1,2024-02-04 13:08:24,138778.5,1,Pune,0,0,0,0,2024-02-04 13:08:24,96.37395833333333,1
T00005874,A000488,C00342,B003,2025-09-15 08:47:04,Debit,49308.02,INR,UPI,Grocery,Pune,D00342-1,Success,8.06,16.08,No,1,0,0,0,1,2025-07-28 22:15:54,69751.16666666667,1,Pune,0,0,0,0,2025-07-28 22:15:54,48.43831018518519,1
T00011609,A000489,C00343,B024,2024-10-08 00:40:34,Debit,49133.91,INR,UPI,ATM,Pune,D00343-1,Success,24.03,19.48,No,1,0,0,0,1,2024-07-17 10:12:10,118948.4,1,Pune,0,0,0,0,2024-07-17 10:12:10,82.60305555555556,1
T00010753,A000490,C00344,B021,2024-09-29 07:58:38,Debit,25176.67,EUR,UPI,E-Commerce,Kolkata,D00344-1,Failed,19.19,28.28,No,1,0,0,1,2,2024-06-20 23:47:45,144490.88333333333,1,Kolkata,0,0,0,0,2024-06-20 23:47:45,100.3408912037037,1
T00019020,A000491,C00344,B021,2024-12-14 10:17:00,Debit,20224.97,INR,UPI,Electronics,Kolkata,D00344-1,Success,32.78,28.19,No,1,0,0,0,1,2024-11-06 11:54:57,54622.05,1,Kolkata,0,0,0,0,2024-11-06 11:54:57,37.931979166666665,1
T00020604,A000491,C00344,B021,2025-06-04 03:32:58,Credit,43652.41,INR,ATM,Transfer,Kolkata,D00344-1,Success,15.33,25.89,No,1,0,0,0,1,2025-04-17 23:38:59,67913.98333333334,1,Kolkata,0,0,0,0,2025-04-17 23:38:59,47.16248842592593,1
T00000287,A000494,C00346,B015,2024-04-15 01:03:38,Debit,27060.82,USD,Mobile Banking,Electronics,Mumbai,D00346-1,Success,32.02,12.74,No,1,0,0,0,1,2024-03-02 03:20:49,63222.816666666666,1,Mumbai,0,0,0,0,2024-03-02 03:20:49,43.9047337962963,1
T00005535,A000494,C00346,B015,2024-12-10 17:57:35,Debit,20615.09,USD,Mobile Banking,ATM,Mumbai,D00346-1,Success,1.61,23.91,No,1,0,0,0,1,2024-11-10 07:38:25,43819.166666666664,1,Mumbai,0,0,0,0,2024-11-10 07:38:25,30.42997685185185,1
T00013108,A000494,C00346,B015,2025-11-04 06:59:12,Debit,44121.85,USD,UPI,Dining,Mumbai,D00346-1,Success,2.21,16.42,No,1,0,0,0,1,2025-10-04 02:23:48,44915.4,1,Mumbai,0,0,0,0,2025-10-04 02:23:48,31.19125,1
T00006163,A000494,C00346,B015,2026-02-03 17:28:54,Debit,100218.68,USD,Mobile Banking,Dining,Mumbai,D00346-1,Success,32.49,25.99,No,1,0,0,0,1,2026-01-02 19:27:20,45961.566666666666,1,Mumbai,0,0,0,0,2026-01-02 19:27:20,31.91775462962963,1
T00007604,A000503,C00352,B018,2024-09-29 21:41:07,Debit,29985.86,INR,Net Banking,Grocery,Kochi,D00352-1,Success,24.48,24.8,No,1,0,0,0,1,2024-07-25 00:29:31,96311.6,1,Kochi,1,0,1,0,2024-07-25 00:29:31,66.88305555555556,1
T00015141,A000504,C00352,B018,2025-04-10 02:33:11,Debit,24141.79,INR,Card,E-Commerce,Kochi,D00352-1,Failed,17.93,5.3,No,1,0,0,1,2,2025-03-08 17:33:59,46619.2,1,Kochi,1,0,1,0,2025-03-08 17:33:59,32.37444444444444,1
T00020294,A000505,C00353,B004,2026-07-11 23:14:07,Debit,71674.87,INR,Card,Healthcare,Hyderabad,D00353-1,Success,0.57,16.3,No,1,0,0,0,1,2026-05-13 00:13:25,86340.7,1,Hyderabad,0,0,0,1,2026-05-13 00:13:25,59.958819444444444,1
T00013669,A000518,C00361,B003,2026-05-05 20:34:55,Debit,86387.76,INR,ATM,Travel,Pune,D00361-1,Success,23.28,8.5,No,1,0,0,0,1,2026-03-17 17:04:36,70770.31666666667,1,Pune,0,0,0,0,2026-03-17 17:04:36,49.14605324074074,1
T00023296,A000520,C00363,B025,2024-12-06 18:12:32,Debit,24404.1,INR,Mobile Banking,Travel,Kochi,D00363-1,Success,0.03,9.49,No,1,0,0,0,1,2024-11-06 16:22:47,43309.75,1,Kochi,0,0,0,0,2024-11-06 16:22:47,30.076215277777777,1
T00020609,A000520,C00363,B025,2025-02-02 16:05:36,Debit,20505.16,INR,UPI,ATM,Kochi,D00363-1,Success,34.31,29.1,No,1,0,0,0,1,2024-12-18 00:59:41,67145.91666666667,1,Kochi,0,0,0,0,2024-12-18 00:59:41,46.62910879629629,1
T00006439,A000524,C00366,B006,2026-07-30 03:48:56,Debit,35093.24,INR,Branch,Transfer,Delhi,D00366-1,Success,34.04,16.33,No,1,0,0,0,1,2026-06-25 04:19:09,50369.78333333333,1,Delhi,0,0,0,1,2026-06-25 04:19:09,34.9790162037037,1
T00001631,A000525,C00367,B012,2024-07-04 05:05:35,Debit,21955.7,INR,Branch,Healthcare,Pune,D00367-1,Success,6.57,24.2,No,1,0,0,0,1,2024-05-02 10:03:20,90422.25,1,Pune,0,0,0,1,2024-05-02 10:03:20,62.79322916666667,1
T00010792,A000530,C00372,B006,2024-10-01 12:30:15,Credit,25990.56,USD,Mobile Banking,Electronics,Madurai,D00372-1,Success,33.03,25.1,No,1,0,0,0,1,2024-08-10 23:01:10,74249.08333333333,1,Madurai,0,0,0,0,2024-08-10 23:01:10,51.56186342592593,1
T00012103,A000533,C00374,B005,2024-11-22 00:20:09,Debit,26249.29,INR,Card,Transfer,Kochi,D00374-1,Success,12.02,19.61,No,1,0,0,0,1,2024-10-02 16:33:28,72466.68333333333,1,Kochi,0,0,1,0,2024-10-02 16:33:28,50.32408564814815,1
T00014256,A000534,C00375,B001,2026-01-07 22:28:07,Debit,20739.21,INR,UPI,Fuel,Kolkata,D00375-1,Success,11.34,25.05,No,1,0,0,0,1,2025-11-01 22:02:06,96506.01666666666,1,Kolkata,0,0,0,1,2025-11-01 22:02:06,67.01806712962963,1
T00009061,A000536,C00376,B015,2024-08-26 03:32:30,Credit,175827.39,INR,UPI,E-Commerce,Bengaluru,D00376-1,Success,32.34,18.79,No,1,0,0,0,1,2024-05-05 04:44:22,162648.13333333333,1,Bengaluru,0,0,0,0,2024-05-05 04:44:22,112.9500925925926,1
T00013466,A000539,C00378,B021,2024-09-25 23:50:56,Debit,43902.48,INR,UPI,E-Commerce,Kochi,D00378-1,Success,13.24,9.48,No,1,0,0,0,1,2024-06-07 11:12:14,159158.7,1,Kochi,0,0,0,1,2024-06-07 11:12:14,110.526875,1
T00002452,A000542,C00380,B025,2026-02-09 05:15:59,Credit,57542.48,INR,UPI,E-Commerce,Chennai,D00380-1,Failed,32.39,24.46,No,1,0,0,1,2,2025-12-22 07:04:47,70451.2,1,Chennai,0,0,0,0,2025-12-22 07:04:47,48.92444444444445,1
T00006119,A000558,C00391,B023,2026-06-30 21:03:55,Debit,28393.7,INR,Card,Healthcare,Kolkata,D00391-1,Success,33.02,23.04,No,1,0,0,0,1,2026-04-06 16:40:09,122663.76666666666,1,Kolkata,0,0,0,0,2026-04-06 16:40:09,85.1831712962963,1
T00010906,A000563,C00396,B007,2025-04-16 18:45:51,Debit,49728.24,INR,Mobile Banking,Fuel,Kochi,D00396-1,Success,13.65,10.83,No,1,0,0,0,1,2025-03-12 03:08:53,51336.96666666667,1,Kochi,0,0,0,1,2025-03-12 03:08:53,35.650671296296295,1
T00009597,A000569,C00399,B018,2024-06-23 13:06:53,Credit,30415.93,INR,Card,Grocery,Madurai,D00399-1,Success,21.35,20.71,No,1,0,0,0,1,2024-04-10 05:59:31,106987.36666666667,1,Madurai,0,0,0,1,2024-04-10 05:59:31,74.2967824074074,1
T00014809,A000568,C00399,B018,2025-03-01 02:18:28,Debit,45541.71,INR,UPI,Transfer,Madurai,D00399-1,Success,13.74,29.47,No,1,0,0,0,1,2025-01-12 15:34:18,68324.16666666667,1,Madurai,0,0,0,1,2025-01-12 15:34:18,47.44733796296296,1
T00007546,A000570,C00400,B014,2026-07-15 23:23:22,Credit,22450.83,INR,UPI,Grocery,Madurai,D00400-1,Success,1.09,15.14,No,1,0,0,0,1,2026-05-30 08:48:32,67114.83333333333,1,Madurai,0,0,0,0,2026-05-30 08:48:32,46.60752314814815,1
T00000677,A000571,C00401,B015,2024-03-15 16:07:16,Debit,37347.88,INR,Mobile Banking,Electronics,Delhi,D00401-1,Success,20.51,27.44,No,1,0,0,0,1,2024-01-16 00:15:18,85911.96666666666,1,Delhi,0,0,0,1,2024-01-16 00:15:18,59.66108796296297,1
T00004325,A000575,C00404,B019,2026-01-15 07:26:30,Debit,29223.14,USD,Card,Travel,Pune,D00404-1,Success,17.12,29.84,No,1,0,0,0,1,2025-12-14 18:15:32,45430.96666666667,1,Pune,0,0,0,1,2025-12-14 18:15:32,31.549282407407407,1
T00004365,A000576,C00405,B014,2025-11-11 19:52:29,Credit,38084.33,INR,Card,Healthcare,Kochi,D00405-1,Success,12.66,7.49,No,1,0,0,0,1,2025-08-06 22:34:34,139517.91666666666,1,Kochi,0,0,0,0,2025-08-06 22:34:34,96.88744212962963,1
T00020529,A000583,C00409,B025,2025-08-17 03:43:48,Debit,46266.09,INR,UPI,ATM,Coimbatore,D00409-1,Success,6.6,6.35,No,1,0,0,0,1,2025-07-04 20:29:08,62354.666666666664,1,Coimbatore,0,0,0,0,2025-07-04 20:29:08,43.30185185185185,1
T00011885,A000585,C00410,B006,2024-08-03 05:23:51,Credit,51497.06,INR,UPI,Dining,Pune,D00410-1,Success,17.7,29.53,No,1,0,0,0,1,2024-07-03 04:31:17,44692.566666666666,1,Pune,0,0,1,1,2024-07-03 04:31:17,31.03650462962963,1
T00016213,A000584,C00410,B006,2024-12-10 18:25:54,Debit,21135.75,INR,UPI,Electronics,Pune,D00410-1,Success,33.5,12.56,No,1,0,0,0,1,2024-10-31 04:17:11,58448.71666666667,1,Pune,0,0,1,1,2024-10-31 04:17:11,40.58938657407408,1
T00005322,A000584,C00410,B006,2025-11-06 13:21:19,Debit,20642.2,INR,Card,Grocery,Pune,D00410-1,Success,25.66,19.39,No,1,0,0,0,1,2025-09-26 08:22:39,59338.666666666664,1,Pune,0,0,1,1,2025-09-26 08:22:39,41.20740740740741,1
T00001782,A000586,C00411,B004,2024-12-22 22:52:05,Debit,55371.22,INR,Mobile Banking,ATM,Delhi,D00411-1,Success,30.82,22.96,No,1,0,0,0,1,2024-11-10 17:27:19,60804.76666666667,1,Delhi,0,0,0,1,2024-11-10 17:27:19,42.22553240740741,1
T00005794,A000587,C00412,B007,2024-09-19 11:28:15,Debit,65726.87,INR,Net Banking,Electronics,Pune,D00412-1,Reversed,3.29,7.66,No,1,0,0,0,1,2024-08-04 08:06:30,66441.75,1,Pune,0,0,0,0,2024-08-04 08:06:30,46.14010416666667,1
T00007655,A000587,C00412,B007,2025-03-11 07:43:04,Debit,46002.29,INR,UPI,Travel,Pune,D00412-1,Success,15.13,15.3,No,1,0,0,0,1,2025-01-12 14:27:21,83115.71666666666,1,Pune,0,0,0,0,2025-01-12 14:27:21,57.71924768518519,1
T00005120,A000588,C00412,B007,2026-05-08 21:10:30,Debit,24446.43,INR,Mobile Banking,Utilities,Pune,D00412-1,Success,16.45,19.54,No,1,0,0,0,1,2026-02-27 15:13:15,101157.25,1,Pune,0,0,0,0,2026-02-27 15:13:15,70.24809027777778,1
T00021391,A000590,C00414,B003,2025-11-25 09:36:11,Credit,19785.02,INR,Card,Travel,Delhi,D00414-1,Success,4.09,9.44,No,1,0,0,0,1,2025-10-04 19:52:38,74263.55,1,Delhi,0,0,0,1,2025-10-04 19:52:38,51.57190972222222,1
T00016604,A000592,C00415,B016,2026-06-13 12:14:05,Credit,53851.11,INR,Mobile Banking,ATM,Hyderabad,D00415-1,Success,9.84,13.2,No,1,0,0,0,1,2026-04-29 20:36:40,64297.416666666664,1,Hyderabad,1,0,0,0,2026-04-29 20:36:40,44.650983796296295,1
T00021610,A000595,C00417,B018,2024-09-21 13:36:23,Credit,250000.0,INR,Net Banking,Electronics,Hyderabad,D00417-1,Success,24.37,22.97,No,1,0,0,0,1,2024-08-08 03:21:24,63974.98333333333,1,Hyderabad,0,0,1,0,2024-08-08 03:21:24,44.427071759259256,1
T00016570,A000595,C00417,B018,2025-01-04 18:35:51,Debit,52921.08,INR,UPI,Travel,Hyderabad,D00417-1,Success,3.71,5.58,No,1,0,0,0,1,2024-09-21 13:36:23,151499.46666666667,1,Hyderabad,0,0,1,0,2024-09-21 13:36:23,105.20796296296297,1
T00022214,A000596,C00418,B022,2026-06-30 01:50:13,Debit,49392.35,INR,UPI,Electronics,Mumbai,D00418-1,Success,14.15,4.42,No,1,0,0,0,1,2026-05-31 00:32:18,43277.916666666664,1,Mumbai,0,0,0,1,2026-05-31 00:32:18,30.054108796296298,1
T00005907,A000596,C00418,B022,2026-08-05 00:40:09,Debit,53657.31,INR,Net Banking,Electronics,Mumbai,D00418-1,Success,20.54,20.7,No,1,0,0,0,1,2026-07-03 21:49:05,46251.066666666666,1,Mumbai,0,0,0,1,2026-07-03 21:49:05,32.118796296296296,1
T00009221,A000598,C00420,B011,2025-02-05 16:04:50,Debit,39343.5,INR,Mobile Banking,Utilities,Mumbai,D00420-1,Success,16.21,23.87,No,1,0,0,0,1,2024-10-16 03:04:07,162060.71666666667,1,Mumbai,0,0,0,0,2024-10-16 03:04:07,112.54216435185185,1
T00015976,A000604,C00423,B013,2025-04-29 12:18:21,Credit,29769.03,INR,UPI,Transfer,Madurai,D00423-1,Success,26.07,21.16,No,1,0,0,0,1,2025-03-07 19:40:44,75877.61666666667,1,Madurai,0,0,1,0,2025-03-07 19:40:44,52.69278935185185,1
T00022648,A000608,C00425,B024,2026-05-22 06:55:39,Debit,23674.9,INR,UPI,Dining,Pune,D00425-1,Success,29.41,4.8,No,1,0,0,0,1,2026-04-06 02:03:17,66532.36666666667,1,Pune,0,0,0,0,2026-04-06 02:03:17,46.203032407407406,1
T00011532,A000617,C00430,B023,2024-02-13 00:53:54,Debit,22924.3,INR,UPI,Travel,Bengaluru,D00430-1,Success,6.41,14.52,No,1,0,0,0,1,2024-01-09 10:35:42,49818.2,1,Bengaluru,0,0,0,0,2024-01-09 10:35:42,34.59597222222222,1
T00009121,A000623,C00434,B011,2024-11-02 16:10:14,Debit,30813.38,INR,UPI,Travel,Pune,D00434-1,Failed,33.4,28.17,No,1,0,0,1,2,2024-09-13 19:14:10,71816.06666666667,1,Pune,0,0,0,0,2024-09-13 19:14:10,49.87226851851852,1
T00012159,A000624,C00435,B006,2024-08-01 11:49:34,Credit,32215.9,INR,Mobile Banking,Fuel,Hyderabad,D00435-1,Failed,18.03,14.23,No,1,0,0,1,2,2024-06-04 07:34:05,83775.48333333334,1,Hyderabad,0,0,0,1,2024-06-04 07:34:05,58.17741898148148,1
T00000315,A000624,C00435,B006,2026-06-27 03:39:58,Debit,21910.96,INR,UPI,Transfer,Hyderabad,D00435-1,Success,1.34,12.75,No,1,0,0,0,1,2026-04-29 10:18:25,84561.55,1,Hyderabad,0,0,0,1,2026-04-29 10:18:25,58.72329861111111,1
T00000530,A000625,C00436,B023,2025-03-21 11:21:59,Debit,35976.28,USD,UPI,ATM,Pune,D00436-1,Success,26.21,24.14,No,1,0,0,0,1,2025-01-23 22:14:54,81427.08333333333,1,Pune,0,0,0,1,2025-01-23 22:14:54,56.546585648148145,1
T00018655,A000625,C00436,B023,2026-05-08 21:18:44,Debit,44137.17,USD,UPI,Fuel,Pune,D00436-1,Success,23.35,21.04,No,1,0,0,0,1,2026-03-13 21:28:06,80630.63333333333,1,Pune,0,0,0,1,2026-03-13 21:28:06,55.99349537037037,1
T00007752,A000631,C00440,B010,2025-02-21 16:58:22,Credit,29213.97,INR,Branch,Healthcare,Coimbatore,D00440-1,Success,20.37,17.23,No,1,0,0,0,1,2025-01-04 09:37:07,69561.25,1,Coimbatore,0,0,1,0,2025-01-04 09:37:07,48.306423611111114,1
T00001785,A000632,C00441,B007,2025-10-15 06:25:13,Credit,29289.62,INR,UPI,Dining,Pune,D00441-1,Success,33.44,14.67,No,1,0,0,0,1,2025-07-19 21:49:39,125795.56666666667,1,Pune,0,0,0,0,2025-07-19 21:49:39,87.3580324074074,1
T00015325,A000632,C00441,B007,2026-03-12 14:09:25,Credit,36207.08,INR,UPI,Healthcare,Pune,D00441-1,Success,5.07,18.2,No,1,0,0,0,1,2025-12-03 14:30:55,142538.5,1,Pune,0,0,0,0,2025-12-03 14:30:55,98.98506944444445,1
T00024608,A000634,C00442,B011,2026-04-26 00:32:22,Debit,26841.61,INR,Net Banking,Electronics,Chennai,D00442-1,Success,28.46,15.5,No,1,0,0,0,1,2026-03-22 07:10:38,50001.73333333333,1,Chennai,0,0,1,1,2026-03-22 07:10:38,34.72342592592592,1
T00015673,A000637,C00444,B020,2026-08-15 01:18:55,Credit,42868.53,INR,UPI,Travel,Chennai,D00444-1,Success,32.31,24.09,No,1,0,0,0,1,2026-06-18 13:48:37,82770.3,1,Chennai,0,0,0,0,2026-06-18 13:48:37,57.479375,1
T00016622,A000639,C00445,B010,2024-07-12 09:39:17,Debit,25315.17,INR,ATM,Transfer,Chennai,D00445-1,Success,28.4,19.35,No,1,0,0,0,1,2024-06-09 18:57:23,46961.9,1,Chennai,0,0,0,1,2024-06-09 18:57:23,32.612430555555555,1
T00023005,A000639,C00445,B010,2025-06-11 07:53:15,Debit,27557.18,INR,Mobile Banking,Fuel,Chennai,D00445-1,Success,3.24,22.9,No,1,0,0,0,1,2025-04-21 10:25:39,73287.6,1,Chennai,0,0,0,1,2025-04-21 10:25:39,50.89416666666666,1
T00005567,A000639,C00445,B010,2025-07-23 17:04:23,Debit,35167.35,INR,Card,Grocery,Chennai,D00445-1,Success,12.53,12.5,No,1,0,0,0,1,2025-06-16 10:16:39,53687.73333333333,1,Chennai,0,0,0,1,2025-06-16 10:16:39,37.28314814814815,1
T00019794,A000641,C00446,B017,2026-04-12 07:12:37,Debit,21420.0,INR,UPI,E-Commerce,Chennai,D00446-1,Success,29.49,25.26,No,1,0,0,0,1,2026-02-16 20:59:01,78373.6,1,Chennai,0,0,1,1,2026-02-16 20:59:01,54.42611111111111,1
T00020748,A000647,C00450,B009,2025-04-13 08:33:17,Debit,21230.86,INR,Card,ATM,Kochi,D00450-1,Success,27.65,8.9,No,1,0,0,0,1,2025-03-09 12:48:28,50144.816666666666,1,Kochi,0,0,0,1,2025-03-09 12:48:28,34.82278935185185,1
T00025627,A000649,C00451,B016,2025-12-27 02:00:32,Debit,64886.23,INR,ATM,Dining,Hyderabad,D00451-1,Success,21.74,23.2,No,1,0,0,0,1,2025-11-18 02:12:14,56148.3,1,Hyderabad,0,0,1,0,2025-11-18 02:12:14,38.991875,1
T00019062,A000656,C00454,B023,2024-10-25 13:27:03,Credit,29509.36,INR,UPI,Grocery,Delhi,D00454-1,Success,21.32,26.74,No,1,0,0,0,1,2024-09-08 01:13:13,68413.83333333333,1,Delhi,0,0,0,1,2024-09-08 01:13:13,47.509606481481484,1
T00003624,A000656,C00454,B023,2026-06-22 05:02:41,Credit,36660.54,INR,Net Banking,E-Commerce,Delhi,D00454-1,Success,34.16,23.37,No,1,0,0,0,1,2026-04-12 19:52:28,101350.21666666666,1,Delhi,0,0,0,1,2026-04-12 19:52:28,70.3820949074074,1
T00019053,A000658,C00455,B010,2025-03-24 17:31:01,Debit,78252.69,EUR,Card,E-Commerce,Chennai,D00455-1,Success,31.59,9.41,No,1,0,0,0,1,2024-12-19 21:38:37,136552.4,1,Chennai,0,0,0,0,2024-12-19 21:38:37,94.82805555555555,1
T00000740,A000660,C00457,B014,2026-07-04 19:26:11,Debit,113638.42,INR,ATM,Healthcare,Madurai,D00457-1,Success,21.0,22.52,No,1,0,0,0,1,2026-05-06 11:14:51,85451.33333333333,1,Madurai,0,0,0,0,2026-05-06 11:14:51,59.341203703703705,1
T00024334,A000663,C00459,B011,2025-05-15 13:52:01,Credit,31063.38,INR,Mobile Banking,Grocery,Kolkata,D00459-1,Reversed,14.65,12.01,No,1,0,0,0,1,2025-01-24 09:57:38,160074.38333333333,1,Kolkata,0,0,0,0,2025-01-24 09:57:38,111.1627662037037,1
T00022021,A000663,C00459,B011,2026-03-22 07:13:45,Debit,21139.04,INR,ATM,ATM,Kolkata,D00459-1,Success,31.12,6.07,No,1,0,0,0,1,2025-12-12 07:13:03,144000.7,1,Kolkata,0,0,0,0,2025-12-12 07:13:03,100.00048611111112,1
T00026037,A000668,C00462,B002,2025-08-19 17:03:00,Debit,848531.34,INR,Branch,Transfer,Chennai,D00462-1,Success,50.0,25.0,Yes,1,0,0,0,1,2025-04-20 10:04:58,174658.03333333333,1,Chennai,0,0,0,0,2025-04-20 10:04:58,121.29030092592592,1
T00012569,A000670,C00463,B011,2025-09-21 03:17:38,Debit,49599.51,USD,Mobile Banking,Utilities,Hyderabad,D00463-1,Success,16.29,25.15,No,1,0,0,0,1,2025-07-18 20:13:12,92584.43333333333,1,Hyderabad,0,0,1,0,2025-07-18 20:13:12,64.29474537037036,1
T00002362,A000671,C00464,B014,2024-09-17 18:19:07,Debit,27285.71,INR,UPI,Utilities,Mumbai,D00464-1,Success,22.95,16.73,No,1,0,0,0,1,2024-07-29 16:41:37,72097.5,1,Mumbai,0,0,0,0,2024-07-29 16:41:37,50.067708333333336,1
T00016959,A000672,C00465,B015,2025-01-26 18:06:30,Debit,22977.66,INR,Card,Dining,Chennai,D00465-1,Success,11.76,4.51,No,1,0,0,0,1,2024-11-27 18:15:46,86390.73333333334,1,Chennai,0,0,0,1,2024-11-27 18:15:46,59.99356481481482,1
T00023704,A000672,C00465,B015,2025-03-30 21:33:37,Debit,48350.07,INR,UPI,Transfer,Chennai,D00465-1,Success,12.16,7.17,No,1,0,0,0,1,2025-02-28 08:55:14,43958.38333333333,1,Chennai,0,0,0,1,2025-02-28 08:55:14,30.52665509259259,1
T00022906,A000672,C00465,B015,2025-11-06 03:27:32,Debit,36220.39,INR,UPI,Healthcare,Chennai,D00465-1,Success,3.86,22.77,No,1,0,0,0,1,2025-09-01 18:37:07,94130.41666666667,1,Chennai,0,0,0,1,2025-09-01 18:37:07,65.3683449074074,1
T00003065,A000677,C00469,B017,2024-05-07 16:49:00,Credit,31936.94,EUR,Net Banking,Utilities,Kochi,D00469-1,Success,7.55,15.46,No,1,0,0,0,1,2024-03-31 15:27:54,53361.1,1,Kochi,0,0,0,0,2024-03-31 15:27:54,37.05631944444445,1
T00000392,A000680,C00471,B017,2026-01-27 13:16:19,Debit,20976.12,INR,Net Banking,ATM,Hyderabad,D00471-1,Success,27.92,17.96,No,1,0,0,0,1,2025-12-25 15:20:44,47395.583333333336,1,Hyderabad,0,0,0,1,2025-12-25 15:20:44,32.91359953703704,1
T00021327,A000680,C00471,B017,2026-05-23 01:29:11,Debit,21046.03,INR,Net Banking,Transfer,Hyderabad,D00471-1,Success,5.81,5.04,No,1,0,0,0,1,2026-04-19 04:58:00,48751.183333333334,1,Hyderabad,0,0,0,1,2026-04-19 04:58:00,33.854988425925924,1
T00003035,A000682,C00473,B005,2025-03-13 20:34:41,Debit,43324.39,EUR,UPI,Utilities,Delhi,D00473-1,Success,2.68,25.22,No,1,0,0,0,1,2025-02-10 06:37:31,45477.166666666664,1,Delhi,0,0,0,0,2025-02-10 06:37:31,31.58136574074074,1
T00002741,A000683,C00474,B024,2026-05-15 21:41:16,Credit,50470.47,INR,Card,Dining,Kolkata,D00474-1,Success,22.51,22.49,No,1,0,0,0,1,2026-04-05 05:48:18,58552.96666666667,1,Kolkata,0,0,0,0,2026-04-05 05:48:18,40.66178240740741,1
T00022488,A000685,C00476,B022,2024-07-06 06:23:57,Debit,25084.23,INR,Card,Travel,Kolkata,D00476-1,Success,32.67,3.56,No,1,0,0,0,1,2024-06-05 15:12:34,44111.38333333333,1,Kolkata,0,0,0,1,2024-06-05 15:12:34,30.632905092592594,1
T00004616,A000685,C00476,B022,2025-04-22 21:38:45,Debit,45183.49,INR,Net Banking,Travel,Kolkata,D00476-1,Success,12.76,14.66,No,1,0,0,0,1,2025-02-21 18:10:18,86608.45,1,Kolkata,0,0,0,1,2025-02-21 18:10:18,60.144756944444445,1
T00026112,A000685,C00476,B022,2026-01-30 12:11:00,Debit,58699.83,INR,Card,Electronics,Kolkata,D00476-1,Success,25.0,15.0,Yes,1,0,0,0,1,2025-12-06 01:26:53,79844.11666666667,1,Kolkata,0,0,0,1,2025-12-06 01:26:53,55.44730324074074,1
T00009473,A000686,C00477,B013,2024-11-12 04:39:28,Debit,21871.46,INR,Mobile Banking,Electronics,Hyderabad,D00477-1,Success,24.91,28.84,No,1,0,0,0,1,2024-10-01 21:42:41,59456.78333333333,1,Hyderabad,0,0,0,0,2024-10-01 21:42:41,41.28943287037037,1
T00017130,A000688,C00479,B021,2025-02-19 18:17:39,Debit,21786.73,INR,Branch,Dining,Kochi,D00479-1,Success,19.34,12.0,No,1,0,0,0,1,2025-01-17 09:42:58,48034.683333333334,1,Kochi,0,0,0,1,2025-01-17 09:42:58,33.35741898148148,1
T00022941,A000694,C00483,B005,2024-07-04 01:31:30,Debit,29385.35,INR,Branch,Transfer,Bengaluru,D00483-1,Success,25.85,27.1,No,1,0,0,0,1,2024-05-11 06:12:36,77478.9,1,Bengaluru,0,0,0,1,2024-05-11 06:12:36,53.80479166666667,1
T00013396,A000694,C00483,B005,2026-07-24 00:35:00,Debit,37566.8,INR,UPI,Dining,Bengaluru,D00483-1,Success,20.26,20.28,No,1,0,0,0,1,2026-06-05 08:08:34,70106.43333333333,1,Bengaluru,0,0,0,1,2026-06-05 08:08:34,48.68502314814815,1
T00020955,A000696,C00485,B010,2026-06-07 10:40:09,Debit,29931.73,INR,UPI,Healthcare,Madurai,D00485-1,Success,22.79,20.04,No,1,0,0,0,1,2026-04-30 07:59:38,54880.51666666667,1,Madurai,0,0,0,1,2026-04-30 07:59:38,38.111469907407404,1
T00001496,A000698,C00487,B007,2025-08-24 05:12:12,Debit,25940.74,INR,Card,Grocery,Pune,D00487-1,Success,14.57,29.39,No,1,0,0,0,1,2025-05-05 13:58:04,159314.13333333333,1,Pune,1,0,0,0,2025-05-05 13:58:04,110.63481481481482,1
T00017167,A000715,C00496,B020,2025-04-04 15:53:39,Debit,21724.07,INR,UPI,Dining,Chennai,D00496-1,Success,34.43,8.65,No,1,0,0,0,1,2025-03-02 20:30:03,47243.6,1,Chennai,0,0,0,1,2025-03-02 20:30:03,32.808055555555555,1
T00002320,A000715,C00496,B020,2026-05-16 13:58:58,Debit,25322.76,INR,Net Banking,Healthcare,Chennai,D00496-1,Success,14.24,7.13,No,1,0,0,0,1,2026-02-20 19:02:55,122096.05,1,Chennai,0,0,0,1,2026-02-20 19:02:55,84.78892361111112,1
T00021776,A000717,C00497,B002,2026-02-20 19:30:09,Debit,23148.44,INR,Card,Dining,Delhi,D00497-1,Success,31.97,18.08,No,1,0,0,0,1,2025-12-29 03:44:12,77265.95,1,Delhi,0,0,1,1,2025-12-29 03:44:12,53.656909722222224,1
T00017867,A000720,C00499,B004,2026-02-09 17:20:02,Credit,47577.79,INR,UPI,Utilities,Delhi,D00499-1,Success,11.16,13.17,No,1,0,0,0,1,2025-12-03 08:10:57,98469.08333333333,1,Delhi,0,0,0,1,2025-12-03 08:10:57,68.38130787037036,1
T00014931,A000730,C00504,B014,2026-05-22 14:05:05,Debit,41566.31,INR,Card,Transfer,Kochi,D00504-1,Success,32.0,20.78,No,1,0,0,0,1,2026-04-18 16:02:37,48842.46666666667,1,Kochi,0,0,0,0,2026-04-18 16:02:37,33.91837962962963,1
T00019501,A000734,C00507,B025,2024-08-29 05:22:38,Credit,19856.04,INR,Card,ATM,Bengaluru,D00507-1,Success,25.59,23.85,No,1,0,0,0,1,2024-06-23 19:57:39,95604.98333333334,1,Bengaluru,0,0,1,1,2024-06-23 19:57:39,66.39234953703703,1
T00017100,A000742,C00511,B016,2025-10-31 01:09:42,Debit,50640.09,INR,Card,Healthcare,Bengaluru,D00511-1,Success,2.68,4.93,No,1,0,0,0,1,2025-09-30 12:14:07,43975.583333333336,1,Bengaluru,0,0,0,0,2025-09-30 12:14:07,30.538599537037037,1
T00001902,A000743,C00512,B010,2025-08-31 22:13:31,Debit,23658.11,INR,Card,Healthcare,Bengaluru,D00512-1,Success,30.61,10.38,No,1,0,0,0,1,2025-07-19 14:58:45,62354.76666666667,1,Bengaluru,0,0,0,1,2025-07-19 14:58:45,43.3019212962963,1
T00024052,A000743,C00512,B010,2026-02-06 00:11:03,Credit,40080.38,INR,Card,Electronics,Bengaluru,D00512-1,Success,17.45,8.29,No,1,0,0,0,1,2025-11-23 08:00:08,107530.91666666667,1,Bengaluru,0,0,0,1,2025-11-23 08:00:08,74.67424768518518,1
T00008305,A000745,C00514,B014,2026-01-19 04:18:49,Credit,40378.61,INR,Net Banking,Grocery,Chennai,D00514-1,Success,7.79,3.56,No,1,0,0,0,1,2025-12-14 06:16:05,51722.73333333333,1,Chennai,0,0,0,1,2025-12-14 06:16:05,35.918564814814815,1
T00025150,A000750,C00518,B013,2026-07-19 20:46:10,Debit,40931.18,INR,ATM,Transfer,Pune,D00518-1,Success,16.95,28.64,No,1,0,0,0,1,2026-01-23 00:03:57,256122.21666666667,1,Pune,0,0,0,0,2026-01-23 00:03:57,177.86265046296296,1
T00011810,A000752,C00520,B001,2025-10-13 19:39:13,Debit,20647.15,INR,UPI,Utilities,Bengaluru,D00520-1,Success,16.48,8.48,No,1,0,0,0,1,2025-09-07 13:32:42,52206.51666666667,1,Bengaluru,0,0,0,0,2025-09-07 13:32:42,36.25452546296296,1
T00011788,A000756,C00524,B014,2024-09-05 02:43:50,Debit,24163.03,INR,UPI,Dining,Mumbai,D00524-1,Success,6.34,8.78,No,1,0,0,0,1,2024-07-13 06:45:09,77518.68333333333,1,Mumbai,0,0,1,1,2024-07-13 06:45:09,53.83241898148148,1
T00013352,A000763,C00529,B006,2026-08-20 00:06:28,Debit,29842.87,INR,ATM,ATM,Hyderabad,D00529-1,Success,8.26,5.7,No,1,0,0,0,1,2026-07-14 17:55:47,52210.683333333334,1,Hyderabad,0,0,0,0,2026-07-14 17:55:47,36.25741898148148,1
T00024587,A000765,C00531,B007,2026-02-25 00:10:52,Debit,25441.4,INR,Branch,Utilities,Madurai,D00531-1,Success,1.43,12.67,No,1,0,0,0,1,2026-01-22 22:08:47,47642.083333333336,1,Madurai,0,0,0,0,2026-01-22 22:08:47,33.084780092592595,1
T00016456,A000765,C00531,B007,2026-06-29 10:09:59,Debit,24654.29,INR,UPI,Dining,Madurai,D00531-1,Success,3.89,26.43,No,1,0,0,0,1,2026-05-28 22:21:29,45348.5,1,Madurai,0,0,0,0,2026-05-28 22:21:29,31.492013888888888,1
T00018377,A000771,C00535,B005,2024-10-22 19:10:46,Debit,97713.16,INR,Card,Fuel,Bengaluru,D00535-1,Success,0.92,14.03,No,1,0,0,0,1,2024-09-22 15:48:25,43402.35,1,Bengaluru,0,0,1,0,2024-09-22 15:48:25,30.140520833333333,1
T00013442,A000771,C00535,B005,2025-04-03 20:04:22,Debit,23396.48,INR,UPI,Dining,Bengaluru,D00535-1,Success,10.12,27.74,No,1,0,0,0,1,2025-02-10 08:42:57,75561.41666666667,1,Bengaluru,0,0,1,0,2025-02-10 08:42:57,52.47320601851852,1
T00013036,A000774,C00536,B019,2025-08-26 06:53:47,Debit,54639.74,INR,UPI,Fuel,Coimbatore,D00536-1,Success,21.33,2.62,No,1,0,0,0,1,2025-07-13 16:18:26,62795.35,1,Coimbatore,0,0,0,0,2025-07-13 16:18:26,43.60788194444444,1
T00020792,A000773,C00536,B019,2026-06-05 01:14:23,Debit,32427.2,INR,Net Banking,Utilities,Coimbatore,D00536-1,Success,13.43,27.89,No,1,0,0,0,1,2026-04-08 12:42:02,82832.35,1,Coimbatore,0,0,0,0,2026-04-08 12:42:02,57.522465277777776,1
T00013830,A000775,C00537,B023,2024-12-29 19:42:07,Credit,32071.43,INR,UPI,Dining,Coimbatore,D00537-1,Success,14.1,28.16,No,1,0,0,0,1,2024-08-26 23:31:20,179770.78333333333,1,Coimbatore,0,0,1,1,2024-08-26 23:31:20,124.84082175925926,1
T00012823,A000775,C00537,B023,2025-08-29 15:45:42,Credit,20124.82,INR,Mobile Banking,Healthcare,Coimbatore,D00537-1,Success,20.35,5.28,No,1,0,0,0,1,2025-07-11 08:51:34,70974.13333333333,1,Coimbatore,0,0,1,1,2025-07-11 08:51:34,49.287592592592596,1
T00023716,A000777,C00538,B025,2024-10-25 08:10:11,Debit,57202.69,INR,ATM,Healthcare,Pune,D00538-1,Success,26.78,18.61,No,1,0,0,0,1,2024-09-09 16:33:42,65736.48333333334,1,Pune,0,0,0,0,2024-09-09 16:33:42,45.65033564814815,1
T00016915,A000787,C00544,B001,2025-10-18 00:52:23,Debit,26506.24,INR,UPI,Fuel,Madurai,D00544-1,Success,10.24,22.76,No,1,0,0,0,1,2025-08-13 16:47:52,94084.51666666666,1,Madurai,0,0,0,0,2025-08-13 16:47:52,65.3364699074074,1
T00010174,A000787,C00544,B001,2026-04-23 16:58:38,Credit,23456.35,INR,Net Banking,Transfer,Madurai,D00544-1,Success,31.25,21.96,No,1,0,0,0,1,2026-03-03 14:15:53,73602.75,1,Madurai,0,0,0,0,2026-03-03 14:15:53,51.11302083333333,1
T00019965,A000791,C00547,B002,2025-01-10 05:52:35,Debit,36101.45,INR,UPI,Dining,Bengaluru,D00547-1,Success,27.86,20.05,No,1,0,0,0,1,2024-09-06 17:39:22,180733.21666666667,1,Bengaluru,0,0,0,0,2024-09-06 17:39:22,125.50917824074074,1
T00008531,A000796,C00551,B010,2026-06-02 17:09:27,Debit,22259.42,INR,Net Banking,Electronics,Pune,D00551-1,Success,1.68,18.53,No,1,0,0,0,1,2026-04-28 10:09:47,50819.666666666664,1,Pune,0,0,0,1,2026-04-28 10:09:47,35.291435185185186,1
T00008827,A000799,C00552,B017,2025-11-26 04:15:59,Debit,26232.93,INR,Net Banking,Healthcare,Chennai,D00552-1,Success,22.9,10.53,No,1,0,0,0,1,2025-10-21 12:09:07,51366.86666666667,1,Chennai,0,0,0,1,2025-10-21 12:09:07,35.67143518518518,1
T00012473,A000805,C00558,B019,2024-09-23 17:33:18,Debit,21825.68,INR,UPI,Electronics,Madurai,D00558-1,Success,6.62,10.69,No,1,0,0,0,1,2024-08-20 18:57:33,48875.75,1,Madurai,0,0,1,1,2024-08-20 18:57:33,33.941493055555554,1
T00013613,A000807,C00560,B004,2026-04-14 14:27:55,Debit,26675.95,INR,UPI,Travel,Hyderabad,D00560-1,Success,3.99,4.06,No,1,0,0,0,1,2026-02-12 20:53:08,87454.78333333334,1,Hyderabad,0,0,0,0,2026-02-12 20:53:08,60.73248842592593,1
T00018603,A000809,C00561,B009,2025-10-08 01:53:53,Debit,28455.3,INR,Card,Healthcare,Coimbatore,D00561-1,Success,20.92,21.81,No,1,0,0,0,1,2025-09-07 08:51:58,44221.916666666664,1,Coimbatore,0,0,1,0,2025-09-07 08:51:58,30.709664351851853,1
T00008620,A000810,C00561,B009,2026-03-31 07:04:08,Debit,34412.18,INR,Net Banking,Travel,Coimbatore,D00561-1,Success,33.1,25.08,No,1,0,0,0,1,2026-02-09 20:46:42,71177.43333333333,1,Coimbatore,0,0,1,0,2026-02-09 20:46:42,49.428773148148146,1
T00005808,A000814,C00563,B009,2025-09-25 23:08:31,Credit,30251.32,INR,UPI,Grocery,Mumbai,D00563-1,Failed,8.41,4.1,No,1,0,0,1,2,2025-08-06 01:24:17,73304.23333333334,1,Mumbai,0,0,0,1,2025-08-06 01:24:17,50.905717592592595,1
T00002059,A000819,C00567,B018,2025-10-11 15:04:10,Debit,21044.68,INR,UPI,E-Commerce,Kolkata,D00567-1,Success,15.85,18.46,No,1,0,0,0,1,2025-08-30 06:49:26,60974.73333333333,1,Kolkata,0,0,0,0,2025-08-30 06:49:26,42.34356481481481,1
T00000989,A000819,C00567,B018,2025-11-28 18:18:40,Debit,49041.86,INR,Branch,Electronics,Kolkata,D00567-1,Success,5.21,15.73,No,1,0,0,0,1,2025-10-23 00:08:28,52930.2,1,Kolkata,0,0,0,0,2025-10-23 00:08:28,36.757083333333334,1
T00024226,A000821,C00569,B023,2025-10-17 01:29:09,Debit,35518.13,INR,UPI,ATM,Bengaluru,D00569-1,Failed,32.01,5.09,No,1,0,0,1,2,2025-09-10 17:17:05,52332.066666666666,1,Bengaluru,0,0,0,0,2025-09-10 17:17:05,36.341712962962966,1
T00020903,A000822,C00570,B015,2025-02-04 16:18:30,Debit,42109.97,INR,UPI,Healthcare,Bengaluru,D00570-1,Success,11.38,19.05,No,1,0,0,0,1,2024-11-04 20:49:58,132208.53333333333,1,Bengaluru,0,0,0,0,2024-11-04 20:49:58,91.81148148148148,1
T00021363,A000823,C00571,B004,2024-06-24 13:11:50,Credit,36456.78,INR,Branch,Utilities,Mumbai,D00571-1,Success,13.98,24.79,No,1,0,0,0,1,2024-05-19 13:34:32,51817.3,1,Mumbai,0,0,0,0,2024-05-19 13:34:32,35.98423611111111,1
T00013030,A000823,C00571,B004,2025-12-13 05:09:52,Credit,19810.39,INR,ATM,Utilities,Mumbai,D00571-1,Success,9.16,20.61,No,1,0,0,0,1,2025-09-19 07:02:29,122287.38333333333,1,Mumbai,0,0,0,0,2025-09-19 07:02:29,84.92179398148149,1
T00011001,A000823,C00571,B004,2026-04-24 22:25:21,Credit,28558.29,INR,Net Banking,Fuel,Mumbai,D00571-1,Success,10.09,18.9,No,1,0,0,0,1,2026-03-04 02:29:33,74635.8,1,Mumbai,0,0,0,0,2026-03-04 02:29:33,51.830416666666665,1
T00004068,A000823,C00571,B004,2026-08-10 15:59:51,Debit,54511.25,INR,Mobile Banking,E-Commerce,Mumbai,D00571-1,Success,17.26,8.35,No,1,0,0,0,1,2026-06-12 00:42:56,85876.91666666667,1,Mumbai,0,0,0,0,2026-06-12 00:42:56,59.636747685185185,1
T00013269,A000824,C00572,B010,2026-02-16 00:09:30,Debit,25926.04,INR,UPI,Travel,Madurai,D00572-1,Success,29.26,7.9,No,1,0,0,0,1,2025-12-31 23:31:30,66278.0,1,Madurai,0,0,0,1,2025-12-31 23:31:30,46.02638888888889,1
T00021296,A000826,C00573,B007,2025-10-24 04:37:49,Debit,34561.1,INR,UPI,E-Commerce,Kolkata,D00573-1,Success,33.38,4.32,No,1,0,0,0,1,2025-09-09 05:51:14,64726.583333333336,1,Kolkata,0,0,0,1,2025-09-09 05:51:14,44.94901620370371,1
T00014625,A000828,C00575,B014,2026-03-27 00:58:18,Debit,19977.78,INR,ATM,Dining,Delhi,D00575-1,Success,22.87,28.13,No,1,0,0,0,1,2026-01-23 16:33:25,89784.88333333333,1,Delhi,0,0,0,1,2026-01-23 16:33:25,62.35061342592593,1
T00002058,A000829,C00576,B012,2026-06-05 00:01:21,Debit,19994.72,INR,Mobile Banking,E-Commerce,Mumbai,D00576-1,Reversed,29.33,29.46,No,1,0,0,0,1,2026-03-29 17:06:58,96894.38333333333,1,Mumbai,0,0,1,0,2026-03-29 17:06:58,67.2877662037037,1
T00010274,A000830,C00577,B014,2026-05-29 12:57:36,Debit,22258.77,INR,UPI,E-Commerce,Pune,D00577-1,Success,32.41,11.68,No,1,0,0,0,1,2026-04-24 06:04:31,50813.083333333336,1,Pune,0,0,0,1,2026-04-24 06:04:31,35.28686342592592,1
T00015418,A000831,C00578,B022,2025-05-14 16:16:43,Debit,26122.48,INR,Net Banking,Utilities,Chennai,D00578-1,Success,33.43,14.47,No,1,0,0,0,1,2025-03-30 00:50:04,65726.65,1,Chennai,0,0,0,1,2025-03-30 00:50:04,45.64350694444445,1
T00016267,A000831,C00578,B022,2026-06-08 01:21:19,Credit,30970.21,INR,UPI,Travel,Chennai,D00578-1,Success,30.16,28.87,No,1,0,0,0,1,2026-04-04 19:52:01,92489.3,1,Chennai,0,0,0,1,2026-04-04 19:52:01,64.22868055555556,1
T00018814,A000833,C00579,B002,2025-02-02 01:34:12,Debit,31430.59,INR,Card,Fuel,Kolkata,D00579-1,Success,6.03,23.24,No,1,0,0,0,1,2024-12-29 22:05:55,49168.28333333333,1,Kolkata,0,0,1,0,2024-12-29 22:05:55,34.144641203703706,1
T00018106,A000833,C00579,B002,2026-06-19 12:27:41,Credit,20516.6,INR,Net Banking,Dining,Kolkata,D00579-1,Success,11.93,25.52,No,1,0,0,0,1,2026-05-11 00:27:45,56879.933333333334,1,Kolkata,0,0,1,0,2026-05-11 00:27:45,39.4999537037037,1
T00018099,A000835,C00580,B004,2025-05-28 19:19:27,Credit,21641.4,INR,Net Banking,Healthcare,Madurai,D00580-1,Success,4.47,6.54,No,1,0,0,0,1,2025-04-25 11:19:05,48000.36666666667,1,Madurai,0,0,0,1,2025-04-25 11:19:05,33.333587962962966,1
T00011767,A000837,C00582,B014,2024-03-20 12:19:07,Credit,29358.68,INR,UPI,ATM,Madurai,D00582-1,Success,11.96,16.12,No,1,0,0,0,1,2024-02-03 23:02:14,65596.88333333333,1,Madurai,0,0,1,0,2024-02-03 23:02:14,45.553391203703704,1
T00007663,A000837,C00582,B014,2026-01-11 02:50:08,Debit,40701.11,INR,Card,ATM,Madurai,D00582-1,Failed,22.41,8.15,No,1,0,0,1,2,2025-07-23 06:33:08,247457.0,1,Madurai,0,0,1,0,2025-07-23 06:33:08,171.8451388888889,1
T00019159,A000838,C00583,B010,2026-03-21 15:02:22,Debit,20918.09,INR,ATM,Transfer,Coimbatore,D00583-1,Success,17.99,2.67,No,1,0,0,0,1,2025-11-30 23:57:55,159304.45,1,Coimbatore,0,0,0,1,2025-11-30 23:57:55,110.62809027777777,1
T00019451,A000840,C00585,B011,2024-07-14 22:16:13,Debit,39417.86,INR,Mobile Banking,Utilities,Hyderabad,D00585-1,Success,26.3,24.18,No,1,0,0,0,1,2024-05-19 20:44:48,80731.41666666667,1,Hyderabad,0,0,0,0,2024-05-19 20:44:48,56.063483796296296,1
T00003754,A000840,C00585,B011,2024-10-03 16:31:33,Debit,21293.16,INR,Branch,ATM,Hyderabad,D00585-1,Success,23.82,29.87,No,1,0,0,0,1,2024-08-30 04:11:30,49700.05,1,Hyderabad,0,0,0,0,2024-08-30 04:11:30,34.51392361111111,1
T00016898,A000842,C00587,B009,2025-08-08 09:03:46,Debit,27360.21,INR,Mobile Banking,Utilities,Chennai,D00587-1,Success,27.08,23.01,No,1,0,0,0,1,2025-06-28 08:57:54,59045.86666666667,1,Chennai,0,0,1,1,2025-06-28 08:57:54,41.004074074074076,1
T00014029,A000848,C00591,B005,2025-03-23 01:31:27,Debit,27089.66,INR,Mobile Banking,Dining,Hyderabad,D00591-1,Success,15.66,13.07,No,1,0,0,0,1,2025-01-16 16:33:41,94137.76666666666,1,Hyderabad,0,0,0,0,2025-01-16 16:33:41,65.37344907407407,1
T00021357,A000852,C00592,B014,2024-04-14 06:39:28,Credit,46072.64,EUR,UPI,Electronics,Kochi,D00592-1,Success,26.28,2.75,No,1,0,0,0,1,2024-02-02 20:24:31,102854.95,1,Kochi,0,0,1,0,2024-02-02 20:24:31,71.4270486111111,1
T00013695,A000853,C00593,B002,2024-11-20 06:55:23,Credit,19836.3,USD,ATM,ATM,Hyderabad,D00593-1,Success,18.96,29.78,No,1,0,0,0,1,2024-10-19 23:24:37,45090.76666666667,1,Hyderabad,0,0,0,0,2024-10-19 23:24:37,31.31303240740741,1
T00023273,A000864,C00599,B017,2025-12-30 03:50:17,Debit,44816.72,INR,UPI,Fuel,Coimbatore,D00599-1,Failed,17.18,12.76,No,1,0,0,1,2,2025-10-08 04:36:50,119473.45,1,Coimbatore,0,0,0,1,2025-10-08 04:36:50,82.96767361111111,1
T00013691,A000872,C00604,B018,2025-11-15 02:07:25,Debit,22770.76,INR,Net Banking,Electronics,Mumbai,D00604-1,Success,25.88,8.04,No,1,0,0,0,1,2025-09-15 05:37:54,87629.51666666666,1,Mumbai,0,0,0,0,2025-09-15 05:37:54,60.85383101851852,1
T00002030,A000873,C00605,B015,2026-06-09 00:53:47,Debit,25881.24,INR,Card,Transfer,Coimbatore,D00605-1,Success,30.55,22.75,No,1,0,0,0,1,2026-04-12 12:03:01,82850.76666666666,1,Coimbatore,0,0,0,0,2026-04-12 12:03:01,57.53525462962963,1
T00004819,A000884,C00615,B004,2025-11-10 08:05:03,Debit,64811.89,INR,UPI,Dining,Pune,D00615-1,Success,4.13,10.87,No,1,0,0,0,1,2025-09-30 14:56:55,58628.13333333333,1,Pune,0,0,0,0,2025-09-30 14:56:55,40.71398148148148,1
T00024324,A000885,C00616,B012,2025-11-02 18:54:44,Debit,33020.34,INR,UPI,Utilities,Kochi,D00616-1,Success,1.31,6.5,No,1,0,0,0,1,2025-07-16 13:56:46,157257.96666666667,1,Kochi,0,0,0,0,2025-07-16 13:56:46,109.2069212962963,1
T00019305,A000887,C00618,B022,2025-12-07 00:18:07,Debit,38473.94,INR,UPI,Travel,Chennai,D00618-1,Success,12.17,19.9,No,1,0,0,0,1,2025-09-17 21:47:41,115350.43333333333,1,Chennai,0,0,0,0,2025-09-17 21:47:41,80.1044675925926,1
T00021260,A000895,C00623,B024,2026-07-02 17:07:27,Credit,90251.51,INR,UPI,Fuel,Mumbai,D00623-1,Success,5.26,13.83,No,1,0,0,0,1,2026-05-31 10:39:19,46468.13333333333,1,Mumbai,0,0,0,1,2026-05-31 10:39:19,32.26953703703704,1
T00000152,A000905,C00628,B006,2025-04-21 03:24:12,Debit,26732.69,INR,UPI,Utilities,Mumbai,D00628-1,Success,4.98,22.6,No,1,0,0,0,1,2025-03-18 16:20:57,48183.25,1,Mumbai,0,0,0,0,2025-03-18 16:20:57,33.460590277777776,1
T00018218,A000905,C00628,B006,2025-12-31 14:35:15,Credit,32666.47,INR,Card,Transfer,Mumbai,D00628-1,Success,29.65,3.33,No,1,0,0,0,1,2025-11-25 13:14:32,51920.71666666667,1,Mumbai,0,0,0,0,2025-11-25 13:14:32,36.05605324074074,1
T00009751,A000904,C00628,B006,2026-08-15 02:07:15,Credit,24768.38,INR,UPI,Electronics,Mumbai,D00628-1,Success,3.74,28.94,No,1,0,0,0,1,2026-07-10 10:05:50,51361.416666666664,1,Mumbai,0,0,0,0,2026-07-10 10:05:50,35.66765046296296,1
T00018613,A000908,C00630,B001,2024-03-08 09:11:29,Debit,20819.15,INR,Net Banking,E-Commerce,Madurai,D00630-1,Success,33.93,28.89,No,1,0,0,0,1,2024-01-24 21:36:37,62614.86666666667,1,Madurai,0,0,0,1,2024-01-24 21:36:37,43.4825462962963,1
T00015485,A000913,C00634,B022,2025-05-02 01:29:22,Debit,29205.85,USD,UPI,Healthcare,Coimbatore,D00634-1,Success,1.09,9.65,No,1,0,0,0,1,2025-03-22 17:49:29,58059.88333333333,1,Coimbatore,0,0,0,1,2025-03-22 17:49:29,40.31936342592593,1
T00019032,A000915,C00635,B005,2026-04-06 07:12:01,Debit,55161.44,USD,UPI,Utilities,Pune,D00635-1,Success,23.03,23.77,No,1,0,0,0,1,2026-01-26 06:37:25,100834.6,1,Pune,0,0,0,1,2026-01-26 06:37:25,70.02402777777777,1
T00019520,A000916,C00636,B025,2026-06-16 00:43:02,Credit,59404.07,INR,Net Banking,Electronics,Chennai,D00636-1,Success,12.33,27.07,No,1,0,0,0,1,2026-04-18 21:50:14,83692.8,1,Chennai,0,0,0,0,2026-04-18 21:50:14,58.12,1
T00010364,A000919,C00639,B013,2026-08-09 02:33:52,Debit,30419.26,INR,UPI,Fuel,Pune,D00639-1,Success,0.77,15.5,No,1,0,0,0,1,2026-04-30 12:44:18,144829.56666666668,1,Pune,0,0,0,0,2026-04-30 12:44:18,100.57608796296296,1
T00015881,A000921,C00641,B001,2026-02-13 03:56:46,Debit,41861.2,INR,UPI,Dining,Kochi,D00641-1,Success,26.93,20.39,No,1,0,0,0,1,2026-01-09 05:23:01,50313.75,1,Kochi,0,0,0,0,2026-01-09 05:23:01,34.940104166666664,1
T00014237,A000921,C00641,B001,2026-08-19 00:03:39,Debit,24072.45,INR,Net Banking,Utilities,Kochi,D00641-1,Failed,7.13,17.44,No,1,0,0,1,2,2026-06-28 23:39:28,73464.18333333333,1,Kochi,0,0,0,0,2026-06-28 23:39:28,51.016793981481484,1
T00015377,A000922,C00642,B016,2026-05-15 04:16:26,Credit,31353.79,INR,Card,Healthcare,Kolkata,D00642-1,Success,6.88,10.6,No,1,0,0,0,1,2025-10-31 00:55:37,282440.81666666665,1,Kolkata,0,0,0,0,2025-10-31 00:55:37,196.13945601851853,1
T00019024,A000924,C00644,B001,2024-09-27 03:41:29,Debit,20805.41,INR,Branch,Utilities,Pune,D00644-1,Success,3.66,6.79,No,1,0,0,0,1,2024-05-25 07:04:02,179797.45,1,Pune,0,0,0,0,2024-05-25 07:04:02,124.85934027777778,1
T00024579,A000924,C00644,B001,2025-03-16 06:59:42,Debit,21439.4,INR,Net Banking,ATM,Pune,D00644-1,Success,3.79,14.96,No,1,0,0,0,1,2025-02-09 00:07:36,50812.1,1,Pune,0,0,0,0,2025-02-09 00:07:36,35.28618055555555,1
T00011148,A000924,C00644,B001,2026-08-19 15:50:18,Credit,73137.87,INR,UPI,Travel,Pune,D00644-1,Success,0.06,24.91,No,1,0,0,0,1,2026-06-19 22:42:29,87427.81666666667,1,Pune,0,0,0,0,2026-06-19 22:42:29,60.71376157407408,1
T00026141,A000925,C00645,B003,2025-10-16 03:11:00,Debit,140244.05,INR,Card,Travel,Madurai,D00645-1,Success,30.0,18.0,Yes,1,0,0,0,1,2025-08-09 03:46:15,97884.75,1,Delhi,0,0,0,1,2025-08-09 03:46:15,67.97552083333333,1
T00009943,A000927,C00647,B008,2024-12-15 17:33:28,Debit,37417.44,INR,Card,Fuel,Kochi,D00647-1,Success,10.81,25.75,No,1,0,0,0,1,2024-09-28 04:51:51,113081.61666666667,1,Kochi,0,0,0,1,2024-09-28 04:51:51,78.52890046296297,1
T00016087,A000927,C00647,B008,2025-10-01 23:56:25,Credit,27738.35,INR,Branch,Dining,Kochi,D00647-1,Success,10.82,21.47,No,1,0,0,0,1,2025-08-10 03:45:43,76090.7,1,Kochi,0,0,0,1,2025-08-10 03:45:43,52.84076388888889,1
T00004980,A000932,C00651,B002,2024-10-07 18:16:37,Debit,32707.75,INR,UPI,Dining,Madurai,D00651-1,Success,23.72,16.81,No,1,0,0,0,1,2024-08-18 10:00:27,72496.16666666667,1,Madurai,0,0,0,0,2024-08-18 10:00:27,50.34456018518519,1
T00015242,A000931,C00651,B002,2025-04-15 15:05:11,Debit,21362.81,INR,Card,Transfer,Madurai,D00651-1,Success,6.46,14.98,No,1,0,0,0,1,2025-03-01 08:56:11,65169.0,1,Madurai,0,0,0,0,2025-03-01 08:56:11,45.25625,1
T00025000,A000935,C00653,B021,2026-03-08 10:04:12,Debit,36585.66,INR,UPI,E-Commerce,Hyderabad,D00653-1,Success,30.93,18.3,No,1,0,0,0,1,2025-09-01 10:52:47,270671.4166666667,1,Hyderabad,0,0,0,0,2025-09-01 10:52:47,187.96626157407408,1
T00020912,A000936,C00654,B006,2026-03-20 14:57:00,Debit,27231.66,INR,UPI,Healthcare,Madurai,D00654-1,Success,7.42,10.39,No,1,0,0,0,1,2026-01-09 13:02:46,100914.23333333334,1,Madurai,0,0,0,0,2026-01-09 13:02:46,70.07932870370371,1
T00010312,A000937,C00654,B006,2026-06-10 23:58:53,Debit,38179.34,INR,Card,Fuel,Madurai,D00654-1,Success,22.0,15.23,No,1,0,0,0,1,2026-04-21 15:58:15,72480.63333333333,1,Madurai,0,0,0,0,2026-04-21 15:58:15,50.33377314814815,1
T00013724,A000939,C00656,B009,2025-06-24 12:35:45,Credit,20596.93,INR,Net Banking,E-Commerce,Delhi,D00656-1,Success,14.01,22.28,No,1,0,0,0,1,2025-05-20 04:32:01,50883.73333333333,1,Delhi,0,0,0,1,2025-05-20 04:32:01,35.33592592592593,1
T00016609,A000940,C00657,B022,2025-04-09 13:13:07,Credit,36943.24,INR,UPI,Electronics,Bengaluru,D00657-1,Success,30.6,24.07,No,1,0,0,0,1,2024-10-11 06:20:26,259612.68333333332,1,Bengaluru,0,0,0,1,2024-10-11 06:20:26,180.28658564814816,1
T00010997,A000943,C00659,B005,2025-10-01 04:15:47,Debit,38528.92,INR,Card,Utilities,Coimbatore,D00659-1,Success,25.4,29.11,No,1,0,0,0,1,2025-08-24 00:01:15,54974.53333333333,1,Coimbatore,0,0,0,1,2025-08-24 00:01:15,38.176759259259256,1
T00009607,A000943,C00659,B005,2026-01-01 00:14:33,Credit,22199.18,INR,UPI,Grocery,Coimbatore,D00659-1,Success,7.97,11.4,No,1,0,0,0,1,2025-11-14 09:03:31,68591.03333333334,1,Coimbatore,0,0,0,1,2025-11-14 09:03:31,47.632662037037036,1
T00021396,A000943,C00659,B005,2026-07-09 10:06:24,Debit,35586.03,INR,UPI,E-Commerce,Coimbatore,D00659-1,Success,28.19,23.67,No,1,0,0,0,1,2026-05-31 13:37:55,55948.48333333333,1,Coimbatore,0,0,0,1,2026-05-31 13:37:55,38.853113425925926,1
T00011589,A000942,C00659,B005,2026-08-10 00:52:06,Debit,29422.77,INR,UPI,Healthcare,Coimbatore,D00659-1,Reversed,32.06,28.53,No,1,0,0,0,1,2026-07-09 10:06:24,45525.7,1,Coimbatore,0,0,0,1,2026-07-09 10:06:24,31.615069444444444,1
T00001963,A000946,C00661,B019,2026-02-14 14:58:35,Debit,30267.7,INR,Card,Utilities,Madurai,D00661-1,Success,8.35,13.0,No,1,0,0,0,1,2025-12-21 06:38:50,79699.75,1,Madurai,0,0,1,0,2025-12-21 06:38:50,55.34704861111111,1
T00010492,A000950,C00663,B014,2024-07-28 04:48:12,Credit,36575.55,INR,Card,ATM,Coimbatore,D00663-1,Success,12.29,14.27,No,1,0,0,0,1,2024-05-21 23:26:29,96801.71666666666,1,Coimbatore,0,0,0,1,2024-05-21 23:26:29,67.22341435185186,1
T00009674,A000950,C00663,B014,2025-12-03 22:57:52,Debit,43264.89,INR,UPI,Healthcare,Coimbatore,D00663-1,Success,20.81,11.28,No,1,0,0,0,1,2025-02-08 07:27:46,430050.1,1,Coimbatore,0,0,0,1,2025-02-08 07:27:46,298.6459027777778,1
T00008983,A000951,C00664,B012,2024-10-02 16:32:51,Debit,34521.72,INR,UPI,Travel,Hyderabad,D00664-1,Success,13.47,28.0,No,1,0,0,0,1,2024-08-21 08:53:01,60939.833333333336,1,Hyderabad,0,0,0,0,2024-08-21 08:53:01,42.319328703703704,1
T00020560,A000952,C00665,B024,2025-11-04 09:16:25,Credit,21254.98,INR,ATM,Grocery,Bengaluru,D00665-1,Success,30.58,16.11,No,1,0,0,0,1,2025-09-04 12:56:49,87619.6,1,Bengaluru,0,0,0,0,2025-09-04 12:56:49,60.846944444444446,1
T00017875,A000953,C00666,B013,2024-12-02 04:26:57,Debit,22070.85,INR,ATM,Transfer,Coimbatore,D00666-1,Success,18.23,10.35,No,1,0,0,0,1,2024-08-27 08:41:27,139425.5,1,Coimbatore,0,0,0,0,2024-08-27 08:41:27,96.82326388888889,1
T00022311,A000956,C00669,B014,2024-10-16 22:39:43,Credit,31438.93,INR,UPI,Transfer,Mumbai,D00669-1,Success,14.13,17.84,No,1,0,0,0,1,2024-09-15 23:57:42,44562.01666666667,1,Mumbai,0,0,0,1,2024-09-15 23:57:42,30.94584490740741,1
T00014554,A000956,C00669,B014,2025-01-31 21:50:40,Debit,22958.93,INR,Card,Electronics,Mumbai,D00669-1,Success,24.13,9.95,No,1,0,0,0,1,2024-11-21 02:09:48,103420.86666666667,1,Mumbai,0,0,0,1,2024-11-21 02:09:48,71.8200462962963,1
T00011685,A000956,C00669,B014,2026-02-26 18:49:13,Debit,87844.93,INR,Net Banking,Healthcare,Mumbai,D00669-1,Success,19.61,12.64,No,1,0,0,0,1,2025-10-06 23:25:02,205644.18333333332,1,Mumbai,0,0,0,1,2025-10-06 23:25:02,142.80846064814816,1
T00017226,A000959,C00671,B021,2024-08-15 11:45:41,Debit,19870.0,INR,Mobile Banking,ATM,Coimbatore,D00671-1,Success,3.49,29.36,No,1,0,0,0,1,2024-05-02 20:14:55,150690.76666666666,1,Coimbatore,0,0,1,0,2024-05-02 20:14:55,104.64636574074073,1
T00020843,A000963,C00675,B020,2026-08-07 23:04:52,Credit,25277.14,INR,Mobile Banking,Electronics,Madurai,D00675-1,Success,16.03,9.81,No,1,0,0,0,1,2026-04-09 07:32:08,173732.73333333334,1,Madurai,0,0,0,0,2026-04-09 07:32:08,120.64773148148149,1
T00002755,A000970,C00680,B011,2025-01-05 10:03:41,Credit,21477.84,INR,UPI,Dining,Delhi,D00680-1,Success,25.84,15.58,No,1,0,0,0,1,2024-04-11 18:23:10,386860.51666666666,1,Delhi,0,0,0,1,2024-04-11 18:23:10,268.6531365740741,1
T00012202,A000970,C00680,B011,2026-01-30 08:22:36,Debit,23035.72,INR,Card,Electronics,Delhi,D00680-1,Success,17.76,11.99,No,1,0,0,0,1,2025-10-14 15:30:40,155091.93333333332,1,Delhi,0,0,0,1,2025-10-14 15:30:40,107.70273148148148,1
T00002419,A000970,C00680,B011,2026-05-24 14:49:56,Debit,20533.51,INR,UPI,ATM,Delhi,D00680-1,Success,7.49,4.98,No,1,0,0,0,1,2026-03-09 15:41:34,109388.36666666667,1,Delhi,0,0,0,1,2026-03-09 15:41:34,75.96414351851851,1
T00011884,A000971,C00681,B024,2026-07-06 13:05:54,Credit,44955.99,INR,UPI,Grocery,Coimbatore,D00681-1,Success,1.27,28.52,No,1,0,0,0,1,2026-05-13 01:49:52,78436.03333333334,1,Coimbatore,0,0,0,1,2026-05-13 01:49:52,54.46946759259259,1
T00001051,A000972,C00682,B021,2024-04-13 14:41:23,Debit,31912.44,INR,Mobile Banking,Healthcare,Madurai,D00682-1,Success,18.09,5.03,No,1,0,0,0,1,2024-01-31 06:52:25,105588.96666666666,1,Madurai,0,0,1,1,2024-01-31 06:52:25,73.32567129629629,1
T00009838,A000972,C00682,B021,2025-09-07 14:10:51,Debit,28454.34,INR,Card,Healthcare,Madurai,D00682-1,Failed,1.99,27.09,No,1,0,0,1,2,2025-07-11 21:11:58,83098.88333333333,1,Madurai,0,0,1,1,2025-07-11 21:11:58,57.70755787037037,1
T00023710,A000973,C00683,B001,2024-10-25 02:44:04,Debit,27379.14,INR,UPI,Electronics,Kochi,D00683-1,Success,3.7,13.15,No,1,0,0,0,1,2024-08-25 00:43:27,87960.61666666667,1,Kochi,0,0,0,0,2024-08-25 00:43:27,61.083761574074074,1
T00009807,A000973,C00683,B001,2025-06-23 21:39:10,Debit,86255.03,INR,Card,ATM,Kochi,D00683-1,Success,6.21,24.27,No,1,0,0,0,1,2025-02-12 07:42:13,189476.95,1,Kochi,0,0,0,0,2025-02-12 07:42:13,131.58121527777777,1
T00020438,A000977,C00685,B001,2026-05-31 10:20:05,Debit,26595.3,USD,UPI,Fuel,Delhi,D00685-1,Success,8.43,20.92,No,1,0,0,0,1,2026-04-30 16:07:59,44292.1,1,Delhi,1,0,0,1,2026-04-30 16:07:59,30.75840277777778,1
T00015095,A000979,C00686,B007,2024-11-21 09:05:49,Credit,31202.99,INR,UPI,Transfer,Delhi,D00686-1,Success,6.91,9.28,No,1,0,0,0,1,2024-10-18 04:51:37,49214.2,1,Delhi,1,0,0,1,2024-10-18 04:51:37,34.17652777777778,1
T00007479,A000986,C00691,B010,2025-05-25 23:28:15,Debit,92815.65,INR,UPI,Dining,Pune,D00691-1,Success,20.16,8.49,No,1,0,0,0,1,2025-04-25 09:54:14,44014.01666666667,1,Pune,0,0,0,1,2025-04-25 09:54:14,30.565289351851852,1
T00007293,A000990,C00694,B015,2025-01-18 16:31:37,Debit,37648.25,INR,Card,Healthcare,Delhi,D00694-1,Success,14.2,18.54,No,1,0,0,0,1,2024-12-19 09:58:41,43592.933333333334,1,Delhi,0,0,0,1,2024-12-19 09:58:41,30.27287037037037,1
T00006583,A000994,C00697,B005,2024-10-13 16:27:02,Credit,29436.91,INR,Mobile Banking,Transfer,Coimbatore,D00697-1,Success,1.14,4.35,No,1,0,0,0,1,2024-09-09 21:35:08,48651.9,1,Coimbatore,0,0,1,1,2024-09-09 21:35:08,33.78604166666667,1
T00021927,A000996,C00698,B010,2024-07-28 10:33:01,Credit,30829.37,INR,UPI,Healthcare,Kolkata,D00698-1,Success,17.6,8.22,No,1,0,0,0,1,2024-05-10 13:03:29,113609.53333333334,1,Kolkata,0,0,0,1,2024-05-10 13:03:29,78.89550925925926,1
T00017523,A000997,C00698,B010,2025-09-18 03:53:57,Debit,19738.55,INR,Card,Electronics,Kolkata,D00698-1,Success,13.09,15.69,No,1,0,0,0,1,2025-05-05 10:20:00,195453.95,1,Kolkata,0,0,0,1,2025-05-05 10:20:00,135.7319097222222,1
T00022937,A000996,C00698,B010,2025-12-03 18:43:10,Debit,28530.13,INR,UPI,Healthcare,Kolkata,D00698-1,Success,31.18,28.28,No,1,0,0,0,1,2025-10-18 01:37:22,67265.8,1,Kolkata,0,0,0,1,2025-10-18 01:37:22,46.712361111111115,1
T00013103,A001003,C00704,B003,2026-07-02 12:57:28,Debit,22867.87,INR,Branch,Healthcare,Delhi,D00704-1,Success,29.13,25.93,No,1,0,0,0,1,2026-05-08 07:49:16,79508.2,1,Delhi,0,0,1,1,2026-05-08 07:49:16,55.21402777777778,1
T00016217,A001007,C00706,B015,2025-05-01 20:55:36,Credit,21852.62,INR,UPI,Healthcare,Delhi,D00706-1,Success,0.8,7.53,No,1,0,0,0,1,2024-10-11 21:58:07,290817.48333333334,1,Delhi,0,0,0,0,2024-10-11 21:58:07,201.95658564814815,1
T00011494,A001006,C00706,B015,2026-05-13 18:31:45,Debit,26749.96,INR,UPI,Fuel,Delhi,D00706-1,Success,11.64,11.63,No,1,0,0,0,1,2026-04-03 03:36:58,58494.78333333333,1,Delhi,0,0,0,0,2026-04-03 03:36:58,40.621377314814815,1
T00006356,A001011,C00710,B012,2026-01-22 06:38:42,Debit,78543.96,USD,UPI,ATM,Kochi,D00710-1,Success,26.48,28.56,No,1,0,0,0,1,2025-12-18 22:00:24,49478.3,1,Kochi,1,0,0,0,2025-12-18 22:00:24,34.35993055555556,1
T00017350,A001012,C00711,B020,2024-09-26 04:39:47,Debit,25564.92,INR,UPI,Grocery,Pune,D00711-1,Success,24.22,26.4,No,1,0,0,0,1,2024-06-21 21:21:58,138677.81666666668,1,Pune,0,0,0,0,2024-06-21 21:21:58,96.30403935185186,1
T00006022,A001012,C00711,B020,2025-02-15 22:03:33,Debit,24421.54,INR,UPI,Travel,Pune,D00711-1,Success,7.95,21.41,No,1,0,0,0,1,2024-11-03 22:47:54,149715.65,1,Pune,0,0,0,0,2024-11-03 22:47:54,103.96920138888889,1
T00010120,A001015,C00712,B019,2024-11-14 12:10:53,Debit,22827.35,INR,Mobile Banking,Dining,Bengaluru,D00712-1,Success,25.58,5.8,No,1,0,0,0,1,2024-06-29 00:13:48,199437.08333333334,1,Bengaluru,0,0,0,1,2024-06-29 00:13:48,138.49797453703704,1
T00013690,A001015,C00712,B019,2025-07-03 00:32:55,Debit,28038.81,INR,ATM,ATM,Bengaluru,D00712-1,Success,11.18,14.63,No,1,0,0,0,1,2025-04-17 21:07:22,109645.55,1,Bengaluru,0,0,0,1,2025-04-17 21:07:22,76.14274305555556,1
T00002185,A001016,C00713,B016,2024-09-27 08:41:21,Debit,53654.13,INR,UPI,Electronics,Coimbatore,D00713-1,Success,6.98,6.98,No,1,0,0,0,1,2024-08-24 02:16:38,49344.71666666667,1,Coimbatore,0,0,0,0,2024-08-24 02:16:38,34.267164351851854,1
T00012663,A001016,C00713,B016,2024-11-10 05:19:45,Credit,28050.36,INR,Card,Transfer,Coimbatore,D00713-1,Success,18.54,10.17,No,1,0,0,0,1,2024-09-27 08:41:21,63158.4,1,Coimbatore,0,0,0,0,2024-09-27 08:41:21,43.86,1
T00000483,A001017,C00714,B008,2024-03-02 03:12:51,Debit,32642.15,INR,Net Banking,Healthcare,Bengaluru,D00714-1,Success,32.26,27.91,No,1,0,0,0,1,2024-01-25 19:29:19,52303.53333333333,1,Bengaluru,0,0,0,1,2024-01-25 19:29:19,36.32189814814815,1
T00010217,A001019,C00715,B025,2026-04-19 10:36:57,Debit,19873.19,INR,Mobile Banking,Grocery,Madurai,D00715-1,Failed,20.86,23.66,No,1,0,0,1,2,2026-02-24 12:23:54,77653.05,1,Madurai,0,0,0,1,2026-02-24 12:23:54,53.92572916666666,1
T00010735,A001021,C00716,B008,2026-01-18 15:53:19,Debit,21443.16,INR,Card,Travel,Kolkata,D00716-1,Success,16.62,21.63,No,1,0,0,0,1,2025-11-30 06:38:31,71114.8,1,Kolkata,0,0,0,1,2025-11-30 06:38:31,49.38527777777778,1
T00004597,A001022,C00717,B011,2025-02-21 08:39:13,Debit,20112.29,INR,Net Banking,Transfer,Kochi,D00717-1,Success,33.74,6.48,No,1,0,0,0,1,2024-12-25 09:42:35,83456.63333333333,1,Kochi,0,0,0,1,2024-12-25 09:42:35,57.95599537037037,1
T00022145,A001022,C00717,B011,2025-05-22 03:30:35,Credit,38902.62,INR,UPI,E-Commerce,Kochi,D00717-1,Success,8.77,27.7,No,1,0,0,0,1,2025-03-17 23:38:50,93831.75,1,Kochi,0,0,0,1,2025-03-17 23:38:50,65.1609375,1
T00007769,A001026,C00721,B016,2025-12-20 22:47:17,Credit,24256.08,INR,UPI,Grocery,Delhi,D00721-1,Success,20.12,4.34,No,1,0,0,0,1,2025-11-20 05:54:51,44212.433333333334,1,Delhi,0,0,0,0,2025-11-20 05:54:51,30.703078703703703,1
T00023096,A001028,C00722,B013,2025-01-12 15:16:11,Debit,31856.3,INR,UPI,E-Commerce,Kolkata,D00722-1,Success,27.44,29.13,No,1,0,0,0,1,2024-11-17 11:54:26,80841.75,1,Kolkata,0,0,0,0,2024-11-17 11:54:26,56.14010416666667,1
T00001872,A001033,C00724,B024,2026-01-08 14:28:24,Debit,100705.98,INR,Card,Fuel,Mumbai,D00724-1,Success,5.05,15.69,No,1,0,0,0,1,2025-10-18 18:56:07,117812.28333333334,1,Mumbai,0,0,1,1,2025-10-18 18:56:07,81.81408564814815,1
T00006354,A001034,C00725,B004,2025-02-09 04:46:08,Debit,21827.47,INR,Net Banking,Fuel,Mumbai,D00725-1,Success,7.29,19.24,No,1,0,0,0,1,2024-12-01 03:32:48,100873.33333333333,1,Mumbai,0,0,0,1,2024-12-01 03:32:48,70.05092592592592,1
T00002057,A001036,C00726,B020,2026-02-22 14:20:36,Debit,34357.76,INR,UPI,Dining,Kolkata,D00726-1,Success,0.88,24.83,No,1,0,0,0,1,2025-12-31 14:40:28,76300.13333333333,1,Kolkata,0,0,0,0,2025-12-31 14:40:28,52.9862037037037,1
T00018223,A001036,C00726,B020,2026-07-05 08:22:21,Credit,73727.25,INR,Card,Transfer,Kolkata,D00726-1,Success,18.39,16.7,No,1,0,0,0,1,2026-05-18 06:55:22,69206.98333333334,1,Kolkata,0,0,0,0,2026-05-18 06:55:22,48.060405092592596,1
T00008028,A001040,C00730,B002,2025-12-16 10:29:18,Debit,71181.88,INR,Mobile Banking,Fuel,Kochi,D00730-1,Success,27.61,22.05,No,1,0,0,0,1,2025-11-03 06:54:07,62135.183333333334,1,Kochi,0,0,0,1,2025-11-03 06:54:07,43.14943287037037,1
T00025927,A001042,C00732,B020,2026-07-02 02:30:54,Debit,21504.29,INR,UPI,ATM,Kochi,D00732-1,Success,30.45,7.83,No,1,0,0,0,1,2026-05-31 01:42:37,46128.28333333333,1,Kochi,0,0,1,1,2026-05-31 01:42:37,32.03353009259259,1
T00004010,A001044,C00733,B020,2025-04-20 12:00:37,Credit,22929.87,USD,Net Banking,ATM,Chennai,D00733-1,Success,23.77,9.97,No,1,0,0,0,1,2025-03-14 04:27:41,53732.933333333334,1,Chennai,0,0,0,0,2025-03-14 04:27:41,37.314537037037034,1
T00009368,A001047,C00736,B004,2025-11-25 22:05:12,Credit,56719.7,INR,Net Banking,Dining,Kolkata,D00736-1,Success,11.86,17.45,No,1,0,0,0,1,2025-10-19 22:22:34,53262.63333333333,1,Kolkata,0,0,1,1,2025-10-19 22:22:34,36.987939814814816,1
T00010342,A001053,C00740,B019,2024-08-26 18:29:04,Debit,30234.07,INR,Mobile Banking,Utilities,Chennai,D00740-1,Success,15.61,24.48,No,1,0,0,0,1,2024-03-26 11:17:19,220751.75,1,Chennai,0,0,0,1,2024-03-26 11:17:19,153.2998263888889,1
T00011161,A001053,C00740,B019,2024-10-10 08:50:10,Debit,26363.49,INR,ATM,Fuel,Chennai,D00740-1,Success,6.46,3.87,No,1,0,0,0,1,2024-08-26 18:29:04,64221.1,1,Chennai,0,0,0,1,2024-08-26 18:29:04,44.59798611111111,1
T00014078,A001053,C00740,B019,2025-01-03 14:30:09,Debit,28206.9,INR,Mobile Banking,Healthcare,Chennai,D00740-1,Success,14.69,6.46,No,1,0,0,0,1,2024-12-01 00:32:32,48357.61666666667,1,Chennai,0,0,0,1,2024-12-01 00:32:32,33.58167824074074,1
T00005681,A001056,C00742,B014,2025-04-07 02:31:03,Debit,19917.69,INR,Net Banking,Transfer,Pune,D00742-1,Success,16.17,28.03,No,1,0,0,0,1,2025-02-25 13:57:28,58353.583333333336,1,Pune,0,0,0,0,2025-02-25 13:57:28,40.52332175925926,1
T00007219,A001056,C00742,B014,2026-08-25 04:38:09,Debit,25591.43,INR,Branch,Dining,Pune,D00742-1,Success,34.9,29.97,No,1,0,0,0,1,2026-07-24 17:42:11,45295.96666666667,1,Pune,0,0,0,0,2026-07-24 17:42:11,31.455532407407407,1
T00015462,A001066,C00748,B009,2025-04-06 14:52:24,Debit,25160.92,INR,Card,Fuel,Madurai,D00748-1,Success,29.18,25.18,No,1,0,0,0,1,2025-03-04 02:55:04,48237.333333333336,1,Madurai,0,0,0,1,2025-03-04 02:55:04,33.49814814814815,1
T00014980,A001072,C00751,B017,2026-07-24 15:44:02,Credit,20748.85,INR,UPI,Grocery,Kolkata,D00751-1,Success,20.17,23.8,No,1,0,0,0,1,2026-06-02 07:27:02,75377.0,1,Kolkata,0,0,0,0,2026-06-02 07:27:02,52.34513888888889,1
T00017671,A001078,C00756,B012,2024-08-21 08:44:46,Debit,29610.68,INR,Card,Travel,Coimbatore,D00756-1,Success,4.69,23.13,No,1,0,0,0,1,2024-07-19 17:00:37,47024.15,1,Coimbatore,0,0,0,0,2024-07-19 17:00:37,32.655659722222225,1
T00025241,A001078,C00756,B012,2026-04-04 14:46:52,Debit,25743.41,INR,UPI,ATM,Coimbatore,D00756-1,Success,14.2,13.46,No,1,0,0,0,1,2026-03-03 21:29:02,45677.833333333336,1,Coimbatore,0,0,0,0,2026-03-03 21:29:02,31.720717592592592,1
T00015179,A001079,C00757,B020,2026-01-26 22:21:21,Debit,26276.54,INR,ATM,Healthcare,Chennai,D00757-1,Failed,26.32,11.79,No,1,0,0,1,2,2025-12-25 17:38:53,46362.46666666667,1,Chennai,0,0,0,0,2025-12-25 17:38:53,32.196157407407405,1
T00012076,A001084,C00762,B003,2024-09-08 21:57:10,Debit,21775.78,INR,UPI,Grocery,Mumbai,D00762-1,Success,22.19,8.9,No,1,0,0,0,1,2024-06-14 15:48:03,124209.11666666667,1,Mumbai,1,0,0,1,2024-06-14 15:48:03,86.25633101851852,1
T00021075,A001091,C00766,B010,2025-06-21 13:12:28,Debit,26018.47,INR,Net Banking,Travel,Bengaluru,D00766-1,Success,14.01,10.9,No,1,0,0,0,1,2025-01-06 10:17:00,239215.46666666667,1,Bengaluru,0,0,0,0,2025-01-06 10:17:00,166.12185185185186,1
T00017746,A001091,C00766,B010,2025-10-03 05:14:56,Debit,25528.43,INR,Mobile Banking,ATM,Bengaluru,D00766-1,Success,3.56,19.4,No,1,0,0,0,1,2025-08-31 10:54:45,47180.183333333334,1,Bengaluru,0,0,0,0,2025-08-31 10:54:45,32.764016203703704,1
T00024178,A001097,C00769,B007,2025-05-13 05:48:36,Debit,29027.35,EUR,Card,Utilities,Madurai,D00769-1,Success,1.37,6.03,No,1,0,0,0,1,2025-03-06 11:00:41,97607.91666666667,1,Madurai,0,0,0,0,2025-03-06 11:00:41,67.78327546296296,1
T00004342,A001100,C00771,B004,2025-05-08 01:09:00,Debit,64211.52,INR,Card,Travel,Coimbatore,D00771-1,Success,9.36,10.8,No,1,0,0,0,1,2025-03-14 04:24:56,79004.06666666667,1,Coimbatore,0,0,0,1,2025-03-14 04:24:56,54.863935185185184,1
T00013714,A001100,C00771,B004,2026-07-20 01:16:58,Credit,32400.02,INR,UPI,Travel,Coimbatore,D00771-1,Success,27.51,6.91,No,1,0,0,0,1,2026-06-16 16:00:20,48076.63333333333,1,Coimbatore,0,0,0,1,2026-06-16 16:00:20,33.386550925925924,1
T00021056,A001106,C00774,B012,2025-03-29 16:21:04,Debit,31704.99,INR,Net Banking,Healthcare,Kolkata,D00774-1,Success,10.4,8.99,No,1,0,0,0,1,2025-01-16 00:15:23,104645.68333333333,1,Kolkata,0,0,0,1,2025-01-16 00:15:23,72.67061342592592,1
T00014798,A001108,C00775,B012,2024-07-23 10:06:06,Credit,51790.19,INR,Card,Healthcare,Mumbai,D00775-1,Success,9.38,6.63,No,1,0,0,0,1,2024-01-12 02:58:42,278347.4,1,Mumbai,0,0,1,0,2024-01-12 02:58:42,193.29680555555555,1
T00018716,A001108,C00775,B012,2024-11-16 15:02:08,Debit,25725.69,INR,Mobile Banking,Dining,Mumbai,D00775-1,Success,27.62,15.86,No,1,0,0,0,1,2024-08-26 01:57:04,118865.06666666667,1,Mumbai,0,0,1,0,2024-08-26 01:57:04,82.54518518518519,1
T00021010,A001108,C00775,B012,2025-04-25 00:16:38,Debit,19884.24,INR,UPI,Utilities,Mumbai,D00775-1,Failed,2.18,13.27,No,1,0,0,1,2,2025-01-23 01:49:12,132387.43333333332,1,Mumbai,0,0,1,0,2025-01-23 01:49:12,91.9357175925926,1
T00009133,A001116,C00779,B020,2024-07-31 15:52:01,Debit,21268.01,INR,Card,Electronics,Kolkata,D00779-1,Success,32.01,2.25,No,1,0,0,0,1,2024-06-23 07:22:11,55229.833333333336,1,Kolkata,0,0,1,0,2024-06-23 07:22:11,38.354050925925925,1
T00008144,A001119,C00780,B013,2024-05-24 01:26:42,Debit,65070.69,INR,Mobile Banking,Grocery,Coimbatore,D00780-1,Success,31.85,6.31,No,1,0,0,0,1,2024-03-21 00:25:27,92221.25,1,Coimbatore,0,0,1,1,2024-03-21 00:25:27,64.04253472222223,1
T00021949,A001120,C00781,B004,2026-02-17 10:02:23,Debit,30416.0,INR,UPI,Fuel,Bengaluru,D00781-1,Success,9.3,21.06,No,1,0,0,0,1,2025-12-04 02:49:46,108432.61666666667,1,Bengaluru,0,0,0,1,2025-12-04 02:49:46,75.30042824074074,1
T00003198,A001120,C00781,B004,2026-08-22 15:42:08,Debit,24471.68,INR,Net Banking,ATM,Bengaluru,D00781-1,Success,15.3,17.29,No,1,0,0,0,1,2026-07-02 23:06:21,72995.78333333334,1,Bengaluru,0,0,0,1,2026-07-02 23:06:21,50.691516203703706,1
T00012710,A001124,C00783,B006,2025-06-18 23:37:39,Debit,19948.77,INR,UPI,Travel,Chennai,D00783-1,Success,17.15,7.2,No,1,0,0,0,1,2025-05-06 12:45:56,62571.71666666667,1,Chennai,0,0,0,0,2025-05-06 12:45:56,43.452581018518515,1
T00025858,A001127,C00785,B001,2025-10-09 02:42:10,Debit,51070.05,EUR,UPI,E-Commerce,Chennai,D00785-1,Success,25.64,26.41,No,1,0,0,0,1,2025-08-06 13:22:59,91519.18333333333,1,Chennai,0,0,0,1,2025-08-06 13:22:59,63.55498842592593,1
T00016890,A001132,C00788,B020,2025-12-08 03:10:24,Debit,44618.76,INR,UPI,Dining,Pune,D00788-1,Success,5.83,20.93,No,1,0,0,0,1,2025-09-18 06:38:51,116431.55,1,Pune,0,0,0,1,2025-09-18 06:38:51,80.85524305555556,1
T00006719,A001137,C00792,B003,2025-08-17 07:04:52,Credit,32884.21,INR,UPI,Dining,Kochi,D00792-1,Success,17.47,20.77,No,1,0,0,0,1,2024-12-08 06:45:38,362899.23333333334,1,Kochi,0,0,0,0,2024-12-08 06:45:38,252.01335648148148,1
T00003884,A001138,C00793,B005,2025-06-14 14:47:28,Debit,23870.94,INR,UPI,Healthcare,Mumbai,D00793-1,Success,28.83,12.52,No,1,0,0,0,1,2025-05-12 23:54:20,46973.13333333333,1,Mumbai,0,0,0,1,2025-05-12 23:54:20,32.62023148148148,1
T00016567,A001141,C00795,B009,2026-07-26 00:48:35,Debit,23684.42,INR,Net Banking,Grocery,Hyderabad,D00795-1,Success,13.11,28.49,No,1,0,0,0,1,2026-06-20 17:44:09,50824.433333333334,1,Hyderabad,0,0,1,0,2026-06-20 17:44:09,35.29474537037037,1
T00024550,A001142,C00796,B022,2025-12-08 19:49:41,Debit,38666.65,INR,Card,Transfer,Kochi,D00796-1,Success,11.25,22.72,No,1,0,0,0,1,2025-07-11 17:54:49,216114.86666666667,1,Kochi,0,0,0,1,2025-07-11 17:54:49,150.0797685185185,1
T00011321,A001145,C00799,B013,2025-02-19 16:54:48,Debit,27704.6,INR,UPI,Dining,Madurai,D00799-1,Success,20.12,14.97,No,1,0,0,0,1,2025-01-07 17:14:46,61900.03333333333,1,Madurai,0,0,0,0,2025-01-07 17:14:46,42.98613425925926,1
T00025403,A001150,C00802,B013,2025-12-27 00:28:24,Credit,20063.53,INR,Net Banking,ATM,Kolkata,D00802-1,Success,5.41,15.31,No,1,0,0,0,1,2025-10-20 11:07:13,97281.18333333333,1,Kolkata,0,0,0,1,2025-10-20 11:07:13,67.55637731481481,1
T00007823,A001150,C00802,B013,2026-02-12 01:51:48,Debit,27251.38,INR,UPI,Utilities,Kolkata,D00802-1,Success,0.48,27.92,No,1,0,0,0,1,2026-01-03 13:17:05,56914.71666666667,1,Kolkata,0,0,0,1,2026-01-03 13:17:05,39.5241087962963,1
T00007043,A001159,C00807,B022,2025-08-27 11:06:16,Debit,21287.19,INR,UPI,ATM,Coimbatore,D00807-1,Failed,27.67,22.41,No,1,0,0,1,2,2025-07-11 16:04:53,67381.38333333333,1,Coimbatore,0,0,0,1,2025-07-11 16:04:53,46.792627314814816,1
T00009589,A001161,C00808,B014,2026-05-05 00:48:28,Debit,22282.28,INR,Mobile Banking,ATM,Hyderabad,D00808-1,Success,6.18,29.36,No,1,0,0,0,1,2025-12-28 06:05:33,184002.91666666666,1,Hyderabad,0,0,0,0,2025-12-28 06:05:33,127.77980324074075,1
T00012010,A001167,C00813,B024,2026-05-02 21:26:28,Debit,20920.41,INR,Card,Travel,Kolkata,D00813-1,Success,34.15,20.83,No,1,0,0,0,1,2025-11-03 00:32:44,260453.73333333334,1,Kolkata,0,0,0,1,2025-11-03 00:32:44,180.87064814814815,1
T00020520,A001168,C00814,B019,2026-08-22 08:41:15,Debit,24229.33,INR,UPI,Travel,Coimbatore,D00814-1,Success,33.44,6.89,No,1,0,0,0,1,2026-03-16 04:45:02,229196.21666666667,1,Coimbatore,0,0,0,1,2026-03-16 04:45:02,159.16403935185184,1
T00015237,A001170,C00815,B017,2024-10-06 06:36:23,Debit,33785.71,INR,UPI,Grocery,Pune,D00815-1,Success,23.4,27.29,No,1,0,0,0,1,2024-07-02 18:00:33,137555.83333333334,1,Pune,0,0,0,0,2024-07-02 18:00:33,95.52488425925925,1
T00021615,A001174,C00819,B006,2024-08-23 13:30:50,Debit,26550.04,INR,UPI,ATM,Madurai,D00819-1,Success,31.7,19.37,No,1,0,0,0,1,2024-07-12 17:24:55,60245.916666666664,1,Madurai,0,0,1,1,2024-07-12 17:24:55,41.83744212962963,1
T00019583,A001175,C00819,B006,2026-04-01 05:03:19,Debit,20391.01,INR,Net Banking,Travel,Madurai,D00819-1,Success,10.89,4.77,No,1,0,0,0,1,2026-01-23 02:14:39,98088.66666666667,1,Madurai,0,0,1,1,2026-01-23 02:14:39,68.11712962962963,1
T00023795,A001186,C00826,B012,2026-02-28 11:59:38,Credit,23850.17,INR,Mobile Banking,Transfer,Pune,D00826-1,Success,22.07,23.77,No,1,0,0,0,1,2026-01-23 20:22:17,51337.35,1,Pune,0,0,0,1,2026-01-23 20:22:17,35.6509375,1
T00001102,A001186,C00826,B012,2026-07-11 17:22:52,Debit,36185.41,INR,Mobile Banking,Dining,Pune,D00826-1,Success,18.22,17.59,No,1,0,0,0,1,2026-04-22 15:42:02,115300.83333333333,1,Pune,0,0,0,1,2026-04-22 15:42:02,80.07002314814815,1
T00025104,A001188,C00827,B018,2024-08-24 18:11:50,Debit,21304.04,INR,Card,Healthcare,Chennai,D00827-1,Success,20.83,21.36,No,1,0,0,0,1,2024-06-04 04:33:19,117458.51666666666,1,Chennai,0,0,0,1,2024-06-04 04:33:19,81.56841435185186,1
T00020058,A001192,C00829,B014,2025-06-19 06:19:49,Credit,28037.31,INR,Mobile Banking,Utilities,Pune,D00829-1,Failed,20.09,11.76,No,1,0,0,1,2,2025-05-05 14:49:45,64290.066666666666,1,Pune,0,0,0,0,2025-05-05 14:49:45,44.64587962962963,1
T00019813,A001191,C00829,B014,2026-06-05 15:45:46,Debit,38913.23,INR,ATM,Transfer,Pune,D00829-1,Success,21.21,26.94,No,1,0,0,0,1,2025-12-07 01:16:04,260069.7,1,Pune,0,0,0,0,2025-12-07 01:16:04,180.60395833333334,1
T00023732,A001193,C00830,B001,2025-12-29 14:28:41,Credit,35515.04,INR,ATM,E-Commerce,Kolkata,D00830-1,Success,22.93,17.86,No,1,0,0,0,1,2025-11-24 18:40:38,50148.05,1,Kolkata,0,0,0,0,2025-11-24 18:40:38,34.82503472222222,1
T00007905,A001199,C00834,B013,2026-05-08 20:49:29,Credit,22911.07,INR,ATM,ATM,Chennai,D00834-1,Success,21.89,13.77,No,1,0,0,0,1,2026-04-04 22:28:02,48861.45,1,Chennai,0,0,0,0,2026-04-04 22:28:02,33.9315625,1
T00013415,A001199,C00834,B013,2026-08-04 03:18:59,Credit,65475.39,INR,UPI,Travel,Chennai,D00834-1,Success,19.96,10.89,No,1,0,0,0,1,2026-07-01 05:55:37,48803.36666666667,1,Chennai,0,0,0,0,2026-07-01 05:55:37,33.891226851851854,1
T00011525,A001208,C00838,B004,2026-06-17 14:48:14,Debit,23917.32,INR,UPI,Grocery,Pune,D00838-1,Success,9.66,17.16,No,1,0,0,0,1,2026-01-18 05:19:31,216568.71666666667,1,Pune,0,0,0,0,2026-01-18 05:19:31,150.39494212962964,1
T00006897,A001213,C00843,B004,2024-04-16 12:45:38,Debit,28990.36,INR,UPI,Dining,Bengaluru,D00843-1,Success,20.45,2.93,No,1,0,0,0,1,2024-03-06 08:50:36,59275.03333333333,1,Bengaluru,0,0,0,1,2024-03-06 08:50:36,41.163217592592595,1
T00018724,A001215,C00845,B011,2026-03-06 01:36:44,Debit,24588.44,INR,Net Banking,ATM,Kochi,D00845-1,Success,18.13,13.46,No,1,0,0,0,1,2025-07-09 14:53:59,344802.75,1,Kochi,0,0,0,0,2025-07-09 14:53:59,239.44635416666668,1
T00021661,A001218,C00847,B019,2024-11-23 16:45:42,Debit,22112.9,INR,ATM,Transfer,Chennai,D00847-1,Success,24.17,19.93,No,1,0,0,0,1,2024-10-15 09:40:59,56584.71666666667,1,Chennai,0,0,0,0,2024-10-15 09:40:59,39.29494212962963,1
T00026168,A001226,C00854,B012,2026-04-08 06:25:00,Debit,95567.37,INR,Card,Travel,Mumbai,D00854-1,Success,30.0,18.0,Yes,1,0,0,0,1,2026-01-13 09:31:20,122213.66666666667,1,Hyderabad,0,0,0,1,2026-01-13 09:31:20,84.87060185185184,1
T00021405,A001229,C00856,B021,2025-11-24 20:01:07,Credit,24941.86,INR,Net Banking,Travel,Bengaluru,D00856-1,Success,15.5,6.15,No,1,0,0,0,1,2025-10-01 23:45:02,77536.08333333333,1,Bengaluru,0,0,0,0,2025-10-01 23:45:02,53.84450231481482,1
T00008508,A001235,C00860,B005,2024-06-17 07:14:12,Debit,20630.19,INR,Net Banking,Healthcare,Mumbai,D00860-1,Success,22.5,3.91,No,1,0,0,0,1,2024-05-06 16:01:33,59952.65,1,Mumbai,0,0,0,1,2024-05-06 16:01:33,41.633784722222224,1
T00008328,A001242,C00864,B016,2024-12-21 12:34:10,Debit,28019.87,INR,Card,Travel,Delhi,D00864-1,Success,29.97,8.14,No,1,0,0,0,1,2024-10-30 10:24:05,75010.08333333333,1,Delhi,0,0,0,0,2024-10-30 10:24:05,52.09033564814815,1
T00021300,A001242,C00864,B016,2026-02-19 15:05:08,Debit,20202.29,INR,UPI,Dining,Delhi,D00864-1,Success,13.05,22.1,No,1,0,0,0,1,2025-10-24 17:37:28,169767.66666666666,1,Delhi,0,0,0,0,2025-10-24 17:37:28,117.89421296296297,1
T00018992,A001249,C00869,B007,2024-04-24 07:50:19,Credit,210048.24,INR,Card,E-Commerce,Madurai,D00869-1,Success,23.48,11.43,No,1,0,0,0,1,2024-03-12 22:10:59,61059.333333333336,1,Madurai,0,0,0,1,2024-03-12 22:10:59,42.402314814814815,1
T00005905,A001249,C00869,B007,2024-11-10 18:31:53,Debit,26156.85,INR,UPI,Electronics,Madurai,D00869-1,Success,6.26,24.25,No,1,0,0,0,1,2024-10-11 11:41:10,43610.71666666667,1,Madurai,0,0,0,1,2024-10-11 11:41:10,30.285219907407406,1
T00001898,A001250,C00869,B007,2026-03-07 17:58:35,Debit,20405.03,INR,Net Banking,E-Commerce,Madurai,D00869-1,Success,11.69,2.15,No,1,0,0,0,1,2025-12-14 13:55:57,119762.63333333333,1,Madurai,0,0,0,1,2025-12-14 13:55:57,83.16849537037037,1
T00006217,A001257,C00875,B011,2025-05-31 13:14:54,Debit,29053.72,INR,Card,E-Commerce,Kochi,D00875-1,Success,16.25,8.68,No,1,0,0,0,1,2025-04-12 10:39:17,70715.61666666667,1,Kochi,0,0,0,0,2025-04-12 10:39:17,49.10806712962963,1
T00002520,A001260,C00877,B011,2025-12-05 08:50:08,Credit,24600.06,INR,UPI,Utilities,Coimbatore,D00877-1,Success,4.2,15.57,No,1,0,0,0,1,2025-10-23 17:48:53,61381.25,1,Coimbatore,0,0,1,1,2025-10-23 17:48:53,42.62586805555556,1
T00007659,A001260,C00877,B011,2026-06-21 11:34:37,Debit,33203.6,INR,Mobile Banking,Electronics,Coimbatore,D00877-1,Success,29.97,8.65,No,1,0,0,0,1,2026-04-11 03:41:27,102713.16666666667,1,Coimbatore,0,0,1,1,2026-04-11 03:41:27,71.32858796296296,1
T00006174,A001264,C00879,B025,2026-02-11 22:13:33,Debit,30001.61,INR,Net Banking,Electronics,Hyderabad,D00879-1,Success,32.31,24.25,No,1,0,0,0,1,2025-12-21 02:12:56,76080.61666666667,1,Hyderabad,1,0,1,1,2025-12-21 02:12:56,52.833761574074074,1
T00009520,A001267,C00881,B001,2025-11-09 01:50:39,Debit,36451.87,INR,ATM,E-Commerce,Madurai,D00881-1,Success,16.25,29.43,No,1,0,0,0,1,2025-07-31 06:31:00,145159.65,1,Madurai,0,0,0,1,2025-07-31 06:31:00,100.8053125,1
T00019719,A001270,C00883,B011,2026-02-15 09:03:46,Debit,61228.73,INR,Net Banking,Healthcare,Bengaluru,D00883-1,Success,21.01,18.72,No,1,0,0,0,1,2025-12-14 14:27:19,90396.45,1,Bengaluru,0,0,0,0,2025-12-14 14:27:19,62.7753125,1
T00002967,A001270,C00883,B011,2026-08-10 00:27:14,Debit,22306.95,INR,Card,Transfer,Bengaluru,D00883-1,Success,8.03,27.61,No,1,0,0,0,1,2026-05-06 20:35:28,137031.76666666666,1,Bengaluru,0,0,0,0,2026-05-06 20:35:28,95.16094907407407,1
T00009485,A001271,C00884,B019,2024-09-24 05:50:16,Debit,20117.91,INR,ATM,Healthcare,Chennai,D00884-1,Success,10.29,7.89,No,1,0,0,0,1,2024-08-14 21:46:48,58083.46666666667,1,Chennai,1,0,0,0,2024-08-14 21:46:48,40.33574074074074,1
T00021702,A001278,C00888,B024,2025-08-02 16:30:26,Credit,27932.77,INR,Net Banking,Healthcare,Bengaluru,D00888-1,Success,32.4,2.74,No,1,0,0,0,1,2025-04-13 17:33:18,159777.13333333333,1,Bengaluru,0,0,1,1,2025-04-13 17:33:18,110.95634259259259,1
T00008316,A001279,C00889,B013,2025-09-17 07:10:34,Debit,65440.17,INR,UPI,E-Commerce,Madurai,D00889-1,Success,27.9,10.17,No,1,0,0,0,1,2025-06-22 04:44:04,125426.5,1,Madurai,0,0,0,1,2025-06-22 04:44:04,87.10173611111111,1
T00023312,A001280,C00890,B013,2026-01-15 14:22:56,Debit,27045.03,INR,Card,Travel,Madurai,D00890-1,Success,15.48,13.13,No,1,0,0,0,1,2025-11-21 11:07:18,79395.63333333333,1,Madurai,0,0,0,1,2025-11-21 11:07:18,55.13585648148148,1
T00009379,A001281,C00891,B025,2025-03-26 19:09:56,Credit,37071.59,INR,Mobile Banking,Grocery,Coimbatore,D00891-1,Success,2.13,29.33,No,1,0,0,0,1,2025-01-19 01:58:54,96071.03333333334,1,Coimbatore,0,0,0,1,2025-01-19 01:58:54,66.71599537037036,1
T00005482,A001281,C00891,B025,2026-07-04 02:11:50,Debit,27155.34,INR,Mobile Banking,Travel,Coimbatore,D00891-1,Success,6.36,15.1,No,1,0,0,0,1,2026-05-16 15:37:54,69753.93333333333,1,Coimbatore,0,0,0,1,2026-05-16 15:37:54,48.44023148148148,1
T00004693,A001285,C00894,B009,2025-09-02 17:17:15,Debit,20081.51,INR,Mobile Banking,Grocery,Coimbatore,D00894-1,Success,26.94,28.11,No,1,0,0,0,1,2025-03-20 01:20:33,239996.7,1,Coimbatore,0,0,0,1,2025-03-20 01:20:33,166.664375,1
T00006732,A001285,C00894,B009,2026-07-01 23:41:01,Debit,29566.25,INR,Card,Dining,Coimbatore,D00894-1,Success,19.61,10.05,No,1,0,0,0,1,2026-05-24 06:07:57,55773.066666666666,1,Coimbatore,0,0,0,1,2026-05-24 06:07:57,38.73129629629629,1
T00012113,A001286,C00895,B015,2026-04-06 19:01:10,Debit,184141.45,INR,Mobile Banking,Electronics,Pune,D00895-1,Success,2.91,16.66,No,1,0,0,0,1,2025-11-22 20:14:18,194326.86666666667,1,Pune,0,0,0,0,2025-11-22 20:14:18,134.94921296296297,1
T00005555,A001291,C00898,B020,2024-09-30 16:37:56,Debit,21329.81,INR,Card,Travel,Delhi,D00898-1,Success,3.9,25.1,No,1,0,0,0,1,2024-07-02 06:42:53,130195.05,1,Delhi,0,0,0,1,2024-07-02 06:42:53,90.41322916666667,1
T00017133,A001295,C00901,B002,2024-10-24 18:57:13,Debit,22877.82,INR,Net Banking,Dining,Coimbatore,D00901-1,Success,1.35,10.96,No,1,0,0,0,1,2024-09-11 10:48:01,62409.2,1,Coimbatore,0,0,0,1,2024-09-11 10:48:01,43.33972222222222,1
T00023689,A001296,C00902,B024,2026-02-24 20:28:40,Debit,75394.43,INR,UPI,Transfer,Kochi,D00902-1,Success,13.52,8.35,No,1,0,0,0,1,2025-12-26 17:49:30,86559.16666666667,1,Kochi,0,0,0,0,2025-12-26 17:49:30,60.110532407407405,1
T00003813,A001299,C00904,B003,2025-08-02 01:20:42,Debit,32409.22,INR,UPI,Utilities,Bengaluru,D00904-1,Success,33.32,24.63,No,1,0,0,0,1,2025-03-04 23:02:12,216138.5,1,Bengaluru,0,0,1,1,2025-03-04 23:02:12,150.09618055555555,1
T00019274,A001301,C00905,B022,2026-08-17 19:55:56,Debit,29833.86,INR,Mobile Banking,Utilities,Kolkata,D00905-1,Success,10.99,2.1,No,1,0,0,0,1,2026-07-10 15:53:31,54962.416666666664,1,Kolkata,0,0,0,1,2026-07-10 15:53:31,38.16834490740741,1
T00025866,A001311,C00911,B019,2026-02-09 20:59:17,Debit,19982.16,INR,Card,Electronics,Bengaluru,D00911-1,Success,4.91,14.15,No,1,0,0,0,1,2025-10-12 16:43:13,173056.06666666668,1,Bengaluru,0,0,0,1,2025-10-12 16:43:13,120.17782407407407,1
T00012633,A001318,C00915,B014,2026-08-29 23:41:49,Debit,27542.24,INR,Net Banking,Electronics,Madurai,D00915-1,Success,29.42,8.15,No,1,0,0,0,1,2026-07-28 09:02:55,46958.9,1,Madurai,0,0,0,1,2026-07-28 09:02:55,32.610347222222224,1
T00018228,A001319,C00916,B003,2024-04-07 21:33:36,Debit,20460.0,INR,UPI,Transfer,Bengaluru,D00916-1,Success,22.77,9.65,No,1,0,0,0,1,2024-02-26 10:28:53,59704.71666666667,1,Bengaluru,0,0,0,1,2024-02-26 10:28:53,41.4616087962963,1
T00004743,A001319,C00916,B003,2025-05-26 07:27:53,Debit,21780.35,INR,UPI,Dining,Bengaluru,D00916-1,Success,11.32,15.38,No,1,0,0,0,1,2025-04-25 10:22:45,44465.13333333333,1,Bengaluru,0,0,0,1,2025-04-25 10:22:45,30.878564814814816,1
T00019862,A001319,C00916,B003,2025-10-19 04:27:40,Debit,36883.1,INR,Card,E-Commerce,Bengaluru,D00916-1,Success,5.03,29.27,No,1,0,0,0,1,2025-08-15 07:53:38,93394.03333333334,1,Bengaluru,0,0,0,1,2025-08-15 07:53:38,64.8569675925926,1
T00007724,A001321,C00917,B011,2025-09-15 06:41:02,Credit,25690.72,INR,Net Banking,Transfer,Bengaluru,D00917-1,Success,7.3,2.58,No,1,0,0,0,1,2025-07-30 00:20:55,68060.11666666667,1,Bengaluru,1,0,0,1,2025-07-30 00:20:55,47.26396990740741,1
T00010608,A001324,C00919,B024,2025-08-29 16:43:51,Credit,25624.0,INR,UPI,Transfer,Delhi,D00919-1,Success,30.72,13.85,No,1,0,0,0,1,2025-06-27 18:05:28,90638.38333333333,1,Delhi,0,0,0,1,2025-06-27 18:05:28,62.94332175925926,1
T00011059,A001324,C00919,B024,2026-06-18 03:00:41,Credit,23801.61,INR,Net Banking,Utilities,Delhi,D00919-1,Success,6.08,17.81,No,1,0,0,0,1,2026-05-14 04:45:38,50295.05,1,Delhi,0,0,0,1,2026-05-14 04:45:38,34.92711805555555,1
T00011203,A001328,C00922,B006,2024-09-05 08:07:35,Debit,28574.92,INR,UPI,Travel,Hyderabad,D00922-1,Success,13.05,28.98,No,1,0,0,0,1,2024-07-11 09:57:23,80530.2,1,Hyderabad,0,0,0,0,2024-07-11 09:57:23,55.92375,1
T00013710,A001328,C00922,B006,2025-03-26 15:53:37,Debit,31037.08,INR,UPI,ATM,Hyderabad,D00922-1,Success,5.81,2.71,No,1,0,0,0,1,2025-02-03 22:31:46,73041.85,1,Hyderabad,0,0,0,0,2025-02-03 22:31:46,50.723506944444445,1
T00005354,A001330,C00924,B013,2026-04-23 08:38:30,Credit,27631.41,USD,Mobile Banking,Healthcare,Pune,D00924-1,Success,13.35,25.36,No,1,0,0,0,1,2025-11-20 22:30:41,220927.81666666668,1,Pune,0,0,1,1,2025-11-20 22:30:41,153.4220949074074,1
T00013493,A001333,C00926,B025,2024-12-29 07:58:44,Debit,42893.91,INR,Net Banking,Grocery,Chennai,D00926-1,Failed,3.1,3.9,No,1,0,0,1,2,2024-10-18 14:53:29,103265.25,1,Chennai,0,0,0,1,2024-10-18 14:53:29,71.71197916666667,1
T00024466,A001338,C00931,B004,2026-01-17 02:53:16,Credit,20853.02,INR,UPI,Travel,Pune,D00931-1,Failed,21.04,15.12,No,1,0,0,1,2,2025-12-15 17:51:03,46622.21666666667,1,Pune,0,0,0,0,2025-12-15 17:51:03,32.376539351851854,1
T00007107,A001338,C00931,B004,2026-08-15 08:46:33,Credit,23715.42,INR,Card,Healthcare,Pune,D00931-1,Success,3.98,23.66,No,1,0,0,0,1,2026-06-16 09:52:34,86333.98333333334,1,Pune,0,0,0,0,2026-06-16 09:52:34,59.95415509259259,1
T00016705,A001343,C00935,B023,2024-11-30 08:13:37,Debit,25265.94,INR,UPI,Dining,Hyderabad,D00935-1,Success,26.23,13.2,No,1,0,0,0,1,2024-10-05 19:23:33,79970.06666666667,1,Hyderabad,0,0,0,1,2024-10-05 19:23:33,55.53476851851852,1
T00004797,A001346,C00937,B002,2024-03-20 03:31:54,Debit,20192.55,INR,Card,Transfer,Chennai,D00937-1,Failed,0.46,17.63,No,1,0,0,1,2,2024-01-12 15:18:34,97213.33333333333,1,Chennai,0,0,1,0,2024-01-12 15:18:34,67.50925925925925,1
T00000209,A001353,C00942,B021,2026-04-27 09:30:21,Credit,21810.71,INR,UPI,Utilities,Kochi,D00942-1,Success,6.7,20.11,No,1,0,0,0,1,2026-03-24 14:54:41,48635.666666666664,1,Kochi,0,0,1,1,2026-03-24 14:54:41,33.77476851851852,1
T00000072,A001356,C00943,B022,2025-06-10 09:59:41,Debit,37808.3,INR,Mobile Banking,Dining,Hyderabad,D00943-1,Success,24.07,5.42,No,1,0,0,0,1,2025-04-30 23:03:52,58255.816666666666,1,Hyderabad,0,0,0,1,2025-04-30 23:03:52,40.455428240740744,1
T00018524,A001356,C00943,B022,2025-11-14 16:28:38,Debit,27049.59,INR,Mobile Banking,Electronics,Hyderabad,D00943-1,Success,29.96,9.21,No,1,0,0,0,1,2025-10-13 23:36:14,45652.4,1,Hyderabad,0,0,0,1,2025-10-13 23:36:14,31.703055555555554,1
T00001682,A001357,C00944,B011,2025-04-17 05:30:32,Debit,35534.4,INR,Branch,E-Commerce,Hyderabad,D00944-1,Failed,9.17,23.97,No,1,0,0,1,2,2025-02-27 06:54:51,70475.68333333333,1,Hyderabad,0,0,1,1,2025-02-27 06:54:51,48.94144675925926,1
T00007457,A001360,C00947,B006,2024-08-07 23:54:08,Debit,20946.75,INR,ATM,Utilities,Hyderabad,D00947-1,Success,20.97,22.54,No,1,0,0,0,1,2024-06-22 01:19:50,67594.3,1,Hyderabad,0,0,0,1,2024-06-22 01:19:50,46.94048611111111,1
T00004588,A001374,C00956,B001,2024-11-13 10:17:15,Debit,50777.97,INR,Mobile Banking,E-Commerce,Bengaluru,D00956-1,Success,24.89,6.84,No,1,0,0,0,1,2024-10-05 02:29:17,56627.96666666667,1,Bengaluru,0,0,0,0,2024-10-05 02:29:17,39.32497685185185,1
T00018525,A001377,C00958,B016,2025-06-24 16:15:08,Credit,60984.72,INR,Card,ATM,Delhi,D00958-1,Success,12.93,19.62,No,1,0,0,0,1,2025-03-29 19:32:51,125082.28333333334,1,Delhi,0,0,0,1,2025-03-29 19:32:51,86.86269675925926,1
T00004780,A001379,C00959,B023,2024-03-27 13:56:59,Debit,20293.97,INR,Mobile Banking,Travel,Mumbai,D00959-1,Failed,24.31,9.35,No,1,0,0,1,2,2024-02-15 07:22:05,59434.9,1,Mumbai,0,0,0,1,2024-02-15 07:22:05,41.27423611111111,1
T00015201,A001379,C00959,B023,2025-03-01 04:05:33,Debit,33561.54,INR,ATM,Dining,Mumbai,D00959-1,Success,22.42,28.46,No,1,0,0,0,1,2024-12-12 16:45:49,112999.73333333334,1,Mumbai,0,0,0,1,2024-12-12 16:45:49,78.47203703703704,1
T00016795,A001381,C00960,B004,2024-06-19 20:21:33,Debit,47352.64,INR,Card,Transfer,Hyderabad,D00960-1,Success,7.04,16.63,No,1,0,0,0,1,2024-05-12 20:11:13,54730.333333333336,1,Hyderabad,0,0,0,1,2024-05-12 20:11:13,38.00717592592593,1
T00026164,A001382,C00961,B023,2025-12-18 00:00:00,Debit,65072.91,INR,Mobile Banking,Transfer,Pune,D00961-2,Success,20.0,12.0,Yes,1,0,0,0,1,2025-10-21 01:32:07,83427.88333333333,1,Pune,1,0,0,0,2025-10-21 01:32:07,57.936030092592596,1
T00024267,A001384,C00962,B015,2025-04-15 02:40:24,Debit,24055.26,INR,ATM,Fuel,Pune,D00962-1,Success,18.93,13.1,No,1,0,0,0,1,2025-01-04 23:25:47,144194.61666666667,1,Pune,0,1,1,0,2025-01-04 23:25:47,100.13515046296297,1
T00021031,A001387,C00965,B002,2026-04-17 02:04:46,Credit,25681.93,INR,Card,Dining,Kochi,D00965-1,Success,25.55,9.07,No,1,0,0,0,1,2026-02-25 17:28:43,72516.05,1,Kochi,0,0,0,1,2026-02-25 17:28:43,50.35836805555556,1
T00018262,A001388,C00966,B010,2025-12-21 09:00:39,Debit,21369.36,INR,UPI,Dining,Kolkata,D00966-1,Success,17.23,20.14,No,1,0,0,0,1,2025-09-04 05:16:42,155743.95,1,Kolkata,0,0,0,0,2025-09-04 05:16:42,108.15552083333333,1
T00015604,A001390,C00967,B006,2026-07-30 18:26:41,Credit,25946.71,INR,UPI,E-Commerce,Delhi,D00967-1,Success,34.92,4.12,No,1,0,0,0,1,2026-06-29 23:21:26,44345.25,1,Delhi,0,0,0,1,2026-06-29 23:21:26,30.7953125,1
T00005384,A001397,C00972,B012,2024-10-23 13:28:05,Credit,34862.33,INR,UPI,Electronics,Mumbai,D00972-1,Success,11.46,13.56,No,1,0,0,0,1,2024-09-17 12:48:51,51879.23333333333,1,Mumbai,0,0,1,1,2024-09-17 12:48:51,36.02724537037037,1
T00000495,A001396,C00972,B012,2026-08-20 11:40:28,Debit,22808.51,INR,Net Banking,E-Commerce,Mumbai,D00972-1,Success,11.89,17.4,No,1,0,0,0,1,2026-07-21 09:59:40,43300.8,1,Mumbai,0,0,1,1,2026-07-21 09:59:40,30.07,1
T00002418,A001404,C00977,B018,2025-03-02 22:51:32,Debit,33708.05,INR,Card,E-Commerce,Kochi,D00977-1,Success,21.98,7.09,No,1,0,0,0,1,2024-07-26 09:22:56,316168.6,1,Kochi,0,0,0,0,2024-07-26 09:22:56,219.56152777777777,1
T00021143,A001404,C00977,B018,2025-05-19 14:52:21,Debit,51947.22,INR,Net Banking,Fuel,Kochi,D00977-1,Success,7.52,19.65,No,1,0,0,0,1,2025-03-02 22:51:32,111840.81666666667,1,Kochi,0,0,0,0,2025-03-02 22:51:32,77.6672337962963,1
T00024429,A001405,C00978,B018,2025-09-02 08:57:37,Debit,23778.9,INR,UPI,Transfer,Pune,D00978-1,Success,30.38,13.6,No,1,0,0,0,1,2025-07-02 06:08:11,89449.43333333333,1,Pune,0,0,0,0,2025-07-02 06:08:11,62.117662037037036,1
T00001439,A001405,C00978,B018,2026-05-28 23:39:32,Debit,24549.76,INR,UPI,Dining,Pune,D00978-1,Success,17.33,8.19,No,1,0,0,0,1,2025-12-18 00:03:37,233255.91666666666,1,Pune,0,0,0,0,2025-12-18 00:03:37,161.98327546296295,1
T00022878,A001407,C00979,B015,2025-01-27 18:29:56,Debit,22880.14,INR,Mobile Banking,Electronics,Mumbai,D00979-1,Success,19.76,22.88,No,1,0,0,0,1,2024-09-10 16:43:02,200266.9,1,Mumbai,0,0,0,0,2024-09-10 16:43:02,139.0742361111111,1
T00006103,A001408,C00980,B013,2026-05-07 15:22:20,Debit,29542.33,INR,UPI,ATM,Chennai,D00980-1,Success,30.53,19.33,No,1,0,0,0,1,2026-04-06 14:28:34,44693.76666666667,1,Chennai,0,0,0,0,2026-04-06 14:28:34,31.03733796296296,1
T00018219,A001410,C00981,B014,2026-08-02 22:56:45,Debit,31042.41,INR,UPI,Utilities,Chennai,D00981-1,Success,5.44,4.44,No,1,0,0,0,1,2026-06-08 00:47:37,80529.13333333333,1,Chennai,0,0,1,0,2026-06-08 00:47:37,55.92300925925926,1
T00018516,A001412,C00983,B007,2025-06-06 07:03:48,Debit,20551.18,INR,UPI,Fuel,Chennai,D00983-1,Failed,25.44,27.41,No,1,0,0,1,2,2025-04-11 08:24:02,80559.76666666666,1,Chennai,1,0,1,0,2025-04-11 08:24:02,55.94428240740741,1
T00009493,A001412,C00983,B007,2026-01-20 16:49:17,Debit,20063.16,INR,Branch,Fuel,Chennai,D00983-1,Success,6.35,19.94,No,1,0,0,0,1,2025-12-03 11:02:32,69466.75,1,Chennai,1,0,1,0,2025-12-03 11:02:32,48.24079861111111,1
T00018308,A001416,C00986,B013,2026-01-04 07:14:27,Debit,24134.92,INR,ATM,ATM,Madurai,D00986-1,Success,2.85,9.01,No,1,0,0,0,1,2025-10-28 07:44:50,97889.61666666667,1,Madurai,0,0,0,1,2025-10-28 07:44:50,67.97890046296297,1
T00015245,A001419,C00988,B013,2025-05-29 21:11:24,Credit,28294.24,INR,UPI,E-Commerce,Mumbai,D00988-1,Success,20.3,14.54,No,1,0,0,0,1,2025-04-28 11:21:38,45229.76666666667,1,Mumbai,0,0,0,0,2025-04-28 11:21:38,31.409560185185185,1
T00023040,A001419,C00988,B013,2026-01-21 14:22:50,Debit,21634.77,INR,UPI,Transfer,Mumbai,D00988-1,Success,14.95,23.53,No,1,0,0,0,1,2025-12-22 10:14:48,43448.03333333333,1,Mumbai,0,0,0,0,2025-12-22 10:14:48,30.17224537037037,1
T00022268,A001421,C00989,B025,2025-12-05 07:16:00,Debit,29416.93,INR,Mobile Banking,Electronics,Kolkata,D00989-1,Success,17.85,8.0,No,1,0,0,0,1,2025-10-17 07:50:02,70525.96666666666,1,Kolkata,0,0,0,0,2025-10-17 07:50:02,48.97636574074074,1
T00018032,A001428,C00994,B006,2024-08-15 18:59:18,Credit,20583.5,INR,Net Banking,Fuel,Chennai,D00994-1,Success,31.96,18.91,No,1,0,0,0,1,2024-06-17 22:47:26,84731.86666666667,1,Chennai,0,0,0,0,2024-06-17 22:47:26,58.841574074074074,1
T00010424,A001434,C00999,B012,2026-01-17 19:15:01,Credit,37642.17,INR,UPI,Grocery,Hyderabad,D00999-1,Success,28.93,26.59,No,1,0,0,0,1,2025-07-02 06:09:24,287345.61666666664,1,Hyderabad,0,0,0,1,2025-07-02 06:09:24,199.54556712962963,1
