customer_id,customer_name,customer_segment,city,state,annual_income,declared_risk_segment,total_transactions,total_transaction_value,transaction_fee_revenue,transaction_operational_cost,net_transaction_profit,number_of_accounts,total_account_balance,monthly_account_service_cost,annual_account_service_cost,total_complaints,complaint_service_cost,total_loans,total_loan_amount,total_outstanding_balance,estimated_interest_revenue,defaulted_loans,total_payments_made,payment_records,delayed_payment_records,max_days_late,suspicious_transactions,max_fraud_risk_score,confirmed_fraud_transactions,customer_fraud_risk_level,max_loan_risk_score,average_loan_risk_score,customer_loan_risk_level,customer_revenue,customer_operational_cost,customer_profit,profit_margin_pct,profitability_segment,high_value_customer_flag,combined_risk_level,customer_value_category
C00001,Sanjay Verma,Retail,Pune,Maharashtra,17373.0,Low,19,97878.16,333.25,243.82,89.43,1,23366.27,110.17,1322.04,1.0,180.3,0.0,0.0,0.0,0.0,0.0,0.0,0.0,0.0,0.0,0,0,0,Low,0.0,0.0,,333.25,1746.1599999999999,-1412.9099999999999,-423.9789947486871,Loss Making,0,Low,Low Value - Low/Medium Risk
C00002,Deepa Rao,Mass Affluent,Kochi,Kerala,48703.0,Low,32,246537.94,507.47,469.92,37.55000000000001,2,116501.6,139.76,1677.12,0.0,0.0,1.0,1806925.33,1262215.49,156514.72076,0.0,2252696.44,24.0,22.0,10.0,0,30,0,Medium,25.0,25.0,Medium,157022.19076,2147.04,154875.15076,98.6326518630213,High Profit,0,Medium,Low Value - Low/Medium Risk
C00003,Rohit Sharma,Premium,Kolkata,West Bengal,142189.0,Medium,30,254059.78,585.38,425.75,159.63,2,172156.81,275.85,3310.2000000000003,4.0,1885.45,0.0,0.0,0.0,0.0,0.0,0.0,0.0,0.0,0.0,0,30,0,Medium,0.0,0.0,,585.38,5621.400000000001,-5036.02,-860.2992927670915,Loss Making,0,Medium,Low Value - Low/Medium Risk
C00004,Rahul Singh,Retail,Kolkata,West Bengal,35173.0,Medium,41,280049.4,742.67,762.25,-19.58000000000004,2,528493.62,313.89,3766.68,3.0,618.84,1.0,109716.15,74916.94,15934.833138,0.0,78180.38,24.0,24.0,10.0,0,35,0,Medium,70.0,70.0,Critical,16677.503138,5147.77,11529.733138,69.13344906965892,Medium Profit,1,Critical,High Value - High Risk
C00005,Vishal Verma,Retail,Mumbai,Maharashtra,65051.0,Low,26,156373.11,436.23,369.39,66.84000000000003,1,319384.04,56.53,678.36,2.0,840.53,1.0,262340.01,82838.0,12856.4576,0.0,77666.48,10.0,9.0,10.0,0,30,0,Medium,35.0,35.0,Medium,13292.6876,1888.28,11404.407599999999,85.79459581973475,Medium Profit,1,Medium,High Value - Low/Medium Risk
C00006,Meena Iyer,Retail,Hyderabad,Telangana,25706.0,Low,47,369184.77,995.8,726.98,268.81999999999994,2,107220.08,270.89,3250.68,1.0,83.32,1.0,1645034.15,458940.06,77560.87014,1.0,1351485.9100000001,22.0,20.0,58.0,0,30,0,Medium,70.0,70.0,Critical,78556.67014,4060.98,74495.69014,94.83050899081809,High Profit,1,Critical,High Value - High Risk
C00007,Kavya Rao,Mass Affluent,Hyderabad,Telangana,50165.0,Medium,45,414626.18,679.49,764.73,-85.24000000000001,2,71056.54000000001,180.35999999999999,2164.3199999999997,0.0,0.0,0.0,0.0,0.0,0.0,0.0,0.0,0.0,0.0,0.0,0,20,0,Medium,0.0,0.0,,679.49,2929.0499999999997,-2249.5599999999995,-331.0659465187125,Loss Making,1,Medium,High Value - Low/Medium Risk
C00008,Anitha Gupta,Mass Affluent,Pune,Maharashtra,51752.0,Low,24,98068.27,430.52,341.21,89.31,1,68324.76,101.17,1214.04,2.0,311.79,1.0,899386.34,503658.96,65223.835320000006,0.0,325203.02999999997,7.0,7.0,10.0,0,5,0,Low,25.0,25.0,Medium,65654.35532,1867.04,63787.31532,97.15625872662974,High Profit,0,Medium,Low Value - Low/Medium Risk
C00009,Lakshmi Kumar,Retail,Chennai,Tamil Nadu,26063.0,Low,17,97727.59,239.81,199.14,40.670000000000016,1,46924.48,120.15,1441.8000000000002,1.0,300.14,0.0,0.0,0.0,0.0,0.0,0.0,0.0,0.0,0.0,0,0,0,Low,0.0,0.0,,239.81,1941.08,-1701.27,-709.4241274342187,Loss Making,0,Low,Low Value - Low/Medium Risk
C00010,Kavya Gupta,Retail,Bengaluru,Karnataka,43548.0,Medium,26,192137.11000000002,426.46,467.32,-40.860000000000014,1,87806.64,127.68,1532.16,4.0,1697.67,1.0,1094741.95,329562.9,61661.21859000001,1.0,1068081.06,10.0,10.0,59.0,0,20,0,Medium,70.0,70.0,Critical,62087.67859000001,3697.15,58390.52859000001,94.04527583578319,High Profit,0,Critical,Low Value - High Risk
C00011,Ajay Iyer,Retail,Bengaluru,Karnataka,57234.0,Low,18,100441.4,371.37,292.27,79.10000000000002,1,168823.47,54.11,649.3199999999999,1.0,281.29,1.0,1349357.03,883309.32,157405.720824,0.0,1839576.9100000001,24.0,21.0,10.0,0,30,0,Medium,35.0,35.0,Medium,157777.09082399998,1222.8799999999999,156554.21082399998,99.2249318366732,High Profit,0,Medium,Low Value - Low/Medium Risk
C00012,Deepa Singh,Senior Citizen,Coimbatore,Tamil Nadu,29821.0,Medium,20,305992.53,336.76,270.84,65.92000000000002,1,35312.24,71.8,861.5999999999999,1.0,607.36,1.0,837582.26,355280.65,46399.65289,1.0,484995.74,24.0,24.0,60.0,4,70,4,Critical,70.0,70.0,Critical,46736.41289,1739.7999999999997,44996.61289,96.27742076805329,High Profit,1,Critical,High Value - High Risk
C00013,Arun Gupta,Retail,Madurai,Tamil Nadu,66300.0,Low,18,306866.47000000003,283.14,263.09000000000003,20.049999999999955,1,128547.28,124.56,1494.72,4.0,2450.12,0.0,0.0,0.0,0.0,0.0,0.0,0.0,0.0,0.0,5,70,2,Critical,0.0,0.0,,283.14,4207.93,-3924.7900000000004,-1386.1658543476726,Loss Making,1,Critical,High Value - High Risk
C00014,Deepa Kumar,Retail,Pune,Maharashtra,41915.0,Low,34,304260.45,663.26,537.32,125.93999999999994,2,195155.2,97.85,1174.1999999999998,2.0,912.36,1.0,1411273.57,861614.36,133722.548672,0.0,1628948.17,12.0,11.0,10.0,0,30,0,Medium,35.0,35.0,Medium,134385.808672,2623.88,131761.928672,98.04750216862243,High Profit,1,Medium,High Value - Low/Medium Risk
C00015,Karthik Verma,Mass Affluent,Delhi,Delhi,30471.0,Low,22,449022.36,474.08,336.91,137.16999999999996,1,14560.3,23.79,285.48,2.0,833.73,0.0,0.0,0.0,0.0,0.0,0.0,0.0,0.0,0.0,6,70,6,Critical,0.0,0.0,,474.08,1456.1200000000001,-982.0400000000002,-207.14647316908543,Loss Making,1,Critical,High Value - High Risk
C00016,Sanjay Iyer,Mass Affluent,Hyderabad,Telangana,70828.0,Low,21,135607.69,323.04,350.4,-27.359999999999957,1,643735.22,157.02,1884.2400000000002,2.0,545.1700000000001,1.0,803216.17,160136.68,26598.702547999997,0.0,799659.52,24.0,19.0,9.0,0,25,0,Medium,35.0,35.0,Medium,26921.742548,2779.8100000000004,24141.932547999997,89.67447966994057,Medium Profit,1,Medium,High Value - Low/Medium Risk
C00017,Deepa Nair,Retail,Hyderabad,Telangana,47520.0,Low,17,93788.05,290.3,291.41,-1.1100000000000136,1,173933.87,145.0,1740.0,2.0,658.2299999999999,0.0,0.0,0.0,0.0,0.0,0.0,0.0,0.0,0.0,0,25,0,Medium,0.0,0.0,,290.3,2689.64,-2399.3399999999997,-826.5036169479847,Loss Making,0,Medium,Low Value - Low/Medium Risk
C00018,Deepa Reddy,Sme Owner,Bengaluru,Karnataka,72107.0,Low,20,122363.27,376.6,337.8,38.80000000000001,1,113925.91,64.17,770.04,3.0,781.3199999999999,0.0,0.0,0.0,0.0,0.0,0.0,0.0,0.0,0.0,0,35,0,Medium,0.0,0.0,,376.6,1889.1599999999999,-1512.56,-401.6356877323419,Loss Making,0,Medium,Low Value - Low/Medium Risk
C00019,Vijay Rao,Sme Owner,Hyderabad,Telangana,28218.0,Low,28,179375.59,501.58,444.85,56.72999999999996,1,160318.59,151.89,1822.6799999999998,2.0,923.29,0.0,0.0,0.0,0.0,0.0,0.0,0.0,0.0,0.0,0,30,0,Medium,0.0,0.0,,501.58,3190.8199999999997,-2689.24,-536.1537541369273,Loss Making,0,Medium,Low Value - Low/Medium Risk
C00020,Vijay Sharma,Mass Affluent,Madurai,Tamil Nadu,58676.0,Low,35,255171.62,615.6800000000001,543.59,72.09000000000003,2,242929.05,282.22,3386.6400000000003,0.0,0.0,0.0,0.0,0.0,0.0,0.0,0.0,0.0,0.0,0.0,0,20,0,Medium,0.0,0.0,,615.6800000000001,3930.2300000000005,-3314.55,-538.3559641372141,Loss Making,0,Medium,Low Value - Low/Medium Risk
C00021,Deepa Sharma,Retail,Mumbai,Maharashtra,38199.0,Medium,29,554883.7,493.63,424.23,69.39999999999998,1,40861.08,60.86,730.3199999999999,1.0,665.83,0.0,0.0,0.0,0.0,0.0,0.0,0.0,0.0,0.0,3,70,3,Critical,0.0,0.0,,493.63,1820.38,-1326.75,-268.77418309259974,Loss Making,1,Critical,High Value - High Risk
C00022,Rohit Nair,Sme Owner,Mumbai,Maharashtra,76828.0,Medium,30,242151.46,520.53,389.8,130.72999999999996,2,76955.91,231.3,2775.6000000000004,1.0,483.95,1.0,309207.63,0.0,0.0,0.0,109622.54000000001,10.0,9.0,10.0,0,10,0,Low,50.0,50.0,High,520.53,3649.3500000000004,-3128.8200000000006,-601.083511036828,Loss Making,0,High,Low Value - High Risk
C00023,Divya Singh,Senior Citizen,Chennai,Tamil Nadu,24950.0,Low,19,191124.32,317.96,280.83,37.129999999999995,1,95135.81,111.83,1341.96,5.0,1951.84,1.0,330362.82,301888.94,53856.986896,1.0,184829.08,17.0,16.0,46.0,0,30,0,Medium,80.0,80.0,Critical,54174.946896,3574.63,50600.316896000004,93.40169173241233,High Profit,0,Critical,Low Value - High Risk
C00024,Rahul Reddy,Sme Owner,Bengaluru,Karnataka,41307.0,Low,18,139076.48,237.14000000000001,215.51,21.630000000000024,1,190171.26,162.3,1947.6000000000001,1.0,70.8,1.0,1438784.08,0.0,0.0,0.0,1310388.59,24.0,24.0,10.0,0,20,0,Medium,25.0,25.0,Medium,237.14000000000001,2233.9100000000003,-1996.7700000000002,-842.0215906215738,Loss Making,0,Medium,Low Value - Low/Medium Risk
C00025,Vijay Sharma,Retail,Hyderabad,Telangana,43811.0,Low,46,495487.41000000003,986.86,623.94,362.91999999999996,3,370191.69,320.46000000000004,3845.5200000000004,1.0,499.18,1.0,1932918.89,1734777.59,304453.46704500006,1.0,388045.56,4.0,4.0,19.0,2,40,0,High,70.0,70.0,Critical,305440.32704500004,4968.640000000001,300471.687045,98.37328618389411,High Profit,1,Critical,High Value - High Risk
C00026,Suresh Nair,Student,Chennai,Tamil Nadu,60610.0,High,17,271694.2,295.48,274.57,20.910000000000025,1,241062.55,159.29,1911.48,1.0,699.43,0.0,0.0,0.0,0.0,0.0,0.0,0.0,0.0,0.0,3,70,3,Critical,0.0,0.0,,295.48,2885.48,-2590.0,-876.5398673345064,Loss Making,0,Critical,Low Value - High Risk
C00027,Pooja Singh,Premium,Pune,Maharashtra,177512.0,Low,61,504726.91000000003,1011.25,955.91,55.34000000000003,3,223992.88,195.94,2351.2799999999997,1.0,539.34,1.0,1532067.6,1136212.94,170772.80488199997,0.0,266379.58,6.0,6.0,10.0,0,25,0,Medium,35.0,35.0,Medium,171784.05488199997,3846.5299999999997,167937.52488199997,97.76083408751633,High Profit,1,Medium,High Value - Low/Medium Risk
C00028,Ajay Reddy,Retail,Mumbai,Maharashtra,147795.0,Low,15,142036.03,230.03,223.35000000000002,6.679999999999978,1,59972.96,56.7,680.4000000000001,3.0,1264.73,1.0,313766.89,56813.11,8578.77961,0.0,409458.36,24.0,20.0,10.0,0,30,0,Medium,40.0,40.0,Medium,8808.80961,2168.48,6640.329610000001,75.38282587537955,Medium Profit,0,Medium,Low Value - Low/Medium Risk
C00029,Anitha Nair,Premium,Kochi,Kerala,51837.0,Low,37,479274.33999999997,586.89,553.41,33.48000000000002,2,259441.34,142.65,1711.8000000000002,4.0,1431.2,1.0,170380.87,146782.48,20578.903696,0.0,96328.37,24.0,22.0,10.0,0,35,0,Medium,30.0,30.0,Medium,21165.793696,3696.41,17469.383696,82.53592540355072,Medium Profit,1,Medium,High Value - Low/Medium Risk
C00030,Karthik Reddy,Retail,Kochi,Kerala,67871.0,Low,19,155538.77,320.17,309.46,10.710000000000036,1,220856.17,138.71,1664.52,3.0,1354.98,1.0,1493194.18,0.0,0.0,0.0,1085131.8,18.0,18.0,10.0,0,30,0,Medium,35.0,35.0,Medium,320.17,3328.96,-3008.79,-939.7476340694005,Loss Making,0,Medium,Low Value - Low/Medium Risk
C00031,Geetha Singh,Sme Owner,Kolkata,West Bengal,21281.0,Low,47,330168.46,775.74,619.9,155.84000000000003,2,134749.61000000002,155.53,1866.3600000000001,2.0,1160.88,1.0,177889.43,0.0,0.0,0.0,82530.06,9.0,7.0,10.0,0,20,0,Medium,30.0,30.0,Medium,775.74,3647.1400000000003,-2871.4000000000005,-370.1497924562354,Loss Making,1,Medium,High Value - Low/Medium Risk
C00032,Meena Gupta,Senior Citizen,Mumbai,Maharashtra,55989.0,Low,18,163624.56,313.15,308.72,4.42999999999995,1,6923.93,41.5,498.0,1.0,459.91,1.0,610835.37,469092.34,73741.31584800001,1.0,337141.77,18.0,18.0,59.0,0,30,0,Medium,70.0,70.0,Critical,74054.465848,1266.63,72787.835848,98.289596737353,High Profit,0,Critical,Low Value - High Risk
C00033,Vishal Rao,Sme Owner,Pune,Maharashtra,80315.0,Medium,21,294331.08,253.5,291.28,-37.77999999999997,1,129736.17,96.45,1157.4,2.0,817.6800000000001,1.0,140051.09,56032.61,8584.195852,1.0,64536.68,20.0,19.0,57.0,5,70,2,Critical,70.0,70.0,Critical,8837.695852,2266.36,6571.335852,74.35575926176374,Medium Profit,1,Critical,High Value - High Risk
C00034,Kavya Patel,Senior Citizen,Delhi,Delhi,92875.0,Low,40,489196.25,687.06,666.41,20.649999999999977,2,200389.43000000002,192.11,2305.32,0.0,0.0,1.0,1205059.9,622906.49,118227.651802,0.0,805106.77,24.0,22.0,10.0,0,35,0,Medium,60.0,60.0,High,118914.71180199999,2971.73,115942.981802,97.50095681605141,High Profit,1,High,High Value - High Risk
C00035,Anitha Nair,Retail,Pune,Maharashtra,48282.0,Low,14,92913.76,227.65,216.69,10.960000000000008,1,53014.08,139.67,1676.04,2.0,1137.87,1.0,483446.12,95548.6,13481.90746,1.0,229919.27,22.0,21.0,57.0,0,20,0,Medium,70.0,70.0,Critical,13709.55746,3030.6,10678.95746,77.89425363406296,Medium Profit,0,Critical,Low Value - High Risk
C00036,Naveen Gupta,Senior Citizen,Delhi,Delhi,137790.0,Medium,27,400119.9,505.67,435.55,70.12,2,464889.74,290.36,3484.32,3.0,1201.67,1.0,821764.67,0.0,0.0,0.0,354602.69,8.0,8.0,10.0,0,35,0,Medium,25.0,25.0,Medium,505.67,5121.540000000001,-4615.870000000001,-912.8225918088873,Loss Making,1,Medium,High Value - Low/Medium Risk
C00037,Arun Iyer,Senior Citizen,Kolkata,West Bengal,63006.0,Low,18,134675.25,255.72,297.2,-41.47999999999999,1,147225.44,60.85,730.2,1.0,268.16,1.0,1617073.39,1376328.27,239894.017461,1.0,826653.75,21.0,21.0,54.0,0,30,0,Medium,70.0,70.0,Critical,240149.737461,1295.5600000000002,238854.177461,99.46051991824044,High Profit,0,Critical,Low Value - High Risk
C00038,Kavya Kumar,Premium,Pune,Maharashtra,207172.0,Low,34,252377.15,482.33000000000004,516.59,-34.25999999999999,2,167622.95,185.32000000000002,2223.84,2.0,1108.28,0.0,0.0,0.0,0.0,0.0,0.0,0.0,0.0,0.0,0,20,0,Medium,0.0,0.0,,482.33000000000004,3848.71,-3366.38,-697.9412435469492,Loss Making,0,Medium,Low Value - Low/Medium Risk
C00039,Suresh Kumar,Retail,Kolkata,West Bengal,36650.0,Low,17,105487.81999999999,306.02,264.59,41.43000000000001,1,86872.98,51.79,621.48,4.0,1602.3400000000001,1.0,178020.92,122946.75,14950.3248,0.0,221422.5,24.0,21.0,10.0,0,35,0,Medium,25.0,25.0,Medium,15256.3448,2488.41,12767.9348,83.6893434658084,Medium Profit,0,Medium,Low Value - Low/Medium Risk
C00040,Ajay Reddy,Retail,Kolkata,West Bengal,49190.0,Low,34,272993.36,580.05,584.65,-4.600000000000023,2,303805.66,285.90999999999997,3430.9199999999996,1.0,392.47,1.0,1060372.66,0.0,0.0,0.0,1101686.15,24.0,23.0,10.0,1,40,0,High,50.0,50.0,High,580.05,4408.04,-3827.99,-659.941384363417,Loss Making,1,High,High Value - High Risk
C00041,Priya Kumar,Senior Citizen,Delhi,Delhi,37786.0,Low,38,331106.64,655.0,647.18,7.82000000000005,2,279002.31,99.42,1193.04,0.0,0.0,1.0,1658375.61,0.0,0.0,0.0,237383.56,5.0,5.0,10.0,0,25,0,Medium,25.0,25.0,Medium,655.0,1840.2199999999998,-1185.2199999999998,-180.94961832061065,Loss Making,1,Medium,High Value - Low/Medium Risk
C00042,Vijay Iyer,Premium,Kochi,Kerala,139006.0,Low,33,310750.95999999996,598.76,569.89,28.870000000000005,2,229304.76,74.3,891.5999999999999,2.0,518.4000000000001,1.0,315690.63,0.0,0.0,0.0,290082.78,24.0,21.0,10.0,0,35,0,Medium,25.0,25.0,Medium,598.76,1979.8899999999999,-1381.1299999999999,-230.6650410849088,Loss Making,1,Medium,High Value - Low/Medium Risk
C00043,Suresh Gupta,Retail,Delhi,Delhi,83036.0,Low,55,468605.99,883.85,876.47,7.3799999999999955,3,537882.5800000001,308.13,3697.56,1.0,104.92,1.0,1725290.08,0.0,0.0,0.0,335341.18,8.0,8.0,10.0,0,35,0,Medium,40.0,40.0,Medium,883.85,4678.95,-3795.1,-429.3828138258754,Loss Making,1,Medium,High Value - Low/Medium Risk
C00044,Suresh Kumar,Mass Affluent,Coimbatore,Tamil Nadu,24889.0,Low,62,496436.3,1065.13,1019.53,45.600000000000136,3,408155.66000000003,459.98,5519.76,1.0,291.97,1.0,862768.54,685635.27,114912.47125200002,1.0,465825.0,19.0,18.0,59.0,0,35,0,Medium,90.0,90.0,Critical,115977.60125200002,6831.26,109146.34125200003,94.10984541303212,High Profit,1,Critical,High Value - High Risk
C00045,Naveen Sharma,Student,Mumbai,Maharashtra,17748.0,Low,44,500586.76,908.17,640.29,267.88,2,148635.64,63.370000000000005,760.44,2.0,742.45,0.0,0.0,0.0,0.0,0.0,0.0,0.0,0.0,0.0,3,70,3,Critical,0.0,0.0,,908.17,2143.1800000000003,-1235.0100000000002,-135.98885671184914,Loss Making,1,Critical,High Value - High Risk
C00046,Suresh Reddy,Senior Citizen,Delhi,Delhi,37619.0,Low,25,139656.19,420.93,455.8,-34.870000000000005,1,98460.79,112.82,1353.84,2.0,949.3900000000001,1.0,428348.64,206174.17,29359.201808,0.0,409593.83,10.0,9.0,10.0,0,20,0,Medium,30.0,30.0,Medium,29780.131808000002,2759.0299999999997,27021.101808000003,90.73533314832802,Medium Profit,0,Medium,Low Value - Low/Medium Risk
C00047,Arun Patel,Retail,Pune,Maharashtra,45724.0,Medium,35,231903.41,544.75,428.46,116.29000000000002,2,383165.04000000004,194.29000000000002,2331.4800000000005,1.0,630.98,1.0,809763.57,584941.83,76627.37973,0.0,556829.12,13.0,10.0,10.0,0,25,0,Medium,30.0,30.0,Medium,77172.12973,3390.9200000000005,73781.20973,95.60603029634699,High Profit,1,Medium,High Value - Low/Medium Risk
C00048,Arun Rao,Retail,Bengaluru,Karnataka,52602.0,Low,54,533512.75,970.48,764.2,206.27999999999997,3,1557108.93,374.52,4494.24,5.0,1452.38,0.0,0.0,0.0,0.0,0.0,0.0,0.0,0.0,0.0,0,30,0,Medium,0.0,0.0,,970.48,6710.82,-5740.34,-591.4949303437475,Loss Making,1,Medium,High Value - Low/Medium Risk
C00049,Arun Singh,Mass Affluent,Delhi,Delhi,35529.0,Low,37,204194.47,613.46,496.62,116.84000000000003,2,1093609.4700000002,88.55000000000001,1062.6000000000001,4.0,1179.19,0.0,0.0,0.0,0.0,0.0,0.0,0.0,0.0,0.0,0,25,0,Medium,0.0,0.0,,613.46,2738.4100000000003,-2124.9500000000003,-346.3877025396929,Loss Making,1,Medium,High Value - Low/Medium Risk
C00050,Deepa Iyer,Retail,Madurai,Tamil Nadu,22089.0,Medium,34,277474.97,647.93,460.65999999999997,187.26999999999998,2,102476.08,89.62,1075.44,3.0,1090.32,0.0,0.0,0.0,0.0,0.0,0.0,0.0,0.0,0.0,0,30,0,Medium,0.0,0.0,,647.93,2626.42,-1978.4900000000002,-305.35551679965437,Loss Making,0,Medium,Low Value - Low/Medium Risk
C00051,Sanjay Patel,Sme Owner,Kochi,Kerala,85909.0,Low,17,131683.02000000002,291.69,259.31,32.379999999999995,1,187808.96,36.58,438.96,2.0,979.26,1.0,1162889.22,221450.26,38465.91016200001,0.0,685153.19,14.0,12.0,10.0,0,35,0,Medium,70.0,70.0,Critical,38757.60016200001,1677.53,37080.07016200001,95.67173923827012,High Profit,0,Critical,Low Value - High Risk
C00052,Priya Kumar,Student,Hyderabad,Telangana,93088.0,Low,62,409046.92,1053.8,1020.5,33.299999999999955,3,354886.92,169.18,2030.16,4.0,994.86,0.0,0.0,0.0,0.0,0.0,0.0,0.0,0.0,0.0,0,35,0,Medium,0.0,0.0,,1053.8,4045.52,-2991.7200000000003,-283.8982729170621,Loss Making,1,Medium,High Value - Low/Medium Risk
C00053,Naveen Iyer,Retail,Chennai,Tamil Nadu,53996.0,Low,44,318867.4,727.28,730.51,-3.230000000000018,2,451723.39,246.60000000000002,2959.2000000000003,1.0,212.39,1.0,156698.04,42145.99,6473.624063999999,0.0,126706.65,24.0,20.0,10.0,0,20,0,Medium,60.0,60.0,High,7200.9040639999985,3902.1,3298.8040639999986,45.81097088200284,Medium Profit,1,High,High Value - High Risk
C00054,Lakshmi Singh,Premium,Kolkata,West Bengal,31983.0,Low,56,515688.6,906.34,898.6899999999999,7.650000000000091,3,279175.27999999997,325.12,3901.44,1.0,157.26,1.0,515237.52,384408.67,64849.742629,1.0,175438.91,9.0,8.0,56.0,0,30,0,Medium,70.0,70.0,Critical,65756.082629,4957.39,60798.692629,92.46094079543956,High Profit,1,Critical,High Value - High Risk
C00055,Suresh Verma,Sme Owner,Kochi,Kerala,24640.0,Low,32,243670.37,537.07,541.11,-4.039999999999964,2,122003.6,191.39000000000001,2296.6800000000003,1.0,588.89,1.0,566489.82,322229.84,44371.048968,0.0,532428.4500000001,24.0,22.0,10.0,0,35,0,Medium,25.0,25.0,Medium,44908.118968,3426.6800000000003,41481.438968,92.36957574989562,High Profit,0,Medium,Low Value - Low/Medium Risk
C00056,Arun Gupta,Mass Affluent,Kochi,Kerala,23167.0,Low,31,219910.64,522.76,563.21,-40.450000000000045,2,380500.9,193.75,2325.0,2.0,918.17,1.0,342397.4,141978.28,16867.019664,0.0,254531.57,24.0,22.0,10.0,0,25,0,Medium,25.0,25.0,Medium,17389.779663999998,3806.38,13583.399663999997,78.11139604097515,Medium Profit,1,Medium,High Value - Low/Medium Risk
C00057,Suresh Nair,Mass Affluent,Bengaluru,Karnataka,35034.0,Low,13,81908.38,192.14000000000001,216.70000000000002,-24.560000000000002,1,141199.6,35.07,420.84000000000003,1.0,500.22,1.0,312366.27,0.0,0.0,0.0,247734.82,24.0,23.0,10.0,0,35,0,Medium,30.0,30.0,Medium,192.14000000000001,1137.7600000000002,-945.6200000000002,-492.151556156969,Loss Making,0,Medium,Low Value - Low/Medium Risk
C00058,Suresh Reddy,Mass Affluent,Bengaluru,Karnataka,55048.0,Low,15,82705.42,325.74,165.84,159.9,1,125685.41,69.79,837.48,0.0,0.0,0.0,0.0,0.0,0.0,0.0,0.0,0.0,0.0,0.0,0,20,0,Medium,0.0,0.0,,325.74,1003.32,-677.58,-208.0125253269479,Loss Making,0,Medium,Low Value - Low/Medium Risk
C00059,Rahul Verma,Retail,Chennai,Tamil Nadu,115994.0,Medium,19,103287.03,409.29,272.40999999999997,136.88000000000005,1,50840.18,74.36,892.3199999999999,3.0,1162.69,1.0,2287209.23,2064689.83,290914.79704700003,0.0,517635.07,8.0,7.0,8.0,0,0,0,Low,30.0,30.0,Medium,291324.087047,2327.42,288996.667047,99.20108906078045,High Profit,0,Medium,Low Value - Low/Medium Risk
C00060,Priya Sharma,Premium,Coimbatore,Tamil Nadu,26644.0,High,34,299892.47000000003,656.33,502.77,153.56000000000006,2,134952.87,56.26,675.12,2.0,691.61,1.0,172857.12,0.0,0.0,0.0,200380.14,12.0,11.0,10.0,1,40,0,High,35.0,35.0,Medium,656.33,1869.5,-1213.17,-184.84146694498193,Loss Making,1,High,High Value - High Risk
C00061,Pooja Iyer,Senior Citizen,Bengaluru,Karnataka,46623.0,Medium,34,223910.13999999998,476.43,510.01,-33.579999999999984,2,2194740.4499999997,250.32,3003.84,2.0,983.37,0.0,0.0,0.0,0.0,0.0,0.0,0.0,0.0,0.0,0,35,0,Medium,0.0,0.0,,476.43,4497.22,-4020.7900000000004,-843.9413974770691,Loss Making,1,Medium,High Value - Low/Medium Risk
C00062,Karthik Iyer,Retail,Pune,Maharashtra,52952.0,Low,15,80621.62,311.06,193.43,117.63,1,116811.99,179.57,2154.84,1.0,295.05,1.0,1683156.51,325771.87,61440.574682,1.0,603547.09,14.0,13.0,47.0,0,15,0,Low,75.0,75.0,Critical,61751.634681999996,2643.32,59108.314682,95.71943315571774,High Profit,0,Critical,Low Value - High Risk
C00063,Naveen Kumar,Mass Affluent,Hyderabad,Telangana,45323.0,High,48,605623.9299999999,765.4,715.54,49.860000000000014,2,125666.3,191.24,2294.88,1.0,486.09,0.0,0.0,0.0,0.0,0.0,0.0,0.0,0.0,0.0,0,30,0,Medium,0.0,0.0,,765.4,3496.51,-2731.11,-356.8212699242227,Loss Making,1,Medium,High Value - Low/Medium Risk
C00064,Divya Reddy,Mass Affluent,Chennai,Tamil Nadu,64849.0,Low,34,186832.66999999998,581.65,548.65,33.0,2,179196.59999999998,189.24,2270.88,2.0,318.75,1.0,110347.31,39229.85,6076.703765,0.0,65568.83,24.0,23.0,10.0,1,40,0,High,40.0,40.0,Medium,6658.353765,3138.28,3520.0737649999996,52.867028236070304,Medium Profit,0,High,Low Value - High Risk
C00065,Kavya Patel,Mass Affluent,Madurai,Tamil Nadu,26540.0,Medium,36,303575.99,614.52,643.9399999999999,-29.41999999999996,2,199045.81,274.35,3292.2000000000003,3.0,1019.88,1.0,1781761.71,0.0,0.0,0.0,2218347.9699999997,24.0,22.0,9.0,0,20,0,Medium,35.0,35.0,Medium,614.52,4956.02,-4341.5,-706.4863633404934,Loss Making,1,Medium,High Value - Low/Medium Risk
C00066,Pooja Iyer,Retail,Coimbatore,Tamil Nadu,41067.0,High,40,288567.86,824.87,612.9,211.97000000000003,2,265034.69,63.019999999999996,756.24,2.0,1204.9099999999999,0.0,0.0,0.0,0.0,0.0,0.0,0.0,0.0,0.0,0,20,0,Medium,0.0,0.0,,824.87,2574.0499999999997,-1749.1799999999998,-212.0552329457975,Loss Making,1,Medium,High Value - Low/Medium Risk
C00067,Naveen Rao,Retail,Pune,Maharashtra,12000.0,Low,17,214343.82,317.1,271.24,45.860000000000014,1,652405.62,177.5,2130.0,1.0,111.07,0.0,0.0,0.0,0.0,0.0,0.0,0.0,0.0,0.0,0,30,0,Medium,0.0,0.0,,317.1,2512.31,-2195.21,-692.2768842636392,Loss Making,1,Medium,High Value - Low/Medium Risk
C00068,Pooja Kumar,Student,Madurai,Tamil Nadu,39953.0,Low,51,364664.14,837.64,774.53,63.110000000000014,3,291355.88,406.70000000000005,4880.400000000001,0.0,0.0,1.0,2124040.72,0.0,0.0,0.0,2433886.96,12.0,12.0,10.0,0,30,0,Medium,30.0,30.0,Medium,837.64,5654.93,-4817.29,-575.1026694045174,Loss Making,1,Medium,High Value - Low/Medium Risk
C00069,Vishal Verma,Sme Owner,Bengaluru,Karnataka,30533.0,Low,21,193759.32,412.56,349.43,63.129999999999995,1,82977.58,172.85,2074.2,0.0,0.0,1.0,1616872.32,1003057.91,178444.00218900002,0.0,1222172.08,24.0,21.0,10.0,0,35,0,Medium,55.0,55.0,High,178856.56218900002,2423.6299999999997,176432.932189,98.6449309042187,High Profit,0,High,Low Value - High Risk
C00070,Deepa Gupta,Sme Owner,Madurai,Tamil Nadu,63571.0,High,32,236363.73,532.38,537.14,-4.759999999999991,2,109220.88,178.21,2138.52,3.0,315.68,1.0,80191.12,21587.27,2851.678367,0.0,74314.84,24.0,23.0,10.0,0,25,0,Medium,30.0,30.0,Medium,3384.058367,2991.3399999999997,392.7183670000004,11.604952527699721,Medium Profit,0,Medium,Low Value - Low/Medium Risk
C00071,Meena Singh,Student,Mumbai,Maharashtra,40264.0,Low,18,226841.65,329.06,313.33,15.730000000000018,1,121366.1,90.1,1081.1999999999998,0.0,0.0,1.0,493916.76,0.0,0.0,0.0,320812.66,24.0,21.0,10.0,0,25,0,Medium,35.0,35.0,Medium,329.06,1394.5299999999997,-1065.4699999999998,-323.79201361453835,Loss Making,0,Medium,Low Value - Low/Medium Risk
C00072,Divya Singh,Premium,Kolkata,West Bengal,54710.0,Low,11,63008.75,174.99,211.67,-36.67999999999998,1,149452.36,27.0,324.0,0.0,0.0,1.0,169813.84,54221.12,8019.303648000001,0.0,192513.84,12.0,12.0,10.0,0,5,0,Low,30.0,30.0,Medium,8194.293648,535.67,7658.623648000001,93.46288987177385,Medium Profit,0,Medium,Low Value - Low/Medium Risk
C00073,Arun Patel,Premium,Hyderabad,Telangana,51882.0,Low,12,61278.57,207.26,219.36,-12.100000000000023,1,43860.68,44.5,534.0,1.0,579.76,0.0,0.0,0.0,0.0,0.0,0.0,0.0,0.0,0.0,0,30,0,Medium,0.0,0.0,,207.26,1333.12,-1125.86,-543.2114252629547,Loss Making,0,Medium,Low Value - Low/Medium Risk
C00074,Sneha Verma,Retail,Hyderabad,Telangana,49810.0,Medium,18,162376.57,201.6,289.59,-87.98999999999998,1,18344.9,31.1,373.20000000000005,3.0,1542.79,0.0,0.0,0.0,0.0,0.0,0.0,0.0,0.0,0.0,0,30,0,Medium,0.0,0.0,,201.6,2205.58,-2003.98,-994.0376984126985,Loss Making,0,Medium,Low Value - Low/Medium Risk
C00075,Kavya Reddy,Premium,Delhi,Delhi,39644.0,Medium,21,146741.45,286.43,344.65,-58.21999999999997,1,145447.08,135.85,1630.1999999999998,3.0,1095.47,1.0,220752.17,164955.58,27481.599627999996,0.0,183686.6,24.0,21.0,10.0,0,20,0,Medium,35.0,35.0,Medium,27768.029627999997,3070.3199999999997,24697.709627999997,88.94296771815587,Medium Profit,0,Medium,Low Value - Low/Medium Risk
C00076,Meena Kumar,Retail,Madurai,Tamil Nadu,69985.0,Medium,17,63340.43,310.45,338.89,-28.439999999999998,1,53337.47,157.12,1885.44,1.0,107.83,0.0,0.0,0.0,0.0,0.0,0.0,0.0,0.0,0.0,0,10,0,Low,0.0,0.0,,310.45,2332.16,-2021.7099999999998,-651.2191979384764,Loss Making,0,Low,Low Value - Low/Medium Risk
C00077,Rohit Rao,Mass Affluent,Pune,Maharashtra,83678.0,Medium,38,262945.21,804.5699999999999,585.74,218.82999999999993,2,179878.01,221.45,2657.3999999999996,5.0,1565.6399999999999,1.0,119749.78,103825.24,14494.003504,0.0,51327.27,8.0,8.0,10.0,0,35,0,Medium,30.0,30.0,Medium,15298.573504,4808.779999999999,10489.793504000001,68.5671347152551,Medium Profit,0,Medium,Low Value - Low/Medium Risk
C00078,Meena Patel,Student,Mumbai,Maharashtra,188573.0,Low,16,113036.86,262.2,176.91,85.28999999999999,1,67457.37,26.81,321.71999999999997,6.0,1597.71,0.0,0.0,0.0,0.0,0.0,0.0,0.0,0.0,0.0,0,20,0,Medium,0.0,0.0,,262.2,2096.34,-1834.14,-699.5194508009155,Loss Making,0,Medium,Low Value - Low/Medium Risk
C00079,Vijay Rao,Retail,Madurai,Tamil Nadu,81349.0,Low,15,224343.99,228.55,210.74,17.810000000000002,1,111798.02,93.69,1124.28,5.0,1491.55,1.0,157464.74,76134.44,11762.770980000001,0.0,93286.1,24.0,21.0,10.0,2,40,0,High,35.0,35.0,Medium,11991.32098,2826.5699999999997,9164.75098,76.4282016575625,Medium Profit,0,High,Low Value - High Risk
C00080,Arun Verma,Retail,Coimbatore,Tamil Nadu,41541.0,Low,15,173971.22,300.37,244.42000000000002,55.94999999999999,1,117909.57,54.71,656.52,4.0,1628.3999999999999,0.0,0.0,0.0,0.0,0.0,0.0,0.0,0.0,0.0,0,25,0,Medium,0.0,0.0,,300.37,2529.34,-2228.9700000000003,-742.0747744448514,Loss Making,0,Medium,Low Value - Low/Medium Risk
C00081,Rohit Kumar,Sme Owner,Hyderabad,Telangana,29316.0,Medium,26,232792.24,506.8,421.37,85.43,1,54926.93,79.97,959.64,3.0,1739.12,1.0,179768.64,155310.09,26325.060254999997,0.0,241968.05,24.0,22.0,10.0,0,25,0,Medium,40.0,40.0,Medium,26831.860254999996,3120.13,23711.730254999995,88.37154796444433,Medium Profit,0,Medium,Low Value - Low/Medium Risk
C00082,Rohit Gupta,Senior Citizen,Bengaluru,Karnataka,12000.0,Low,12,62464.45,225.31,186.77,38.53999999999999,1,36037.48,28.14,337.68,1.0,504.48,0.0,0.0,0.0,0.0,0.0,0.0,0.0,0.0,0.0,0,0,0,Low,0.0,0.0,,225.31,1028.93,-803.6200000000001,-356.67302827215843,Loss Making,0,Low,Low Value - Low/Medium Risk
C00083,Lakshmi Iyer,Mass Affluent,Pune,Maharashtra,44069.0,High,28,579057.94,528.21,489.25,38.960000000000036,1,88171.08,81.76,981.1200000000001,0.0,0.0,0.0,0.0,0.0,0.0,0.0,0.0,0.0,0.0,0.0,6,70,4,Critical,0.0,0.0,,528.21,1470.3700000000001,-942.1600000000001,-178.36845194146267,Loss Making,1,Critical,High Value - High Risk
C00084,Sanjay Verma,Senior Citizen,Chennai,Tamil Nadu,62239.0,Medium,35,226349.09,590.77,569.25,21.519999999999982,2,215324.89,216.55,2598.6000000000004,3.0,2676.55,0.0,0.0,0.0,0.0,0.0,0.0,0.0,0.0,0.0,0,25,0,Medium,0.0,0.0,,590.77,5844.400000000001,-5253.630000000001,-889.2851702016015,Loss Making,0,Medium,Low Value - Low/Medium Risk
C00085,Rohit Sharma,Senior Citizen,Hyderabad,Telangana,64284.0,Medium,17,278554.65,335.09,327.07,8.019999999999982,1,46656.6,78.07,936.8399999999999,2.0,847.3299999999999,1.0,2278894.11,0.0,0.0,0.0,1725766.38,24.0,21.0,10.0,3,70,3,Critical,25.0,25.0,Medium,335.09,2111.24,-1776.1499999999999,-530.0516279208571,Loss Making,0,Critical,Low Value - High Risk
C00086,Rahul Kumar,Retail,Hyderabad,Telangana,50561.0,Low,31,188022.44,546.02,457.63,88.38999999999999,2,146379.58,296.11,3553.32,3.0,581.04,0.0,0.0,0.0,0.0,0.0,0.0,0.0,0.0,0.0,0,20,0,Medium,0.0,0.0,,546.02,4591.99,-4045.97,-740.9930039192703,Loss Making,0,Medium,Low Value - Low/Medium Risk
C00087,Suresh Singh,Retail,Coimbatore,Tamil Nadu,113397.0,High,16,83385.26,286.6,241.86,44.74000000000001,1,28520.11,160.84,1930.08,2.0,701.18,0.0,0.0,0.0,0.0,0.0,0.0,0.0,0.0,0.0,0,35,0,Medium,0.0,0.0,,286.6,2873.12,-2586.52,-902.4842986741103,Loss Making,0,Medium,Low Value - Low/Medium Risk
C00088,Ajay Gupta,Mass Affluent,Bengaluru,Karnataka,61356.0,Low,17,139568.49,350.11,305.74,44.370000000000005,1,101560.1,171.46,2057.52,4.0,1422.9,1.0,82011.9,76634.68,13303.780448,0.0,61616.09,24.0,23.0,10.0,0,35,0,Medium,35.0,35.0,Medium,13653.890448,3786.1600000000003,9867.730448,72.27046742157953,Medium Profit,0,Medium,Low Value - Low/Medium Risk
C00089,Geetha Rao,Mass Affluent,Madurai,Tamil Nadu,142722.0,Medium,24,928778.18,411.94,404.08,7.860000000000014,1,164378.4,178.86,2146.32,1.0,152.13,0.0,0.0,0.0,0.0,0.0,0.0,0.0,0.0,0.0,1,70,1,Critical,0.0,0.0,,411.94,2702.53,-2290.59,-556.0494246734961,Loss Making,1,Critical,High Value - High Risk
C00090,Lakshmi Gupta,Mass Affluent,Madurai,Tamil Nadu,28243.0,Low,35,271211.71,637.04,576.81,60.23000000000002,2,284258.75,167.17000000000002,2006.0400000000002,4.0,2310.7,1.0,162399.69,41469.9,7468.7289900000005,0.0,160162.99,10.0,8.0,10.0,0,25,0,Medium,55.0,55.0,High,8105.7689900000005,4893.55,3212.2189900000003,39.62880010475107,Medium Profit,1,High,High Value - High Risk
C00091,Kavya Singh,Retail,Bengaluru,Karnataka,79455.0,Low,24,154893.39,430.9,407.92,22.97999999999996,1,16653.84,91.83,1101.96,2.0,746.2800000000001,1.0,164045.29,66031.61,11766.832902,1.0,82505.04000000001,21.0,21.0,57.0,0,0,0,Low,90.0,90.0,Critical,12197.732902,2256.1600000000003,9941.572902,81.50344807410835,Medium Profit,0,Critical,Low Value - High Risk
C00092,Meena Gupta,Sme Owner,Kolkata,West Bengal,30362.0,Low,9,36827.869999999995,199.77,169.32,30.450000000000017,1,128073.73,137.54,1650.48,2.0,885.8900000000001,0.0,0.0,0.0,0.0,0.0,0.0,0.0,0.0,0.0,0,5,0,Low,0.0,0.0,,199.77,2705.69,-2505.92,-1254.4025629473895,Loss Making,0,Low,Low Value - Low/Medium Risk
C00093,Kavya Nair,Retail,Bengaluru,Karnataka,32490.0,Medium,14,76546.65,222.06,224.76,-2.6999999999999886,1,134526.95,148.5,1782.0,5.0,2361.84,0.0,0.0,0.0,0.0,0.0,0.0,0.0,0.0,0.0,0,0,0,Low,0.0,0.0,,222.06,4368.6,-4146.54,-1867.3061334774384,Loss Making,0,Low,Low Value - Low/Medium Risk
C00094,Vijay Kumar,Student,Hyderabad,Telangana,101514.0,Low,36,305992.77999999997,625.54,615.1,10.43999999999994,2,254418.59999999998,197.39,2368.68,2.0,784.28,0.0,0.0,0.0,0.0,0.0,0.0,0.0,0.0,0.0,0,30,0,Medium,0.0,0.0,,625.54,3768.0599999999995,-3142.5199999999995,-502.3691530517632,Loss Making,1,Medium,High Value - Low/Medium Risk
C00095,Rohit Kumar,Retail,Coimbatore,Tamil Nadu,52217.0,Low,20,129043.89,326.58,290.36,36.21999999999997,1,157346.44,45.0,540.0,2.0,299.13,1.0,1834810.71,1029915.24,152221.472472,0.0,1457100.19,24.0,20.0,10.0,0,0,0,Low,25.0,25.0,Medium,152548.05247199998,1129.49,151418.562472,99.25958412336512,High Profit,0,Medium,Low Value - Low/Medium Risk
C00096,Rohit Sharma,Retail,Kochi,Kerala,29115.0,Low,43,368277.39,712.36,706.12,6.240000000000009,2,310363.80000000005,133.82,1605.84,0.0,0.0,1.0,1890256.61,574862.08,86171.825792,0.0,1515252.17,24.0,23.0,10.0,0,35,0,Medium,25.0,25.0,Medium,86884.185792,2311.96,84572.225792,97.33903243849828,High Profit,1,Medium,High Value - Low/Medium Risk
C00097,Vishal Singh,Retail,Kolkata,West Bengal,76354.0,Low,31,294716.04,554.39,444.99,109.39999999999998,2,296313.85,222.79000000000002,2673.4800000000005,2.0,554.54,1.0,1711937.96,1001711.0,183713.7974,1.0,743042.04,17.0,15.0,58.0,0,25,0,Medium,70.0,70.0,Critical,184268.18740000002,3673.01,180595.17740000002,98.00670422180535,High Profit,1,Critical,High Value - High Risk
C00098,Priya Kumar,Sme Owner,Hyderabad,Telangana,78109.0,Low,51,330004.42,949.86,765.4399999999999,184.42000000000007,2,281939.74,84.97,1019.64,4.0,902.9699999999999,1.0,181747.13,0.0,0.0,0.0,170151.61,24.0,22.0,10.0,0,20,0,Medium,25.0,25.0,Medium,949.86,2688.0499999999997,-1738.1899999999996,-182.99433600741156,Loss Making,1,Medium,High Value - Low/Medium Risk
C00099,Rohit Gupta,Mass Affluent,Delhi,Delhi,123062.0,Medium,25,163403.15,492.1,400.23,91.87,1,134592.59,131.69,1580.28,0.0,0.0,1.0,553134.48,480065.17,70761.606058,1.0,316691.59,18.0,17.0,57.0,0,25,0,Medium,70.0,70.0,Critical,71253.70605800001,1980.51,69273.19605800002,97.22048141834493,High Profit,0,Critical,Low Value - High Risk
C00100,Meena Gupta,Retail,Pune,Maharashtra,48717.0,Low,15,64624.22,307.12,209.87,97.25,1,52408.89,99.95,1199.4,2.0,824.6099999999999,0.0,0.0,0.0,0.0,0.0,0.0,0.0,0.0,0.0,0,0,0,Low,0.0,0.0,,307.12,2233.88,-1926.7600000000002,-627.3638968481376,Loss Making,0,Low,Low Value - Low/Medium Risk
C00101,Pooja Verma,Retail,Coimbatore,Tamil Nadu,74089.0,Low,31,186508.94999999998,567.0,505.56,61.44,2,104375.28,159.04000000000002,1908.4800000000002,3.0,1022.34,0.0,0.0,0.0,0.0,0.0,0.0,0.0,0.0,0.0,0,25,0,Medium,0.0,0.0,,567.0,3436.3800000000006,-2869.3800000000006,-506.06349206349216,Loss Making,0,Medium,Low Value - Low/Medium Risk
C00102,Vishal Nair,Retail,Pune,Maharashtra,81169.0,Low,10,59709.68,149.10999999999999,157.57,-8.460000000000008,1,123996.48,44.17,530.04,0.0,0.0,0.0,0.0,0.0,0.0,0.0,0.0,0.0,0.0,0.0,0,35,0,Medium,0.0,0.0,,149.10999999999999,687.6099999999999,-538.4999999999999,-361.1427804976192,Loss Making,0,Medium,Low Value - Low/Medium Risk
C00103,Karthik Sharma,Mass Affluent,Madurai,Tamil Nadu,85821.0,Low,57,524845.8,1021.41,868.58,152.82999999999993,3,339578.82999999996,315.11,3781.32,3.0,1465.81,0.0,0.0,0.0,0.0,0.0,0.0,0.0,0.0,0.0,0,20,0,Medium,0.0,0.0,,1021.41,6115.710000000001,-5094.300000000001,-498.75172555584936,Loss Making,1,Medium,High Value - Low/Medium Risk
C00104,Rahul Sharma,Mass Affluent,Bengaluru,Karnataka,42556.0,Low,20,91200.9,368.18,340.19,27.99000000000001,1,172608.75,115.86,1390.32,3.0,1179.41,0.0,0.0,0.0,0.0,0.0,0.0,0.0,0.0,0.0,0,0,0,Low,0.0,0.0,,368.18,2909.92,-2541.7400000000002,-690.3525449508393,Loss Making,0,Low,Low Value - Low/Medium Risk
C00105,Naveen Kumar,Senior Citizen,Pune,Maharashtra,21221.0,Low,20,133324.99,349.36,326.0,23.360000000000014,1,19589.63,91.53,1098.3600000000001,1.0,127.68,1.0,1206476.89,225936.48,29755.834416000005,0.0,800206.24,24.0,22.0,10.0,0,30,0,Medium,25.0,25.0,Medium,30105.194416000006,1552.0400000000002,28553.154416000005,94.84461060588555,Medium Profit,0,Medium,Low Value - Low/Medium Risk
C00106,Suresh Nair,Mass Affluent,Kochi,Kerala,120700.0,Low,25,108567.06,421.75,376.98,44.76999999999998,1,215001.02,145.89,1750.6799999999998,2.0,1288.87,0.0,0.0,0.0,0.0,0.0,152980.83,23.0,20.0,10.0,0,5,0,Low,0.0,0.0,,421.75,3416.5299999999997,-2994.7799999999997,-710.0841730883224,Loss Making,0,Low,Low Value - Low/Medium Risk
C00107,Lakshmi Patel,Mass Affluent,Coimbatore,Tamil Nadu,12000.0,Medium,14,203480.91,205.87,225.35,-19.47999999999999,1,33096.47,133.3,1599.6000000000001,0.0,0.0,1.0,779953.63,692301.19,100937.513502,0.0,562305.51,18.0,15.0,10.0,0,30,0,Medium,25.0,25.0,Medium,101143.383502,1824.95,99318.433502,98.19568029384354,High Profit,0,Medium,Low Value - Low/Medium Risk
C00108,Rahul Singh,Mass Affluent,Bengaluru,Karnataka,26314.0,Medium,19,174428.09,283.79,314.96999999999997,-31.17999999999995,1,225557.75,140.03,1680.3600000000001,2.0,318.33,1.0,975621.03,0.0,0.0,0.0,893014.6,24.0,21.0,9.0,0,25,0,Medium,25.0,25.0,Medium,283.79,2313.6600000000003,-2029.8700000000003,-715.2718559498221,Loss Making,0,Medium,Low Value - Low/Medium Risk
C00109,Suresh Sharma,Retail,Pune,Maharashtra,74838.0,High,37,259109.63999999998,733.0699999999999,579.29,153.77999999999997,2,160334.68,243.81,2925.7200000000003,2.0,469.6,0.0,0.0,0.0,0.0,0.0,0.0,0.0,0.0,0.0,0,30,0,Medium,0.0,0.0,,733.0699999999999,3974.61,-3241.54,-442.18696713819963,Loss Making,0,Medium,Low Value - Low/Medium Risk
C00110,Ajay Iyer,Premium,Mumbai,Maharashtra,55450.0,High,30,284523.85000000003,491.59000000000003,492.69,-1.099999999999966,2,135417.35,135.01,1620.12,1.0,507.97,0.0,0.0,0.0,0.0,0.0,0.0,0.0,0.0,0.0,0,30,0,Medium,0.0,0.0,,491.59000000000003,2620.7799999999997,-2129.1899999999996,-433.1231310645049,Loss Making,1,Medium,High Value - Low/Medium Risk
C00111,Kavya Nair,Retail,Mumbai,Maharashtra,28453.0,Low,17,128921.4,353.27,253.28,99.98999999999998,1,68658.55,91.47,1097.6399999999999,1.0,629.3,0.0,0.0,0.0,0.0,0.0,0.0,0.0,0.0,0.0,0,5,0,Low,0.0,0.0,,353.27,1980.2199999999998,-1626.9499999999998,-460.54009680980556,Loss Making,0,Low,Low Value - Low/Medium Risk
C00112,Geetha Sharma,Retail,Madurai,Tamil Nadu,68414.0,Low,15,133281.5,230.64,266.03,-35.389999999999986,1,337073.21,65.56,786.72,1.0,669.64,1.0,554868.96,367589.17,49734.814700999996,0.0,425288.35,24.0,23.0,10.0,0,35,0,Medium,30.0,30.0,Medium,49965.454700999995,1722.3899999999999,48243.064700999996,96.5528383353919,High Profit,1,Medium,High Value - Low/Medium Risk
C00113,Deepa Nair,Sme Owner,Madurai,Tamil Nadu,128565.0,Low,20,93477.93,348.26,244.06,104.19999999999999,1,98057.03,108.02,1296.24,2.0,1041.25,1.0,259467.25,0.0,0.0,0.0,254758.54,24.0,22.0,10.0,0,5,0,Low,35.0,35.0,Medium,348.26,2581.55,-2233.29,-641.2708895652673,Loss Making,0,Medium,Low Value - Low/Medium Risk
C00114,Sanjay Verma,Retail,Hyderabad,Telangana,121481.0,Medium,34,289734.12,546.2,592.02,-45.819999999999936,2,47360.509999999995,311.21,3734.5199999999995,6.0,3147.29,0.0,0.0,0.0,0.0,0.0,0.0,0.0,0.0,0.0,0,35,0,Medium,0.0,0.0,,546.2,7473.829999999999,-6927.629999999999,-1268.3321127792015,Loss Making,1,Medium,High Value - Low/Medium Risk
C00115,Karthik Sharma,Sme Owner,Madurai,Tamil Nadu,48148.0,Low,14,118057.48999999999,207.51,246.47,-38.96000000000001,1,23468.75,107.7,1292.4,2.0,306.71000000000004,1.0,1719445.72,318409.17,60274.855880999996,0.0,1200172.53,7.0,7.0,8.0,0,25,0,Medium,60.0,60.0,High,60482.365881,1845.5800000000002,58636.785880999996,96.94856513445389,High Profit,0,High,Low Value - High Risk
C00116,Lakshmi Kumar,Senior Citizen,Bengaluru,Karnataka,45848.0,Medium,28,176578.15,613.97,440.91,173.06,1,192722.89,28.4,340.79999999999995,0.0,0.0,0.0,0.0,0.0,0.0,0.0,0.0,0.0,0.0,0.0,0,20,0,Medium,0.0,0.0,,613.97,781.71,-167.74,-27.32055312148802,Loss Making,0,Medium,Low Value - Low/Medium Risk
C00117,Rohit Patel,Retail,Kochi,Kerala,65723.0,Low,48,422661.68,904.83,691.35,213.48000000000002,2,209017.25,186.01999999999998,2232.24,2.0,416.14000000000004,0.0,0.0,0.0,0.0,0.0,0.0,0.0,0.0,0.0,0,20,0,Medium,0.0,0.0,,904.83,3339.7299999999996,-2434.8999999999996,-269.10027297945464,Loss Making,1,Medium,High Value - Low/Medium Risk
C00118,Pooja Verma,Retail,Bengaluru,Karnataka,60348.0,Low,16,88787.64,304.73,292.84,11.890000000000043,1,106074.92,83.55,1002.5999999999999,2.0,547.12,1.0,736446.82,0.0,0.0,0.0,1004158.15,24.0,24.0,10.0,0,5,0,Low,40.0,40.0,Medium,304.73,1842.56,-1537.83,-504.65329964230625,Loss Making,0,Medium,Low Value - Low/Medium Risk
C00119,Pooja Kumar,Retail,Pune,Maharashtra,22603.0,Low,20,270644.82,303.96,398.57,-94.61000000000001,1,113239.63,45.58,546.96,8.0,3701.1800000000003,1.0,454962.78,317281.58,44927.071728,1.0,164455.41,12.0,12.0,38.0,0,20,0,Medium,70.0,70.0,Critical,45231.031728,4646.71,40584.321728,89.72672118570428,High Profit,0,Critical,Low Value - High Risk
C00120,Kavya Kumar,Sme Owner,Kolkata,West Bengal,79067.0,Low,14,82255.42,282.76,232.82,49.94,1,53297.42,91.29,1095.48,3.0,1566.42,0.0,0.0,0.0,0.0,0.0,0.0,0.0,0.0,0.0,0,5,0,Low,0.0,0.0,,282.76,2894.7200000000003,-2611.96,-923.7374451831944,Loss Making,0,Low,Low Value - Low/Medium Risk
C00121,Suresh Iyer,Retail,Chennai,Tamil Nadu,78722.0,High,51,531007.6,833.83,755.5600000000001,78.26999999999998,3,2020851.5699999998,370.96,4451.5199999999995,3.0,1074.3,1.0,87489.86,0.0,0.0,0.0,90205.54,19.0,17.0,10.0,8,70,4,Critical,40.0,40.0,Medium,833.83,6281.38,-5447.55,-653.3166232925176,Loss Making,1,Critical,High Value - High Risk
C00122,Divya Sharma,Retail,Madurai,Tamil Nadu,208881.0,Low,16,159957.22,186.76,268.22,-81.46000000000004,1,190991.45,32.43,389.15999999999997,6.0,2755.96,1.0,183515.69,134396.72,23089.356496,0.0,155762.95,24.0,24.0,10.0,0,35,0,Medium,25.0,25.0,Medium,23276.116496,3413.34,19862.776496,85.33544029741137,Medium Profit,0,Medium,Low Value - Low/Medium Risk
C00123,Sneha Kumar,Retail,Pune,Maharashtra,49808.0,Low,21,163954.96,326.57,281.18,45.389999999999986,1,49281.19,35.56,426.72,1.0,115.84,1.0,836138.9,0.0,0.0,0.0,585301.51,24.0,23.0,10.0,0,35,0,Medium,30.0,30.0,Medium,326.57,823.7400000000001,-497.17000000000013,-152.23994855620543,Loss Making,0,Medium,Low Value - Low/Medium Risk
C00124,Kavya Iyer,Retail,Coimbatore,Tamil Nadu,69404.0,Low,16,125462.51,258.39,273.51,-15.120000000000005,1,123692.02,68.33,819.96,0.0,0.0,1.0,421844.15,67184.69,9016.185398,1.0,208972.66999999998,19.0,16.0,43.0,0,35,0,Medium,70.0,70.0,Critical,9274.575397999999,1093.47,8181.105397999999,88.21002630227363,Medium Profit,0,Critical,Low Value - High Risk
C00125,Karthik Iyer,Retail,Hyderabad,Telangana,70370.0,Low,16,120410.63,259.52,277.16,-17.640000000000043,1,317241.68,47.93,575.16,4.0,790.58,1.0,99089.06,0.0,0.0,0.0,56742.44,24.0,22.0,10.0,0,20,0,Medium,25.0,25.0,Medium,259.52,1642.9,-1383.38,-533.0533292231813,Loss Making,1,Medium,High Value - Low/Medium Risk
C00126,Pooja Reddy,Retail,Chennai,Tamil Nadu,45859.0,Low,15,70374.45,273.63,225.24,48.389999999999986,1,134651.87,30.13,361.56,1.0,149.76,0.0,0.0,0.0,0.0,0.0,0.0,0.0,0.0,0.0,0,0,0,Low,0.0,0.0,,273.63,736.56,-462.92999999999995,-169.181010854073,Loss Making,0,Low,Low Value - Low/Medium Risk
C00127,Geetha Patel,Retail,Mumbai,Maharashtra,44833.0,Low,31,293750.85,600.1,408.86,191.24,2,326962.42000000004,199.57999999999998,2394.96,1.0,658.63,0.0,0.0,0.0,0.0,0.0,0.0,0.0,0.0,0.0,0,30,0,Medium,0.0,0.0,,600.1,3462.4500000000003,-2862.3500000000004,-476.97883686052324,Loss Making,1,Medium,High Value - Low/Medium Risk
C00128,Sneha Patel,Mass Affluent,Bengaluru,Karnataka,45797.0,High,17,166070.24,257.75,255.74,2.009999999999991,1,8371.07,134.49,1613.88,1.0,393.31,1.0,270023.29,0.0,0.0,0.0,311369.43,12.0,12.0,10.0,0,35,0,Medium,30.0,30.0,Medium,257.75,2262.9300000000003,-2005.1800000000003,-777.9553831231815,Loss Making,0,Medium,Low Value - Low/Medium Risk
C00129,Divya Patel,Sme Owner,Kolkata,West Bengal,40587.0,High,36,329591.75,592.1,588.58,3.519999999999982,2,342639.2,278.96000000000004,3347.5200000000004,3.0,1305.73,0.0,0.0,0.0,0.0,0.0,0.0,0.0,0.0,0.0,0,35,0,Medium,0.0,0.0,,592.1,5241.83,-4649.73,-785.2947137307887,Loss Making,1,Medium,High Value - Low/Medium Risk
C00130,Kavya Nair,Senior Citizen,Mumbai,Maharashtra,18723.0,High,19,225252.30000000002,390.02,328.97,61.049999999999955,1,55757.81,73.25,879.0,1.0,592.52,1.0,108685.02,47710.72,8602.242816000002,0.0,83148.42,24.0,23.0,10.0,0,30,0,Medium,55.0,55.0,High,8992.262816000002,1800.49,7191.772816000002,79.97734233483062,Medium Profit,0,High,Low Value - High Risk
C00131,Sneha Singh,Retail,Coimbatore,Tamil Nadu,173763.0,Low,10,103357.63,186.63,186.09,0.539999999999992,1,235339.2,115.81,1389.72,2.0,1010.5400000000001,1.0,211632.11,138684.69,19818.042201,0.0,259622.04,23.0,20.0,10.0,0,25,0,Medium,25.0,25.0,Medium,20004.672201,2586.35,17418.322201000003,87.07127028119605,Medium Profit,0,Medium,Low Value - Low/Medium Risk
C00132,Lakshmi Singh,Retail,Mumbai,Maharashtra,29293.0,Low,21,210235.77,407.46,325.21,82.25,1,16404.75,160.92,1931.04,4.0,1627.52,1.0,832345.44,286549.78,45761.999866000006,1.0,120661.85,6.0,5.0,59.0,0,25,0,Medium,70.0,70.0,Critical,46169.459866000005,3883.77,42285.68986600001,91.58801075153995,High Profit,0,Critical,Low Value - High Risk
C00133,Anitha Gupta,Mass Affluent,Madurai,Tamil Nadu,47454.0,Medium,52,315481.97000000003,822.02,757.54,64.48000000000002,3,259852.86,319.08,3828.96,2.0,1009.72,1.0,602050.96,438637.11,60663.512313,0.0,338219.33,24.0,24.0,10.0,0,25,0,Medium,25.0,25.0,Medium,61485.532312999996,5596.22,55889.312312999995,90.8983141407775,High Profit,1,Medium,High Value - Low/Medium Risk
C00134,Rohit Gupta,Senior Citizen,Chennai,Tamil Nadu,37166.0,Low,33,285667.13,543.41,543.12,0.2899999999999636,2,158774.54,259.76,3117.12,1.0,603.1,1.0,95420.29,37649.77,6434.345692999999,0.0,110987.41,12.0,12.0,10.0,0,35,0,Medium,55.0,55.0,High,6977.755692999999,4263.34,2714.415692999999,38.90098496459353,Medium Profit,1,High,High Value - High Risk
C00135,Vijay Nair,Retail,Coimbatore,Tamil Nadu,36912.0,Low,21,163259.39,342.6,408.58,-65.97999999999996,1,55270.21,121.64,1459.68,4.0,1099.78,1.0,297463.54,149917.66,27614.832972000004,0.0,228423.49,24.0,21.0,10.0,0,25,0,Medium,60.0,60.0,High,27957.432972000002,2968.04,24989.392972,89.38371772911854,Medium Profit,0,High,Low Value - High Risk
C00136,Geetha Verma,Retail,Kochi,Kerala,77873.0,Low,20,149674.3,324.72,305.2,19.52000000000004,1,232317.49,87.63,1051.56,1.0,427.53,0.0,0.0,0.0,0.0,0.0,0.0,0.0,0.0,0.0,0,35,0,Medium,0.0,0.0,,324.72,1784.29,-1459.57,-449.48571076619845,Loss Making,0,Medium,Low Value - Low/Medium Risk
C00137,Deepa Reddy,Mass Affluent,Hyderabad,Telangana,46767.0,Low,16,173844.29,307.24,287.22,20.019999999999982,1,138284.63,33.27,399.24,0.0,0.0,0.0,0.0,0.0,0.0,0.0,0.0,0.0,0.0,0.0,0,20,0,Medium,0.0,0.0,,307.24,686.46,-379.22,-123.42793907043355,Loss Making,0,Medium,Low Value - Low/Medium Risk
C00138,Naveen Nair,Retail,Kochi,Kerala,43150.0,Low,35,313959.53,647.03,582.03,65.0,2,181288.93000000002,100.63,1207.56,1.0,474.41,0.0,0.0,0.0,0.0,0.0,0.0,0.0,0.0,0.0,0,30,0,Medium,0.0,0.0,,647.03,2264.0,-1616.97,-249.90649583481445,Loss Making,1,Medium,High Value - Low/Medium Risk
C00139,Naveen Singh,Retail,Madurai,Tamil Nadu,99271.0,High,17,153578.52,319.24,315.72,3.519999999999982,1,106121.72,131.71,1580.52,1.0,640.38,1.0,333731.96,196932.11,29973.067142,0.0,382469.82,12.0,9.0,10.0,0,30,0,Medium,40.0,40.0,Medium,30292.307142,2536.62,27755.687142000002,91.62619080775463,Medium Profit,0,Medium,Low Value - Low/Medium Risk
C00140,Divya Patel,Mass Affluent,Madurai,Tamil Nadu,54850.0,Low,24,229309.73,355.96999999999997,404.03,-48.06,1,49627.52,174.97,2099.64,3.0,615.72,1.0,238860.02,163519.81,27585.791947,0.0,176413.04,24.0,23.0,10.0,1,40,0,High,35.0,35.0,Medium,27941.761947000003,3119.3900000000003,24822.371947000003,88.83610129555586,Medium Profit,0,High,Low Value - High Risk
C00141,Suresh Iyer,Retail,Chennai,Tamil Nadu,156140.0,Low,21,310644.94,437.86,353.89,83.97000000000003,1,285609.95,27.02,324.24,1.0,365.56,1.0,256739.75,179246.06,26994.456636000003,0.0,123321.87,5.0,5.0,7.0,3,70,3,Critical,40.0,40.0,Medium,27432.316636000003,1043.69,26388.626636000005,96.19539970375544,Medium Profit,1,Critical,High Value - High Risk
C00142,Rohit Reddy,Senior Citizen,Pune,Maharashtra,60269.0,Low,21,131638.33,485.82,323.06,162.76,1,36769.03,36.25,435.0,3.0,1207.81,0.0,0.0,0.0,0.0,0.0,0.0,0.0,0.0,0.0,0,0,0,Low,0.0,0.0,,485.82,1965.87,-1480.05,-304.6498703223416,Loss Making,0,Low,Low Value - Low/Medium Risk
C00143,Deepa Reddy,Student,Kochi,Kerala,59940.0,Low,16,130759.78,295.56,259.9,35.660000000000025,1,16791.39,23.29,279.48,1.0,575.25,0.0,0.0,0.0,0.0,0.0,0.0,0.0,0.0,0.0,0,20,0,Medium,0.0,0.0,,295.56,1114.63,-819.0700000000002,-277.1247800784951,Loss Making,0,Medium,Low Value - Low/Medium Risk
C00144,Priya Kumar,Student,Mumbai,Maharashtra,56191.0,Low,14,116937.45,205.7,223.42,-17.72,1,23559.77,30.71,368.52,3.0,901.7,1.0,2209686.85,1011926.59,160896.32781,0.0,1581442.55,24.0,23.0,10.0,0,20,0,Medium,40.0,40.0,Medium,161102.02781,1493.6399999999999,159608.38781,99.07286083216682,High Profit,0,Medium,Low Value - Low/Medium Risk
C00145,Ajay Verma,Premium,Hyderabad,Telangana,106663.0,Low,10,53756.5,162.85,147.32999999999998,15.52000000000001,1,10440.74,39.36,472.32,3.0,983.91,1.0,190348.43,124188.19,20143.324417999997,1.0,169520.88,17.0,17.0,58.0,0,5,0,Low,70.0,70.0,Critical,20306.174417999995,1603.56,18702.614417999994,92.10309156717102,Medium Profit,0,Critical,Low Value - High Risk
C00146,Rahul Singh,Retail,Kochi,Kerala,141788.0,Low,38,317253.49,662.04,639.54,22.5,1,101557.11,113.14,1357.68,4.0,1516.41,0.0,0.0,0.0,0.0,0.0,0.0,0.0,0.0,0.0,1,45,0,High,0.0,0.0,,662.04,3513.63,-2851.59,-430.7277505890883,Loss Making,1,High,High Value - High Risk
C00147,Priya Verma,Mass Affluent,Mumbai,Maharashtra,112013.0,Low,18,184423.43,355.24,245.6,109.64000000000001,1,170221.58,38.04,456.48,3.0,1147.67,0.0,0.0,0.0,0.0,0.0,0.0,0.0,0.0,0.0,1,40,0,High,0.0,0.0,,355.24,1849.75,-1494.51,-420.7043125774124,Loss Making,0,High,Low Value - High Risk
C00148,Arun Patel,Retail,Kolkata,West Bengal,31390.0,Medium,42,458801.95,567.21,760.22,-193.01,2,669176.32,144.02,1728.2400000000002,0.0,0.0,1.0,108218.93,28340.78,3726.81257,1.0,103622.12,11.0,11.0,51.0,0,35,0,Medium,70.0,70.0,Critical,4294.02257,2488.46,1805.56257,42.04827852127475,Medium Profit,1,Critical,High Value - High Risk
C00149,Rohit Rao,Retail,Coimbatore,Tamil Nadu,53228.0,Medium,65,422687.79,1092.8,1002.73,90.06999999999994,2,125135.72,167.54,2010.48,1.0,394.77,1.0,656254.27,0.0,0.0,0.0,362453.41,24.0,22.0,10.0,0,35,0,Medium,30.0,30.0,Medium,1092.8,3407.98,-2315.1800000000003,-211.85761346998538,Loss Making,1,Medium,High Value - Low/Medium Risk
C00150,Sneha Reddy,Retail,Madurai,Tamil Nadu,40857.0,Low,35,225541.58,556.4300000000001,633.91,-77.4799999999999,2,75839.41,155.32999999999998,1863.9599999999998,3.0,1146.1100000000001,1.0,220953.42,33907.4,5235.302559999999,0.0,131227.54,24.0,23.0,10.0,0,30,0,Medium,35.0,35.0,Medium,5791.7325599999995,3643.98,2147.7525599999994,37.08307553482752,Medium Profit,0,Medium,Low Value - Low/Medium Risk
C00151,Kavya Iyer,Mass Affluent,Pune,Maharashtra,43116.0,Low,22,160237.85,379.63,393.25,-13.620000000000005,1,87761.21,95.09,1141.08,1.0,457.31,1.0,895344.63,773244.77,121476.75336700001,0.0,728372.67,24.0,24.0,10.0,0,25,0,Medium,40.0,40.0,Medium,121856.38336700002,1991.6399999999999,119864.74336700002,98.36558418609742,High Profit,0,Medium,Low Value - Low/Medium Risk
C00152,Sneha Sharma,Retail,Chennai,Tamil Nadu,98474.0,Medium,19,209256.22,381.96000000000004,312.11,69.85000000000002,1,114866.8,159.96,1919.52,4.0,1842.28,0.0,0.0,0.0,0.0,0.0,0.0,0.0,0.0,0.0,0,35,0,Medium,0.0,0.0,,381.96000000000004,4073.91,-3691.95,-966.5802701853595,Loss Making,0,Medium,Low Value - Low/Medium Risk
C00153,Vijay Sharma,Student,Kochi,Kerala,26346.0,Low,20,202556.12999999998,377.96999999999997,288.01,89.95999999999998,1,38386.16,62.23,746.76,2.0,480.14,1.0,887782.16,0.0,0.0,0.0,1127569.32,24.0,21.0,10.0,0,30,0,Medium,25.0,25.0,Medium,377.96999999999997,1514.9099999999999,-1136.9399999999998,-300.80165092467655,Loss Making,0,Medium,Low Value - Low/Medium Risk
C00154,Pooja Iyer,Retail,Madurai,Tamil Nadu,108851.0,Medium,13,75504.45999999999,225.24,188.75,36.49000000000001,1,448679.75,134.02,1608.2400000000002,1.0,132.46,0.0,0.0,0.0,0.0,0.0,1481529.85,24.0,22.0,10.0,0,5,0,Low,0.0,0.0,,225.24,1929.4500000000003,-1704.2100000000003,-756.6196057538626,Loss Making,1,Low,High Value - Low/Medium Risk
C00155,Anitha Kumar,Premium,Bengaluru,Karnataka,61999.0,Low,15,85517.88,251.12,189.54999999999998,61.57000000000002,1,52853.76,49.29,591.48,1.0,102.58,0.0,0.0,0.0,0.0,0.0,0.0,0.0,0.0,0.0,0,0,0,Low,0.0,0.0,,251.12,883.61,-632.49,-251.86763300414142,Loss Making,0,Low,Low Value - Low/Medium Risk
C00156,Ajay Patel,Sme Owner,Hyderabad,Telangana,34070.0,Low,44,349947.79,864.61,747.54,117.07000000000005,2,360770.99,162.54,1950.48,3.0,1744.3400000000001,1.0,1011149.32,0.0,0.0,0.0,599123.07,24.0,24.0,10.0,0,35,0,Medium,40.0,40.0,Medium,864.61,4442.360000000001,-3577.7500000000005,-413.7992852268654,Loss Making,1,Medium,High Value - Low/Medium Risk
C00157,Vishal Patel,Senior Citizen,Delhi,Delhi,30532.0,Low,21,188360.35,364.24,302.43,61.81,1,116138.28,42.36,508.32,1.0,211.69,0.0,0.0,0.0,0.0,0.0,0.0,0.0,0.0,0.0,0,35,0,Medium,0.0,0.0,,364.24,1022.44,-658.2,-180.7050296507797,Loss Making,0,Medium,Low Value - Low/Medium Risk
C00158,Anitha Verma,Retail,Delhi,Delhi,55875.0,Low,16,195801.1,298.56,209.15,89.41,1,193800.65,40.39,484.68,6.0,2473.69,0.0,0.0,0.0,0.0,0.0,0.0,0.0,0.0,0.0,0,25,0,Medium,0.0,0.0,,298.56,3167.52,-2868.96,-960.9324758842444,Loss Making,0,Medium,Low Value - Low/Medium Risk
C00159,Rahul Nair,Mass Affluent,Hyderabad,Telangana,28022.0,Medium,23,387978.27,511.62,412.61,99.00999999999999,1,52199.26,168.46,2021.52,2.0,615.06,1.0,250459.42,0.0,0.0,0.0,151077.6,20.0,17.0,10.0,5,70,4,Critical,50.0,50.0,High,511.62,3049.19,-2537.57,-495.9872561666862,Loss Making,1,Critical,High Value - High Risk
C00160,Meena Patel,Mass Affluent,Mumbai,Maharashtra,125137.0,Low,16,109145.81,295.27,274.58,20.689999999999998,1,54910.21,34.59,415.08000000000004,2.0,184.32,0.0,0.0,0.0,0.0,0.0,0.0,0.0,0.0,0.0,0,30,0,Medium,0.0,0.0,,295.27,873.98,-578.71,-195.99349747688558,Loss Making,0,Medium,Low Value - Low/Medium Risk
C00161,Rohit Patel,Student,Madurai,Tamil Nadu,36865.0,Low,35,149725.95,643.18,585.3,57.879999999999995,2,73280.67,220.95999999999998,2651.5199999999995,1.0,569.78,1.0,119180.75,26728.39,3514.783285,0.0,23147.57,5.0,5.0,10.0,0,5,0,Low,25.0,25.0,Medium,4157.963285,3806.5999999999995,351.36328500000036,8.450370071028667,Medium Profit,0,Medium,Low Value - Low/Medium Risk
C00162,Lakshmi Verma,Mass Affluent,Bengaluru,Karnataka,67753.0,Low,17,132619.81,332.75,296.12,36.629999999999995,1,150612.0,146.33,1755.96,3.0,1179.09,0.0,0.0,0.0,0.0,0.0,0.0,0.0,0.0,0.0,0,35,0,Medium,0.0,0.0,,332.75,3231.17,-2898.42,-871.0503380916604,Loss Making,0,Medium,Low Value - Low/Medium Risk
C00163,Deepa Sharma,Senior Citizen,Pune,Maharashtra,34870.0,Low,11,83432.2,177.52,220.79,-43.26999999999998,1,371435.18,116.15,1393.8000000000002,3.0,1448.98,1.0,711439.14,216073.0,30595.9368,0.0,813375.89,12.0,10.0,10.0,0,30,0,Medium,30.0,30.0,Medium,30773.4568,3063.57,27709.8868,90.04476481173216,Medium Profit,1,Medium,High Value - Low/Medium Risk
C00164,Priya Patel,Mass Affluent,Coimbatore,Tamil Nadu,25308.0,Low,41,646583.9,844.5,714.42,130.08000000000004,2,79993.26000000001,162.93,1955.16,3.0,829.6700000000001,1.0,336863.28,0.0,0.0,0.0,329560.66,24.0,21.0,10.0,3,70,3,Critical,35.0,35.0,Medium,844.5,3499.25,-2654.75,-314.3576080521018,Loss Making,1,Critical,High Value - High Risk
C00165,Arun Nair,Retail,Bengaluru,Karnataka,83046.0,High,17,106121.14,339.89,265.62,74.26999999999998,1,49286.86,96.56,1158.72,4.0,1432.31,0.0,0.0,0.0,0.0,0.0,0.0,0.0,0.0,0.0,0,20,0,Medium,0.0,0.0,,339.89,2856.65,-2516.76,-740.4630910000295,Loss Making,0,Medium,Low Value - Low/Medium Risk
C00166,Anitha Gupta,Senior Citizen,Mumbai,Maharashtra,69741.0,Medium,19,169964.93,335.04,290.82,44.22000000000003,1,208127.64,78.33,939.96,4.0,1601.4099999999999,0.0,0.0,0.0,0.0,0.0,0.0,0.0,0.0,0.0,0,20,0,Medium,0.0,0.0,,335.04,2832.1899999999996,-2497.1499999999996,-745.3289159503341,Loss Making,0,Medium,Low Value - Low/Medium Risk
C00167,Karthik Rao,Retail,Pune,Maharashtra,48994.0,Medium,32,322805.83,563.95,438.67,125.28000000000003,2,130064.66999999998,149.59,1795.08,0.0,0.0,1.0,227959.69,0.0,0.0,0.0,90511.86,13.0,12.0,10.0,1,45,0,High,35.0,35.0,Medium,563.95,2233.75,-1669.8,-296.09007890770454,Loss Making,1,High,High Value - High Risk
C00168,Deepa Gupta,Senior Citizen,Kolkata,West Bengal,52633.0,Medium,16,126730.59000000001,269.27,324.32,-55.05000000000001,1,351066.16,22.75,273.0,2.0,382.88,1.0,176927.72,105525.78,15617.815440000002,0.0,105394.52,18.0,16.0,9.0,0,25,0,Medium,25.0,25.0,Medium,15887.085440000003,980.1999999999999,14906.885440000002,93.83020879630895,Medium Profit,1,Medium,High Value - Low/Medium Risk
C00169,Pooja Verma,Retail,Chennai,Tamil Nadu,75059.0,Medium,58,457217.32,1076.56,983.47,93.08999999999992,3,133039.64,320.52,3846.24,2.0,918.72,1.0,87214.42,21622.78,3109.355764,0.0,103249.77,22.0,19.0,10.0,0,35,0,Medium,25.0,25.0,Medium,4185.915763999999,5748.43,-1562.514236000001,-37.32789487638627,Loss Making,1,Medium,High Value - Low/Medium Risk
C00170,Lakshmi Rao,Retail,Chennai,Tamil Nadu,65189.0,Low,23,104593.77,454.84000000000003,401.1,53.74000000000001,1,34897.41,30.73,368.76,1.0,172.58,1.0,143045.58,0.0,0.0,0.0,61935.770000000004,17.0,16.0,10.0,0,0,0,Low,25.0,25.0,Medium,454.84000000000003,942.44,-487.6,-107.20253275877232,Loss Making,0,Medium,Low Value - Low/Medium Risk
C00171,Vishal Nair,Retail,Hyderabad,Telangana,155346.0,Low,18,58533.24,313.57,254.48,59.09,1,140618.9,162.21,1946.52,2.0,1097.77,1.0,1181636.44,822019.43,98231.321885,0.0,1075164.55,24.0,23.0,10.0,0,5,0,Low,30.0,30.0,Medium,98544.891885,3298.77,95246.121885,96.65252055494707,High Profit,0,Medium,Low Value - Low/Medium Risk
C00172,Ajay Rao,Mass Affluent,Kolkata,West Bengal,34215.0,Medium,15,159115.92,269.56,227.71,41.849999999999994,1,192707.33,103.76,1245.1200000000001,1.0,264.04,0.0,0.0,0.0,0.0,0.0,0.0,0.0,0.0,0.0,0,30,0,Medium,0.0,0.0,,269.56,1736.8700000000001,-1467.3100000000002,-544.3352129396054,Loss Making,0,Medium,Low Value - Low/Medium Risk
C00173,Rohit Patel,Mass Affluent,Chennai,Tamil Nadu,58542.0,Low,12,67406.97,240.03,216.19,23.840000000000003,1,24196.36,38.49,461.88,0.0,0.0,1.0,154639.84,107102.79,16236.782964,0.0,81874.37,18.0,15.0,9.0,0,5,0,Low,35.0,35.0,Medium,16476.812964,678.0699999999999,15798.742964000001,95.88470172307287,Medium Profit,0,Medium,Low Value - Low/Medium Risk
C00174,Sneha Singh,Retail,Delhi,Delhi,83097.0,Medium,32,355667.2,483.12,456.23,26.889999999999986,2,277375.28,203.3,2439.6000000000004,1.0,69.35,1.0,178980.63,151184.96,19049.304959999998,0.0,95535.8,24.0,21.0,10.0,0,25,0,Medium,30.0,30.0,Medium,19532.424959999997,2965.1800000000003,16567.244959999996,84.81919164634026,Medium Profit,1,Medium,High Value - Low/Medium Risk
C00175,Sanjay Iyer,Retail,Chennai,Tamil Nadu,29766.0,Medium,14,134432.76,274.49,212.65,61.84,1,58673.98,161.93,1943.16,2.0,263.15,0.0,0.0,0.0,0.0,0.0,0.0,0.0,0.0,0.0,0,35,0,Medium,0.0,0.0,,274.49,2418.96,-2144.4700000000003,-781.256147764946,Loss Making,0,Medium,Low Value - Low/Medium Risk
C00176,Anitha Gupta,Premium,Coimbatore,Tamil Nadu,34658.0,Low,36,325389.95,650.72,493.8,156.92000000000002,2,314348.72,151.75,1821.0,5.0,2186.08,1.0,479012.05,149397.11,17105.969094999997,0.0,245618.3,24.0,22.0,10.0,0,30,0,Medium,25.0,25.0,Medium,17756.689094999998,4500.88,13255.809094999997,74.65248180040851,Medium Profit,1,Medium,High Value - Low/Medium Risk
C00177,Rahul Nair,Mass Affluent,Pune,Maharashtra,73004.0,Low,21,164382.63999999998,357.22,320.07,37.150000000000034,1,57553.63,161.37,1936.44,2.0,536.44,0.0,0.0,0.0,0.0,0.0,0.0,0.0,0.0,0.0,0,20,0,Medium,0.0,0.0,,357.22,2792.9500000000003,-2435.7300000000005,-681.8571188623258,Loss Making,0,Medium,Low Value - Low/Medium Risk
C00178,Suresh Nair,Premium,Coimbatore,Tamil Nadu,28779.0,Low,35,262419.3,543.22,600.86,-57.639999999999986,2,176590.78,311.21000000000004,3734.5200000000004,1.0,210.25,1.0,161846.37,146773.9,25509.303819999997,0.0,102463.3,24.0,23.0,10.0,1,45,0,High,40.0,40.0,Medium,26052.52382,4545.63,21506.893819999998,82.55205510450234,Medium Profit,0,High,Low Value - High Risk
C00179,Divya Iyer,Student,Mumbai,Maharashtra,63289.0,Low,13,66052.91,210.63,172.09,38.53999999999999,1,28789.09,88.31,1059.72,2.0,852.6899999999999,0.0,0.0,0.0,0.0,0.0,0.0,0.0,0.0,0.0,0,0,0,Low,0.0,0.0,,210.63,2084.5,-1873.87,-889.6500973270664,Loss Making,0,Low,Low Value - Low/Medium Risk
C00180,Rohit Nair,Retail,Mumbai,Maharashtra,52623.0,High,25,426662.48,304.51,375.95,-71.44,1,530042.67,167.97,2015.6399999999999,2.0,855.47,0.0,0.0,0.0,0.0,0.0,0.0,0.0,0.0,0.0,5,70,4,Critical,0.0,0.0,,304.51,3247.0599999999995,-2942.5499999999993,-966.3229450592754,Loss Making,1,Critical,High Value - High Risk
C00181,Kavya Kumar,Mass Affluent,Coimbatore,Tamil Nadu,57662.0,Medium,19,244098.88,363.1,306.48,56.620000000000005,1,33198.16,121.04,1452.48,1.0,333.93,1.0,234542.01,109134.89,18618.412233999996,0.0,273765.25,12.0,11.0,10.0,0,20,0,Medium,55.0,55.0,High,18981.512233999994,2092.89,16888.622233999995,88.97406079031374,Medium Profit,0,High,Low Value - High Risk
C00182,Meena Rao,Retail,Delhi,Delhi,38300.0,Low,12,66109.78,255.5,174.37,81.13,1,427928.72,56.19,674.28,1.0,88.77,1.0,92334.07,75035.72,11510.479448,0.0,65182.81,24.0,23.0,10.0,0,5,0,Low,35.0,35.0,Medium,11765.979448,937.42,10828.559448,92.0327924747536,Medium Profit,1,Medium,High Value - Low/Medium Risk
C00183,Suresh Nair,Retail,Delhi,Delhi,152999.0,Low,19,129609.31999999999,359.8,328.86,30.939999999999998,1,84406.78,148.27,1779.2400000000002,2.0,894.79,0.0,0.0,0.0,0.0,0.0,0.0,0.0,0.0,0.0,0,25,0,Medium,0.0,0.0,,359.8,3002.8900000000003,-2643.09,-734.5997776542524,Loss Making,0,Medium,Low Value - Low/Medium Risk
C00184,Kavya Kumar,Student,Chennai,Tamil Nadu,54987.0,High,24,162373.27,412.73,424.95,-12.21999999999997,1,79076.7,86.02,1032.24,3.0,1284.45,1.0,1752375.09,1271630.87,193415.05532700004,0.0,350667.0,6.0,5.0,5.0,0,35,0,Medium,30.0,30.0,Medium,193827.78532700005,2741.6400000000003,191086.14532700003,98.58552787188137,High Profit,0,Medium,Low Value - Low/Medium Risk
C00185,Priya Nair,Mass Affluent,Kochi,Kerala,34947.0,Low,17,135357.31,339.76,257.69,82.07,1,294232.79,89.7,1076.4,3.0,1087.96,1.0,900353.67,0.0,0.0,0.0,696118.13,18.0,18.0,10.0,0,35,0,Medium,70.0,70.0,Critical,339.76,2422.05,-2082.29,-612.870850011773,Loss Making,1,Critical,High Value - High Risk
C00186,Sanjay Verma,Sme Owner,Kolkata,West Bengal,36161.0,Medium,35,174422.35,730.9,509.36,221.53999999999996,2,108266.34,213.92,2567.04,1.0,372.08,1.0,1368772.62,919265.38,133201.55356200002,1.0,1226859.51,10.0,10.0,54.0,1,40,0,High,70.0,70.0,Critical,133932.453562,3448.48,130483.97356200001,97.42520956774406,High Profit,0,Critical,Low Value - High Risk
C00187,Rohit Singh,Retail,Pune,Maharashtra,41838.0,Low,26,171896.72,437.54,417.46999999999997,20.07000000000005,1,97432.27,178.69,2144.2799999999997,0.0,0.0,1.0,1306101.44,630781.77,91715.669358,0.0,751016.32,24.0,22.0,10.0,0,25,0,Medium,30.0,30.0,Medium,92153.209358,2561.7499999999995,89591.459358,97.22011852018304,High Profit,0,Medium,Low Value - Low/Medium Risk
C00188,Rahul Kumar,Senior Citizen,Hyderabad,Telangana,54248.0,Low,28,206027.79,497.92,370.26,127.66000000000003,1,41079.98,126.57,1518.84,2.0,203.88,1.0,657864.87,178110.62,24223.04432,1.0,400198.76,16.0,15.0,45.0,0,30,0,Medium,70.0,70.0,Critical,24720.96432,2092.98,22627.98432,91.53358269965742,Medium Profit,0,Critical,Low Value - High Risk
C00189,Geetha Reddy,Student,Delhi,Delhi,38637.0,Medium,16,949083.15,281.79,303.73,-21.939999999999998,1,83102.9,153.09,1837.08,3.0,1669.81,1.0,182217.29,59585.73,8079.824988,0.0,100827.29,24.0,23.0,10.0,1,70,1,Critical,25.0,25.0,Medium,8361.614988000001,3810.62,4550.994988000001,54.42722481878521,Medium Profit,1,Critical,High Value - High Risk
C00190,Meena Singh,Mass Affluent,Hyderabad,Telangana,47481.0,Low,22,471150.54,394.69,398.48,-3.7900000000000205,1,89423.27,25.13,301.56,1.0,129.15,1.0,175254.97,0.0,0.0,0.0,206506.44,12.0,11.0,10.0,3,70,3,Critical,55.0,55.0,High,394.69,829.1899999999999,-434.49999999999994,-110.08639691910105,Loss Making,1,Critical,High Value - High Risk
C00191,Deepa Singh,Senior Citizen,Kochi,Kerala,25087.0,Medium,31,252951.23,489.82,510.21,-20.389999999999986,2,310195.47000000003,116.28,1395.3600000000001,4.0,1374.08,1.0,891860.23,416237.09,68970.485813,0.0,648940.89,24.0,23.0,10.0,0,35,0,Medium,40.0,40.0,Medium,69460.30581300001,3279.65,66180.65581300002,95.27838243495584,High Profit,1,Medium,High Value - Low/Medium Risk
C00192,Vishal Sharma,Retail,Kolkata,West Bengal,37983.0,Low,37,459104.56,611.99,576.41,35.58000000000004,2,215779.09999999998,168.11,2017.3200000000002,5.0,1787.74,1.0,1420322.24,1239689.55,144051.92571,0.0,1036109.61,24.0,23.0,10.0,0,35,0,Medium,30.0,30.0,Medium,144663.91571,4381.47,140282.44571,96.97127650769298,High Profit,1,Medium,High Value - Low/Medium Risk
C00193,Kavya Singh,Sme Owner,Hyderabad,Telangana,73535.0,Low,23,144205.41,395.23,302.12,93.11000000000001,1,83989.0,91.94,1103.28,3.0,1760.0900000000001,1.0,2245642.37,474780.67,52795.610504,0.0,1140441.92,24.0,23.0,10.0,0,35,0,Medium,30.0,30.0,Medium,53190.840504,3165.4900000000002,50025.350504,94.0488062042149,High Profit,0,Medium,Low Value - Low/Medium Risk
C00194,Ajay Iyer,Retail,Kochi,Kerala,49812.0,Low,25,165411.18,502.82,464.09000000000003,38.72999999999996,2,663978.22,217.47,2609.64,5.0,2457.7799999999997,1.0,168844.29,131650.13,17404.147186000002,1.0,72674.94,20.0,17.0,58.0,0,20,0,Medium,70.0,70.0,Critical,17906.967186,5531.51,12375.457186000001,69.10973286238756,Medium Profit,1,Critical,High Value - High Risk
C00195,Sanjay Patel,Sme Owner,Mumbai,Maharashtra,28854.0,Medium,22,158473.04,376.90999999999997,381.12,-4.210000000000036,1,59086.94,20.44,245.28000000000003,0.0,0.0,0.0,0.0,0.0,0.0,0.0,0.0,0.0,0.0,0.0,0,35,0,Medium,0.0,0.0,,376.90999999999997,626.4000000000001,-249.49000000000012,-66.19352099970818,Loss Making,0,Medium,Low Value - Low/Medium Risk
C00196,Vijay Gupta,Sme Owner,Bengaluru,Karnataka,66609.0,Low,8,86484.69,149.29,140.68,8.609999999999985,1,40448.81,104.94,1259.28,2.0,666.26,0.0,0.0,0.0,0.0,0.0,0.0,0.0,0.0,0.0,0,35,0,Medium,0.0,0.0,,149.29,2066.2200000000003,-1916.9300000000003,-1284.0310804474516,Loss Making,0,Medium,Low Value - Low/Medium Risk
C00197,Sanjay Patel,Senior Citizen,Hyderabad,Telangana,46345.0,Low,38,298997.56,684.16,571.8,112.36000000000001,2,85763.03,270.18,3242.16,1.0,97.84,0.0,0.0,0.0,0.0,0.0,0.0,0.0,0.0,0.0,0,35,0,Medium,0.0,0.0,,684.16,3911.8,-3227.6400000000003,-471.7668381665108,Loss Making,1,Medium,High Value - Low/Medium Risk
C00198,Pooja Gupta,Sme Owner,Madurai,Tamil Nadu,64974.0,Low,47,515598.51,813.72,783.13,30.590000000000032,2,212324.04,167.27,2007.2400000000002,1.0,423.94,0.0,0.0,0.0,0.0,0.0,0.0,0.0,0.0,0.0,0,20,0,Medium,0.0,0.0,,813.72,3214.3100000000004,-2400.59,-295.01425551786855,Loss Making,1,Medium,High Value - Low/Medium Risk
C00199,Deepa Verma,Retail,Bengaluru,Karnataka,69261.0,Low,18,89904.46,265.86,360.33,-94.46999999999997,1,4663.75,105.64,1267.68,5.0,1172.2,1.0,807285.82,206599.71,27911.620820999997,0.0,446243.05,24.0,22.0,10.0,0,25,0,Medium,25.0,25.0,Medium,28177.480820999997,2800.21,25377.270821,90.06224148358547,Medium Profit,0,Medium,Low Value - Low/Medium Risk
C00200,Rahul Gupta,Retail,Chennai,Tamil Nadu,56163.0,Low,43,363454.31,759.5600000000001,744.8,14.760000000000105,2,506858.17000000004,147.82,1773.84,1.0,255.39,1.0,888526.52,239402.02,32175.631487999995,0.0,371804.92,18.0,16.0,10.0,0,30,0,Medium,25.0,25.0,Medium,32935.191488,2774.0299999999997,30161.161487999998,91.57730720645507,Medium Profit,1,Medium,High Value - Low/Medium Risk
C00201,Ajay Patel,Student,Kochi,Kerala,47340.0,Low,48,632623.51,757.31,820.11,-62.80000000000007,2,90073.6,116.56,1398.72,3.0,1382.61,1.0,160093.78,0.0,0.0,0.0,84129.57,18.0,15.0,10.0,3,70,3,Critical,40.0,40.0,Medium,757.31,3601.4399999999996,-2844.1299999999997,-375.5569053624011,Loss Making,1,Critical,High Value - High Risk
C00202,Rohit Iyer,Mass Affluent,Pune,Maharashtra,56707.0,Medium,9,57196.78,198.65,147.1,51.55000000000001,1,869686.47,38.14,457.68,4.0,1116.27,1.0,228210.8,0.0,0.0,0.0,23430.23,4.0,3.0,4.0,0,35,0,Medium,15.0,15.0,Low,198.65,1721.05,-1522.3999999999999,-766.3730178706267,Loss Making,1,Medium,High Value - Low/Medium Risk
C00203,Karthik Reddy,Retail,Bengaluru,Karnataka,84755.0,Low,18,208766.86,334.02,275.56,58.45999999999998,1,78194.87,146.24,1754.88,1.0,551.18,0.0,0.0,0.0,0.0,0.0,0.0,0.0,0.0,0.0,0,30,0,Medium,0.0,0.0,,334.02,2581.62,-2247.6,-672.8938386922938,Loss Making,0,Medium,Low Value - Low/Medium Risk
C00204,Divya Iyer,Sme Owner,Kolkata,West Bengal,117466.0,Medium,25,220926.83,400.92,422.06,-21.139999999999986,1,35235.32,96.59,1159.08,4.0,2146.21,1.0,1970548.72,1387957.01,222905.895806,0.0,2589992.01,24.0,22.0,10.0,0,25,0,Medium,40.0,40.0,Medium,223306.815806,3727.35,219579.465806,98.33083912528753,High Profit,0,Medium,Low Value - Low/Medium Risk
C00205,Geetha Nair,Mass Affluent,Kochi,Kerala,70144.0,Medium,50,416752.55,970.55,838.41,132.14,3,773858.6,371.5,4458.0,2.0,187.25,1.0,176480.69,57727.0,9265.183500000001,0.0,108636.33,18.0,17.0,10.0,0,35,0,Medium,40.0,40.0,Medium,10235.7335,5483.66,4752.0735,46.42631131418183,Medium Profit,1,Medium,High Value - Low/Medium Risk
C00206,Meena Rao,Retail,Pune,Maharashtra,18195.0,High,17,140049.89,254.95,274.55,-19.600000000000023,1,131520.86,157.92,1895.04,1.0,565.23,1.0,714204.67,452409.5,70485.4001,0.0,385092.99,16.0,16.0,10.0,0,30,0,Medium,45.0,45.0,Medium,70740.3501,2734.82,68005.53009999999,96.13400273516598,High Profit,0,Medium,Low Value - Low/Medium Risk
C00207,Ajay Verma,Retail,Kochi,Kerala,128939.0,Medium,16,104740.95,234.34,276.9,-42.559999999999974,1,95764.99,108.57,1302.84,0.0,0.0,1.0,587791.8,192106.85,25204.418719999998,1.0,469418.08,9.0,9.0,59.0,0,0,0,Low,70.0,70.0,Critical,25438.758719999998,1579.7399999999998,23859.01872,93.7900271888738,Medium Profit,0,Critical,Low Value - High Risk
C00208,Rohit Iyer,Retail,Delhi,Delhi,47851.0,Low,18,132201.05,280.29,325.77,-45.47999999999996,1,329971.66,66.95,803.4000000000001,0.0,0.0,1.0,934632.68,647224.43,101614.23551000001,1.0,414944.66000000003,19.0,17.0,57.0,0,35,0,Medium,70.0,70.0,Critical,101894.52551,1129.17,100765.35551000001,98.89182466442794,High Profit,1,Critical,High Value - High Risk
C00209,Divya Patel,Student,Coimbatore,Tamil Nadu,35351.0,Medium,32,261835.49000000002,620.88,472.42,148.45999999999998,2,120753.44,241.91,2902.92,1.0,415.46,1.0,1613792.07,1188091.84,206015.12505600002,0.0,799724.23,14.0,13.0,9.0,0,35,0,Medium,35.0,35.0,Medium,206636.00505600002,3790.8,202845.20505600004,98.16546975974848,High Profit,0,Medium,Low Value - Low/Medium Risk
C00210,Arun Patel,Senior Citizen,Delhi,Delhi,55561.0,Low,20,83849.03,413.79,321.94,91.85000000000002,1,279226.85,175.94,2111.2799999999997,2.0,755.01,1.0,1655029.43,1180325.4,133966.93289999999,0.0,1008242.62,12.0,10.0,9.0,0,0,0,Low,25.0,25.0,Medium,134380.7229,3188.2299999999996,131192.49289999998,97.62746476488853,High Profit,1,Medium,High Value - Low/Medium Risk
C00211,Divya Singh,Senior Citizen,Chennai,Tamil Nadu,41963.0,Low,30,230317.03,497.4,490.9,6.5,2,202744.2,319.64,3835.68,1.0,190.33,1.0,847702.41,366249.3,54790.895280000004,1.0,361035.3,14.0,14.0,43.0,0,25,0,Medium,70.0,70.0,Critical,55288.295280000006,4516.91,50771.38528,91.83025995443569,High Profit,0,Critical,Low Value - High Risk
C00212,Kavya Rao,Mass Affluent,Bengaluru,Karnataka,27090.0,Medium,22,188886.98,425.51,359.21999999999997,66.29000000000002,2,106750.79000000001,212.57,2550.84,2.0,277.84000000000003,1.0,318336.14,0.0,0.0,0.0,428954.49,24.0,21.0,9.0,0,30,0,Medium,40.0,40.0,Medium,425.51,3187.9,-2762.3900000000003,-649.1950835468027,Loss Making,0,Medium,Low Value - Low/Medium Risk
C00213,Meena Nair,Mass Affluent,Chennai,Tamil Nadu,79820.0,Medium,16,76439.64,267.41,261.2,6.210000000000036,1,209203.5,123.76,1485.1200000000001,1.0,646.69,1.0,1607736.22,0.0,0.0,0.0,933357.83,24.0,21.0,10.0,0,5,0,Low,30.0,30.0,Medium,267.41,2393.01,-2125.6000000000004,-794.8842601249019,Loss Making,0,Medium,Low Value - Low/Medium Risk
C00214,Geetha Sharma,Senior Citizen,Delhi,Delhi,63351.0,Low,23,471218.74,382.39,284.19,98.19999999999999,1,130656.78,178.34,2140.08,6.0,2338.46,1.0,879331.89,0.0,0.0,0.0,852624.99,24.0,24.0,10.0,4,70,4,Critical,40.0,40.0,Medium,382.39,4762.73,-4380.339999999999,-1145.5163576453356,Loss Making,1,Critical,High Value - High Risk
C00215,Suresh Reddy,Sme Owner,Coimbatore,Tamil Nadu,77584.0,Medium,18,99272.83,289.06,247.7,41.360000000000014,1,814023.85,29.5,354.0,1.0,228.61,1.0,169702.67,74392.42,11761.441602,1.0,123521.95,20.0,19.0,60.0,0,0,0,Low,70.0,70.0,Critical,12050.501602,830.3100000000001,11220.191602,93.10974739954231,Medium Profit,1,Critical,High Value - High Risk
C00216,Rohit Sharma,Student,Mumbai,Maharashtra,117841.0,Low,14,57484.39,216.68,226.81,-10.129999999999995,1,54271.52,63.1,757.2,4.0,2040.71,1.0,287264.88,215161.1,31521.10115,0.0,228853.19,24.0,23.0,10.0,0,0,0,Low,25.0,25.0,Medium,31737.78115,3024.7200000000003,28713.061149999998,90.46965512269279,Medium Profit,0,Medium,Low Value - Low/Medium Risk
C00217,Pooja Gupta,Premium,Bengaluru,Karnataka,38128.0,Low,31,219512.46,557.76,466.03000000000003,91.72999999999996,1,141069.46,114.52,1374.24,0.0,0.0,1.0,1928709.52,1569180.04,280726.30915600003,0.0,2277454.89,12.0,10.0,9.0,0,25,0,Medium,60.0,60.0,High,281284.06915600004,1840.27,279443.799156,99.34576102886957,High Profit,0,High,Low Value - High Risk
C00218,Suresh Kumar,Student,Bengaluru,Karnataka,83732.0,Low,42,275957.99,804.62,664.05,140.57000000000005,2,429594.97,153.12,1837.44,1.0,80.64,1.0,136651.81,31996.33,4268.310422,0.0,71744.37,10.0,9.0,7.0,0,30,0,Medium,20.0,20.0,Low,5072.930421999999,2582.1299999999997,2490.800422,49.09983411556438,Medium Profit,1,Medium,High Value - Low/Medium Risk
C00219,Sanjay Patel,Senior Citizen,Pune,Maharashtra,57897.0,Medium,36,433106.24,622.95,526.04,96.91000000000008,2,195352.97000000003,212.1,2545.2,5.0,1395.82,1.0,1584927.01,465501.72,61353.126696,0.0,1779385.03,12.0,11.0,9.0,0,30,0,Medium,30.0,30.0,Medium,61976.076696,4467.0599999999995,57509.016696,92.79228334844191,High Profit,1,Medium,High Value - Low/Medium Risk
C00220,Meena Patel,Sme Owner,Bengaluru,Karnataka,67512.0,Low,14,191386.15,169.15,280.79,-111.64000000000001,1,56532.12,45.38,544.5600000000001,4.0,2016.5100000000002,0.0,0.0,0.0,0.0,0.0,0.0,0.0,0.0,0.0,0,20,0,Medium,0.0,0.0,,169.15,2841.8600000000006,-2672.7100000000005,-1580.082766775052,Loss Making,0,Medium,Low Value - Low/Medium Risk
C00221,Sneha Reddy,Premium,Pune,Maharashtra,32607.0,Medium,40,373892.62,747.98,675.59,72.38999999999999,2,45979.71,140.22,1682.6399999999999,4.0,1462.3799999999999,1.0,195505.05,74385.85,7981.601705000001,0.0,237432.04,24.0,21.0,10.0,0,35,0,Medium,30.0,30.0,Medium,8729.581705,3820.6099999999997,4908.971705000001,56.233756334376395,Medium Profit,1,Medium,High Value - Low/Medium Risk
C00222,Karthik Singh,Mass Affluent,Delhi,Delhi,66106.0,Low,40,269185.54,722.6,707.21,15.389999999999986,2,117028.04000000001,253.63,3043.56,2.0,711.6600000000001,1.0,107828.17,17526.1,2627.16239,1.0,59798.94,18.0,18.0,53.0,0,35,0,Medium,70.0,70.0,Critical,3349.76239,4462.43,-1112.6676100000004,-33.21631448611495,Loss Making,0,Critical,Low Value - High Risk
C00223,Meena Gupta,Mass Affluent,Mumbai,Maharashtra,36508.0,Low,18,82304.03,361.40999999999997,291.66,69.74999999999994,1,48418.92,120.4,1444.8000000000002,2.0,816.36,0.0,0.0,0.0,0.0,0.0,0.0,0.0,0.0,0.0,0,30,0,Medium,0.0,0.0,,361.40999999999997,2552.82,-2191.4100000000003,-606.3501286627377,Loss Making,0,Medium,Low Value - Low/Medium Risk
C00224,Ajay Sharma,Retail,Mumbai,Maharashtra,44867.0,Low,52,522745.24000000005,918.02,824.92,93.10000000000002,3,709909.73,185.22,2222.64,3.0,683.62,1.0,149580.69,85749.66,17750.17962,0.0,34751.59,8.0,7.0,9.0,1,40,0,High,65.0,65.0,High,18668.19962,3731.18,14937.01962,80.01317708215079,Medium Profit,1,High,High Value - High Risk
C00225,Naveen Nair,Retail,Bengaluru,Karnataka,63088.0,Medium,21,132174.13,354.96,289.73,65.22999999999996,1,29542.68,85.98,1031.76,5.0,1904.1399999999999,1.0,2096003.18,0.0,0.0,0.0,2447381.59,12.0,11.0,9.0,0,5,0,Low,35.0,35.0,Medium,354.96,3225.63,-2870.67,-808.7305611899932,Loss Making,0,Medium,Low Value - Low/Medium Risk
C00226,Karthik Nair,Premium,Kochi,Kerala,85938.0,Low,61,397316.85000000003,965.93,1019.1,-53.17000000000007,3,1083772.93,162.63,1951.56,3.0,1247.45,0.0,0.0,0.0,0.0,0.0,0.0,0.0,0.0,0.0,0,30,0,Medium,0.0,0.0,,965.93,4218.11,-3252.18,-336.68899402648225,Loss Making,1,Medium,High Value - Low/Medium Risk
C00227,Priya Nair,Retail,Kolkata,West Bengal,63280.0,High,30,240233.35,540.85,472.51,68.34000000000003,2,132576.62,227.36,2728.32,3.0,1100.7,1.0,191213.97,151414.97,26209.931306999995,0.0,75618.91,7.0,5.0,9.0,0,35,0,Medium,25.0,25.0,Medium,26750.781306999994,4301.53,22449.251306999995,83.91998367960042,Medium Profit,0,Medium,Low Value - Low/Medium Risk
C00228,Suresh Gupta,Student,Coimbatore,Tamil Nadu,55931.0,Low,14,60128.58,277.88,227.39,50.49000000000001,1,43946.02,29.8,357.6,2.0,666.89,1.0,1647758.28,0.0,0.0,0.0,947468.29,24.0,22.0,10.0,0,0,0,Low,30.0,30.0,Medium,277.88,1251.88,-974.0000000000001,-350.5110119476033,Loss Making,0,Medium,Low Value - Low/Medium Risk
C00229,Deepa Rao,Retail,Mumbai,Maharashtra,37042.0,Low,17,188480.02000000002,293.8,258.2,35.60000000000002,1,155952.39,153.56,1842.72,0.0,0.0,1.0,2350547.69,0.0,0.0,0.0,392483.12,5.0,4.0,10.0,0,30,0,Medium,30.0,30.0,Medium,293.8,2100.92,-1807.1200000000001,-615.0850918992512,Loss Making,0,Medium,Low Value - Low/Medium Risk
C00230,Pooja Nair,Retail,Delhi,Delhi,21601.0,Medium,11,75565.62999999999,189.09,133.91,55.18000000000001,1,73211.8,44.6,535.2,1.0,388.54,1.0,958407.21,639731.49,93144.90494400001,0.0,1243074.6,24.0,15.0,10.0,0,0,0,Low,30.0,30.0,Medium,93333.994944,1057.65,92276.34494400001,98.86681160424497,High Profit,0,Medium,Low Value - Low/Medium Risk
C00231,Arun Sharma,Retail,Chennai,Tamil Nadu,60785.0,Low,14,96988.99,258.58,198.13,60.44999999999999,1,305893.53,161.82,1941.84,4.0,1962.5299999999997,0.0,0.0,0.0,0.0,0.0,0.0,0.0,0.0,0.0,0,5,0,Low,0.0,0.0,,258.58,4102.5,-3843.92,-1486.5496171397633,Loss Making,1,Low,High Value - Low/Medium Risk
C00232,Vijay Singh,Retail,Chennai,Tamil Nadu,43707.0,Low,14,81067.93,202.29,248.76,-46.47,1,1024173.68,64.67,776.04,3.0,529.87,1.0,109113.13,0.0,0.0,0.0,126224.49,12.0,10.0,10.0,0,0,0,Low,35.0,35.0,Medium,202.29,1554.67,-1352.38,-668.5352711453854,Loss Making,1,Medium,High Value - Low/Medium Risk
C00233,Vishal Iyer,Senior Citizen,Madurai,Tamil Nadu,46513.0,Medium,23,165574.06,399.44,386.27,13.170000000000016,1,53677.09,147.46,1769.52,2.0,589.4000000000001,1.0,134064.77,97411.64,15702.756368,0.0,81559.81999999999,24.0,23.0,10.0,0,30,0,Medium,50.0,50.0,High,16102.196368,2745.19,13357.006368,82.95145620348082,Medium Profit,0,High,Low Value - High Risk
C00234,Vishal Kumar,Retail,Chennai,Tamil Nadu,12000.0,Low,16,129191.51,331.82,251.06,80.75999999999999,1,50732.93,28.45,341.4,1.0,575.37,1.0,144660.68,101685.64,13127.616123999998,1.0,20564.63,4.0,4.0,37.0,0,20,0,Medium,70.0,70.0,Critical,13459.436123999998,1167.83,12291.606123999998,91.3233363623785,Medium Profit,0,Critical,Low Value - High Risk
C00235,Rahul Nair,Retail,Pune,Maharashtra,59381.0,Low,20,172414.0,398.38,337.77,60.610000000000014,1,353008.55,58.64,703.6800000000001,2.0,1062.96,0.0,0.0,0.0,0.0,0.0,0.0,0.0,0.0,0.0,0,25,0,Medium,0.0,0.0,,398.38,2104.41,-1706.0299999999997,-428.2418796124303,Loss Making,1,Medium,High Value - Low/Medium Risk
C00236,Karthik Patel,Senior Citizen,Hyderabad,Telangana,38195.0,Low,23,135736.22,320.29,377.06,-56.76999999999998,1,60895.4,98.48,1181.76,1.0,399.44,1.0,1522448.92,900622.04,114378.99908000001,0.0,1391279.36,24.0,24.0,10.0,0,35,0,Medium,25.0,25.0,Medium,114699.28908,1958.26,112741.02908000001,98.29270083911841,High Profit,0,Medium,Low Value - Low/Medium Risk
C00237,Geetha Nair,Premium,Pune,Maharashtra,89215.0,Low,35,320837.04,564.67,603.47,-38.80000000000007,2,766299.42,296.1,3553.2000000000003,0.0,0.0,0.0,0.0,0.0,0.0,0.0,0.0,0.0,0.0,0.0,0,30,0,Medium,0.0,0.0,,564.67,4156.67,-3592.0,-636.1237536968496,Loss Making,1,Medium,High Value - Low/Medium Risk
C00238,Lakshmi Rao,Sme Owner,Chennai,Tamil Nadu,81371.0,Low,47,311503.19,871.17,733.89,137.27999999999997,2,68668.11,237.39,2848.68,4.0,2017.48,0.0,0.0,0.0,0.0,0.0,0.0,0.0,0.0,0.0,0,30,0,Medium,0.0,0.0,,871.17,5600.049999999999,-4728.879999999999,-542.8194267479366,Loss Making,1,Medium,High Value - Low/Medium Risk
C00239,Lakshmi Gupta,Sme Owner,Chennai,Tamil Nadu,68546.0,Low,17,181905.5,242.43,288.47,-46.04000000000002,1,93206.27,65.95,791.4000000000001,2.0,481.03999999999996,0.0,0.0,0.0,0.0,0.0,0.0,0.0,0.0,0.0,0,35,0,Medium,0.0,0.0,,242.43,1560.91,-1318.48,-543.8600833230211,Loss Making,0,Medium,Low Value - Low/Medium Risk
C00240,Karthik Verma,Retail,Coimbatore,Tamil Nadu,21738.0,High,17,139565.92,267.37,321.11,-53.74000000000001,1,32648.92,95.02,1140.24,2.0,708.6300000000001,1.0,2108528.78,444397.83,58704.953343,0.0,1605149.13,24.0,22.0,10.0,0,35,0,Medium,30.0,30.0,Medium,58972.323343000004,2169.98,56802.343343,96.32034168404935,High Profit,0,Medium,Low Value - Low/Medium Risk
C00241,Vijay Iyer,Student,Kolkata,West Bengal,40762.0,High,20,197329.77,391.72,243.73,147.99000000000004,1,49392.46,34.19,410.28,3.0,1240.72,0.0,0.0,0.0,0.0,0.0,0.0,0.0,0.0,0.0,0,35,0,Medium,0.0,0.0,,391.72,1894.73,-1503.01,-383.6949862146431,Loss Making,0,Medium,Low Value - Low/Medium Risk
C00242,Suresh Singh,Retail,Bengaluru,Karnataka,45049.0,Low,41,325481.28,721.63,638.16,83.47000000000003,2,50567.16,298.51,3582.12,6.0,1977.65,1.0,413109.15,0.0,0.0,0.0,522164.82,24.0,21.0,10.0,0,35,0,Medium,25.0,25.0,Medium,721.63,6197.93,-5476.3,-758.879204024223,Loss Making,1,Medium,High Value - Low/Medium Risk
C00243,Vijay Singh,Senior Citizen,Mumbai,Maharashtra,151910.0,Medium,22,212065.96,416.52,428.49,-11.970000000000027,1,110428.12,143.58,1722.96,1.0,405.06,1.0,155215.72,103398.56,15799.299968,0.0,88008.35,23.0,23.0,10.0,0,35,0,Medium,40.0,40.0,Medium,16215.819968,2556.5099999999998,13659.309968,84.23446976443392,Medium Profit,0,Medium,Low Value - Low/Medium Risk
C00244,Karthik Nair,Mass Affluent,Kolkata,West Bengal,19150.0,High,51,449441.1,886.67,845.79,40.879999999999995,2,133800.47,164.37,1972.44,1.0,416.42,1.0,223945.79,196503.1,26665.470670000002,0.0,150986.09,24.0,20.0,9.0,0,30,0,Medium,20.0,20.0,Low,27552.14067,3234.65,24317.49067,88.25989588706611,Medium Profit,1,Medium,High Value - Low/Medium Risk
C00245,Deepa Nair,Retail,Madurai,Tamil Nadu,77339.0,Low,17,143784.97,261.76,266.3,-4.5400000000000205,1,21983.86,119.05,1428.6,2.0,852.6899999999999,1.0,1492076.91,572495.01,95034.17166,1.0,1324467.06,10.0,10.0,51.0,0,30,0,Medium,75.0,75.0,Critical,95295.93166,2547.5899999999997,92748.34166,97.32665397606965,High Profit,0,Critical,Low Value - High Risk
C00246,Suresh Reddy,Retail,Bengaluru,Karnataka,24575.0,Medium,17,139584.91,260.15,242.96,17.18999999999997,1,165728.56,160.71,1928.52,0.0,0.0,0.0,0.0,0.0,0.0,0.0,0.0,0.0,0.0,0.0,0,25,0,Medium,0.0,0.0,,260.15,2171.48,-1911.33,-734.7030559292716,Loss Making,0,Medium,Low Value - Low/Medium Risk
C00247,Priya Patel,Sme Owner,Mumbai,Maharashtra,90833.0,Medium,37,235490.75,584.25,656.65,-72.39999999999998,2,82100.17,236.05,2832.6000000000004,1.0,328.11,0.0,0.0,0.0,0.0,0.0,0.0,0.0,0.0,0.0,0,20,0,Medium,0.0,0.0,,584.25,3817.3600000000006,-3233.1100000000006,-553.37783483098,Loss Making,0,Medium,Low Value - Low/Medium Risk
C00248,Sanjay Sharma,Mass Affluent,Hyderabad,Telangana,39136.0,Low,21,165221.83000000002,426.46,341.49,84.96999999999997,1,27066.68,158.09,1897.08,3.0,1140.21,1.0,688243.58,514893.65,66524.25958000001,1.0,355052.89,11.0,9.0,40.0,0,35,0,Medium,70.0,70.0,Critical,66950.71958000002,3378.7799999999997,63571.93958000002,94.95333280777861,High Profit,0,Critical,Low Value - High Risk
C00249,Ajay Sharma,Premium,Delhi,Delhi,57359.0,Low,16,116852.06,330.24,280.97,49.26999999999998,1,35103.44,152.87,1834.44,0.0,0.0,1.0,754704.18,480533.09,73137.136298,0.0,289862.47,4.0,4.0,10.0,0,30,0,Medium,40.0,40.0,Medium,73467.376298,2115.41,71351.966298,97.12061311211193,High Profit,0,Medium,Low Value - Low/Medium Risk
C00250,Suresh Rao,Retail,Kolkata,West Bengal,44190.0,Medium,14,123324.15,304.3,197.54,106.76000000000002,1,239682.1,129.89,1558.6799999999998,1.0,149.1,0.0,0.0,0.0,0.0,0.0,0.0,0.0,0.0,0.0,0,25,0,Medium,0.0,0.0,,304.3,1905.3199999999997,-1601.0199999999998,-526.1321064738744,Loss Making,0,Medium,Low Value - Low/Medium Risk
C00251,Sneha Verma,Retail,Mumbai,Maharashtra,32576.0,Medium,16,298203.13,154.67,208.72,-54.05000000000001,1,209737.73,51.09,613.08,1.0,252.69,1.0,478451.32,0.0,0.0,0.0,632184.17,24.0,24.0,10.0,5,70,2,Critical,40.0,40.0,Medium,154.67,1074.49,-919.82,-594.6983901209027,Loss Making,1,Critical,High Value - High Risk
C00252,Ajay Iyer,Retail,Mumbai,Maharashtra,28549.0,Low,24,196554.15,435.78000000000003,355.65,80.13000000000005,1,73489.24,107.1,1285.1999999999998,3.0,574.76,1.0,1736349.2,1177352.29,185903.926591,0.0,1713317.86,24.0,21.0,10.0,0,30,0,Medium,45.0,45.0,Medium,186339.706591,2215.6099999999997,184124.096591,98.81098342348308,High Profit,0,Medium,Low Value - Low/Medium Risk
C00253,Suresh Sharma,Senior Citizen,Delhi,Delhi,57716.0,Low,24,148582.18,477.61,365.21,112.40000000000003,1,112459.66,123.04,1476.48,0.0,0.0,1.0,887158.85,0.0,0.0,0.0,558074.68,24.0,23.0,10.0,0,30,0,Medium,35.0,35.0,Medium,477.61,1841.69,-1364.08,-285.6054102719792,Loss Making,0,Medium,Low Value - Low/Medium Risk
C00254,Vishal Patel,Sme Owner,Pune,Maharashtra,85279.0,Low,53,320924.88,828.93,825.6899999999999,3.240000000000009,3,459033.65,291.12,3493.44,4.0,1471.33,1.0,328440.64,95651.43,15275.533371,0.0,432350.35,24.0,21.0,10.0,0,25,0,Medium,35.0,35.0,Medium,16104.463371,5790.46,10314.003370999999,64.04437784355403,Medium Profit,1,Medium,High Value - Low/Medium Risk
C00255,Rohit Singh,Sme Owner,Coimbatore,Tamil Nadu,49291.0,Low,17,408135.32,285.19,232.06,53.129999999999995,1,335171.68,166.67,2000.04,3.0,851.74,1.0,130723.27,109663.33,16603.028162000002,1.0,119334.3,10.0,10.0,56.0,3,70,3,Critical,70.0,70.0,Critical,16888.218162,3083.84,13804.378162,81.73969586123114,Medium Profit,1,Critical,High Value - High Risk
C00256,Pooja Patel,Retail,Pune,Maharashtra,77940.0,Low,23,181371.57,368.8,397.19,-28.389999999999986,2,46804.5,254.14000000000001,3049.6800000000003,3.0,1432.9,0.0,0.0,0.0,0.0,0.0,0.0,0.0,0.0,0.0,0,35,0,Medium,0.0,0.0,,368.8,4879.77,-4510.97,-1223.1480477223429,Loss Making,0,Medium,Low Value - Low/Medium Risk
C00257,Divya Kumar,Mass Affluent,Kochi,Kerala,29999.0,Low,17,83107.23,312.75,263.93,48.81999999999999,1,40204.84,31.76,381.12,2.0,704.49,1.0,1601257.69,1316482.32,193917.84573600002,0.0,1111772.34,24.0,21.0,10.0,0,30,0,Medium,30.0,30.0,Medium,194230.59573600002,1349.54,192881.055736,99.30518670609737,High Profit,0,Medium,Low Value - Low/Medium Risk
C00258,Sneha Iyer,Senior Citizen,Bengaluru,Karnataka,175086.0,Low,21,197597.41,271.1,363.31,-92.20999999999998,1,202501.07,170.51,2046.12,3.0,1283.97,1.0,1484829.07,695300.23,115280.77813399998,0.0,1237043.69,24.0,19.0,9.0,0,35,0,Medium,50.0,50.0,High,115551.87813399998,3693.3999999999996,111858.47813399999,96.80368674257555,High Profit,0,High,Low Value - High Risk
C00259,Karthik Iyer,Student,Bengaluru,Karnataka,36777.0,Low,24,218539.98,418.56,367.73,50.829999999999984,1,2254.25,38.64,463.68,2.0,682.47,1.0,1097976.56,1041399.28,181932.454216,0.0,579889.14,17.0,15.0,10.0,0,30,0,Medium,35.0,35.0,Medium,182351.014216,1513.88,180837.134216,99.16979896903301,High Profit,0,Medium,Low Value - Low/Medium Risk
C00260,Deepa Gupta,Senior Citizen,Madurai,Tamil Nadu,86718.0,Low,18,213657.61,393.01,322.74,70.26999999999998,1,239036.53,150.91,1810.92,3.0,1606.9,1.0,513268.48,219269.57,41441.94873,1.0,182839.72,12.0,10.0,59.0,0,35,0,Medium,75.0,75.0,Critical,41834.95873,3740.56,38094.39873,91.05876971424468,High Profit,0,Critical,Low Value - High Risk
C00261,Arun Iyer,Retail,Bengaluru,Karnataka,85076.0,High,34,199639.55,489.01,553.11,-64.10000000000002,2,234686.96000000002,148.56,1782.72,3.0,1131.1100000000001,1.0,142463.94,45506.46,6866.924814,0.0,57329.16,10.0,9.0,8.0,0,30,0,Medium,35.0,35.0,Medium,7355.934814,3466.94,3888.994814,52.86880474522921,Medium Profit,0,Medium,Low Value - Low/Medium Risk
C00262,Geetha Verma,Student,Madurai,Tamil Nadu,85082.0,Low,19,137508.22,350.32,283.5,66.82,1,32974.09,144.84,1738.08,6.0,2950.56,1.0,294687.98,273103.34,45744.80945000001,0.0,343954.83999999997,12.0,12.0,10.0,0,20,0,Medium,35.0,35.0,Medium,46095.12945000001,4972.139999999999,41122.98945000001,89.21330722068295,High Profit,0,Medium,Low Value - Low/Medium Risk
C00263,Deepa Rao,Retail,Hyderabad,Telangana,20389.0,Low,13,56069.47,232.1,211.35,20.75,1,30768.19,28.54,342.48,3.0,600.88,0.0,0.0,0.0,0.0,0.0,109478.53,7.0,5.0,21.0,0,0,0,Low,0.0,0.0,,232.1,1154.71,-922.61,-397.505385609651,Loss Making,0,Low,Low Value - Low/Medium Risk
C00264,Karthik Reddy,Mass Affluent,Kochi,Kerala,44405.0,Medium,40,381497.45,793.19,639.21,153.98000000000002,2,556374.5499999999,291.19,3494.2799999999997,0.0,0.0,1.0,934542.57,0.0,0.0,0.0,1079644.4,12.0,12.0,10.0,0,30,0,Medium,25.0,25.0,Medium,793.19,4133.49,-3340.2999999999997,-421.1223036094756,Loss Making,1,Medium,High Value - Low/Medium Risk
C00265,Vijay Singh,Mass Affluent,Coimbatore,Tamil Nadu,97918.0,Low,13,86105.36,179.93,237.05,-57.120000000000005,1,413330.88,34.34,412.08000000000004,5.0,1834.65,1.0,2324978.44,1957200.72,354644.770464,0.0,2009618.63,24.0,20.0,10.0,0,25,0,Medium,35.0,35.0,Medium,354824.700464,2483.78,352340.92046399997,99.29999799992729,High Profit,1,Medium,High Value - Low/Medium Risk
C00266,Lakshmi Reddy,Retail,Chennai,Tamil Nadu,65376.0,Low,21,188431.95,410.99,352.24,58.75,1,238392.96,67.11,805.3199999999999,4.0,2396.47,1.0,173614.72,105270.09,15937.891626,0.0,199969.03,12.0,12.0,9.0,0,30,0,Medium,35.0,35.0,Medium,16348.881626,3554.0299999999997,12794.851626,78.26132648518328,Medium Profit,0,Medium,Low Value - Low/Medium Risk
C00267,Priya Gupta,Mass Affluent,Coimbatore,Tamil Nadu,60165.0,Low,34,387967.25,539.59,484.49,55.10000000000002,2,26157.7,260.24,3122.88,0.0,0.0,0.0,0.0,0.0,0.0,0.0,0.0,0.0,0.0,0.0,1,40,0,High,0.0,0.0,,539.59,3607.37,-3067.7799999999997,-568.5390759650845,Loss Making,1,High,High Value - High Risk
C00268,Suresh Rao,Premium,Kochi,Kerala,21399.0,Medium,18,88248.92,265.83,248.03,17.799999999999983,1,111522.21,124.03,1488.3600000000001,2.0,211.01,1.0,278598.04,214048.54,34932.721728000004,0.0,277798.21,24.0,23.0,10.0,0,5,0,Low,45.0,45.0,Medium,35198.551728000006,1947.4,33251.151728000004,94.46738600199033,High Profit,0,Medium,Low Value - Low/Medium Risk
C00269,Pooja Singh,Retail,Kolkata,West Bengal,24212.0,Medium,35,156328.87,495.65999999999997,497.32,-1.660000000000025,2,1353621.71,248.56,2982.7200000000003,2.0,659.99,1.0,107700.02,0.0,0.0,0.0,50915.62,17.0,17.0,10.0,0,0,0,Low,60.0,60.0,High,495.65999999999997,4140.030000000001,-3644.370000000001,-735.2560222733327,Loss Making,1,High,High Value - High Risk
C00270,Ajay Rao,Retail,Coimbatore,Tamil Nadu,68826.0,Low,42,353520.09,753.83,690.99,62.84000000000003,2,170943.92,227.75,2733.0,1.0,196.69,1.0,1490529.88,1342911.0,202242.3966,0.0,1933952.53,24.0,22.0,10.0,0,35,0,Medium,35.0,35.0,Medium,202996.2266,3620.68,199375.5466,98.21638063887046,High Profit,1,Medium,High Value - Low/Medium Risk
C00271,Pooja Sharma,Premium,Kochi,Kerala,137571.0,Medium,36,328048.70999999996,565.42,546.08,19.339999999999918,2,156682.37,155.05,1860.6000000000001,2.0,997.02,1.0,685149.7,491416.1,72680.44119,0.0,787136.39,12.0,12.0,10.0,0,25,0,Medium,30.0,30.0,Medium,73245.86119,3403.7000000000003,69842.16119,95.35304801568134,High Profit,1,Medium,High Value - Low/Medium Risk
C00272,Vijay Gupta,Mass Affluent,Madurai,Tamil Nadu,30115.0,Low,14,155135.73,232.47,238.32,-5.849999999999994,1,266903.87,153.39,1840.6799999999998,2.0,605.0600000000001,1.0,2117281.7,0.0,0.0,0.0,1043343.26,15.0,14.0,10.0,0,35,0,Medium,25.0,25.0,Medium,232.47,2684.06,-2451.59,-1054.5833871037123,Loss Making,1,Medium,High Value - Low/Medium Risk
C00273,Ajay Iyer,Retail,Delhi,Delhi,42483.0,Medium,39,299300.56,697.69,584.21,113.48000000000002,2,240945.23,56.36,676.3199999999999,1.0,595.01,1.0,1353845.8,0.0,0.0,0.0,433544.39,11.0,10.0,10.0,0,35,0,Medium,40.0,40.0,Medium,697.69,1855.54,-1157.85,-165.95479367627456,Loss Making,1,Medium,High Value - Low/Medium Risk
C00274,Anitha Patel,Retail,Pune,Maharashtra,61319.0,Medium,25,229159.22,387.12,442.13,-55.00999999999999,1,24366.28,120.32,1443.84,2.0,320.76,1.0,508153.83,0.0,0.0,0.0,329550.07,18.0,18.0,10.0,0,20,0,Medium,40.0,40.0,Medium,387.12,2206.7299999999996,-1819.6099999999997,-470.0377144038024,Loss Making,0,Medium,Low Value - Low/Medium Risk
C00275,Kavya Rao,Senior Citizen,Pune,Maharashtra,76612.0,Low,22,112684.9,444.81,356.29,88.51999999999998,1,65946.69,134.29,1611.48,1.0,1156.93,1.0,334481.58,247122.64,37018.971472000005,0.0,322332.74,24.0,22.0,10.0,0,0,0,Low,25.0,25.0,Medium,37463.781472,3124.7,34339.081472000005,91.65941109726107,High Profit,0,Medium,Low Value - Low/Medium Risk
C00276,Sanjay Kumar,Mass Affluent,Chennai,Tamil Nadu,71756.0,Low,12,72312.54000000001,208.42000000000002,224.7,-16.279999999999973,1,176092.82,139.34,1672.08,0.0,0.0,1.0,309039.14,235683.33,28824.071259,0.0,230799.93,24.0,21.0,10.0,0,5,0,Low,30.0,30.0,Medium,29032.491259,1896.78,27135.711259,93.4666991438015,Medium Profit,0,Medium,Low Value - Low/Medium Risk
C00277,Arun Nair,Premium,Madurai,Tamil Nadu,125754.0,Low,15,120908.15,324.99,273.19,51.80000000000001,1,32962.86,172.67,2072.04,4.0,1288.18,1.0,208241.69,0.0,0.0,0.0,233195.65,12.0,11.0,10.0,0,30,0,Medium,15.0,15.0,Low,324.99,3633.41,-3308.42,-1018.0067078987046,Loss Making,0,Medium,Low Value - Low/Medium Risk
C00278,Karthik Reddy,Retail,Kolkata,West Bengal,76967.0,Low,18,202497.86000000002,335.39,337.8,-2.410000000000025,1,92378.98,128.49,1541.88,4.0,1566.2800000000002,0.0,0.0,0.0,0.0,0.0,0.0,0.0,0.0,0.0,0,35,0,Medium,0.0,0.0,,335.39,3445.96,-3110.57,-927.4486418796029,Loss Making,0,Medium,Low Value - Low/Medium Risk
C00279,Pooja Rao,Mass Affluent,Chennai,Tamil Nadu,77941.0,Low,22,140512.8,346.78,419.56,-72.78000000000003,1,39499.91,41.18,494.15999999999997,2.0,849.9200000000001,1.0,1704574.16,936324.08,114606.067392,0.0,865634.34,23.0,21.0,10.0,0,35,0,Medium,25.0,25.0,Medium,114952.847392,1763.64,113189.207392,98.46577093128818,High Profit,0,Medium,Low Value - Low/Medium Risk
C00280,Vijay Gupta,Senior Citizen,Kolkata,West Bengal,35465.0,Medium,33,247924.82,646.53,491.76,154.76999999999998,1,37022.38,69.14,829.6800000000001,1.0,185.76,1.0,534666.42,184333.4,22765.174899999998,0.0,582494.06,21.0,19.0,10.0,0,25,0,Medium,25.0,25.0,Medium,23411.704899999997,1507.2,21904.504899999996,93.56219460975693,Medium Profit,0,Medium,Low Value - Low/Medium Risk
C00281,Meena Kumar,Mass Affluent,Pune,Maharashtra,63688.0,Low,21,144846.49,367.61,435.06,-67.44999999999999,1,58756.55,64.06,768.72,3.0,1100.6,1.0,986790.24,434666.2,58766.87024,0.0,480758.09,21.0,20.0,10.0,0,5,0,Low,25.0,25.0,Medium,59134.48024,2304.38,56830.10024,96.10315337067719,High Profit,0,Medium,Low Value - Low/Medium Risk
C00282,Rahul Reddy,Retail,Hyderabad,Telangana,72629.0,Medium,61,359608.49,1043.25,1024.54,18.710000000000036,3,323071.33999999997,338.14,4057.68,3.0,1520.33,1.0,80818.57,56600.32,8150.446080000001,0.0,46406.49,24.0,19.0,10.0,0,35,0,Medium,30.0,30.0,Medium,9193.696080000002,6602.549999999999,2591.1460800000023,28.18394318729755,Medium Profit,1,Medium,High Value - Low/Medium Risk
C00283,Vijay Gupta,Student,Kolkata,West Bengal,87014.0,Medium,12,113496.71,154.9,122.63,32.27000000000001,1,54754.94,159.96,1919.52,1.0,477.85,0.0,0.0,0.0,0.0,0.0,0.0,0.0,0.0,0.0,1,40,0,High,0.0,0.0,,154.9,2520.0,-2365.1,-1526.8560361523562,Loss Making,0,High,Low Value - High Risk
C00284,Deepa Patel,Mass Affluent,Pune,Maharashtra,39406.0,Low,16,108177.12,217.79999999999998,252.8,-35.00000000000003,1,358085.59,173.56,2082.7200000000003,0.0,0.0,1.0,283285.46,201981.21,34922.551209,1.0,185395.1,16.0,16.0,57.0,0,30,0,Medium,70.0,70.0,Critical,35140.351209,2335.5200000000004,32804.831208999996,93.35373745666537,High Profit,1,Critical,High Value - High Risk
C00285,Rahul Singh,Retail,Pune,Maharashtra,28338.0,Low,23,174518.41,440.73,387.52,53.210000000000036,1,164155.16,92.57,1110.84,3.0,1936.04,0.0,0.0,0.0,0.0,0.0,0.0,0.0,0.0,0.0,0,20,0,Medium,0.0,0.0,,440.73,3434.3999999999996,-2993.6699999999996,-679.2526036348784,Loss Making,0,Medium,Low Value - Low/Medium Risk
C00286,Kavya Kumar,Premium,Kochi,Kerala,55187.0,Low,31,225145.75,491.18,465.95,25.230000000000018,2,273476.95,206.23,2474.7599999999998,2.0,1101.47,0.0,0.0,0.0,0.0,0.0,0.0,0.0,0.0,0.0,2,40,0,High,0.0,0.0,,491.18,4042.1799999999994,-3550.9999999999995,-722.9528889612768,Loss Making,1,High,High Value - High Risk
C00287,Rohit Nair,Sme Owner,Kolkata,West Bengal,45624.0,Low,17,417502.27,244.92000000000002,261.56,-16.639999999999986,1,24311.46,129.88,1558.56,3.0,1202.26,1.0,94467.88,0.0,0.0,0.0,60924.93,16.0,15.0,9.0,4,70,2,Critical,25.0,25.0,Medium,244.92000000000002,3022.38,-2777.46,-1134.0274375306221,Loss Making,1,Critical,High Value - High Risk
C00288,Divya Patel,Retail,Bengaluru,Karnataka,67927.0,Low,11,68972.1,217.66,171.59,46.06999999999999,1,101775.32,140.79,1689.48,2.0,768.73,1.0,631315.2,495319.76,77567.074416,1.0,91043.25,4.0,3.0,32.0,0,30,0,Medium,70.0,70.0,Critical,77784.734416,2629.8,75154.934416,96.61913096477828,High Profit,0,Critical,Low Value - High Risk
C00289,Sneha Kumar,Student,Pune,Maharashtra,22290.0,Low,68,480363.47,1247.5,1016.67,230.83000000000004,3,221124.04,397.23,4766.76,1.0,283.65,0.0,0.0,0.0,0.0,0.0,0.0,0.0,0.0,0.0,0,20,0,Medium,0.0,0.0,,1247.5,6067.08,-4819.58,-386.3390781563126,Loss Making,1,Medium,High Value - Low/Medium Risk
C00290,Rohit Singh,Premium,Coimbatore,Tamil Nadu,119709.0,Low,14,93485.07,182.19,250.61,-68.42000000000002,1,154839.13,57.64,691.6800000000001,0.0,0.0,0.0,0.0,0.0,0.0,0.0,0.0,0.0,0.0,0.0,0,35,0,Medium,0.0,0.0,,182.19,942.2900000000001,-760.1000000000001,-417.2018222734509,Loss Making,0,Medium,Low Value - Low/Medium Risk
C00291,Rohit Iyer,Retail,Madurai,Tamil Nadu,55274.0,Medium,22,141680.94,425.85,402.09,23.760000000000048,1,951594.16,63.98,767.76,3.0,1121.6,1.0,166572.62,0.0,0.0,0.0,70958.52,8.0,8.0,10.0,0,25,0,Medium,25.0,25.0,Medium,425.85,2291.45,-1865.6,-438.08852882470353,Loss Making,1,Medium,High Value - Low/Medium Risk
C00292,Vijay Rao,Premium,Chennai,Tamil Nadu,85496.0,Medium,43,267735.04,625.52,682.97,-57.450000000000045,2,512328.37,177.94,2135.2799999999997,4.0,1361.38,1.0,2392557.75,0.0,0.0,0.0,617763.16,8.0,6.0,6.0,0,25,0,Medium,25.0,25.0,Medium,625.52,4179.63,-3554.11,-568.1848701880036,Loss Making,1,Medium,High Value - Low/Medium Risk
C00293,Ajay Singh,Mass Affluent,Hyderabad,Telangana,22716.0,Low,23,188763.94,403.56,421.28,-17.71999999999997,1,44128.08,129.17,1550.04,1.0,287.65,1.0,1692948.26,620950.89,93018.443322,0.0,1187969.27,24.0,23.0,10.0,0,30,0,Medium,30.0,30.0,Medium,93422.003322,2258.97,91163.033322,97.58197221246267,High Profit,0,Medium,Low Value - Low/Medium Risk
C00294,Vishal Reddy,Student,Kochi,Kerala,77935.0,Low,36,319908.98,616.76,632.06,-15.299999999999955,2,719339.52,141.14,1693.6799999999998,4.0,1187.9299999999998,0.0,0.0,0.0,0.0,0.0,0.0,0.0,0.0,0.0,0,25,0,Medium,0.0,0.0,,616.76,3513.6699999999996,-2896.91,-469.69809974706527,Loss Making,1,Medium,High Value - Low/Medium Risk
C00295,Meena Patel,Retail,Kochi,Kerala,43825.0,Low,51,374526.67,876.2,698.52,177.68000000000006,3,200811.47999999998,258.18,3098.16,0.0,0.0,1.0,430871.97,142106.59,21983.889473,1.0,80877.92,5.0,5.0,27.0,0,35,0,Medium,70.0,70.0,Critical,22860.089473,3796.68,19063.409473,83.39166605413224,Medium Profit,1,Critical,High Value - High Risk
C00296,Kavya Iyer,Retail,Chennai,Tamil Nadu,66338.0,Low,36,366497.54,715.98,613.58,102.39999999999998,2,244594.26,280.96000000000004,3371.5200000000004,2.0,732.52,0.0,0.0,0.0,0.0,0.0,0.0,0.0,0.0,0.0,0,35,0,Medium,0.0,0.0,,715.98,4717.620000000001,-4001.640000000001,-558.903879996648,Loss Making,1,Medium,High Value - Low/Medium Risk
C00297,Lakshmi Patel,Mass Affluent,Hyderabad,Telangana,92464.0,Low,23,163518.1,356.05,348.13,7.920000000000016,1,178624.11,22.5,270.0,1.0,463.06,0.0,0.0,0.0,0.0,0.0,0.0,0.0,0.0,0.0,0,20,0,Medium,0.0,0.0,,356.05,1081.19,-725.1400000000001,-203.6624069653139,Loss Making,0,Medium,Low Value - Low/Medium Risk
C00298,Priya Kumar,Premium,Mumbai,Maharashtra,12000.0,Medium,18,83939.16,361.84000000000003,320.08,41.76000000000005,1,20733.33,168.21,2018.52,2.0,798.1600000000001,0.0,0.0,0.0,0.0,0.0,0.0,0.0,0.0,0.0,0,15,0,Low,0.0,0.0,,361.84000000000003,3136.76,-2774.92,-766.8914437320362,Loss Making,0,Low,Low Value - Low/Medium Risk
C00299,Rahul Sharma,Mass Affluent,Kolkata,West Bengal,38739.0,Low,19,110587.16,281.67,340.84,-59.16999999999996,1,200333.38,33.76,405.12,3.0,1345.77,1.0,97748.07,40040.89,5677.798202,0.0,73308.65,23.0,20.0,10.0,0,20,0,Medium,25.0,25.0,Medium,5959.468202,2091.73,3867.738202,64.9007272276742,Medium Profit,0,Medium,Low Value - Low/Medium Risk
C00301,Arun Sharma,Retail,Madurai,Tamil Nadu,51810.0,Low,12,82646.99,145.88,236.54,-90.66,1,36245.82,172.44,2069.2799999999997,3.0,958.1700000000001,1.0,1229375.18,0.0,0.0,0.0,1593936.57,23.0,23.0,10.0,0,35,0,Medium,40.0,40.0,Medium,145.88,3263.99,-3118.1099999999997,-2137.4485878804494,Loss Making,0,Medium,Low Value - Low/Medium Risk
C00302,Rahul Rao,Retail,Kochi,Kerala,83106.0,Low,18,123967.68,279.04,328.07,-49.02999999999997,1,24743.65,131.37,1576.44,3.0,894.96,0.0,0.0,0.0,0.0,0.0,0.0,0.0,0.0,0.0,0,5,0,Low,0.0,0.0,,279.04,2799.4700000000003,-2520.4300000000003,-903.2504300458716,Loss Making,0,Low,Low Value - Low/Medium Risk
C00303,Deepa Verma,Premium,Chennai,Tamil Nadu,55547.0,Low,10,104297.12,205.12,150.93,54.19,1,62234.34,84.35,1012.1999999999999,3.0,1048.1,1.0,100360.44,50420.07,8369.73162,1.0,48560.58,21.0,20.0,59.0,0,35,0,Medium,70.0,70.0,Critical,8574.851620000001,2211.2299999999996,6363.621620000002,74.21261500499294,Medium Profit,0,Critical,Low Value - High Risk
C00304,Lakshmi Iyer,Mass Affluent,Chennai,Tamil Nadu,68988.0,Low,36,204880.93,642.75,661.58,-18.83000000000004,2,349008.92,171.35000000000002,2056.2000000000003,2.0,497.90999999999997,0.0,0.0,0.0,0.0,0.0,0.0,0.0,0.0,0.0,0,0,0,Low,0.0,0.0,,642.75,3215.69,-2572.94,-400.3018280824582,Loss Making,1,Low,High Value - Low/Medium Risk
C00305,Kavya Patel,Sme Owner,Bengaluru,Karnataka,64624.0,Low,15,100859.84,209.69,267.68,-57.99000000000001,1,40952.5,174.82,2097.84,2.0,745.74,1.0,487072.64,0.0,0.0,0.0,221962.47,14.0,13.0,10.0,0,35,0,Medium,30.0,30.0,Medium,209.69,3111.26,-2901.57,-1383.7426677476276,Loss Making,0,Medium,Low Value - Low/Medium Risk
C00306,Karthik Verma,Sme Owner,Hyderabad,Telangana,23698.0,Medium,36,269577.81,637.26,510.21000000000004,127.04999999999995,2,127963.45,140.53,1686.3600000000001,1.0,311.88,0.0,0.0,0.0,0.0,0.0,0.0,0.0,0.0,0.0,0,30,0,Medium,0.0,0.0,,637.26,2508.4500000000003,-1871.1900000000003,-293.6305432633462,Loss Making,0,Medium,Low Value - Low/Medium Risk
C00307,Rahul Rao,Premium,Kochi,Kerala,92696.0,Medium,26,200008.38,459.6,490.42,-30.819999999999993,1,91066.59,43.05,516.5999999999999,2.0,252.8,1.0,1189350.72,0.0,0.0,0.0,1321404.45,20.0,18.0,10.0,0,20,0,Medium,35.0,35.0,Medium,459.6,1259.82,-800.2199999999999,-174.11227154046995,Loss Making,0,Medium,Low Value - Low/Medium Risk
C00308,Rahul Iyer,Mass Affluent,Hyderabad,Telangana,67165.0,Low,39,291216.85,675.25,624.61,50.639999999999986,3,810263.0700000001,266.37,3196.44,2.0,560.3100000000001,1.0,81635.41,41682.69,6235.730424000001,0.0,26232.09,11.0,10.0,8.0,0,30,0,Medium,30.0,30.0,Medium,6910.980424000001,4381.360000000001,2529.6204240000006,36.602916935132676,Medium Profit,1,Medium,High Value - Low/Medium Risk
C00309,Vijay Verma,Retail,Delhi,Delhi,35387.0,Low,14,54747.340000000004,119.9,211.24,-91.34,1,151684.24,161.68,1940.16,2.0,500.89,1.0,104690.75,0.0,0.0,0.0,37696.37,13.0,11.0,10.0,0,10,0,Low,25.0,25.0,Medium,119.9,2652.29,-2532.39,-2112.0850708924104,Loss Making,0,Medium,Low Value - Low/Medium Risk
C00310,Naveen Patel,Sme Owner,Kochi,Kerala,90576.0,Low,11,75686.12,199.55,175.37,24.180000000000007,1,97592.55,84.64,1015.6800000000001,3.0,1365.25,0.0,0.0,0.0,0.0,0.0,0.0,0.0,0.0,0.0,0,5,0,Low,0.0,0.0,,199.55,2556.3,-2356.75,-1181.0323227261338,Loss Making,0,Low,Low Value - Low/Medium Risk
C00311,Suresh Sharma,Retail,Mumbai,Maharashtra,123479.0,Low,37,131524.97,686.48,552.03,134.45000000000005,2,149037.83,211.68,2540.16,5.0,1545.16,1.0,760594.54,0.0,0.0,0.0,482764.12,24.0,20.0,9.0,0,15,0,Low,25.0,25.0,Medium,686.48,4637.349999999999,-3950.8699999999994,-575.5258711105931,Loss Making,0,Medium,Low Value - Low/Medium Risk
C00312,Ajay Iyer,Senior Citizen,Madurai,Tamil Nadu,41799.0,Low,30,200419.07,469.95,476.01,-6.060000000000002,2,510164.19,80.22999999999999,962.7599999999999,1.0,140.83,0.0,0.0,0.0,0.0,0.0,0.0,0.0,0.0,0.0,0,30,0,Medium,0.0,0.0,,469.95,1579.6,-1109.6499999999999,-236.12086392169377,Loss Making,1,Medium,High Value - Low/Medium Risk
C00313,Deepa Nair,Premium,Delhi,Delhi,16619.0,Low,40,258551.76,686.45,638.51,47.940000000000055,2,237736.84999999998,230.68,2768.16,3.0,1179.68,0.0,0.0,0.0,0.0,0.0,0.0,0.0,0.0,0.0,0,35,0,Medium,0.0,0.0,,686.45,4586.35,-3899.9000000000005,-568.1258649573895,Loss Making,0,Medium,Low Value - Low/Medium Risk
C00314,Meena Iyer,Premium,Madurai,Tamil Nadu,101083.0,Medium,13,96129.09,237.68,203.57,34.110000000000014,1,198750.56,62.68,752.16,4.0,1086.94,0.0,0.0,0.0,0.0,0.0,0.0,0.0,0.0,0.0,0,25,0,Medium,0.0,0.0,,237.68,2042.67,-1804.99,-759.4202288791652,Loss Making,0,Medium,Low Value - Low/Medium Risk
C00315,Arun Rao,Mass Affluent,Chennai,Tamil Nadu,67229.0,High,18,144300.15,281.21,274.98,6.229999999999961,1,6872.58,111.37,1336.44,4.0,1618.8,0.0,0.0,0.0,0.0,0.0,0.0,0.0,0.0,0.0,0,20,0,Medium,0.0,0.0,,281.21,3230.2200000000003,-2949.01,-1048.6860353472496,Loss Making,0,Medium,Low Value - Low/Medium Risk
C00316,Priya Reddy,Retail,Coimbatore,Tamil Nadu,92635.0,Medium,16,860519.2899999999,269.07,243.18,25.889999999999986,1,273573.68,49.89,598.6800000000001,3.0,1646.51,1.0,138357.32,0.0,0.0,0.0,74486.46,15.0,13.0,10.0,1,70,1,Critical,35.0,35.0,Medium,269.07,2488.37,-2219.2999999999997,-824.8039543613185,Loss Making,1,Critical,High Value - High Risk
C00317,Priya Gupta,Sme Owner,Kolkata,West Bengal,37064.0,Low,14,60214.65,234.48,227.78,6.699999999999989,1,310202.11,135.0,1620.0,1.0,111.2,0.0,0.0,0.0,0.0,0.0,0.0,0.0,0.0,0.0,0,0,0,Low,0.0,0.0,,234.48,1958.98,-1724.5,-735.4571818491983,Loss Making,1,Low,High Value - Low/Medium Risk
C00318,Lakshmi Iyer,Mass Affluent,Kochi,Kerala,19418.0,Low,17,98063.84,242.64999999999998,242.11,0.5399999999999636,1,275691.5,24.49,293.88,5.0,1755.3999999999999,1.0,168381.81,0.0,0.0,0.0,137597.39,24.0,23.0,10.0,0,5,0,Low,35.0,35.0,Medium,242.64999999999998,2291.39,-2048.74,-844.3189779517825,Loss Making,1,Medium,High Value - Low/Medium Risk
C00319,Divya Rao,Retail,Kolkata,West Bengal,58482.0,Low,43,269864.07,734.07,629.9,104.17000000000007,2,352000.67,268.53999999999996,3222.4799999999996,1.0,670.72,0.0,0.0,0.0,0.0,0.0,0.0,0.0,0.0,0.0,0,25,0,Medium,0.0,0.0,,734.07,4523.099999999999,-3789.0299999999993,-516.167395479995,Loss Making,1,Medium,High Value - Low/Medium Risk
C00320,Rohit Kumar,Premium,Pune,Maharashtra,75940.0,Low,18,181958.88,270.76,347.51,-76.75,1,68928.44,37.52,450.24,3.0,566.9399999999999,0.0,0.0,0.0,0.0,0.0,0.0,0.0,0.0,0.0,0,35,0,Medium,0.0,0.0,,270.76,1364.69,-1093.93,-404.0220121140494,Loss Making,0,Medium,Low Value - Low/Medium Risk
C00321,Rahul Rao,Mass Affluent,Mumbai,Maharashtra,27219.0,Low,15,68519.92,264.37,251.43,12.939999999999998,1,461950.0,122.87,1474.44,1.0,105.03,0.0,0.0,0.0,0.0,0.0,0.0,0.0,0.0,0.0,0,5,0,Low,0.0,0.0,,264.37,1830.9,-1566.5300000000002,-592.5521050043501,Loss Making,1,Low,High Value - Low/Medium Risk
C00322,Rahul Iyer,Retail,Hyderabad,Telangana,32154.0,Low,13,115694.64,253.22,254.26,-1.039999999999992,1,65098.78,64.35,772.1999999999999,0.0,0.0,1.0,99073.12,77724.18,10065.28131,0.0,31540.440000000002,14.0,13.0,10.0,0,30,0,Medium,25.0,25.0,Medium,10318.50131,1026.46,9292.04131,90.05223753758482,Medium Profit,0,Medium,Low Value - Low/Medium Risk
C00323,Rahul Gupta,Mass Affluent,Bengaluru,Karnataka,58949.0,Low,31,336917.21,510.85,512.03,-1.17999999999995,2,492470.95999999996,212.35000000000002,2548.2000000000003,2.0,293.56,1.0,112191.58,43063.25,6364.74835,1.0,67758.62,20.0,17.0,60.0,0,35,0,Medium,70.0,70.0,Critical,6875.59835,3353.7900000000004,3521.80835,51.22184529583523,Medium Profit,1,Critical,High Value - High Risk
C00324,Sanjay Iyer,Sme Owner,Bengaluru,Karnataka,59818.0,Low,57,425647.26,944.01,944.25,-0.2400000000000091,3,177697.09999999998,333.38,4000.56,2.0,1190.1399999999999,1.0,209693.25,0.0,0.0,0.0,161605.48,24.0,21.0,10.0,0,30,0,Medium,30.0,30.0,Medium,944.01,6134.949999999999,-5190.939999999999,-549.8818868444189,Loss Making,1,Medium,High Value - Low/Medium Risk
C00325,Pooja Singh,Senior Citizen,Coimbatore,Tamil Nadu,114666.0,Medium,24,173199.32,327.55,337.58,-10.029999999999973,1,46156.56,120.06,1440.72,1.0,263.45,0.0,0.0,0.0,0.0,0.0,0.0,0.0,0.0,0.0,1,40,0,High,0.0,0.0,,327.55,2041.75,-1714.2,-523.3399480995269,Loss Making,0,High,Low Value - High Risk
C00326,Rahul Kumar,Retail,Bengaluru,Karnataka,62569.0,Low,19,140740.91999999998,272.3,253.97,18.330000000000013,1,55849.05,132.1,1585.1999999999998,2.0,1315.0,0.0,0.0,0.0,0.0,0.0,0.0,0.0,0.0,0.0,0,5,0,Low,0.0,0.0,,272.3,3154.17,-2881.87,-1058.343738523687,Loss Making,0,Low,Low Value - Low/Medium Risk
C00327,Ajay Gupta,Mass Affluent,Chennai,Tamil Nadu,60279.0,Medium,14,116329.49,252.46,113.16,139.3,1,101808.8,151.76,1821.12,3.0,1326.96,1.0,1663875.88,875070.89,141586.470002,1.0,1873371.13,22.0,21.0,54.0,0,30,0,Medium,70.0,70.0,Critical,141838.93000199998,3261.24,138577.690002,97.7007440764295,High Profit,0,Critical,Low Value - High Risk
C00328,Karthik Iyer,Retail,Bengaluru,Karnataka,44797.0,Low,43,292483.1,817.81,675.46,142.3499999999999,2,145074.22999999998,141.51,1698.12,1.0,410.1,1.0,309711.61,0.0,0.0,0.0,409257.39,24.0,23.0,10.0,0,30,0,Medium,40.0,40.0,Medium,817.81,2783.68,-1965.87,-240.38224037368093,Loss Making,1,Medium,High Value - Low/Medium Risk
C00329,Divya Rao,Student,Mumbai,Maharashtra,32418.0,Medium,15,134100.14,264.34,216.07,48.26999999999998,1,12952.45,89.0,1068.0,3.0,1027.32,0.0,0.0,0.0,0.0,0.0,0.0,0.0,0.0,0.0,1,40,0,High,0.0,0.0,,264.34,2311.39,-2047.05,-774.4003934327003,Loss Making,0,High,Low Value - High Risk
C00330,Deepa Rao,Retail,Bengaluru,Karnataka,66978.0,Low,29,151010.88,547.45,477.28,70.17000000000007,2,1156064.6600000001,111.06,1332.72,2.0,1079.0,1.0,232730.99,0.0,0.0,0.0,261958.36,12.0,11.0,7.0,0,25,0,Medium,30.0,30.0,Medium,547.45,2889.0,-2341.55,-427.71942643163754,Loss Making,1,Medium,High Value - Low/Medium Risk
C00331,Pooja Rao,Retail,Mumbai,Maharashtra,81399.0,Medium,15,125535.27,249.60999999999999,279.93,-30.32000000000002,1,196786.02,119.67,1436.04,1.0,620.33,0.0,0.0,0.0,0.0,0.0,0.0,0.0,0.0,0.0,0,30,0,Medium,0.0,0.0,,249.60999999999999,2336.3,-2086.69,-835.9801290012421,Loss Making,0,Medium,Low Value - Low/Medium Risk
C00332,Deepa Patel,Retail,Coimbatore,Tamil Nadu,83296.0,Low,17,184124.43,264.99,271.08,-6.089999999999975,1,5750.58,93.88,1126.56,2.0,552.85,1.0,238778.61,49641.22,8518.433352,0.0,177595.34,24.0,22.0,10.0,0,25,0,Medium,35.0,35.0,Medium,8783.423352,1950.4899999999998,6832.933352,77.79351032242036,Medium Profit,0,Medium,Low Value - Low/Medium Risk
C00333,Anitha Verma,Retail,Delhi,Delhi,34184.0,Low,22,191806.78,347.37,278.95,68.42000000000002,1,242824.53,148.98,1787.7599999999998,2.0,1124.69,0.0,0.0,0.0,0.0,0.0,0.0,0.0,0.0,0.0,0,25,0,Medium,0.0,0.0,,347.37,3191.3999999999996,-2844.0299999999997,-818.7321875809655,Loss Making,0,Medium,Low Value - Low/Medium Risk
C00334,Rahul Gupta,Retail,Chennai,Tamil Nadu,96042.0,Low,40,292235.01,667.0,659.3100000000001,7.689999999999941,2,367117.64,235.39,2824.68,3.0,992.79,1.0,1744321.04,341106.11,50654.257334999995,0.0,1400720.75,24.0,22.0,10.0,0,30,0,Medium,30.0,30.0,Medium,51321.257334999995,4476.78,46844.477334999996,91.27694793060549,High Profit,1,Medium,High Value - Low/Medium Risk
C00335,Naveen Patel,Mass Affluent,Hyderabad,Telangana,25270.0,Medium,20,213983.39,340.56,296.86,43.69999999999999,1,37879.23,175.0,2100.0,4.0,970.5799999999999,1.0,281795.76,130548.74,20378.658314,0.0,49280.68,7.0,4.0,8.0,0,35,0,Medium,35.0,35.0,Medium,20719.218314,3367.44,17351.778314000003,83.74726329455868,Medium Profit,0,Medium,Low Value - Low/Medium Risk
C00336,Karthik Singh,Senior Citizen,Chennai,Tamil Nadu,44212.0,Low,37,267195.58,615.06,694.02,-78.96000000000004,2,127570.57999999999,139.36,1672.3200000000002,7.0,2843.04,1.0,646043.91,411459.05,61924.58702499999,1.0,432432.01,18.0,17.0,54.0,0,35,0,Medium,70.0,70.0,Critical,62539.64702499999,5209.38,57330.267024999994,91.67027598042316,High Profit,0,Critical,Low Value - High Risk
C00337,Rohit Iyer,Sme Owner,Delhi,Delhi,75016.0,Low,19,129855.55,309.06,319.56,-10.5,1,284781.12,167.52,2010.2400000000002,2.0,623.95,1.0,550486.22,0.0,0.0,0.0,741045.64,24.0,20.0,10.0,0,30,0,Medium,35.0,35.0,Medium,309.06,2953.75,-2644.69,-855.7205720572057,Loss Making,1,Medium,High Value - Low/Medium Risk
C00338,Vishal Kumar,Senior Citizen,Delhi,Delhi,112507.0,Low,28,163800.37,516.52,426.75,89.76999999999998,2,128570.35,252.20999999999998,3026.5199999999995,2.0,688.56,0.0,0.0,0.0,0.0,0.0,0.0,0.0,0.0,0.0,0,20,0,Medium,0.0,0.0,,516.52,4141.83,-3625.31,-701.8721443506544,Loss Making,0,Medium,Low Value - Low/Medium Risk
C00339,Kavya Iyer,Senior Citizen,Delhi,Delhi,28594.0,Low,22,119099.95,437.95,327.44,110.50999999999999,1,81161.8,23.14,277.68,2.0,624.76,1.0,1653569.68,1119505.92,172963.66463999997,1.0,942685.51,14.0,12.0,15.0,0,5,0,Low,70.0,70.0,Critical,173401.61463999999,1229.88,172171.73463999998,99.29073324804192,High Profit,0,Critical,Low Value - High Risk
C00340,Kavya Patel,Retail,Chennai,Tamil Nadu,31407.0,Medium,31,247262.83000000002,627.39,451.2,176.19,2,208204.63,280.55,3366.6000000000004,1.0,694.57,1.0,170106.66,97635.83,11638.190936,0.0,210266.07,24.0,21.0,10.0,1,40,0,High,25.0,25.0,Medium,12265.580936,4512.37,7753.210936,63.21111879213155,Medium Profit,0,High,Low Value - High Risk
C00341,Deepa Verma,Premium,Kolkata,West Bengal,123990.0,Low,17,251811.83,291.72,240.18,51.54000000000002,1,21172.77,150.19,1802.28,4.0,1350.99,1.0,1984306.39,0.0,0.0,0.0,2655542.49,24.0,20.0,10.0,0,35,0,Medium,45.0,45.0,Medium,291.72,3393.45,-3101.7299999999996,-1063.2558617852733,Loss Making,0,Medium,Low Value - Low/Medium Risk
C00342,Ajay Iyer,Mass Affluent,Pune,Maharashtra,104679.0,Low,18,176580.03999999998,274.94,265.0,9.939999999999998,1,67886.68,172.41,2068.92,5.0,2335.04,0.0,0.0,0.0,0.0,0.0,0.0,0.0,0.0,0.0,0,30,0,Medium,0.0,0.0,,274.94,4668.96,-4394.02,-1598.1741470866373,Loss Making,0,Medium,Low Value - Low/Medium Risk
C00343,Rohit Sharma,Premium,Pune,Maharashtra,71308.0,Low,19,245838.38,359.09999999999997,341.33,17.769999999999982,1,188941.99,113.26,1359.1200000000001,3.0,1130.27,1.0,445814.78,235313.32,30543.668936000002,0.0,500312.78,12.0,10.0,10.0,0,30,0,Medium,25.0,25.0,Medium,30902.768936,2830.7200000000003,28072.048936,90.83991468252422,Medium Profit,0,Medium,Low Value - Low/Medium Risk
C00344,Sanjay Verma,Retail,Kolkata,West Bengal,23243.0,Low,35,386001.74,650.74,616.15,34.59000000000003,2,123428.51,178.77,2145.2400000000002,0.0,0.0,1.0,1466176.09,675227.3,98515.66307000001,1.0,658498.9400000001,12.0,12.0,39.0,0,30,0,Medium,70.0,70.0,Critical,99166.40307000001,2761.3900000000003,96405.01307000002,97.21539764021614,High Profit,1,Critical,High Value - High Risk
C00345,Divya Reddy,Sme Owner,Coimbatore,Tamil Nadu,27875.0,Low,34,243989.36,499.9,588.86,-88.96000000000004,2,476202.55,221.76,2661.12,2.0,902.74,0.0,0.0,0.0,0.0,0.0,0.0,0.0,0.0,0.0,0,30,0,Medium,0.0,0.0,,499.9,4152.72,-3652.82,-730.7101420284058,Loss Making,1,Medium,High Value - Low/Medium Risk
C00346,Rohit Verma,Premium,Mumbai,Maharashtra,24576.0,Low,44,440254.06,718.98,661.31,57.67000000000007,2,158505.19,321.94,3863.2799999999997,5.0,1826.4,1.0,1389059.35,479619.56,73046.05898799999,1.0,483402.06,15.0,15.0,57.0,0,30,0,Medium,70.0,70.0,Critical,73765.03898799999,6350.99,67414.04898799998,91.39024382399747,High Profit,1,Critical,High Value - High Risk
C00347,Ajay Gupta,Retail,Bengaluru,Karnataka,109058.0,Low,30,193729.16,434.86,436.93,-2.069999999999993,2,343881.55999999994,184.61,2215.32,0.0,0.0,0.0,0.0,0.0,0.0,0.0,0.0,0.0,0.0,0.0,0,30,0,Medium,0.0,0.0,,434.86,2652.25,-2217.39,-509.90893620935464,Loss Making,1,Medium,High Value - Low/Medium Risk
C00348,Geetha Verma,Mass Affluent,Coimbatore,Tamil Nadu,17821.0,Medium,11,63091.76,172.73,131.99,40.73999999999998,1,11612.14,101.74,1220.8799999999999,1.0,213.06,1.0,182311.72,155786.29,29350.137036000004,1.0,186892.32,11.0,10.0,52.0,0,5,0,Low,75.0,75.0,Critical,29522.867036000003,1565.9299999999998,27956.937036000003,94.69587422491685,Medium Profit,0,Critical,Low Value - High Risk
C00349,Pooja Iyer,Student,Chennai,Tamil Nadu,15123.0,Low,15,87262.6,213.46,249.13,-35.66999999999999,1,165109.2,136.19,1634.28,3.0,1792.57,1.0,245369.67,0.0,0.0,0.0,284224.77,12.0,12.0,10.0,0,20,0,Medium,35.0,35.0,Medium,213.46,3675.9799999999996,-3462.5199999999995,-1622.0931322027543,Loss Making,0,Medium,Low Value - Low/Medium Risk
C00350,Rohit Reddy,Sme Owner,Delhi,Delhi,49454.0,Medium,22,464686.24,448.81,341.63,107.18,1,32170.09,61.38,736.5600000000001,3.0,895.86,1.0,1035295.79,676463.38,112495.860094,0.0,573397.0700000001,10.0,10.0,9.0,1,70,1,Critical,50.0,50.0,High,112944.670094,1974.0500000000002,110970.620094,98.25219729416442,High Profit,1,Critical,High Value - High Risk
C00351,Arun Gupta,Student,Delhi,Delhi,49952.0,Low,40,260044.16999999998,727.75,711.65,16.100000000000023,2,342172.99,122.41,1468.92,4.0,1865.06,1.0,417367.44,122951.23,18356.618638999997,1.0,391228.91,20.0,18.0,55.0,0,30,0,Medium,70.0,70.0,Critical,19084.368638999997,4045.63,15038.738638999996,78.80134220561781,Medium Profit,1,Critical,High Value - High Risk
C00352,Pooja Verma,Retail,Kochi,Kerala,48707.0,Low,38,482714.8,728.73,559.84,168.89,2,242674.28,206.04,2472.48,4.0,1195.92,1.0,1625200.97,247548.21,33121.950498,0.0,1516047.74,24.0,20.0,10.0,8,70,4,Critical,30.0,30.0,Medium,33850.680498,4228.24,29622.440498000004,87.50914327926195,Medium Profit,1,Critical,High Value - High Risk
C00353,Deepa Patel,Mass Affluent,Hyderabad,Telangana,49196.0,Medium,17,175222.94,244.46,244.42000000000002,0.03999999999999204,1,217844.76,20.05,240.60000000000002,2.0,658.23,1.0,1753044.43,527112.44,74902.677724,0.0,1377312.17,24.0,23.0,10.0,0,35,0,Medium,30.0,30.0,Medium,75147.137724,1143.25,74003.887724,98.47865130379427,High Profit,0,Medium,Low Value - Low/Medium Risk
C00354,Divya Singh,Mass Affluent,Coimbatore,Tamil Nadu,114753.0,Low,59,492517.02,1060.11,989.37,70.7399999999999,3,211831.49,411.52,4938.24,1.0,369.16,0.0,0.0,0.0,0.0,0.0,0.0,0.0,0.0,0.0,0,30,0,Medium,0.0,0.0,,1060.11,6296.7699999999995,-5236.66,-493.9732669251304,Loss Making,1,Medium,High Value - Low/Medium Risk
C00355,Arun Singh,Mass Affluent,Mumbai,Maharashtra,51531.0,Low,17,158194.09,326.64,271.77,54.870000000000005,1,32901.18,144.76,1737.12,1.0,361.76,0.0,0.0,0.0,0.0,0.0,0.0,0.0,0.0,0.0,0,20,0,Medium,0.0,0.0,,326.64,2370.6499999999996,-2044.0099999999998,-625.7684300759246,Loss Making,0,Medium,Low Value - Low/Medium Risk
C00356,Ajay Gupta,Retail,Coimbatore,Tamil Nadu,30005.0,Medium,41,341239.13,781.5600000000001,634.41,147.1500000000001,2,270290.62,252.07999999999998,3024.96,1.0,143.14,1.0,356144.69,0.0,0.0,0.0,464505.0,24.0,22.0,10.0,1,50,0,High,30.0,30.0,Medium,781.5600000000001,3802.5099999999998,-3020.95,-386.52822560008184,Loss Making,1,High,High Value - High Risk
C00357,Priya Verma,Student,Coimbatore,Tamil Nadu,82704.0,Low,53,361755.06,789.53,819.41,-29.879999999999995,3,349270.47000000003,342.36,4108.32,5.0,2586.19,0.0,0.0,0.0,0.0,0.0,0.0,0.0,0.0,0.0,0,25,0,Medium,0.0,0.0,,789.53,7513.92,-6724.39,-851.6953124010488,Loss Making,1,Medium,High Value - Low/Medium Risk
C00358,Karthik Singh,Student,Hyderabad,Telangana,100283.0,Low,15,110327.81,296.68,306.78,-10.099999999999966,1,134938.72,168.85,2026.1999999999998,1.0,124.78,1.0,247396.36,0.0,0.0,0.0,333887.31,24.0,23.0,10.0,0,25,0,Medium,65.0,65.0,High,296.68,2457.7599999999998,-2161.08,-728.4211945530537,Loss Making,0,High,Low Value - High Risk
C00359,Ajay Verma,Retail,Hyderabad,Telangana,69297.0,Low,16,81707.28,327.89,232.11,95.77999999999997,1,46800.85,39.86,478.32,2.0,510.55999999999995,0.0,0.0,0.0,0.0,0.0,0.0,0.0,0.0,0.0,0,5,0,Low,0.0,0.0,,327.89,1220.99,-893.1,-272.37793162341035,Loss Making,0,Low,Low Value - Low/Medium Risk
C00360,Rahul Patel,Sme Owner,Madurai,Tamil Nadu,53753.0,Medium,17,133660.8,271.3,257.83,13.470000000000027,1,24060.7,56.33,675.96,1.0,253.54,1.0,111433.98,0.0,0.0,0.0,108783.25,24.0,22.0,10.0,0,5,0,Low,45.0,45.0,Medium,271.3,1187.33,-916.03,-337.64467379284923,Loss Making,0,Medium,Low Value - Low/Medium Risk
C00361,Lakshmi Iyer,Mass Affluent,Pune,Maharashtra,71133.0,Low,19,258309.26,411.84,237.52,174.31999999999996,1,49512.68,36.0,432.0,2.0,473.0,1.0,329942.33,0.0,0.0,0.0,257796.16,24.0,19.0,10.0,0,30,0,Medium,65.0,65.0,High,411.84,1142.52,-730.6800000000001,-177.41841491841495,Loss Making,0,High,Low Value - High Risk
C00362,Deepa Sharma,Retail,Pune,Maharashtra,54935.0,Medium,12,203278.46000000002,224.39,190.68,33.70999999999998,1,161769.68,48.63,583.5600000000001,0.0,0.0,1.0,1657255.47,1156572.97,213619.02755899998,1.0,302918.35,5.0,4.0,45.0,0,20,0,Medium,75.0,75.0,Critical,213843.417559,774.24,213069.177559,99.63794069097948,High Profit,0,Critical,Low Value - High Risk
C00363,Sanjay Nair,Retail,Kochi,Kerala,128379.0,Medium,22,140525.34,373.44,305.92,67.51999999999998,1,561500.48,89.01,1068.1200000000001,2.0,830.3199999999999,1.0,274778.37,200924.02,30239.06501,1.0,123039.32,20.0,19.0,58.0,0,30,0,Medium,70.0,70.0,Critical,30612.505009999997,2204.36,28408.145009999997,92.79915185222536,Medium Profit,1,Critical,High Value - High Risk
C00364,Sneha Verma,Sme Owner,Madurai,Tamil Nadu,108925.0,Low,19,91909.08,359.21999999999997,268.55,90.66999999999996,1,8047.98,74.39,892.6800000000001,4.0,1100.46,0.0,0.0,0.0,0.0,0.0,0.0,0.0,0.0,0.0,0,0,0,Low,0.0,0.0,,359.21999999999997,2261.69,-1902.47,-529.6113802126831,Loss Making,0,Low,Low Value - Low/Medium Risk
C00365,Vishal Gupta,Retail,Coimbatore,Tamil Nadu,39949.0,High,37,272104.91,601.58,603.25,-1.669999999999959,2,188583.27000000002,116.69,1400.28,0.0,0.0,1.0,2321068.78,2037501.44,296048.95923199994,0.0,601564.01,9.0,7.0,9.0,0,20,0,Medium,30.0,30.0,Medium,296650.53923199995,2003.53,294647.0092319999,99.32461609367475,High Profit,0,Medium,Low Value - Low/Medium Risk
C00366,Arun Kumar,Retail,Delhi,Delhi,35944.0,Low,16,195650.91,281.35,230.96,50.390000000000015,1,237868.99,38.95,467.40000000000003,0.0,0.0,1.0,198614.15,91831.73,14941.022470999998,1.0,15209.79,3.0,2.0,9.0,0,35,0,Medium,70.0,70.0,Critical,15222.372470999999,698.36,14524.012470999998,95.41227885909086,Medium Profit,0,Critical,Low Value - High Risk
C00367,Kavya Verma,Retail,Pune,Maharashtra,22081.0,Medium,21,155482.28,301.22,364.47,-63.25,1,76290.97,142.21,1706.52,3.0,1111.88,1.0,81206.89,0.0,0.0,0.0,78560.97,24.0,22.0,9.0,0,35,0,Medium,35.0,35.0,Medium,301.22,3182.87,-2881.6499999999996,-956.6595843569482,Loss Making,0,Medium,Low Value - Low/Medium Risk
C00368,Divya Verma,Student,Kochi,Kerala,159303.0,Medium,15,100292.02,230.69,198.16,32.53,1,126629.55,105.35,1264.1999999999998,3.0,1549.78,0.0,0.0,0.0,0.0,0.0,0.0,0.0,0.0,0.0,0,25,0,Medium,0.0,0.0,,230.69,3012.14,-2781.45,-1205.708960076293,Loss Making,0,Medium,Low Value - Low/Medium Risk
C00369,Rohit Patel,Retail,Chennai,Tamil Nadu,71654.0,Low,20,119372.14,307.21999999999997,287.4,19.819999999999993,1,77673.89,178.66,2143.92,1.0,186.62,0.0,0.0,0.0,0.0,0.0,0.0,0.0,0.0,0.0,0,20,0,Medium,0.0,0.0,,307.21999999999997,2617.94,-2310.7200000000003,-752.1385326476143,Loss Making,0,Medium,Low Value - Low/Medium Risk
C00370,Meena Sharma,Senior Citizen,Delhi,Delhi,75121.0,Low,12,69921.81,192.15,234.54,-42.389999999999986,1,332266.27,168.96,2027.52,2.0,294.09,1.0,742920.8,448899.36,61095.202895999995,1.0,666780.7,10.0,9.0,37.0,0,0,0,Low,70.0,70.0,Critical,61287.352896,2556.15,58731.202895999995,95.82923738876829,High Profit,1,Critical,High Value - High Risk
C00371,Arun Gupta,Sme Owner,Pune,Maharashtra,28150.0,Low,19,101560.75,305.21999999999997,329.41,-24.190000000000055,1,90616.15,74.74,896.8799999999999,4.0,1753.4399999999998,1.0,866319.05,0.0,0.0,0.0,700403.75,24.0,24.0,10.0,0,0,0,Low,40.0,40.0,Medium,305.21999999999997,2979.7299999999996,-2674.5099999999998,-876.2564707424152,Loss Making,0,Medium,Low Value - Low/Medium Risk
C00372,Rahul Rao,Sme Owner,Madurai,Tamil Nadu,67176.0,Low,16,108821.70999999999,307.45,278.08,29.370000000000005,1,14939.15,78.96,947.52,3.0,809.33,0.0,0.0,0.0,0.0,0.0,0.0,0.0,0.0,0.0,0,30,0,Medium,0.0,0.0,,307.45,2034.9299999999998,-1727.4799999999998,-561.8734753618475,Loss Making,0,Medium,Low Value - Low/Medium Risk
C00373,Geetha Verma,Retail,Bengaluru,Karnataka,37786.0,Low,15,105327.05,231.79,279.88,-48.09,1,126347.61,77.92,935.04,0.0,0.0,1.0,82235.29,35571.18,5033.321970000001,0.0,78399.98,24.0,23.0,10.0,0,25,0,Medium,30.0,30.0,Medium,5265.111970000001,1214.92,4050.1919700000008,76.9250871221263,Medium Profit,0,Medium,Low Value - Low/Medium Risk
C00374,Naveen Iyer,Mass Affluent,Kochi,Kerala,49793.0,Medium,35,354384.77,615.65,589.88,25.769999999999982,2,82129.85,203.32,2439.84,1.0,550.63,1.0,774809.7,0.0,0.0,0.0,967171.85,24.0,22.0,10.0,1,40,0,High,25.0,25.0,Medium,615.65,3580.3500000000004,-2964.7000000000003,-481.55607894095675,Loss Making,1,High,High Value - High Risk
C00375,Karthik Nair,Retail,Kolkata,West Bengal,120258.0,Medium,28,158519.81,524.45,423.25,101.20000000000005,2,726780.61,199.79,2397.48,3.0,879.54,0.0,0.0,0.0,0.0,0.0,0.0,0.0,0.0,0.0,0,35,0,Medium,0.0,0.0,,524.45,3700.27,-3175.8199999999997,-605.5524835541996,Loss Making,1,Medium,High Value - Low/Medium Risk
C00376,Vijay Verma,Premium,Bengaluru,Karnataka,43308.0,Low,18,267020.34,349.19,395.15999999999997,-45.96999999999997,1,19467.14,117.42,1409.04,0.0,0.0,0.0,0.0,0.0,0.0,0.0,0.0,0.0,0.0,0.0,0,30,0,Medium,0.0,0.0,,349.19,1804.1999999999998,-1455.0099999999998,-416.68146281394075,Loss Making,0,Medium,Low Value - Low/Medium Risk
C00377,Divya Kumar,Sme Owner,Pune,Maharashtra,104832.0,Low,39,305875.85,671.03,624.47,46.559999999999945,2,324788.99,312.06,3744.7200000000003,6.0,1653.86,0.0,0.0,0.0,0.0,0.0,0.0,0.0,0.0,0.0,0,20,0,Medium,0.0,0.0,,671.03,6023.05,-5352.02,-797.5828204402188,Loss Making,1,Medium,High Value - Low/Medium Risk
C00378,Deepa Sharma,Mass Affluent,Kochi,Kerala,73796.0,Low,21,210890.68,391.49,314.17,77.32,1,244941.31,151.11,1813.3200000000002,1.0,634.22,1.0,515490.41,295820.65,44373.0975,1.0,551309.4,12.0,11.0,52.0,0,35,0,Medium,70.0,70.0,Critical,44764.5875,2761.71,42002.8775,93.83059209469987,High Profit,1,Critical,High Value - High Risk
C00379,Kavya Rao,Mass Affluent,Bengaluru,Karnataka,49859.0,Low,36,239930.51,584.82,592.29,-7.469999999999914,2,143278.09999999998,207.17000000000002,2486.04,1.0,367.88,1.0,143232.33,35087.88,5445.638976,0.0,187946.11,24.0,20.0,10.0,0,25,0,Medium,40.0,40.0,Medium,6030.458976,3446.21,2584.248976,42.853271803767925,Medium Profit,0,Medium,Low Value - Low/Medium Risk
C00380,Anitha Patel,Student,Chennai,Tamil Nadu,123197.0,Low,14,176612.1,275.73,231.66,44.07000000000002,1,87538.1,68.97,827.64,8.0,3641.09,1.0,951378.22,147790.93,19833.542805999998,1.0,639424.69,19.0,19.0,52.0,0,30,0,Medium,70.0,70.0,Critical,20109.272805999997,4700.39,15408.882805999998,76.62575844812476,Medium Profit,0,Critical,Low Value - High Risk
C00381,Lakshmi Kumar,Retail,Pune,Maharashtra,50816.0,Low,59,436508.15,1083.8,825.6,258.19999999999993,3,333833.69,240.33,2883.96,1.0,690.79,1.0,316690.47,205678.46,20608.981691999998,0.0,348395.25,22.0,21.0,10.0,0,20,0,Medium,30.0,30.0,Medium,21692.781691999997,4400.35,17292.431692,79.71514182700328,Medium Profit,1,Medium,High Value - Low/Medium Risk
C00382,Vijay Singh,Mass Affluent,Delhi,Delhi,138045.0,Medium,14,109518.05,244.1,257.8,-13.700000000000017,1,84992.61,177.34,2128.08,4.0,1412.95,0.0,0.0,0.0,0.0,0.0,0.0,0.0,0.0,0.0,0,20,0,Medium,0.0,0.0,,244.1,3798.83,-3554.73,-1456.2597296190086,Loss Making,0,Medium,Low Value - Low/Medium Risk
C00383,Sanjay Singh,Retail,Mumbai,Maharashtra,50924.0,Low,17,79613.78,347.8,279.09,68.71000000000004,1,96241.26,150.59,1807.08,2.0,1012.29,1.0,235603.81,104267.51,17548.221932999997,0.0,195964.67,24.0,22.0,9.0,0,0,0,Low,40.0,40.0,Medium,17896.021932999996,3098.46,14797.561932999997,82.68631983353526,Medium Profit,0,Medium,Low Value - Low/Medium Risk
C00384,Rohit Kumar,Retail,Chennai,Tamil Nadu,43482.0,Low,10,69562.33,138.91,172.43,-33.52000000000001,1,60156.92,101.27,1215.24,3.0,903.19,1.0,498897.99,349461.13,62483.650043999995,0.0,196132.71,4.0,3.0,8.0,0,0,0,Low,50.0,50.0,High,62622.560044,2290.86,60331.700044,96.34179759117099,High Profit,0,High,Low Value - High Risk
C00385,Arun Patel,Mass Affluent,Pune,Maharashtra,82921.0,Low,52,382338.96,903.8199999999999,904.4399999999999,-0.6200000000000045,2,111335.76999999999,273.43,3281.16,0.0,0.0,0.0,0.0,0.0,0.0,0.0,0.0,0.0,0.0,0.0,0,20,0,Medium,0.0,0.0,,903.8199999999999,4185.599999999999,-3281.7799999999997,-363.1010599455644,Loss Making,1,Medium,High Value - Low/Medium Risk
C00386,Deepa Patel,Sme Owner,Delhi,Delhi,19530.0,Medium,22,138441.29,392.79,332.19,60.60000000000002,1,49361.41,51.2,614.4000000000001,1.0,335.07,0.0,0.0,0.0,0.0,0.0,0.0,0.0,0.0,0.0,0,0,0,Low,0.0,0.0,,392.79,1281.66,-888.8700000000001,-226.29649430993663,Loss Making,0,Low,Low Value - Low/Medium Risk
C00387,Naveen Singh,Mass Affluent,Delhi,Delhi,16811.0,Low,15,134906.89,213.27,248.29,-35.01999999999998,1,223236.68,150.78,1809.3600000000001,4.0,1082.72,1.0,81399.67,17900.93,3274.0800969999996,1.0,33829.96,10.0,10.0,59.0,0,20,0,Medium,75.0,75.0,Critical,3487.3500969999996,3140.37,346.98009699999966,9.949677759582844,Medium Profit,0,Critical,Low Value - High Risk
C00388,Anitha Nair,Sme Owner,Chennai,Tamil Nadu,51638.0,Low,21,89470.48,341.82,321.36,20.45999999999998,1,75706.22,89.75,1077.0,3.0,763.3399999999999,1.0,1553314.81,981270.18,182418.12646200001,1.0,1011013.3,19.0,17.0,59.0,0,0,0,Low,75.0,75.0,Critical,182759.94646200002,2161.7,180598.246462,98.81719159922741,High Profit,0,Critical,Low Value - High Risk
C00389,Priya Verma,Student,Madurai,Tamil Nadu,48137.0,Low,62,523716.52,1004.01,881.41,122.60000000000002,3,424343.33,343.31,4119.72,3.0,1526.76,1.0,454026.94,182367.57,22066.47597,0.0,238704.7,24.0,21.0,10.0,0,35,0,Medium,25.0,25.0,Medium,23070.485969999998,6527.89,16542.59597,71.7045839065175,Medium Profit,1,Medium,High Value - Low/Medium Risk
C00390,Priya Kumar,Student,Mumbai,Maharashtra,34717.0,Medium,16,77750.07,292.61,224.36,68.25,1,19215.19,106.39,1276.68,4.0,2476.41,0.0,0.0,0.0,0.0,0.0,0.0,0.0,0.0,0.0,0,0,0,Low,0.0,0.0,,292.61,3977.45,-3684.8399999999997,-1259.3007757766309,Loss Making,0,Low,Low Value - Low/Medium Risk
C00391,Sanjay Kumar,Retail,Kolkata,West Bengal,85579.0,Low,14,195449.86,343.05,220.44,122.61000000000001,1,21158.06,145.05,1740.6000000000001,1.0,448.77,1.0,196253.27,120991.29,14688.342606,1.0,96311.63,20.0,19.0,52.0,0,30,0,Medium,70.0,70.0,Critical,15031.392606,2409.8100000000004,12621.582606,83.96815209897393,Medium Profit,0,Critical,Low Value - High Risk
C00392,Sneha Iyer,Retail,Madurai,Tamil Nadu,132317.0,Low,18,116425.39,373.7,306.8,66.89999999999998,1,31186.52,163.49,1961.88,3.0,1186.96,1.0,134718.94,77368.48,9879.954896,0.0,88835.43,24.0,21.0,10.0,0,5,0,Low,30.0,30.0,Medium,10253.654896,3455.6400000000003,6798.014896,66.29845615978297,Medium Profit,0,Medium,Low Value - Low/Medium Risk
C00393,Vijay Rao,Retail,Madurai,Tamil Nadu,56173.0,Medium,16,70228.09,311.35,289.43,21.920000000000016,1,172200.67,80.82,969.8399999999999,1.0,654.25,0.0,0.0,0.0,0.0,0.0,0.0,0.0,0.0,0.0,0,5,0,Low,0.0,0.0,,311.35,1913.52,-1602.17,-514.5880841496707,Loss Making,0,Low,Low Value - Low/Medium Risk
C00394,Karthik Rao,Retail,Kolkata,West Bengal,54717.0,Low,18,773041.46,300.6,311.21,-10.609999999999957,1,76854.26,93.69,1124.28,2.0,1014.5999999999999,1.0,193131.66,60033.28,9347.181696,0.0,126201.15,22.0,19.0,9.0,1,70,1,Critical,40.0,40.0,Medium,9647.781696,2450.09,7197.691696,74.60462853325325,Medium Profit,1,Critical,High Value - High Risk
C00395,Meena Rao,Retail,Bengaluru,Karnataka,34767.0,Low,18,106041.75,264.43,267.21,-2.7799999999999727,1,191322.24,64.85,778.1999999999999,3.0,1477.14,1.0,139724.35,0.0,0.0,0.0,99708.04,19.0,15.0,10.0,0,25,0,Medium,25.0,25.0,Medium,264.43,2522.55,-2258.1200000000003,-853.957569110918,Loss Making,0,Medium,Low Value - Low/Medium Risk
C00396,Kavya Rao,Retail,Kochi,Kerala,21615.0,Medium,16,145828.69,290.43,334.44,-44.00999999999999,1,19778.58,91.88,1102.56,1.0,515.27,1.0,813376.33,413927.45,52196.251444999994,0.0,178134.13,7.0,6.0,10.0,0,35,0,Medium,30.0,30.0,Medium,52486.681444999995,1952.27,50534.411445,96.28044687480242,High Profit,0,Medium,Low Value - Low/Medium Risk
C00397,Priya Iyer,Senior Citizen,Kolkata,West Bengal,60970.0,High,34,214762.97,505.94,596.13,-90.19,2,139423.81,284.09000000000003,3409.0800000000004,1.0,634.44,1.0,320893.37,299848.9,38470.61387,0.0,87379.67,7.0,6.0,7.0,0,10,0,Low,25.0,25.0,Medium,38976.55387,4639.650000000001,34336.90387,88.0963052416722,High Profit,0,Medium,Low Value - Low/Medium Risk
C00398,Lakshmi Rao,Retail,Delhi,Delhi,29213.0,Medium,18,114712.62,372.96,205.58,167.37999999999997,1,113643.53,85.6,1027.1999999999998,2.0,876.45,0.0,0.0,0.0,0.0,0.0,0.0,0.0,0.0,0.0,0,10,0,Low,0.0,0.0,,372.96,2109.2299999999996,-1736.2699999999995,-465.53785928785925,Loss Making,0,Low,Low Value - Low/Medium Risk
C00399,Meena Verma,Student,Madurai,Tamil Nadu,84847.0,Low,53,394784.48,942.64,932.85,9.789999999999964,3,866718.51,233.88,2806.56,0.0,0.0,0.0,0.0,0.0,0.0,0.0,0.0,0.0,0.0,0.0,0,35,0,Medium,0.0,0.0,,942.64,3739.41,-2796.77,-296.6954510735806,Loss Making,1,Medium,High Value - Low/Medium Risk
C00400,Divya Rao,Sme Owner,Madurai,Tamil Nadu,95681.0,Medium,17,157198.27,249.10999999999999,259.87,-10.76000000000002,1,285910.64,176.97,2123.64,3.0,1299.41,1.0,163104.17,121006.02,18707.530692000004,0.0,158513.48,24.0,22.0,10.0,0,30,0,Medium,40.0,40.0,Medium,18956.640692000004,3682.92,15273.720692000004,80.5718742057803,Medium Profit,1,Medium,High Value - Low/Medium Risk
C00401,Lakshmi Verma,Retail,Delhi,Delhi,94291.0,High,24,186267.31,376.07,427.66,-51.59000000000003,2,339063.80000000005,201.64000000000001,2419.6800000000003,2.0,1108.6,0.0,0.0,0.0,0.0,0.0,0.0,0.0,0.0,0.0,0,35,0,Medium,0.0,0.0,,376.07,3955.94,-3579.87,-951.915866726939,Loss Making,1,Medium,High Value - Low/Medium Risk
C00402,Priya Reddy,Mass Affluent,Chennai,Tamil Nadu,37135.0,Medium,20,206000.25,356.25,387.11,-30.860000000000014,1,388345.4,131.86,1582.3200000000002,3.0,1422.3,1.0,318020.03,290731.46,49976.73797400001,0.0,374382.73,12.0,11.0,9.0,0,20,0,Medium,35.0,35.0,Medium,50332.98797400001,3391.7300000000005,46941.25797400001,93.26141733975334,High Profit,1,Medium,High Value - Low/Medium Risk
C00403,Priya Patel,Retail,Mumbai,Maharashtra,89784.0,Low,10,73773.19,171.15,174.34,-3.1899999999999977,1,123563.94,75.14,901.6800000000001,2.0,945.55,0.0,0.0,0.0,0.0,0.0,0.0,0.0,0.0,0.0,0,5,0,Low,0.0,0.0,,171.15,2021.57,-1850.4199999999998,-1081.1685655857434,Loss Making,0,Low,Low Value - Low/Medium Risk
C00404,Sanjay Singh,Senior Citizen,Pune,Maharashtra,49293.0,Medium,15,102572.35,250.63,271.61,-20.980000000000018,1,48763.12,176.38,2116.56,5.0,1914.66,1.0,150295.8,0.0,0.0,0.0,113008.78,24.0,21.0,10.0,0,35,0,Medium,40.0,40.0,Medium,250.63,4302.83,-4052.2,-1616.8056497625983,Loss Making,0,Medium,Low Value - Low/Medium Risk
C00405,Anitha Kumar,Mass Affluent,Kochi,Kerala,100018.0,High,22,199115.44999999998,275.81,364.0,-88.19,1,659211.67,27.26,327.12,3.0,671.13,1.0,884847.9,342737.69,36124.552526,0.0,586620.47,18.0,17.0,10.0,0,30,0,Medium,25.0,25.0,Medium,36400.362526,1362.25,35038.112526,96.25759221758582,High Profit,1,Medium,High Value - Low/Medium Risk
C00406,Lakshmi Verma,Retail,Kolkata,West Bengal,21463.0,Low,24,291863.25,493.27,438.02,55.25,1,47385.68,54.13,649.5600000000001,2.0,1096.24,1.0,146429.77,0.0,0.0,0.0,117993.08,24.0,24.0,10.0,0,20,0,Medium,40.0,40.0,Medium,493.27,2183.8199999999997,-1690.5499999999997,-342.7230522837391,Loss Making,1,Medium,High Value - Low/Medium Risk
C00407,Priya Gupta,Mass Affluent,Kochi,Kerala,38020.0,Low,39,168777.16,797.77,565.76,232.01,2,1293432.0699999998,265.67,3188.04,5.0,1815.02,0.0,0.0,0.0,0.0,0.0,0.0,0.0,0.0,0.0,0,15,0,Low,0.0,0.0,,797.77,5568.82,-4771.049999999999,-598.048309663186,Loss Making,1,Low,High Value - Low/Medium Risk
C00408,Suresh Kumar,Retail,Kolkata,West Bengal,55419.0,Low,59,336667.41000000003,1131.14,966.97,164.17000000000007,3,201446.64999999997,241.38,2896.56,2.0,607.79,1.0,1353487.69,648438.05,96098.51901,1.0,928838.4,18.0,17.0,59.0,0,25,0,Medium,70.0,70.0,Critical,97229.65901,4471.32,92758.33901,95.4012797684088,High Profit,1,Critical,High Value - High Risk
C00409,Ajay Verma,Premium,Coimbatore,Tamil Nadu,56686.0,Low,10,90249.98999999999,146.1,92.77,53.33,1,236148.82,136.9,1642.8000000000002,0.0,0.0,1.0,1916684.47,1732907.52,322840.67097599996,0.0,1475713.62,24.0,22.0,10.0,0,30,0,Medium,55.0,55.0,High,322986.77097599994,1735.5700000000002,321251.20097599993,99.46264981851873,High Profit,0,High,Low Value - High Risk
C00410,Pooja Gupta,Retail,Pune,Maharashtra,60226.0,High,43,401787.64,719.47,648.35,71.12,2,212266.28,177.5,2130.0,3.0,438.47,1.0,998206.01,0.0,0.0,0.0,935090.73,23.0,21.0,10.0,3,45,0,High,40.0,40.0,Medium,719.47,3216.8199999999997,-2497.3499999999995,-347.1096779573852,Loss Making,1,High,High Value - High Risk
C00411,Rohit Patel,Retail,Delhi,Delhi,16640.0,Medium,19,169096.7,294.59,333.59,-39.0,1,643087.11,145.59,1747.08,2.0,701.7,0.0,0.0,0.0,0.0,0.0,0.0,0.0,0.0,0.0,0,35,0,Medium,0.0,0.0,,294.59,2782.37,-2487.7799999999997,-844.4889507451034,Loss Making,1,Medium,High Value - Low/Medium Risk
C00412,Rohit Reddy,Student,Pune,Maharashtra,38846.0,Medium,37,453229.86000000004,682.62,599.78,82.84000000000003,2,170945.75,96.24000000000001,1154.88,1.0,102.08,1.0,1462187.66,0.0,0.0,0.0,1077408.74,24.0,22.0,10.0,0,30,0,Medium,25.0,25.0,Medium,682.62,1856.74,-1174.12,-172.00199232369397,Loss Making,1,Medium,High Value - Low/Medium Risk
C00413,Deepa Rao,Mass Affluent,Hyderabad,Telangana,70809.0,Low,22,111217.93,381.87,345.9,35.97000000000003,1,395196.41,115.19,1382.28,6.0,1916.9,1.0,180889.74,150872.63,23339.995861000003,1.0,189416.85,22.0,21.0,57.0,0,10,0,Low,70.0,70.0,Critical,23721.865861000002,3645.08,20076.785861000004,84.6340923544606,Medium Profit,1,Critical,High Value - High Risk
C00414,Divya Kumar,Senior Citizen,Delhi,Delhi,36744.0,Low,19,129622.87,215.35,286.44,-71.09,1,67115.44,27.7,332.4,0.0,0.0,1.0,527485.52,216719.62,36213.848502,0.0,387827.61,24.0,22.0,10.0,0,35,0,Medium,60.0,60.0,High,36429.198502,618.8399999999999,35810.358502,98.30125277127351,High Profit,0,High,Low Value - High Risk
C00415,Sneha Singh,Sme Owner,Hyderabad,Telangana,56548.0,Medium,45,338093.08,750.11,815.94,-65.83000000000004,3,664117.93,229.21,2750.52,1.0,191.13,1.0,196364.99,0.0,0.0,0.0,169734.04,24.0,21.0,10.0,1,40,0,High,65.0,65.0,High,750.11,3757.59,-3007.48,-400.9385290157444,Loss Making,1,High,High Value - High Risk
C00416,Sanjay Rao,Sme Owner,Coimbatore,Tamil Nadu,38339.0,Low,19,161789.72999999998,335.47,302.95,32.52000000000004,1,128152.31,31.79,381.48,1.0,486.38,1.0,530949.21,490161.71,68279.526203,1.0,247973.55,13.0,13.0,54.0,0,25,0,Medium,70.0,70.0,Critical,68614.996203,1170.81,67444.186203,98.29365289690301,High Profit,0,Critical,Low Value - High Risk
C00417,Anitha Nair,Senior Citizen,Hyderabad,Telangana,37873.0,High,23,482736.68,401.55,378.57,22.980000000000018,1,85456.34,125.95,1511.4,4.0,1175.32,1.0,133249.52,31578.53,4739.937353,0.0,152763.23,12.0,12.0,8.0,2,40,0,High,35.0,35.0,Medium,5141.487353,3065.29,2076.1973530000005,40.381259554952756,Medium Profit,1,High,High Value - High Risk
C00418,Rahul Gupta,Retail,Mumbai,Maharashtra,58442.0,Low,22,324379.92,432.17,354.57,77.60000000000002,1,303064.28,82.82,993.8399999999999,3.0,844.74,1.0,1908292.93,1044551.23,186243.484309,1.0,800625.26,17.0,17.0,58.0,0,35,0,Medium,70.0,70.0,Critical,186675.654309,2193.1499999999996,184482.504309,98.82515478083194,High Profit,1,Critical,High Value - High Risk
C00419,Rohit Gupta,Retail,Kochi,Kerala,20238.0,Medium,23,122782.42,262.21,355.48,-93.27000000000004,1,22753.4,98.92,1187.04,1.0,482.45,1.0,505605.1,301692.56,41482.727000000006,1.0,94480.72,7.0,7.0,47.0,0,25,0,Medium,70.0,70.0,Critical,41744.937000000005,2024.97,39719.967000000004,95.14918419927187,High Profit,0,Critical,Low Value - High Risk
C00420,Anitha Rao,Mass Affluent,Mumbai,Maharashtra,77175.0,Low,46,295784.71,785.98,673.26,112.72000000000003,3,225347.71999999997,379.07,4548.84,2.0,734.29,1.0,262057.26,0.0,0.0,0.0,217334.48,24.0,24.0,10.0,0,30,0,Medium,40.0,40.0,Medium,785.98,5956.39,-5170.41,-657.829715768849,Loss Making,1,Medium,High Value - Low/Medium Risk
C00421,Rahul Sharma,Senior Citizen,Chennai,Tamil Nadu,102716.0,High,23,175677.74,368.59000000000003,314.55,54.04000000000002,1,59428.25,65.05,780.5999999999999,3.0,1611.47,1.0,546121.4,298614.42,38670.56739,1.0,289768.88,21.0,18.0,57.0,0,25,0,Medium,70.0,70.0,Critical,39039.15738999999,2706.62,36332.53738999999,93.06690978762438,High Profit,0,Critical,Low Value - High Risk
C00422,Sanjay Singh,Retail,Mumbai,Maharashtra,72756.0,Low,39,384033.81,672.92,663.9,9.019999999999982,2,433302.26,121.09,1453.08,1.0,437.31,1.0,864070.93,197857.15,28926.71533,1.0,838368.78,11.0,10.0,60.0,0,20,0,Medium,70.0,70.0,Critical,29599.635329999997,2554.29,27045.345329999996,91.37053557747328,Medium Profit,1,Critical,High Value - High Risk
C00423,Arun Iyer,Retail,Madurai,Tamil Nadu,50563.0,Low,31,207633.42,548.23,490.03,58.200000000000045,2,105089.61000000002,142.86,1714.3200000000002,1.0,156.45,1.0,1135648.09,793973.09,118143.19579200001,0.0,1095014.21,24.0,23.0,10.0,1,40,0,High,30.0,30.0,Medium,118691.42579200001,2360.8,116330.625792,98.01097679613592,High Profit,0,High,Low Value - High Risk
C00424,Sanjay Nair,Senior Citizen,Kolkata,West Bengal,24799.0,Low,20,155511.41999999998,282.37,297.54,-15.170000000000016,1,135554.13,103.56,1242.72,2.0,338.84000000000003,1.0,349492.93,303791.22,52616.63930399999,0.0,176100.08000000002,19.0,17.0,10.0,0,35,0,Medium,40.0,40.0,Medium,52899.00930399999,1879.1,51019.90930399999,96.44775956161827,High Profit,0,Medium,Low Value - Low/Medium Risk
C00425,Geetha Patel,Sme Owner,Pune,Maharashtra,40523.0,Medium,26,244456.52000000002,448.5,341.25,107.25,2,211533.66,276.91999999999996,3323.0399999999995,2.0,665.5799999999999,1.0,551924.56,111110.96,16744.421672,0.0,719654.86,24.0,19.0,10.0,0,30,0,Medium,35.0,35.0,Medium,17192.921672,4329.869999999999,12863.051672000001,74.81597320918686,Medium Profit,0,Medium,Low Value - Low/Medium Risk
C00426,Geetha Verma,Mass Affluent,Coimbatore,Tamil Nadu,96746.0,Medium,34,362167.47,621.02,508.43,112.58999999999997,2,1006652.51,164.29,1971.48,2.0,538.28,1.0,1372062.07,0.0,0.0,0.0,847032.77,24.0,23.0,10.0,0,20,0,Medium,40.0,40.0,Medium,621.02,3018.1899999999996,-2397.1699999999996,-386.0052816334417,Loss Making,1,Medium,High Value - Low/Medium Risk
C00427,Vishal Rao,Mass Affluent,Chennai,Tamil Nadu,32628.0,Medium,47,305904.36,706.9300000000001,883.26,-176.32999999999993,2,103289.42000000001,72.21000000000001,866.5200000000001,0.0,0.0,0.0,0.0,0.0,0.0,0.0,0.0,0.0,0.0,0.0,0,25,0,Medium,0.0,0.0,,706.9300000000001,1749.7800000000002,-1042.8500000000001,-147.5181418245088,Loss Making,1,Medium,High Value - Low/Medium Risk
C00428,Pooja Reddy,Student,Chennai,Tamil Nadu,49910.0,Low,49,279896.94,836.4300000000001,727.02,109.41000000000008,3,433181.45,240.62,2887.44,3.0,1085.4,0.0,0.0,0.0,0.0,0.0,0.0,0.0,0.0,0.0,0,35,0,Medium,0.0,0.0,,836.4300000000001,4699.860000000001,-3863.4300000000003,-461.8951974462896,Loss Making,1,Medium,High Value - Low/Medium Risk
C00429,Suresh Rao,Mass Affluent,Kolkata,West Bengal,24211.0,Medium,21,110115.74,355.16,344.02,11.140000000000043,1,211477.87,93.11,1117.32,1.0,559.16,1.0,1077280.78,507444.17,69215.384788,1.0,781862.83,8.0,7.0,51.0,0,0,0,Low,70.0,70.0,Critical,69570.544788,2020.5,67550.044788,97.09575366104004,High Profit,0,Critical,Low Value - High Risk
C00430,Rahul Sharma,Retail,Bengaluru,Karnataka,51028.0,Low,15,86610.59,262.51,237.12,25.389999999999986,1,113411.12,95.15,1141.8000000000002,3.0,1404.8799999999999,0.0,0.0,0.0,0.0,0.0,0.0,0.0,0.0,0.0,0,30,0,Medium,0.0,0.0,,262.51,2783.8,-2521.29,-960.4548398156261,Loss Making,0,Medium,Low Value - Low/Medium Risk
C00431,Deepa Gupta,Sme Owner,Mumbai,Maharashtra,37888.0,Low,14,150106.35,306.13,193.82,112.31,1,211347.49,62.19,746.28,1.0,125.26,1.0,105185.75,89060.59,12121.146299,0.0,70504.99,24.0,22.0,10.0,0,25,0,Medium,30.0,30.0,Medium,12427.276299,1065.36,11361.916298999999,91.42724459996332,Medium Profit,0,Medium,Low Value - Low/Medium Risk
C00432,Naveen Reddy,Retail,Mumbai,Maharashtra,54754.0,Medium,38,211576.65,769.25,606.44,162.80999999999995,2,167607.55,263.9,3166.7999999999997,1.0,579.87,0.0,0.0,0.0,0.0,0.0,0.0,0.0,0.0,0.0,0,15,0,Low,0.0,0.0,,769.25,4353.11,-3583.8599999999997,-465.8901527461813,Loss Making,0,Low,Low Value - Low/Medium Risk
C00433,Suresh Patel,Mass Affluent,Kolkata,West Bengal,62326.0,Low,31,193240.51,620.33,407.83,212.50000000000006,2,159104.03999999998,229.74,2756.88,5.0,2097.61,0.0,0.0,0.0,0.0,0.0,0.0,0.0,0.0,0.0,0,5,0,Low,0.0,0.0,,620.33,5262.32,-4641.99,-748.3097706059677,Loss Making,0,Low,Low Value - Low/Medium Risk
C00434,Divya Sharma,Retail,Pune,Maharashtra,145483.0,High,14,87152.92,196.88,206.75,-9.870000000000005,1,57756.44,81.65,979.8000000000001,3.0,973.74,1.0,103214.07,80145.51,10210.537974,0.0,25793.46,8.0,7.0,10.0,0,30,0,Medium,10.0,10.0,Low,10407.417974,2160.29,8247.127973999999,79.24278619925829,Medium Profit,0,Medium,Low Value - Low/Medium Risk
C00435,Pooja Sharma,Premium,Hyderabad,Telangana,85472.0,High,21,309137.58999999997,366.34,344.76,21.579999999999984,1,12012.96,170.53,2046.3600000000001,2.0,568.98,1.0,516075.76,427205.32,68011.08694400001,1.0,215684.9,11.0,10.0,44.0,0,35,0,Medium,70.0,70.0,Critical,68377.426944,2960.1,65417.32694400001,95.67093976434026,High Profit,1,Critical,High Value - High Risk
C00436,Karthik Reddy,Sme Owner,Pune,Maharashtra,25319.0,Medium,20,201509.91999999998,344.61,369.36,-24.75,1,443172.6,171.86,2062.32,3.0,1185.0600000000002,0.0,0.0,0.0,0.0,0.0,0.0,0.0,0.0,0.0,0,35,0,Medium,0.0,0.0,,344.61,3616.7400000000007,-3272.1300000000006,-949.5168451292766,Loss Making,1,Medium,High Value - Low/Medium Risk
C00437,Pooja Rao,Premium,Delhi,Delhi,56671.0,Low,27,116087.86,540.03,413.13,126.89999999999998,1,121288.51,165.19,1982.28,6.0,2520.54,1.0,174686.16,101549.44,16176.825792,1.0,132615.54,20.0,19.0,58.0,0,0,0,Low,70.0,70.0,Critical,16716.855792,4915.95,11800.905791999998,70.59285513276622,Medium Profit,0,Critical,Low Value - High Risk
C00438,Geetha Iyer,Mass Affluent,Coimbatore,Tamil Nadu,46940.0,Low,50,291783.98,886.91,833.81,53.10000000000002,2,65043.72,191.22,2294.64,0.0,0.0,1.0,532479.81,261232.4,48954.951759999996,0.0,412387.17,24.0,21.0,10.0,0,30,0,Medium,35.0,35.0,Medium,49841.86176,3128.45,46713.41176,93.72324811006419,High Profit,1,Medium,High Value - Low/Medium Risk
C00439,Divya Verma,Sme Owner,Hyderabad,Telangana,28054.0,Medium,23,134421.76,453.16999999999996,423.58,29.589999999999975,1,42456.12,79.82,957.8399999999999,3.0,1600.23,1.0,122421.67,18798.28,3065.9994679999995,1.0,63228.3,18.0,17.0,38.0,0,0,0,Low,70.0,70.0,Critical,3519.1694679999996,2981.6499999999996,537.519468,15.274043290261918,Medium Profit,0,Critical,Low Value - High Risk
C00440,Priya Iyer,Senior Citizen,Coimbatore,Tamil Nadu,20599.0,Low,38,256175.35,578.81,582.33,-3.5200000000000955,2,999667.33,322.1,3865.2000000000003,2.0,397.88,1.0,1716973.26,0.0,0.0,0.0,759031.4299999999,8.0,5.0,5.0,1,40,0,High,25.0,25.0,Medium,578.81,4845.410000000001,-4266.6,-737.1330833952421,Loss Making,1,High,High Value - High Risk
C00441,Arun Singh,Retail,Pune,Maharashtra,280812.0,Low,21,222412.48,396.17,317.17,79.0,1,491296.06,88.95,1067.4,0.0,0.0,1.0,881100.21,344089.59,45660.688593,0.0,182859.15,4.0,3.0,10.0,0,30,0,Medium,30.0,30.0,Medium,46056.858593,1384.5700000000002,44672.288593,96.99378107344378,High Profit,1,Medium,High Value - Low/Medium Risk
C00442,Kavya Patel,Premium,Chennai,Tamil Nadu,30099.0,Low,44,303692.08,875.67,697.41,178.26,2,83494.38,150.37,1804.44,1.0,197.43,0.0,0.0,0.0,0.0,0.0,0.0,0.0,0.0,0.0,1,45,0,High,0.0,0.0,,875.67,2699.2799999999997,-1823.6099999999997,-208.25310904792897,Loss Making,1,High,High Value - High Risk
C00443,Priya Rao,Student,Kochi,Kerala,57996.0,Low,24,124764.34,355.69,413.84,-58.14999999999998,2,140965.71,199.7,2396.3999999999996,2.0,172.45,1.0,2177264.96,0.0,0.0,0.0,2629774.82,12.0,11.0,10.0,0,20,0,Medium,70.0,70.0,Critical,355.69,2982.6899999999996,-2626.9999999999995,-738.5644803058842,Loss Making,0,Critical,Low Value - High Risk
C00444,Rohit Reddy,Retail,Chennai,Tamil Nadu,117304.0,Low,21,164581.83,432.53,342.74,89.78999999999996,1,14652.85,56.16,673.92,1.0,586.02,1.0,283404.44,180212.47,22346.34628,0.0,119031.23,11.0,11.0,8.0,0,30,0,Medium,25.0,25.0,Medium,22778.87628,1602.6799999999998,21176.19628,92.96418321826015,Medium Profit,0,Medium,Low Value - Low/Medium Risk
C00445,Anitha Iyer,Retail,Chennai,Tamil Nadu,54799.0,Low,52,387019.76,990.24,839.98,150.26,3,355415.54,299.65,3595.7999999999997,2.0,182.2,1.0,1061697.78,514138.85,73521.85555000001,1.0,171927.33000000002,3.0,3.0,9.0,0,35,0,Medium,70.0,70.0,Critical,74512.09555000001,4617.98,69894.11555000002,93.80237535139354,High Profit,1,Critical,High Value - High Risk
C00446,Meena Iyer,Senior Citizen,Chennai,Tamil Nadu,52087.0,Low,39,257246.48,688.81,740.02,-51.210000000000036,2,297306.32,245.13,2941.56,4.0,1276.51,1.0,1450779.99,1012098.75,155053.52850000001,1.0,866657.35,12.0,12.0,41.0,1,45,0,High,70.0,70.0,Critical,155742.3385,4958.09,150784.24850000002,96.81647903341326,High Profit,1,Critical,High Value - High Risk
C00447,Vishal Reddy,Retail,Pune,Maharashtra,66658.0,Low,16,140821.79,353.43,238.32999999999998,115.10000000000002,1,110480.83,150.45,1805.3999999999999,4.0,1301.48,1.0,2015526.01,1056973.55,143325.61338,0.0,1067558.74,19.0,16.0,10.0,0,25,0,Medium,25.0,25.0,Medium,143679.04338,3345.21,140333.83338,97.67174813994785,High Profit,0,Medium,Low Value - Low/Medium Risk
C00448,Anitha Kumar,Sme Owner,Kochi,Kerala,53227.0,Medium,37,264195.34,615.24,560.27,54.97000000000003,2,78218.9,65.00999999999999,780.1199999999999,3.0,1119.6699999999998,0.0,0.0,0.0,0.0,0.0,0.0,0.0,0.0,0.0,0,25,0,Medium,0.0,0.0,,615.24,2460.0599999999995,-1844.8199999999995,-299.85371562317135,Loss Making,0,Medium,Low Value - Low/Medium Risk
C00449,Suresh Reddy,Retail,Delhi,Delhi,35758.0,Low,17,80014.1,249.37,293.32,-43.94999999999999,1,743721.93,104.65,1255.8000000000002,0.0,0.0,0.0,0.0,0.0,0.0,0.0,0.0,0.0,0.0,0.0,0,0,0,Low,0.0,0.0,,249.37,1549.1200000000001,-1299.75,-521.2134579139431,Loss Making,1,Low,High Value - Low/Medium Risk
C00450,Vijay Singh,Mass Affluent,Chennai,Kerala,35916.0,Low,36,211779.96,452.68,634.04,-181.35999999999996,2,142388.84,177.94,2135.2799999999997,3.0,1442.56,0.0,0.0,0.0,0.0,0.0,0.0,0.0,0.0,0.0,0,35,0,Medium,0.0,0.0,,452.68,4211.879999999999,-3759.1999999999994,-830.432093310948,Loss Making,0,Medium,Low Value - Low/Medium Risk
C00451,Lakshmi Sharma,Premium,Hyderabad,Telangana,57263.0,Medium,42,407245.33,853.85,706.92,146.93000000000006,2,148230.31,110.09,1321.08,1.0,129.38,1.0,1154096.99,0.0,0.0,0.0,1108080.12,24.0,23.0,10.0,1,40,0,High,25.0,25.0,Medium,853.85,2157.38,-1303.5300000000002,-152.6649879955496,Loss Making,1,High,High Value - High Risk
C00452,Ajay Kumar,Mass Affluent,Kolkata,West Bengal,68719.0,Low,35,303209.89,631.92,585.8,46.120000000000005,2,146230.96000000002,292.66,3511.92,1.0,910.94,1.0,273665.92,0.0,0.0,0.0,161619.82,24.0,19.0,10.0,4,70,2,Critical,40.0,40.0,Medium,631.92,5008.66,-4376.74,-692.609824028358,Loss Making,1,Critical,High Value - High Risk
C00453,Rahul Nair,Retail,Coimbatore,Tamil Nadu,59018.0,Low,38,353262.86,671.08,676.02,-4.939999999999941,2,284555.0,225.22,2702.64,4.0,1832.09,0.0,0.0,0.0,0.0,0.0,0.0,0.0,0.0,0.0,0,20,0,Medium,0.0,0.0,,671.08,5210.75,-4539.67,-676.4722536806341,Loss Making,1,Medium,High Value - Low/Medium Risk
C00454,Naveen Patel,Retail,Delhi,Delhi,38424.0,Medium,37,310945.61,745.38,659.35,86.02999999999997,2,253893.14,162.52,1950.2400000000002,1.0,536.9,1.0,945594.85,283011.07,36706.535779000005,1.0,726307.8,9.0,9.0,46.0,0,35,0,Medium,70.0,70.0,Critical,37451.915779,3146.4900000000002,34305.425779000005,91.59858732309685,High Profit,1,Critical,High Value - High Risk
C00455,Rahul Patel,Retail,Chennai,Tamil Nadu,42400.0,Medium,30,399410.33,553.15,410.01,143.14,2,621525.98,128.03,1536.3600000000001,2.0,853.5799999999999,1.0,440184.61,98949.88,14713.847156,0.0,425306.74,24.0,23.0,10.0,0,30,0,Medium,25.0,25.0,Medium,15266.997156,2799.95,12467.047156,81.66011317491072,Medium Profit,1,Medium,High Value - Low/Medium Risk
C00456,Meena Gupta,Retail,Bengaluru,Karnataka,30790.0,Low,16,131930.24,369.31,192.85999999999999,176.45000000000002,1,70940.9,105.05,1260.6,2.0,849.31,1.0,632506.73,0.0,0.0,0.0,844952.6,24.0,20.0,10.0,0,25,0,Medium,50.0,50.0,High,369.31,2302.7699999999995,-1933.4599999999996,-523.5330751942811,Loss Making,0,High,Low Value - High Risk
C00457,Lakshmi Rao,Mass Affluent,Madurai,Tamil Nadu,22365.0,Low,17,198544.75,332.40999999999997,290.14,42.26999999999998,1,35279.98,143.55,1722.6000000000001,2.0,811.6200000000001,1.0,144053.48,0.0,0.0,0.0,168228.51,12.0,9.0,10.0,0,30,0,Medium,40.0,40.0,Medium,332.40999999999997,2824.3600000000006,-2491.9500000000007,-749.6615625282035,Loss Making,0,Medium,Low Value - Low/Medium Risk
C00458,Lakshmi Sharma,Student,Bengaluru,Karnataka,63034.0,Low,48,500744.59,827.12,825.23,1.8899999999999864,2,57645.939999999995,205.17000000000002,2462.04,3.0,1399.67,1.0,435846.42,289112.04,49206.869208,1.0,423030.24,19.0,18.0,60.0,4,70,2,Critical,70.0,70.0,Critical,50033.989208,4686.9400000000005,45347.049208,90.63248788635346,High Profit,1,Critical,High Value - High Risk
C00459,Naveen Sharma,Retail,Kolkata,West Bengal,84861.0,Low,20,168544.35,351.7,320.82,30.879999999999995,1,253061.95,111.13,1333.56,2.0,895.8199999999999,1.0,353361.85,286328.08,48475.34394400001,1.0,206169.07,18.0,17.0,59.0,0,30,0,Medium,75.0,75.0,Critical,48827.043944000005,2550.2,46276.84394400001,94.7770747642949,High Profit,1,Critical,High Value - High Risk
C00460,Sanjay Sharma,Sme Owner,Kochi,Kerala,183238.0,Low,27,187582.8,486.58,472.08,14.5,2,187318.08000000002,65.01,780.1200000000001,1.0,446.28,0.0,0.0,0.0,0.0,0.0,0.0,0.0,0.0,0.0,0,25,0,Medium,0.0,0.0,,486.58,1698.48,-1211.9,-249.0649019688438,Loss Making,0,Medium,Low Value - Low/Medium Risk
C00461,Geetha Verma,Retail,Delhi,Delhi,21944.0,Medium,34,226779.96,646.77,616.5,30.269999999999982,2,601329.99,219.45,2633.3999999999996,3.0,1482.67,0.0,0.0,0.0,0.0,0.0,0.0,0.0,0.0,0.0,0,30,0,Medium,0.0,0.0,,646.77,4732.57,-4085.7999999999997,-631.7237967128964,Loss Making,1,Medium,High Value - Low/Medium Risk
C00462,Sneha Singh,Premium,Chennai,Tamil Nadu,49586.0,Low,19,933312.7999999999,414.46,305.32,109.13999999999999,1,71381.06,173.46,2081.52,1.0,345.48,0.0,0.0,0.0,0.0,0.0,0.0,0.0,0.0,0.0,1,70,1,Critical,0.0,0.0,,414.46,2732.32,-2317.86,-559.2481783525552,Loss Making,1,Critical,High Value - High Risk
C00463,Deepa Iyer,Sme Owner,Hyderabad,Telangana,46998.0,Medium,46,299693.9,825.88,736.88,89.0,2,130254.11,219.57999999999998,2634.96,2.0,1058.0700000000002,1.0,101019.42,27335.32,4111.232128,0.0,59340.380000000005,24.0,23.0,10.0,1,40,0,High,35.0,35.0,Medium,4937.112128,4429.91,507.2021279999999,10.273255191501292,Medium Profit,1,High,High Value - High Risk
C00464,Pooja Rao,Mass Affluent,Mumbai,Maharashtra,76792.0,Low,18,197696.74,387.5,338.64,48.860000000000014,1,212652.64,110.09,1321.08,2.0,217.59,0.0,0.0,0.0,0.0,0.0,0.0,0.0,0.0,0.0,0,30,0,Medium,0.0,0.0,,387.5,1877.3099999999997,-1489.8099999999997,-384.46709677419346,Loss Making,0,Medium,Low Value - Low/Medium Risk
C00465,Arun Singh,Retail,Chennai,Tamil Nadu,36929.0,Medium,24,246751.4,386.54,393.45,-6.909999999999968,1,19395.99,68.99,827.8799999999999,3.0,1323.44,0.0,0.0,0.0,0.0,0.0,0.0,0.0,0.0,0.0,0,35,0,Medium,0.0,0.0,,386.54,2544.77,-2158.23,-558.3458374295027,Loss Making,0,Medium,Low Value - Low/Medium Risk
C00466,Divya Patel,Mass Affluent,Kolkata,West Bengal,47791.0,Low,26,187572.62999999998,447.78,433.21,14.569999999999993,1,72231.22,87.17,1046.04,1.0,309.25,1.0,1463386.87,686745.07,128627.35161099999,1.0,781462.28,18.0,17.0,59.0,0,25,0,Medium,80.0,80.0,Critical,129075.13161099999,1788.5,127286.63161099999,98.61437290229532,High Profit,0,Critical,Low Value - High Risk
C00467,Lakshmi Rao,Sme Owner,Kolkata,West Bengal,68389.0,Low,17,115567.8,245.99,274.66,-28.670000000000016,1,45590.31,76.48,917.76,0.0,0.0,0.0,0.0,0.0,0.0,0.0,0.0,0.0,0.0,0.0,0,25,0,Medium,0.0,0.0,,245.99,1192.42,-946.4300000000001,-384.7432822472459,Loss Making,0,Medium,Low Value - Low/Medium Risk
C00468,Vishal Reddy,Retail,Coimbatore,Tamil Nadu,26344.0,High,35,232601.22,598.49,633.5,-35.00999999999999,2,92198.11,90.66,1087.92,1.0,644.61,0.0,0.0,0.0,0.0,0.0,0.0,0.0,0.0,0.0,0,35,0,Medium,0.0,0.0,,598.49,2366.03,-1767.5400000000002,-295.333255359321,Loss Making,0,Medium,Low Value - Low/Medium Risk
C00469,Deepa Verma,Retail,Kochi,Kerala,56868.0,Medium,19,141764.62,430.73,313.06,117.67000000000002,1,41402.24,118.25,1419.0,1.0,86.56,1.0,93900.27,58327.34,10749.728761999999,0.0,93338.63,23.0,21.0,10.0,0,30,0,Medium,80.0,80.0,Critical,11180.458761999998,1818.62,9361.838762,83.73394116723455,Medium Profit,0,Critical,Low Value - High Risk
C00470,Sneha Reddy,Retail,Mumbai,Maharashtra,130230.0,Low,32,217973.84,545.55,501.18,44.36999999999995,2,209432.11,271.86,3262.32,2.0,121.50999999999999,1.0,1556215.66,259200.42,41757.187662000004,0.0,1112367.48,24.0,21.0,8.0,0,25,0,Medium,40.0,40.0,Medium,42302.73766200001,3885.01,38417.727662000005,90.8161735747664,High Profit,0,Medium,Low Value - Low/Medium Risk
C00471,Divya Verma,Senior Citizen,Hyderabad,Telangana,23142.0,Low,17,114913.01,233.37,264.23,-30.860000000000014,1,150739.41,64.13,769.56,3.0,1320.1,0.0,0.0,0.0,0.0,0.0,0.0,0.0,0.0,0.0,0,35,0,Medium,0.0,0.0,,233.37,2353.89,-2120.52,-908.6514976218023,Loss Making,0,Medium,Low Value - Low/Medium Risk
C00472,Rohit Verma,Senior Citizen,Hyderabad,Telangana,97741.0,Low,17,125010.72,255.32000000000002,264.61,-9.289999999999992,1,97455.63,43.38,520.5600000000001,1.0,654.04,0.0,0.0,0.0,0.0,0.0,0.0,0.0,0.0,0.0,0,20,0,Medium,0.0,0.0,,255.32000000000002,1439.21,-1183.89,-463.6887043709854,Loss Making,0,Medium,Low Value - Low/Medium Risk
C00473,Divya Reddy,Mass Affluent,Delhi,Delhi,92491.0,Low,19,134451.77,255.87,281.14,-25.269999999999982,1,46278.7,35.96,431.52,2.0,594.6700000000001,1.0,1827165.8,553615.61,81215.40998699999,0.0,1761515.17,24.0,22.0,10.0,0,30,0,Medium,25.0,25.0,Medium,81471.27998699999,1307.33,80163.94998699999,98.39534864284862,High Profit,0,Medium,Low Value - Low/Medium Risk
C00474,Kavya Gupta,Retail,Kolkata,West Bengal,71051.0,Medium,15,262656.8,276.3,250.23000000000002,26.069999999999993,1,123159.76,96.63,1159.56,1.0,503.51,1.0,124649.77,0.0,0.0,0.0,88651.33,18.0,17.0,10.0,0,30,0,Medium,30.0,30.0,Medium,276.3,1913.3,-1637.0,-592.4719507781397,Loss Making,0,Medium,Low Value - Low/Medium Risk
C00475,Vijay Singh,Mass Affluent,Mumbai,Maharashtra,26285.0,Low,17,161212.32,256.77,257.49,-0.7200000000000273,1,24144.93,95.62,1147.44,2.0,1101.46,1.0,171817.12,51526.66,8589.494222000001,0.0,161377.83,17.0,16.0,10.0,0,25,0,Medium,55.0,55.0,High,8846.264222000002,2506.3900000000003,6339.874222000001,71.66724916754357,Medium Profit,0,High,Low Value - High Risk
C00476,Vijay Sharma,Retail,Kolkata,West Bengal,46741.0,High,25,349173.91,472.68,395.95,76.73000000000002,1,28684.72,81.04,972.48,0.0,0.0,0.0,0.0,0.0,0.0,0.0,0.0,0.0,0.0,0.0,6,70,6,Critical,0.0,0.0,,472.68,1368.43,-895.75,-189.5045273758145,Loss Making,1,Critical,High Value - High Risk
C00477,Sneha Gupta,Retail,Hyderabad,Telangana,80672.0,Low,20,128472.77,374.56,362.65,11.910000000000025,1,63825.75,73.33,879.96,0.0,0.0,0.0,0.0,0.0,0.0,0.0,0.0,0.0,0.0,0.0,0,30,0,Medium,0.0,0.0,,374.56,1242.6100000000001,-868.0500000000002,-231.75192225544646,Loss Making,0,Medium,Low Value - Low/Medium Risk
C00478,Suresh Nair,Premium,Pune,Maharashtra,46105.0,Low,10,82053.22,237.86,133.57999999999998,104.28000000000003,1,23821.65,174.21,2090.52,5.0,1730.3899999999999,1.0,232265.27,44731.27,6767.8411510000005,0.0,303578.48,24.0,21.0,10.0,0,20,0,Medium,35.0,35.0,Medium,7005.701151,3954.49,3051.2111510000004,43.55325877074371,Medium Profit,0,Medium,Low Value - Low/Medium Risk
C00479,Sanjay Kumar,Retail,Kochi,Kerala,135012.0,Low,14,62427.54,225.21,220.62,4.590000000000003,1,238501.32,50.26,603.12,3.0,1452.33,1.0,1837723.36,1411996.11,189631.07757300002,0.0,1292291.78,22.0,21.0,10.0,0,35,0,Medium,30.0,30.0,Medium,189856.287573,2276.0699999999997,187580.217573,98.8011616422633,High Profit,0,Medium,Low Value - Low/Medium Risk
C00480,Geetha Sharma,Senior Citizen,Kochi,Kerala,35541.0,Low,61,416849.7,986.92,1010.8,-23.879999999999995,2,125526.20999999999,103.75,1245.0,1.0,254.98,0.0,0.0,0.0,0.0,0.0,0.0,0.0,0.0,0.0,0,35,0,Medium,0.0,0.0,,986.92,2510.78,-1523.8600000000001,-154.4056255826207,Loss Making,1,Medium,High Value - Low/Medium Risk
C00481,Pooja Iyer,Senior Citizen,Mumbai,Maharashtra,84011.0,Low,18,133338.45,294.75,308.67,-13.920000000000016,1,87133.75,145.03,1740.3600000000001,4.0,1474.1599999999999,1.0,297903.3,112612.87,15495.530912,1.0,249791.03,10.0,10.0,60.0,0,25,0,Medium,70.0,70.0,Critical,15790.280912,3523.19,12267.090912,77.68760404178425,Medium Profit,0,Critical,Low Value - High Risk
C00482,Naveen Singh,Premium,Delhi,Delhi,64154.0,Low,20,206053.23,450.43,322.67,127.75999999999999,1,413181.08,44.48,533.76,3.0,508.99,1.0,818029.54,243697.86,37261.402793999994,1.0,843119.36,21.0,21.0,47.0,0,20,0,Medium,70.0,70.0,Critical,37711.832793999994,1365.42,36346.412793999996,96.37933269523501,High Profit,1,Critical,High Value - High Risk
C00483,Vijay Singh,Retail,Bengaluru,Karnataka,35968.0,Medium,38,323055.07,566.25,640.16,-73.90999999999997,2,217952.99,203.66,2443.92,6.0,2628.92,0.0,0.0,0.0,0.0,0.0,0.0,0.0,0.0,0.0,0,35,0,Medium,0.0,0.0,,566.25,5713.0,-5146.75,-908.9183222958058,Loss Making,1,Medium,High Value - Low/Medium Risk
C00484,Ajay Reddy,Sme Owner,Pune,Maharashtra,89773.0,Medium,18,118019.49,346.02,289.34000000000003,56.67999999999995,1,420027.47,51.84,622.08,1.0,442.61,0.0,0.0,0.0,0.0,0.0,0.0,0.0,0.0,0.0,0,35,0,Medium,0.0,0.0,,346.02,1354.0300000000002,-1008.0100000000002,-291.31553089416803,Loss Making,1,Medium,High Value - Low/Medium Risk
C00485,Lakshmi Kumar,Retail,Madurai,Tamil Nadu,104336.0,Low,15,98887.02,248.02,267.24,-19.22,1,50092.02,111.78,1341.3600000000001,3.0,1602.8600000000001,1.0,128882.29,51816.68,9026.465656,0.0,96201.25,24.0,24.0,10.0,0,35,0,Medium,60.0,60.0,High,9274.485656,3211.46,6063.025656000001,65.37317411319312,Medium Profit,0,High,Low Value - High Risk
C00486,Deepa Iyer,Senior Citizen,Madurai,Tamil Nadu,65150.0,Medium,20,125827.77,419.95,303.8,116.14999999999998,1,38380.51,127.25,1527.0,0.0,0.0,1.0,204143.95,103963.3,15708.854629999998,0.0,266867.39,24.0,23.0,10.0,0,20,0,Medium,35.0,35.0,Medium,16128.804629999999,1830.8,14298.00463,88.64887980232172,Medium Profit,0,Medium,Low Value - Low/Medium Risk
C00487,Ajay Singh,Mass Affluent,Pune,Maharashtra,51169.0,Low,19,104838.02,317.34,317.64,-0.30000000000001137,1,26185.55,59.86,718.3199999999999,4.0,1795.98,1.0,92244.77,55774.88,7334.39672,1.0,84573.26000000001,11.0,10.0,60.0,1,40,0,High,70.0,70.0,Critical,7651.73672,2831.94,4819.79672,62.989578658686526,Medium Profit,0,Critical,Low Value - High Risk
C00488,Ajay Singh,Premium,Coimbatore,Tamil Nadu,66722.0,Low,36,282963.56,717.51,613.47,104.03999999999996,2,97171.88,165.02,1980.2400000000002,0.0,0.0,1.0,83618.23,0.0,0.0,0.0,56730.94,12.0,11.0,10.0,0,20,0,Medium,40.0,40.0,Medium,717.51,2593.71,-1876.2,-261.48764477150144,Loss Making,0,Medium,Low Value - Low/Medium Risk
C00489,Priya Gupta,Senior Citizen,Delhi,Delhi,79158.0,Medium,13,57197.89,249.77,185.93,63.84,1,141630.28,125.91,1510.92,1.0,186.09,0.0,0.0,0.0,0.0,0.0,0.0,0.0,0.0,0.0,0,20,0,Medium,0.0,0.0,,249.77,1882.94,-1633.17,-653.8695599951956,Loss Making,0,Medium,Low Value - Low/Medium Risk
C00490,Priya Sharma,Mass Affluent,Chennai,Tamil Nadu,36096.0,Medium,14,55625.94,238.96,282.12,-43.16,1,257352.64,136.74,1640.88,5.0,1590.8400000000001,0.0,0.0,0.0,0.0,0.0,0.0,0.0,0.0,0.0,0,5,0,Low,0.0,0.0,,238.96,3513.84,-3274.88,-1370.4720455306328,Loss Making,1,Low,High Value - Low/Medium Risk
C00491,Geetha Sharma,Retail,Kochi,Kerala,22388.0,Low,46,387186.64,869.29,737.05,132.24,3,520701.51,370.38,4444.5599999999995,1.0,474.38,1.0,408632.07,331984.03,52785.460770000005,0.0,144431.9,14.0,13.0,10.0,0,30,0,Medium,35.0,35.0,Medium,53654.750770000006,5655.99,47998.76077000001,89.4585476237783,High Profit,1,Medium,High Value - Low/Medium Risk
C00492,Rahul Gupta,Sme Owner,Bengaluru,Karnataka,58624.0,Low,46,400959.75,860.75,855.99,4.759999999999991,2,104976.13,278.61,3343.32,3.0,1138.62,1.0,830729.69,135545.69,17946.249356,0.0,460305.38,20.0,17.0,10.0,0,35,0,Medium,30.0,30.0,Medium,18806.999356,5337.93,13469.069356,71.61732236515954,Medium Profit,1,Medium,High Value - Low/Medium Risk
C00493,Karthik Singh,Student,Mumbai,Maharashtra,83267.0,High,57,426439.33,926.5,946.38,-19.879999999999995,3,1540927.0299999998,452.77,5433.24,1.0,432.59,1.0,1523098.2,0.0,0.0,0.0,975479.28,24.0,24.0,10.0,0,30,0,Medium,60.0,60.0,High,926.5,6812.21,-5885.71,-635.2628170534268,Loss Making,1,High,High Value - High Risk
C00494,Meena Verma,Retail,Mumbai,Maharashtra,62227.0,Low,57,577254.05,950.25,882.84,67.40999999999997,3,834570.97,267.05,3204.6000000000004,1.0,188.9,1.0,587393.99,0.0,0.0,0.0,103271.07,5.0,4.0,10.0,0,25,0,Medium,35.0,35.0,Medium,950.25,4276.34,-3326.09,-350.0226256248356,Loss Making,1,Medium,High Value - Low/Medium Risk
C00495,Rohit Reddy,Mass Affluent,Madurai,Tamil Nadu,61295.0,Low,16,93195.0,251.20999999999998,279.25,-28.04000000000002,1,90691.17,21.88,262.56,2.0,161.56,1.0,207592.94,0.0,0.0,0.0,124141.41,24.0,22.0,10.0,0,5,0,Low,35.0,35.0,Medium,251.20999999999998,703.3699999999999,-452.1599999999999,-179.99283468014806,Loss Making,0,Medium,Low Value - Low/Medium Risk
C00496,Anitha Iyer,Mass Affluent,Chennai,Tamil Nadu,25511.0,Low,14,117656.12,318.02,180.37,137.64999999999998,1,325342.9,117.93,1415.16,2.0,495.74,1.0,144492.58,132506.26,18034.101986,0.0,111883.36,24.0,22.0,10.0,0,35,0,Medium,25.0,25.0,Medium,18352.121986000002,2091.2700000000004,16260.851986000001,88.60475098413505,Medium Profit,1,Medium,High Value - Low/Medium Risk
C00497,Sanjay Reddy,Retail,Delhi,Delhi,53411.0,Low,22,110263.42,353.77,289.87,63.89999999999998,2,90533.26000000001,217.42000000000002,2609.04,1.0,157.49,0.0,0.0,0.0,0.0,0.0,0.0,0.0,0.0,0.0,1,45,0,High,0.0,0.0,,353.77,3056.3999999999996,-2702.6299999999997,-763.9511547050342,Loss Making,0,High,Low Value - High Risk
C00498,Sanjay Gupta,Premium,Pune,Maharashtra,92800.0,Medium,33,309039.45,535.39,470.82,64.57,2,159373.71,74.09,889.08,3.0,940.03,1.0,1771697.51,1669257.79,296960.960841,0.0,1512439.43,24.0,22.0,10.0,0,25,0,Medium,45.0,45.0,Medium,297496.35084100004,2299.9300000000003,295196.42084100004,99.22690480286623,High Profit,1,Medium,High Value - Low/Medium Risk
C00499,Suresh Iyer,Student,Delhi,Delhi,41310.0,Low,53,368480.64,855.4300000000001,870.82,-15.389999999999986,3,756013.3900000001,135.18,1622.16,4.0,2034.1100000000001,0.0,0.0,0.0,0.0,0.0,0.0,0.0,0.0,0.0,0,35,0,Medium,0.0,0.0,,855.4300000000001,4527.09,-3671.66,-429.21805407806596,Loss Making,1,Medium,High Value - Low/Medium Risk
C00500,Ajay Nair,Premium,Madurai,Tamil Nadu,84625.0,Low,34,259943.5,687.17,607.71,79.45999999999992,2,388906.98,284.83000000000004,3417.9600000000005,4.0,993.02,0.0,0.0,0.0,0.0,0.0,0.0,0.0,0.0,0.0,0,20,0,Medium,0.0,0.0,,687.17,5018.6900000000005,-4331.52,-630.3418368089411,Loss Making,1,Medium,High Value - Low/Medium Risk
C00501,Naveen Nair,Sme Owner,Pune,Maharashtra,46868.0,Low,9,39775.380000000005,190.97,149.53,41.44,1,31445.5,82.31,987.72,3.0,1644.47,1.0,305201.18,0.0,0.0,0.0,200432.77,24.0,21.0,10.0,0,0,0,Low,30.0,30.0,Medium,190.97,2781.7200000000003,-2590.7500000000005,-1356.6266952924545,Loss Making,0,Medium,Low Value - Low/Medium Risk
C00502,Naveen Gupta,Retail,Pune,Maharashtra,87529.0,Medium,71,584582.46,1279.78,1273.31,6.470000000000027,3,958202.46,243.66,2923.92,1.0,90.09,1.0,274845.94,71447.83,8616.608298000001,0.0,204012.88,24.0,24.0,10.0,0,35,0,Medium,30.0,30.0,Medium,9896.388298000002,4287.32,5609.068298000002,56.677932687155774,Medium Profit,1,Medium,High Value - Low/Medium Risk
C00503,Pooja Rao,Premium,Delhi,Delhi,25420.0,Low,18,102395.34,357.15999999999997,285.17,71.98999999999995,1,32775.85,65.02,780.24,1.0,131.07,1.0,451724.62,379916.64,69866.670096,1.0,253608.32,17.0,15.0,57.0,0,35,0,Medium,80.0,80.0,Critical,70223.830096,1196.48,69027.35009600001,98.29619091074306,High Profit,0,Critical,Low Value - High Risk
C00504,Lakshmi Verma,Sme Owner,Kochi,Kerala,48796.0,Low,20,120067.55,351.03,373.93,-22.900000000000034,1,261606.16,114.1,1369.1999999999998,3.0,1315.02,1.0,150070.45,66188.56,8856.029328,0.0,169277.84,12.0,11.0,10.0,0,30,0,Medium,30.0,30.0,Medium,9207.059328000001,3058.1499999999996,6148.909328000002,66.7847258168553,Medium Profit,1,Medium,High Value - Low/Medium Risk
C00505,Meena Patel,Retail,Delhi,Delhi,74774.0,Low,23,142092.61,400.11,309.02,91.09000000000003,1,97015.86,37.74,452.88,2.0,528.9300000000001,1.0,1668584.82,417865.87,64602.063502000005,1.0,940225.35,18.0,16.0,54.0,0,5,0,Low,70.0,70.0,Critical,65002.173502000005,1290.83,63711.343502,98.01417409533192,High Profit,0,Critical,Low Value - High Risk
C00506,Karthik Kumar,Retail,Hyderabad,Telangana,24148.0,Low,21,110552.59,435.69,348.41,87.27999999999997,1,420414.06,20.86,250.32,5.0,2711.33,1.0,1847184.5,844459.03,128864.447978,0.0,1488372.92,24.0,21.0,9.0,0,20,0,Medium,35.0,35.0,Medium,129300.137978,3310.06,125990.077978,97.44001819969968,High Profit,1,Medium,High Value - Low/Medium Risk
C00507,Naveen Kumar,Mass Affluent,Bengaluru,Karnataka,46727.0,Low,48,429197.82,719.09,798.62,-79.52999999999997,3,198259.44999999998,332.41999999999996,3989.0399999999995,1.0,609.68,1.0,813008.76,276460.8,44952.52608,0.0,945426.27,12.0,10.0,7.0,1,45,0,High,35.0,35.0,Medium,45671.61608,5397.34,40274.276079999996,88.18228811841071,High Profit,1,High,High Value - High Risk
C00508,Karthik Verma,Student,Pune,Maharashtra,64189.0,Low,16,121328.24,295.74,238.0,57.74000000000001,1,48161.09,161.12,1933.44,0.0,0.0,1.0,117711.26,100798.77,15906.045906,0.0,137006.63,12.0,11.0,10.0,0,35,0,Medium,45.0,45.0,Medium,16201.785906,2171.44,14030.345905999999,86.59752688624374,Medium Profit,0,Medium,Low Value - Low/Medium Risk
C00509,Geetha Kumar,Retail,Pune,Maharashtra,85406.0,High,25,176158.78,319.73,404.93,-85.19999999999999,1,45400.99,161.32,1935.84,1.0,475.16,1.0,715988.58,190221.17,31938.134443000003,1.0,137740.3,6.0,6.0,59.0,0,30,0,Medium,70.0,70.0,Critical,32257.864443000002,2815.93,29441.934443000002,91.27056285770009,Medium Profit,0,Critical,Low Value - High Risk
C00510,Meena Patel,Sme Owner,Kochi,Kerala,18792.0,Low,54,373081.6,1139.74,979.45,160.28999999999996,3,248850.02999999997,180.99,2171.88,2.0,642.68,1.0,146344.71,42843.63,5766.752597999999,0.0,136140.27,24.0,24.0,10.0,0,20,0,Medium,25.0,25.0,Medium,6906.492597999999,3794.0099999999998,3112.482597999999,45.066038279709744,Medium Profit,1,Medium,High Value - Low/Medium Risk
C00511,Pooja Reddy,Retail,Bengaluru,Karnataka,53510.0,Medium,48,345882.37,874.4,690.22,184.17999999999995,2,294410.74,216.3,2595.6000000000004,2.0,813.97,1.0,261353.81,78281.16,13495.671984,0.0,193545.21,24.0,23.0,10.0,0,30,0,Medium,40.0,40.0,Medium,14370.071984,4099.790000000001,10270.281984,71.46994110701178,Medium Profit,1,Medium,High Value - Low/Medium Risk
C00512,Geetha Iyer,Retail,Bengaluru,Karnataka,29028.0,High,12,127540.70999999999,225.79,199.54,26.25,1,45587.15,106.56,1278.72,1.0,601.9,1.0,557444.72,379103.6,47880.78468,0.0,176296.25,10.0,8.0,10.0,0,35,0,Medium,30.0,30.0,Medium,48106.57468,2080.16,46026.41468,95.67593408211454,High Profit,0,Medium,Low Value - Low/Medium Risk
C00513,Divya Reddy,Mass Affluent,Mumbai,Maharashtra,57957.0,High,20,108437.64,364.97,349.69,15.28000000000003,1,31783.86,105.42,1265.04,1.0,209.94,1.0,867743.99,628228.91,106924.560482,1.0,364700.56,13.0,13.0,43.0,0,0,0,Low,70.0,70.0,Critical,107289.530482,1824.67,105464.860482,98.29930283802842,High Profit,0,Critical,Low Value - High Risk
C00514,Sneha Gupta,Retail,Chennai,Tamil Nadu,106189.0,Low,37,264821.91000000003,664.4300000000001,567.62,96.81000000000006,2,256815.34,187.64,2251.68,1.0,518.04,0.0,0.0,0.0,0.0,0.0,0.0,0.0,0.0,0.0,0,35,0,Medium,0.0,0.0,,664.4300000000001,3337.3399999999997,-2672.91,-402.28617010068774,Loss Making,1,Medium,High Value - Low/Medium Risk
C00515,Suresh Rao,Mass Affluent,Coimbatore,Tamil Nadu,102633.0,Medium,16,94896.33,271.4,265.86,5.539999999999964,1,17131.05,30.07,360.84000000000003,0.0,0.0,1.0,425906.12,375607.05,57655.682174999994,0.0,551538.43,24.0,21.0,10.0,0,20,0,Medium,50.0,50.0,High,57927.082174999996,626.7,57300.382175,98.91812261817932,High Profit,0,High,Low Value - High Risk
C00516,Sneha Reddy,Retail,Chennai,Tamil Nadu,52323.0,Low,20,98534.91,229.92000000000002,337.03999999999996,-107.11999999999995,1,106522.33,60.79,729.48,3.0,342.20000000000005,0.0,0.0,0.0,0.0,0.0,0.0,0.0,0.0,0.0,0,20,0,Medium,0.0,0.0,,229.92000000000002,1408.72,-1178.8,-512.7000695894224,Loss Making,0,Medium,Low Value - Low/Medium Risk
C00517,Rohit Sharma,Retail,Bengaluru,Karnataka,62370.0,Low,25,204008.97,476.5,416.49,60.00999999999999,1,19268.7,38.01,456.12,9.0,3630.7,0.0,0.0,0.0,0.0,0.0,0.0,0.0,0.0,0.0,0,20,0,Medium,0.0,0.0,,476.5,4503.3099999999995,-4026.8099999999995,-845.0807974816369,Loss Making,0,Medium,Low Value - Low/Medium Risk
C00518,Rahul Iyer,Mass Affluent,Pune,Maharashtra,57023.0,High,20,131022.11,302.98,338.15999999999997,-35.17999999999995,1,54368.44,179.56,2154.7200000000003,5.0,2430.58,1.0,148999.65,0.0,0.0,0.0,140414.74,24.0,24.0,10.0,0,30,0,Medium,30.0,30.0,Medium,302.98,4923.46,-4620.48,-1525.0115519176181,Loss Making,0,Medium,Low Value - Low/Medium Risk
C00519,Rahul Sharma,Sme Owner,Coimbatore,Tamil Nadu,66990.0,High,13,51497.52,230.68,172.51,58.170000000000016,1,151186.91,72.27,867.24,5.0,1608.96,1.0,1503152.98,1233364.21,172424.316558,0.0,1718172.03,12.0,11.0,10.0,0,5,0,Low,30.0,30.0,Medium,172654.99655799998,2648.71,170006.286558,98.46589438313174,High Profit,0,Medium,Low Value - Low/Medium Risk
C00520,Suresh Patel,Student,Bengaluru,Karnataka,25781.0,Low,17,98184.59,232.21,256.24,-24.03,1,57962.36,154.38,1852.56,4.0,1384.16,0.0,0.0,0.0,0.0,0.0,0.0,0.0,0.0,0.0,0,30,0,Medium,0.0,0.0,,232.21,3492.96,-3260.75,-1404.2246242625208,Loss Making,0,Medium,Low Value - Low/Medium Risk
C00521,Sneha Singh,Premium,Chennai,Tamil Nadu,60857.0,Low,15,88391.99,312.17,205.38,106.79000000000002,1,387152.49,72.78,873.36,1.0,453.49,1.0,108131.62,34867.59,5624.142266999999,0.0,77638.7,24.0,22.0,9.0,0,5,0,Low,35.0,35.0,Medium,5936.312266999999,1532.23,4404.082267,74.18885781131029,Medium Profit,1,Medium,High Value - Low/Medium Risk
C00522,Karthik Rao,Mass Affluent,Delhi,Delhi,317056.0,Low,12,117999.4,174.02,228.5,-54.47999999999999,1,184493.54,108.53,1302.3600000000001,3.0,438.58,0.0,0.0,0.0,0.0,0.0,0.0,0.0,0.0,0.0,0,25,0,Medium,0.0,0.0,,174.02,1969.44,-1795.42,-1031.73198482933,Loss Making,0,Medium,Low Value - Low/Medium Risk
C00523,Ajay Iyer,Retail,Hyderabad,Telangana,82280.0,Medium,13,81663.84,284.24,243.0,41.24000000000001,1,318203.45,27.56,330.71999999999997,1.0,404.9,0.0,0.0,0.0,0.0,0.0,0.0,0.0,0.0,0.0,0,25,0,Medium,0.0,0.0,,284.24,978.62,-694.38,-244.29355474247112,Loss Making,1,Medium,High Value - Low/Medium Risk
C00524,Suresh Verma,Retail,Mumbai,Maharashtra,63079.0,Low,27,218432.51,458.27,457.65,0.6200000000000045,1,178494.2,81.98,983.76,3.0,663.0,1.0,1965052.33,0.0,0.0,0.0,2123360.07,11.0,9.0,10.0,1,45,0,High,65.0,65.0,High,458.27,2104.41,-1646.1399999999999,-359.20745412093305,Loss Making,0,High,Low Value - High Risk
C00525,Divya Rao,Student,Kochi,Kerala,37239.0,Low,18,93065.21,269.7,325.45,-55.75,1,223203.46,100.42,1205.04,2.0,1327.89,1.0,1828798.13,1331857.29,182864.005917,0.0,1417005.93,24.0,21.0,10.0,0,5,0,Low,30.0,30.0,Medium,183133.705917,2858.38,180275.325917,98.43918410011564,High Profit,0,Medium,Low Value - Low/Medium Risk
C00526,Arun Kumar,Retail,Hyderabad,Telangana,100007.0,Medium,23,175620.2,394.83,379.07,15.759999999999991,1,78329.42,25.0,300.0,3.0,688.27,0.0,0.0,0.0,0.0,0.0,0.0,0.0,0.0,0.0,0,20,0,Medium,0.0,0.0,,394.83,1367.34,-972.51,-246.3110705873414,Loss Making,0,Medium,Low Value - Low/Medium Risk
C00527,Kavya Nair,Senior Citizen,Bengaluru,Karnataka,95622.0,Medium,34,214909.99,556.45,538.4,18.050000000000068,2,28903.07,144.33,1731.96,1.0,612.84,1.0,163523.63,143983.82,23584.549716,0.0,68979.26,14.0,13.0,10.0,0,25,0,Medium,35.0,35.0,Medium,24140.999716000002,2883.2000000000003,21257.799716,88.0568326336167,Medium Profit,0,Medium,Low Value - Low/Medium Risk
C00528,Meena Iyer,Retail,Kochi,Kerala,13587.0,Low,37,413631.68,589.6,572.17,17.430000000000064,2,373017.17,233.23000000000002,2798.76,0.0,0.0,0.0,0.0,0.0,0.0,0.0,0.0,0.0,0.0,0.0,0,30,0,Medium,0.0,0.0,,589.6,3370.9300000000003,-2781.3300000000004,-471.7316824966079,Loss Making,1,Medium,High Value - Low/Medium Risk
C00529,Pooja Iyer,Retail,Hyderabad,Telangana,128276.0,Medium,17,219135.32,279.29,239.38,39.910000000000025,1,15673.38,116.13,1393.56,1.0,205.8,1.0,153366.83,99405.85,14135.51187,1.0,42841.99,12.0,11.0,55.0,0,30,0,Medium,70.0,70.0,Critical,14414.801870000001,1838.74,12576.061870000001,87.24408412559056,Medium Profit,0,Critical,Low Value - High Risk
C00530,Rahul Iyer,Retail,Hyderabad,Telangana,66945.0,Medium,17,98792.94,222.06,288.02,-65.95999999999998,1,263202.46,36.26,435.12,3.0,1211.69,1.0,2045283.81,758289.8,116928.28716,0.0,2668049.09,24.0,24.0,10.0,0,35,0,Medium,45.0,45.0,Medium,117150.34716,1934.83,115215.51716,98.34842145422115,High Profit,1,Medium,High Value - Low/Medium Risk
C00531,Vishal Reddy,Mass Affluent,Madurai,Tamil Nadu,35290.0,Medium,43,328727.38,923.75,758.82,164.92999999999995,2,122483.54000000001,287.49,3449.88,2.0,1563.62,1.0,96684.82,18483.92,2724.529808,0.0,94041.56,18.0,17.0,10.0,0,30,0,Medium,30.0,30.0,Medium,3648.279808,5772.32,-2124.040192,-58.22032036419944,Loss Making,1,Medium,High Value - Low/Medium Risk
C00532,Naveen Singh,Sme Owner,Mumbai,Maharashtra,34596.0,Medium,13,94043.18,224.19,250.23000000000002,-26.04000000000002,1,16298.28,42.39,508.68,1.0,579.61,1.0,2106138.7,672244.16,114819.30252799999,0.0,1756270.17,24.0,24.0,10.0,0,5,0,Low,35.0,35.0,Medium,115043.49252799999,1338.52,113704.97252799998,98.83650959251413,High Profit,0,Medium,Low Value - Low/Medium Risk
C00533,Anitha Kumar,Retail,Bengaluru,Karnataka,35553.0,Low,36,350782.98,611.11,616.95,-5.840000000000032,2,113749.54000000001,235.76,2829.12,1.0,451.05,0.0,0.0,0.0,0.0,0.0,0.0,0.0,0.0,0.0,0,25,0,Medium,0.0,0.0,,611.11,3897.12,-3286.0099999999998,-537.7117049303725,Loss Making,1,Medium,High Value - Low/Medium Risk
C00534,Meena Singh,Student,Madurai,Tamil Nadu,79672.0,Medium,20,139805.2,365.57,288.04,77.52999999999997,1,63832.29,37.94,455.28,2.0,802.99,1.0,334098.96,126203.4,17643.23532,0.0,262478.1,24.0,22.0,10.0,0,20,0,Medium,25.0,25.0,Medium,18008.80532,1546.31,16462.495319999998,91.41358922747241,Medium Profit,0,Medium,Low Value - Low/Medium Risk
C00535,Anitha Kumar,Senior Citizen,Bengaluru,Karnataka,34767.0,Medium,34,370481.54,603.42,543.66,59.75999999999999,2,375373.93999999994,242.99,2915.88,3.0,1177.6399999999999,0.0,0.0,0.0,0.0,0.0,0.0,0.0,0.0,0.0,2,40,0,High,0.0,0.0,,603.42,4637.18,-4033.76,-668.4829803453648,Loss Making,1,High,High Value - High Risk
C00536,Sneha Iyer,Senior Citizen,Coimbatore,Tamil Nadu,31202.0,Medium,30,237566.78999999998,485.51,480.9,4.610000000000014,2,172694.86,151.51,1818.12,6.0,2561.73,1.0,148527.83,132157.03,22479.910803000002,1.0,71089.71,20.0,17.0,52.0,0,30,0,Medium,70.0,70.0,Critical,22965.420803,4860.75,18104.670803,78.83448319237837,Medium Profit,0,Critical,Low Value - High Risk
C00537,Sanjay Reddy,Retail,Coimbatore,Tamil Nadu,33973.0,Low,38,382886.64,629.8,622.62,7.17999999999995,2,129695.53,186.70999999999998,2240.5199999999995,3.0,1201.02,1.0,478270.14,162847.55,29475.40655,1.0,458031.63,18.0,18.0,52.0,2,45,0,High,85.0,85.0,Critical,30105.20655,4064.1599999999994,26041.04655,86.50014244795142,Medium Profit,1,Critical,High Value - High Risk
C00538,Meena Sharma,Sme Owner,Pune,Maharashtra,38796.0,High,22,299759.09,439.87,324.23,115.63999999999999,1,110608.62,55.92,671.04,3.0,1071.72,1.0,1480790.46,985429.88,171267.71314399998,0.0,927247.86,20.0,20.0,10.0,0,30,0,Medium,35.0,35.0,Medium,171707.58314399997,2066.99,169640.59314399998,98.79621507556452,High Profit,1,Medium,High Value - Low/Medium Risk
C00539,Meena Rao,Senior Citizen,Madurai,Tamil Nadu,26799.0,Low,38,267409.44,710.4,697.33,13.069999999999936,2,200712.74,203.19,2438.2799999999997,0.0,0.0,0.0,0.0,0.0,0.0,0.0,0.0,0.0,0.0,0.0,0,30,0,Medium,0.0,0.0,,710.4,3135.6099999999997,-2425.2099999999996,-341.38654279279274,Loss Making,0,Medium,Low Value - Low/Medium Risk
C00540,Naveen Verma,Student,Hyderabad,Telangana,35550.0,Medium,21,158790.82,334.37,282.01,52.360000000000014,1,130467.79,126.17,1514.04,1.0,356.78,0.0,0.0,0.0,0.0,0.0,0.0,0.0,0.0,0.0,0,25,0,Medium,0.0,0.0,,334.37,2152.83,-1818.46,-543.8466369590574,Loss Making,0,Medium,Low Value - Low/Medium Risk
C00541,Sneha Sharma,Premium,Madurai,Tamil Nadu,46347.0,Low,17,199881.31,179.98,256.46,-76.47999999999999,1,41538.54,119.08,1428.96,5.0,2428.73,1.0,560408.24,524777.11,64809.973085,0.0,298652.12,24.0,19.0,10.0,0,20,0,Medium,25.0,25.0,Medium,64989.953085,4114.15,60875.803085,93.66955997857218,High Profit,0,Medium,Low Value - Low/Medium Risk
C00542,Suresh Singh,Retail,Mumbai,Maharashtra,37766.0,Low,56,414690.17,1027.15,832.68,194.47000000000014,3,304023.3,457.83,5493.96,2.0,482.38,0.0,0.0,0.0,0.0,0.0,0.0,0.0,0.0,0.0,0,35,0,Medium,0.0,0.0,,1027.15,6809.02,-5781.870000000001,-562.9041522659787,Loss Making,1,Medium,High Value - Low/Medium Risk
C00543,Kavya Reddy,Premium,Kochi,Kerala,105299.0,High,24,227295.16,367.53,355.06,12.46999999999997,1,304108.62,168.2,2018.3999999999999,1.0,687.15,0.0,0.0,0.0,0.0,0.0,0.0,0.0,0.0,0.0,0,25,0,Medium,0.0,0.0,,367.53,3060.61,-2693.08,-732.7510679400322,Loss Making,1,Medium,High Value - Low/Medium Risk
C00544,Vijay Sharma,Retail,Madurai,Tamil Nadu,54285.0,Low,30,197771.86,513.28,489.76,23.519999999999982,2,70391.79999999999,153.0,1836.0,2.0,502.68,1.0,265795.24,46251.11,6576.907842,0.0,151175.81,24.0,23.0,10.0,0,30,0,Medium,25.0,25.0,Medium,7090.187841999999,2828.44,4261.747841999999,60.10768595938701,Medium Profit,0,Medium,Low Value - Low/Medium Risk
C00545,Karthik Patel,Sme Owner,Chennai,Tamil Nadu,63685.0,Low,12,146121.53,183.55,174.66,8.890000000000015,1,119830.53,64.02,768.24,2.0,731.86,1.0,1249091.23,479495.66,61279.54534799999,1.0,855057.73,20.0,20.0,44.0,0,25,0,Medium,70.0,70.0,Critical,61463.095347999995,1674.76,59788.33534799999,97.2751779087636,High Profit,0,Critical,Low Value - High Risk
C00546,Vishal Patel,Retail,Madurai,Tamil Nadu,54780.0,Medium,33,266679.18,581.67,526.43,55.24000000000001,2,701792.4400000001,266.97,3203.6400000000003,2.0,610.87,1.0,164524.61,112843.04,14556.75216,0.0,77045.74,5.0,4.0,8.0,0,25,0,Medium,30.0,30.0,Medium,15138.42216,4340.9400000000005,10797.48216,71.325016873489,Medium Profit,1,Medium,High Value - Low/Medium Risk
C00547,Priya Gupta,Mass Affluent,Bengaluru,Karnataka,99944.0,Low,10,83756.03,221.68,156.14000000000001,65.53999999999999,1,44494.98,173.79,2085.48,3.0,1111.48,1.0,2053035.75,0.0,0.0,0.0,833781.25,12.0,11.0,10.0,0,30,0,Medium,35.0,35.0,Medium,221.68,3353.1,-3131.42,-1412.5857091302778,Loss Making,0,Medium,Low Value - Low/Medium Risk
C00548,Divya Patel,Retail,Mumbai,Maharashtra,54273.0,Medium,25,141598.76,479.75,384.83,94.92000000000002,1,29501.1,39.5,474.0,0.0,0.0,1.0,431346.41,136889.63,25954.273848000004,1.0,237584.35,18.0,18.0,55.0,0,25,0,Medium,80.0,80.0,Critical,26434.023848000004,858.8299999999999,25575.193848000003,96.75104325796778,Medium Profit,0,Critical,Low Value - High Risk
C00549,Deepa Sharma,Mass Affluent,Chennai,Tamil Nadu,63142.0,Medium,21,206993.21,379.21,407.96,-28.75,1,457485.78,69.18,830.1600000000001,4.0,1615.57,1.0,1617736.53,787496.54,130409.427024,0.0,1615504.07,24.0,23.0,10.0,0,20,0,Medium,40.0,40.0,Medium,130788.63702400001,2853.69,127934.94702400001,97.81809026767642,High Profit,1,Medium,High Value - Low/Medium Risk
C00550,Priya Kumar,Retail,Chennai,Tamil Nadu,31643.0,Medium,36,271186.82,680.85,520.27,160.58000000000004,2,191626.91999999998,79.72999999999999,956.7599999999999,4.0,1700.1599999999999,0.0,0.0,0.0,0.0,0.0,0.0,0.0,0.0,0.0,0,25,0,Medium,0.0,0.0,,680.85,3177.1899999999996,-2496.3399999999997,-366.6505103914224,Loss Making,0,Medium,Low Value - Low/Medium Risk
C00551,Meena Gupta,Mass Affluent,Pune,Maharashtra,67325.0,Low,28,235080.66999999998,457.43,416.01,41.420000000000016,2,250894.82,87.9,1054.8000000000002,3.0,1525.3000000000002,1.0,276640.04,232275.33,33656.695317,0.0,357501.26,24.0,23.0,10.0,0,35,0,Medium,25.0,25.0,Medium,34114.125317,2996.1100000000006,31118.015316999998,91.2173917045824,High Profit,1,Medium,High Value - Low/Medium Risk
C00552,Meena Iyer,Mass Affluent,Chennai,Tamil Nadu,41988.0,Medium,31,190579.26,497.04,531.18,-34.13999999999993,2,499873.47000000003,244.17000000000002,2930.04,3.0,1543.3400000000001,1.0,1602868.34,1477665.78,271003.904052,0.0,2198470.65,24.0,22.0,10.0,0,35,0,Medium,40.0,40.0,Medium,271500.944052,5004.5599999999995,266496.384052,98.1567062252861,High Profit,1,Medium,High Value - Low/Medium Risk
C00553,Kavya Verma,Retail,Pune,Maharashtra,45678.0,Medium,17,177609.62,314.72999999999996,283.16,31.569999999999936,1,131519.42,67.2,806.4000000000001,1.0,557.79,1.0,227748.23,214459.4,39460.5296,1.0,142715.49,19.0,16.0,59.0,0,25,0,Medium,75.0,75.0,Critical,39775.259600000005,1647.3500000000001,38127.909600000006,95.85835512686384,High Profit,0,Critical,Low Value - High Risk
C00554,Kavya Rao,Retail,Pune,Maharashtra,43759.0,Medium,18,111803.43,306.58,233.37,73.20999999999998,1,170821.03,121.54,1458.48,2.0,859.4000000000001,0.0,0.0,0.0,0.0,0.0,0.0,0.0,0.0,0.0,0,20,0,Medium,0.0,0.0,,306.58,2551.25,-2244.67,-732.1645247569967,Loss Making,0,Medium,Low Value - Low/Medium Risk
C00555,Sanjay Reddy,Retail,Chennai,Tamil Nadu,48809.0,Medium,17,74283.13,308.78000000000003,257.03,51.75000000000006,1,11487.42,174.13,2089.56,2.0,831.29,1.0,230303.71,0.0,0.0,0.0,139649.06,24.0,22.0,10.0,0,25,0,Medium,40.0,40.0,Medium,308.78000000000003,3177.88,-2869.1,-929.1728738907959,Loss Making,0,Medium,Low Value - Low/Medium Risk
C00556,Rahul Reddy,Senior Citizen,Kochi,Kerala,49499.0,Medium,23,230955.53,348.19,354.28,-6.089999999999975,1,29559.51,62.13,745.5600000000001,2.0,774.78,0.0,0.0,0.0,0.0,0.0,0.0,0.0,0.0,0.0,0,20,0,Medium,0.0,0.0,,348.19,1874.6200000000001,-1526.43,-438.389959504868,Loss Making,0,Medium,Low Value - Low/Medium Risk
C00557,Deepa Iyer,Mass Affluent,Kolkata,West Bengal,57482.0,Medium,22,152910.88,413.05,365.13,47.920000000000016,1,43132.64,112.06,1344.72,2.0,499.07,0.0,0.0,0.0,0.0,0.0,0.0,0.0,0.0,0.0,0,35,0,Medium,0.0,0.0,,413.05,2208.92,-1795.8700000000001,-434.782713957148,Loss Making,0,Medium,Low Value - Low/Medium Risk
C00558,Kavya Nair,Retail,Madurai,Tamil Nadu,59584.0,Medium,21,121982.18,275.76,347.73,-71.97000000000003,1,445086.32,111.15,1333.8000000000002,1.0,379.41,0.0,0.0,0.0,0.0,0.0,0.0,0.0,0.0,0.0,1,45,0,High,0.0,0.0,,275.76,2060.94,-1785.18,-647.3672758920801,Loss Making,1,High,High Value - High Risk
C00559,Sanjay Iyer,Retail,Mumbai,Maharashtra,70612.0,Low,15,97724.19,262.3,205.37,56.93000000000001,1,76356.65,37.9,454.79999999999995,3.0,755.27,1.0,205557.59,0.0,0.0,0.0,192870.36,10.0,10.0,10.0,0,5,0,Low,30.0,30.0,Medium,262.3,1415.44,-1153.14,-439.6263820053374,Loss Making,0,Medium,Low Value - Low/Medium Risk
C00560,Sanjay Gupta,Premium,Hyderabad,Telangana,69278.0,Low,34,287762.74,601.47,495.98,105.49000000000001,2,146293.58000000002,316.38,3796.56,2.0,1228.78,0.0,0.0,0.0,0.0,0.0,0.0,0.0,0.0,0.0,0,30,0,Medium,0.0,0.0,,601.47,5521.32,-4919.849999999999,-817.970971120754,Loss Making,1,Medium,High Value - Low/Medium Risk
C00561,Anitha Patel,Sme Owner,Coimbatore,Tamil Nadu,63515.0,Low,38,414647.14,719.94,646.43,73.5100000000001,2,82802.78,185.91,2230.92,3.0,1461.58,1.0,113621.34,76767.86,11614.977218000002,0.0,131405.45,12.0,12.0,9.0,2,40,0,High,40.0,40.0,Medium,12334.917218000002,4338.93,7995.987218000002,64.82400389628623,Medium Profit,1,High,High Value - High Risk
C00562,Vijay Rao,Sme Owner,Chennai,Tamil Nadu,94880.0,Medium,45,309109.62,606.1,749.2,-143.10000000000002,2,102312.51000000001,205.94,2471.2799999999997,1.0,922.99,1.0,94766.14,67360.44,9383.309292,0.0,64275.52,24.0,22.0,10.0,3,70,2,Critical,15.0,15.0,Low,9989.409292,4143.469999999999,5845.939292000001,58.521371195409024,Medium Profit,1,Critical,High Value - High Risk
C00563,Karthik Gupta,Retail,Mumbai,Maharashtra,62083.0,Low,35,290457.15,645.26,582.48,62.77999999999997,2,202437.25,110.01,1320.1200000000001,0.0,0.0,0.0,0.0,0.0,0.0,0.0,0.0,0.0,0.0,0.0,0,35,0,Medium,0.0,0.0,,645.26,1902.6000000000001,-1257.3400000000001,-194.8578867433283,Loss Making,1,Medium,High Value - Low/Medium Risk
C00564,Geetha Singh,Retail,Pune,Maharashtra,174202.0,High,31,210084.21,626.78,496.55,130.22999999999996,2,115295.61,331.25,3975.0,1.0,382.47,1.0,337223.15,0.0,0.0,0.0,332979.16,24.0,24.0,10.0,1,45,0,High,40.0,40.0,Medium,626.78,4854.02,-4227.240000000001,-674.4376017103291,Loss Making,0,High,Low Value - High Risk
C00565,Meena Sharma,Mass Affluent,Hyderabad,Telangana,61097.0,Low,19,137580.29,355.88,347.16,8.71999999999997,1,547551.88,87.07,1044.84,4.0,1555.16,1.0,622814.56,321604.09,47404.442866000005,0.0,148235.75,6.0,6.0,8.0,0,25,0,Medium,25.0,25.0,Medium,47760.322866,2947.16,44813.162866,93.82927119594903,High Profit,1,Medium,High Value - Low/Medium Risk
C00566,Lakshmi Reddy,Retail,Mumbai,Maharashtra,45922.0,Low,18,104668.29000000001,364.43,279.43,85.0,1,59633.66,28.04,336.48,2.0,824.87,1.0,91336.74,26824.89,3278.001558,0.0,114093.83,24.0,21.0,10.0,0,25,0,Medium,30.0,30.0,Medium,3642.4315579999998,1440.7800000000002,2201.6515579999996,60.444555318120806,Medium Profit,0,Medium,Low Value - Low/Medium Risk
C00567,Lakshmi Reddy,Retail,Kolkata,West Bengal,27608.0,Medium,29,285334.08,443.08,444.94,-1.8600000000000136,1,21776.55,135.43,1625.16,2.0,674.19,0.0,0.0,0.0,0.0,0.0,0.0,0.0,0.0,0.0,0,30,0,Medium,0.0,0.0,,443.08,2744.29,-2301.21,-519.3667057867655,Loss Making,1,Medium,High Value - Low/Medium Risk
C00568,Arun Gupta,Retail,Hyderabad,Telangana,14121.0,Low,19,110599.73000000001,408.69,259.96,148.73000000000002,1,17668.72,29.59,355.08,1.0,226.81,1.0,1248690.11,500987.88,79506.776556,1.0,981489.88,20.0,19.0,55.0,0,0,0,Low,70.0,70.0,Critical,79915.466556,841.8499999999999,79073.616556,98.94657437880302,High Profit,0,Critical,Low Value - High Risk
C00569,Priya Reddy,Senior Citizen,Bengaluru,Karnataka,52502.0,Low,14,170741.71,285.23,217.5,67.73000000000002,1,34416.33,124.7,1496.4,2.0,950.65,0.0,0.0,0.0,0.0,0.0,0.0,0.0,0.0,0.0,0,30,0,Medium,0.0,0.0,,285.23,2664.55,-2379.32,-834.1759281982961,Loss Making,0,Medium,Low Value - Low/Medium Risk
C00570,Divya Reddy,Retail,Bengaluru,Karnataka,88726.0,Medium,17,177991.08000000002,258.06,314.89,-56.829999999999984,1,132438.35,124.81,1497.72,0.0,0.0,0.0,0.0,0.0,0.0,0.0,0.0,0.0,0.0,0.0,0,30,0,Medium,0.0,0.0,,258.06,1812.6100000000001,-1554.5500000000002,-602.3986669766722,Loss Making,0,Medium,Low Value - Low/Medium Risk
C00571,Divya Patel,Retail,Mumbai,Maharashtra,65609.0,Low,19,277917.89,286.01,348.79,-62.78000000000003,1,529309.26,37.75,453.0,3.0,1681.3600000000001,0.0,0.0,0.0,0.0,0.0,0.0,0.0,0.0,0.0,0,30,0,Medium,0.0,0.0,,286.01,2483.15,-2197.1400000000003,-768.2039089542325,Loss Making,1,Medium,High Value - Low/Medium Risk
C00572,Pooja Iyer,Sme Owner,Madurai,Tamil Nadu,26704.0,Low,19,156586.53,324.2,303.72,20.47999999999996,1,76007.11,152.01,1824.12,3.0,1523.73,1.0,129645.8,34401.43,6044.331251,0.0,131689.0,24.0,22.0,10.0,0,35,0,Medium,40.0,40.0,Medium,6368.531250999999,3651.57,2716.9612509999993,42.66228968529246,Medium Profit,0,Medium,Low Value - Low/Medium Risk
C00573,Divya Gupta,Sme Owner,Kolkata,West Bengal,198324.0,Low,30,142491.16,526.04,487.57,38.46999999999997,2,206475.57,134.48,1613.7599999999998,2.0,1348.07,1.0,897667.32,306000.81,38005.300602,0.0,1120633.59,24.0,21.0,10.0,0,35,0,Medium,30.0,30.0,Medium,38531.340602000004,3449.3999999999996,35081.940602,91.04780693817605,High Profit,0,Medium,Low Value - Low/Medium Risk
C00574,Ajay Verma,Retail,Kochi,Kerala,58655.0,Medium,11,44489.200000000004,229.86,189.31,40.55000000000001,1,56548.99,32.62,391.43999999999994,2.0,1359.8600000000001,0.0,0.0,0.0,0.0,0.0,0.0,0.0,0.0,0.0,0,0,0,Low,0.0,0.0,,229.86,1940.6100000000001,-1710.75,-744.2573740537719,Loss Making,0,Low,Low Value - Low/Medium Risk
C00575,Kavya Singh,Retail,Delhi,Delhi,37033.0,Medium,15,86118.55,271.46999999999997,241.49,29.97999999999996,1,128908.87,113.5,1362.0,1.0,321.52,1.0,154240.08,0.0,0.0,0.0,113680.43,24.0,24.0,10.0,0,35,0,Medium,25.0,25.0,Medium,271.46999999999997,1925.01,-1653.54,-609.105978561167,Loss Making,0,Medium,Low Value - Low/Medium Risk
C00576,Anitha Nair,Mass Affluent,Mumbai,Maharashtra,34908.0,Low,19,128840.91,317.14,320.26,-3.1200000000000045,1,129645.77,47.32,567.84,3.0,979.4,1.0,83291.64,51740.0,8252.53,0.0,13617.36,4.0,4.0,10.0,1,40,0,High,40.0,40.0,Medium,8569.67,1867.5,6702.17,78.2080290139527,Medium Profit,0,High,Low Value - High Risk
C00577,Arun Patel,Sme Owner,Pune,Maharashtra,101732.0,Medium,21,151464.21,443.71,372.73,70.97999999999996,1,33021.89,40.3,483.59999999999997,2.0,427.22,0.0,0.0,0.0,0.0,0.0,0.0,0.0,0.0,0.0,0,35,0,Medium,0.0,0.0,,443.71,1283.55,-839.8399999999999,-189.27677987874964,Loss Making,0,Medium,Low Value - Low/Medium Risk
C00578,Meena Rao,Retail,Chennai,Tamil Nadu,52712.0,High,17,144955.93,303.59,313.85,-10.260000000000048,1,55004.81,90.13,1081.56,4.0,1866.88,0.0,0.0,0.0,0.0,0.0,0.0,0.0,0.0,0.0,0,35,0,Medium,0.0,0.0,,303.59,3262.29,-2958.7,-974.5709674231695,Loss Making,0,Medium,Low Value - Low/Medium Risk
C00579,Vijay Rao,Retail,Kolkata,West Bengal,66257.0,Low,38,325171.99,656.05,581.78,74.26999999999998,2,104540.45,243.32999999999998,2919.96,5.0,1303.8899999999999,0.0,0.0,0.0,0.0,0.0,0.0,0.0,0.0,0.0,2,40,0,High,0.0,0.0,,656.05,4805.629999999999,-4149.579999999999,-632.5097172471609,Loss Making,1,High,High Value - High Risk
C00580,Vishal Patel,Retail,Madurai,Tamil Nadu,78036.0,Low,40,274531.45,714.37,626.36,88.00999999999999,2,143946.75,69.31,831.72,0.0,0.0,1.0,856818.49,0.0,0.0,0.0,1129751.2,24.0,22.0,10.0,0,35,0,Medium,40.0,40.0,Medium,714.37,1458.08,-743.7099999999999,-104.10711536038745,Loss Making,0,Medium,Low Value - Low/Medium Risk
C00581,Vijay Iyer,Sme Owner,Hyderabad,Telangana,85989.0,Low,21,118500.67,347.81,277.33,70.48000000000002,1,44814.52,107.77,1293.24,3.0,1100.6200000000001,0.0,0.0,0.0,0.0,0.0,0.0,0.0,0.0,0.0,0,5,0,Low,0.0,0.0,,347.81,2671.19,-2323.38,-668.002645122337,Loss Making,0,Low,Low Value - Low/Medium Risk
C00582,Kavya Sharma,Retail,Madurai,Tamil Nadu,53184.0,Low,18,210045.28,260.96,313.87,-52.910000000000025,1,90683.61,39.41,472.91999999999996,3.0,732.19,1.0,611420.2,316102.97,55128.357968,0.0,239072.3,11.0,10.0,10.0,2,40,0,High,60.0,60.0,High,55389.317967999996,1518.98,53870.33796799999,97.25763007069781,High Profit,0,High,Low Value - High Risk
C00583,Naveen Iyer,Mass Affluent,Coimbatore,Tamil Nadu,33008.0,Low,25,174399.03,460.53,407.85,52.67999999999995,1,225709.35,151.26,1815.12,2.0,691.01,0.0,0.0,0.0,0.0,0.0,0.0,0.0,0.0,0.0,0,35,0,Medium,0.0,0.0,,460.53,2913.9799999999996,-2453.45,-532.7448808980956,Loss Making,0,Medium,Low Value - Low/Medium Risk
C00584,Vishal Reddy,Retail,Kochi,Kerala,58237.0,Low,25,188301.45,485.09,431.22,53.86999999999995,1,108606.93,82.11,985.3199999999999,5.0,1471.58,1.0,409410.0,0.0,0.0,0.0,275172.41,24.0,22.0,10.0,0,20,0,Medium,30.0,30.0,Medium,485.09,2888.12,-2403.0299999999997,-495.37817724545954,Loss Making,0,Medium,Low Value - Low/Medium Risk
C00585,Meena Iyer,Student,Hyderabad,Telangana,31124.0,Low,19,219196.9,337.51,300.85,36.65999999999997,1,341334.78,82.16,985.92,2.0,318.34000000000003,1.0,836301.5,644348.98,99874.0919,1.0,847182.69,21.0,18.0,51.0,0,30,0,Medium,70.0,70.0,Critical,100211.6019,1605.1100000000001,98606.4919,98.39827927149422,High Profit,1,Critical,High Value - High Risk
C00586,Kavya Patel,Premium,Hyderabad,Telangana,46479.0,Low,21,212705.7,391.25,291.9,99.35000000000002,1,92243.59,162.45,1949.3999999999999,1.0,413.06,0.0,0.0,0.0,0.0,0.0,0.0,0.0,0.0,0.0,0,20,0,Medium,0.0,0.0,,391.25,2654.3599999999997,-2263.1099999999997,-578.4306709265175,Loss Making,0,Medium,Low Value - Low/Medium Risk
C00587,Priya Reddy,Student,Chennai,Tamil Nadu,109573.0,Low,38,332716.97000000003,739.26,591.22,148.03999999999996,2,246085.65,279.88,3358.56,2.0,1050.94,0.0,0.0,0.0,0.0,0.0,0.0,0.0,0.0,0.0,1,45,0,High,0.0,0.0,,739.26,5000.719999999999,-4261.459999999999,-576.4494223953682,Loss Making,1,High,High Value - High Risk
C00588,Arun Nair,Senior Citizen,Kolkata,West Bengal,34539.0,Medium,38,202658.37,636.61,653.63,-17.019999999999982,2,1143458.3699999999,305.53,3666.3599999999997,4.0,1312.21,0.0,0.0,0.0,0.0,0.0,0.0,0.0,0.0,0.0,0,20,0,Medium,0.0,0.0,,636.61,5632.2,-4995.59,-784.7174879439532,Loss Making,1,Medium,High Value - Low/Medium Risk
C00589,Geetha Sharma,Senior Citizen,Bengaluru,Karnataka,33005.0,Low,20,88961.66,387.44,357.82,29.620000000000005,1,124527.58,102.13,1225.56,0.0,0.0,1.0,462713.46,122852.14,19189.504268,0.0,276769.51,24.0,22.0,10.0,0,5,0,Low,40.0,40.0,Medium,19576.944268,1583.3799999999999,17993.564268,91.91201661339888,Medium Profit,0,Medium,Low Value - Low/Medium Risk
C00590,Pooja Iyer,Mass Affluent,Mumbai,Maharashtra,24981.0,Low,16,55377.81,303.03999999999996,250.86,52.17999999999995,1,70055.43,99.5,1194.0,0.0,0.0,1.0,163547.58,0.0,0.0,0.0,126460.81,24.0,24.0,10.0,0,0,0,Low,70.0,70.0,Critical,303.03999999999996,1444.8600000000001,-1141.8200000000002,-376.78854276663156,Loss Making,0,Critical,Low Value - High Risk
C00591,Vishal Rao,Mass Affluent,Hyderabad,Telangana,114758.0,Medium,33,277339.07,649.77,525.33,124.43999999999994,2,547300.85,309.18,3710.16,3.0,1125.8400000000001,0.0,0.0,0.0,0.0,0.0,0.0,0.0,0.0,0.0,0,30,0,Medium,0.0,0.0,,649.77,5361.33,-4711.5599999999995,-725.1119626944918,Loss Making,1,Medium,High Value - Low/Medium Risk
C00592,Vishal Gupta,Retail,Kochi,Kerala,123535.0,Low,58,480123.31,897.81,832.62,65.18999999999994,3,1400119.49,244.16,2929.92,1.0,590.39,1.0,1740185.4,320741.1,34640.0388,0.0,835438.45,23.0,21.0,10.0,1,40,0,High,30.0,30.0,Medium,35537.8488,4352.93,31184.9188,87.75128448405127,High Profit,1,High,High Value - High Risk
C00593,Suresh Reddy,Premium,Hyderabad,Telangana,46689.0,Low,44,265255.07,687.12,773.92,-86.79999999999995,3,142375.24,325.43,3905.16,3.0,1840.9099999999999,1.0,1237370.85,234616.44,41222.108508,0.0,927951.02,24.0,21.0,10.0,0,30,0,Medium,35.0,35.0,Medium,41909.228508,6519.99,35389.238508,84.4425912093433,High Profit,0,Medium,Low Value - Low/Medium Risk
C00594,Suresh Patel,Premium,Madurai,Tamil Nadu,79685.0,High,18,112178.84,300.1,272.6,27.5,1,36437.29,152.17,1826.04,1.0,470.61,0.0,0.0,0.0,0.0,0.0,0.0,0.0,0.0,0.0,0,25,0,Medium,0.0,0.0,,300.1,2569.25,-2269.15,-756.1312895701432,Loss Making,0,Medium,Low Value - Low/Medium Risk
C00595,Meena Gupta,Retail,Chennai,Tamil Nadu,51632.0,Low,33,313424.54,563.9,492.22,71.67999999999995,2,757897.74,270.8,3249.6000000000004,3.0,897.5,1.0,175745.48,60816.51,10138.112217000002,0.0,205672.26,12.0,11.0,10.0,0,25,0,Medium,40.0,40.0,Medium,10702.012217000001,4639.320000000001,6062.692217000001,56.65002145455876,Medium Profit,1,Medium,High Value - Low/Medium Risk
C00596,Geetha Verma,Senior Citizen,Kolkata,West Bengal,25192.0,Low,47,734725.68,844.6800000000001,742.57,102.11000000000001,2,114390.16999999998,246.10000000000002,2953.2000000000003,4.0,1204.49,1.0,771070.43,317898.47,50609.436424,1.0,741850.6799999999,19.0,18.0,57.0,10,70,4,Critical,70.0,70.0,Critical,51454.116424,4900.26,46553.856424,90.47644709391152,High Profit,1,Critical,High Value - High Risk
C00597,Anitha Patel,Mass Affluent,Madurai,Tamil Nadu,37925.0,High,12,134455.75999999998,219.12,252.18,-33.06,1,222657.24,33.9,406.79999999999995,1.0,341.91,0.0,0.0,0.0,0.0,0.0,0.0,0.0,0.0,0.0,0,35,0,Medium,0.0,0.0,,219.12,1000.8900000000001,-781.7700000000001,-356.77710843373495,Loss Making,0,Medium,Low Value - Low/Medium Risk
C00598,Naveen Verma,Retail,Delhi,Delhi,84453.0,Medium,35,251316.52000000002,604.89,580.8,24.090000000000032,2,938701.8200000001,166.61,1999.3200000000002,1.0,171.72,1.0,1160512.2,472511.76,60812.26351199999,0.0,758595.38,24.0,18.0,10.0,0,25,0,Medium,25.0,25.0,Medium,61417.15351199999,2751.8399999999997,58665.31351199999,95.51942764742047,High Profit,1,Medium,High Value - Low/Medium Risk
C00599,Kavya Gupta,Premium,Coimbatore,Tamil Nadu,86396.0,Low,16,89776.33,254.79000000000002,260.29,-5.5,1,248593.95,128.35,1540.1999999999998,2.0,1768.4899999999998,0.0,0.0,0.0,0.0,0.0,0.0,0.0,0.0,0.0,0,35,0,Medium,0.0,0.0,,254.79000000000002,3568.9799999999996,-3314.1899999999996,-1300.7535617567405,Loss Making,1,Medium,High Value - Low/Medium Risk
C00600,Karthik Reddy,Sme Owner,Kolkata,West Bengal,50743.0,Medium,44,350990.12,764.07,710.03,54.04000000000008,2,135232.55,230.26,2763.12,2.0,922.9300000000001,0.0,0.0,0.0,0.0,0.0,0.0,0.0,0.0,0.0,0,20,0,Medium,0.0,0.0,,764.07,4396.08,-3632.0099999999998,-475.35042600808816,Loss Making,1,Medium,High Value - Low/Medium Risk
C00601,Anitha Nair,Mass Affluent,Pune,Maharashtra,37559.0,Low,41,305561.63,647.46,636.84,10.620000000000005,2,348827.33,146.27,1755.2400000000002,3.0,1004.67,1.0,81526.41,70939.75,11421.29975,0.0,58691.62,24.0,19.0,10.0,0,30,0,Medium,45.0,45.0,Medium,12068.759750000001,3396.7500000000005,8672.009750000001,71.85502014819708,Medium Profit,1,Medium,High Value - Low/Medium Risk
C00602,Ajay Gupta,Senior Citizen,Pune,Maharashtra,64557.0,Medium,21,159175.5,315.03,356.72,-41.690000000000055,1,122020.24,32.83,393.96,6.0,1780.58,1.0,910892.66,246792.44,34501.583112,0.0,864993.97,24.0,22.0,10.0,0,20,0,Medium,25.0,25.0,Medium,34816.613112,2531.26,32285.353111999997,92.72973510703841,High Profit,0,Medium,Low Value - Low/Medium Risk
C00603,Sanjay Sharma,Retail,Madurai,Tamil Nadu,125593.0,Low,42,363958.09,672.82,646.28,26.540000000000077,2,199813.88999999998,243.75,2925.0,1.0,414.24,1.0,177073.05,101583.15,13510.55895,0.0,165082.56,24.0,22.0,10.0,0,30,0,Medium,30.0,30.0,Medium,14183.37895,3985.5199999999995,10197.858950000002,71.90006687369798,Medium Profit,1,Medium,High Value - Low/Medium Risk
C00604,Vijay Iyer,Retail,Mumbai,Maharashtra,46347.0,Low,33,170486.13,613.69,530.81,82.88000000000011,1,12012.01,151.44,1817.28,2.0,984.3599999999999,0.0,0.0,0.0,0.0,0.0,0.0,0.0,0.0,0.0,0,30,0,Medium,0.0,0.0,,613.69,3332.45,-2718.7599999999998,-443.01846208998023,Loss Making,0,Medium,Low Value - Low/Medium Risk
C00605,Sneha Kumar,Retail,Coimbatore,Tamil Nadu,61385.0,Medium,18,158073.29,273.5,298.4,-24.899999999999977,1,34675.17,132.99,1595.88,4.0,1355.73,1.0,1142549.97,826878.42,118739.741112,1.0,546794.11,13.0,12.0,54.0,0,30,0,Medium,70.0,70.0,Critical,119013.241112,3250.01,115763.23111200001,97.26920301503132,High Profit,0,Critical,Low Value - High Risk
C00606,Geetha Verma,Senior Citizen,Bengaluru,Karnataka,55457.0,Medium,20,123695.36,287.52,386.67,-99.15000000000003,1,67582.77,37.91,454.91999999999996,3.0,933.9300000000001,1.0,1135374.92,910190.75,167839.1743,0.0,1348559.29,12.0,12.0,10.0,0,25,0,Medium,65.0,65.0,High,168126.6943,1775.52,166351.1743,98.94393926711494,High Profit,0,High,Low Value - High Risk
C00607,Anitha Patel,Mass Affluent,Coimbatore,Tamil Nadu,32939.0,Medium,19,87985.29000000001,346.76,318.2,28.560000000000002,1,1045605.25,60.21,722.52,6.0,2553.34,1.0,181098.96,112920.44,15695.941160000002,0.0,122804.88,24.0,20.0,10.0,0,25,0,Medium,25.0,25.0,Medium,16042.701160000002,3594.0600000000004,12448.641160000003,77.5969148576972,Medium Profit,1,Medium,High Value - Low/Medium Risk
C00608,Arun Nair,Retail,Madurai,Tamil Nadu,36043.0,Low,18,102178.42,363.39,250.92,112.47,1,59450.88,109.55,1314.6,3.0,1127.5,0.0,0.0,0.0,0.0,0.0,0.0,0.0,0.0,0.0,0,5,0,Low,0.0,0.0,,363.39,2693.02,-2329.63,-641.0825834502876,Loss Making,0,Low,Low Value - Low/Medium Risk
C00609,Vishal Gupta,Retail,Delhi,Delhi,47895.0,Medium,23,148619.79,408.9,400.94,7.9599999999999795,1,125565.86,22.36,268.32,3.0,1139.65,1.0,524446.76,123477.52,19225.449864000002,0.0,373963.57,24.0,22.0,9.0,0,25,0,Medium,35.0,35.0,Medium,19634.349864000003,1808.91,17825.439864000004,90.78701351188269,Medium Profit,0,Medium,Low Value - Low/Medium Risk
C00610,Naveen Sharma,Student,Chennai,Tamil Nadu,112955.0,Medium,39,268483.62,647.78,711.54,-63.75999999999999,2,236475.81,245.55,2946.6000000000004,3.0,1290.94,0.0,0.0,0.0,0.0,0.0,0.0,0.0,0.0,0.0,0,20,0,Medium,0.0,0.0,,647.78,4949.08,-4301.3,-664.0062984346538,Loss Making,0,Medium,Low Value - Low/Medium Risk
C00611,Vishal Reddy,Sme Owner,Kolkata,West Bengal,59148.0,Medium,18,352422.62,268.83,242.71,26.119999999999976,1,27964.48,82.14,985.6800000000001,3.0,1568.21,1.0,96019.35,42942.21,5646.9006150000005,0.0,63735.78,24.0,22.0,10.0,0,20,0,Medium,30.0,30.0,Medium,5915.730615,2796.6000000000004,3119.130615,52.72604210697311,Medium Profit,1,Medium,High Value - Low/Medium Risk
C00612,Vijay Rao,Student,Mumbai,Maharashtra,183995.0,Medium,23,137527.82,370.57,357.2,13.370000000000005,1,254000.17,65.13,781.56,3.0,976.38,0.0,0.0,0.0,0.0,0.0,0.0,0.0,0.0,0.0,0,25,0,Medium,0.0,0.0,,370.57,2115.14,-1744.57,-470.78014949941985,Loss Making,1,Medium,High Value - Low/Medium Risk
C00613,Ajay Nair,Retail,Hyderabad,Telangana,31164.0,Low,11,77456.34000000001,219.99,165.98,54.01000000000002,1,102561.65,55.26,663.12,3.0,1214.6,1.0,1581362.35,244419.38,31823.403275999997,1.0,262842.97,6.0,4.0,9.0,0,20,0,Medium,70.0,70.0,Critical,32043.393276,2043.6999999999998,29999.693275999998,93.62208620542476,Medium Profit,0,Critical,Low Value - High Risk
C00614,Karthik Rao,Mass Affluent,Hyderabad,Telangana,109299.0,Low,19,156653.8,321.16,243.82,77.34000000000003,1,40053.37,131.73,1580.7599999999998,0.0,0.0,1.0,357119.73,161607.81,22027.144503,0.0,334444.34,24.0,21.0,10.0,0,25,0,Medium,25.0,25.0,Medium,22348.304503,1824.5799999999997,20523.724503,91.83571174379216,Medium Profit,0,Medium,Low Value - Low/Medium Risk
C00615,Meena Kumar,Retail,Pune,Maharashtra,47614.0,Low,11,140678.63,151.01,120.62,30.389999999999986,1,113947.08,34.96,419.52,0.0,0.0,1.0,346022.36,0.0,0.0,0.0,433069.68,24.0,22.0,10.0,0,30,0,Medium,25.0,25.0,Medium,151.01,540.14,-389.13,-257.68492152837564,Loss Making,0,Medium,Low Value - Low/Medium Risk
C00616,Rahul Nair,Mass Affluent,Kochi,Kerala,150152.0,Low,15,120259.95999999999,186.29,211.08,-24.79000000000002,1,77694.04,156.88,1882.56,3.0,1376.38,1.0,533954.95,491589.11,79637.43582,0.0,439175.13,24.0,23.0,10.0,0,30,0,Medium,40.0,40.0,Medium,79823.72581999999,3470.02,76353.70581999999,95.65289647363142,High Profit,0,Medium,Low Value - Low/Medium Risk
C00617,Ajay Rao,Retail,Delhi,Delhi,85287.0,Low,21,143672.76,262.37,396.18,-133.81,1,61450.49,142.41,1708.92,4.0,1657.21,1.0,1026714.22,342010.67,56534.363751,0.0,1365174.98,24.0,21.0,10.0,0,25,0,Medium,35.0,35.0,Medium,56796.733751,3762.31,53034.423751,93.3758338701409,High Profit,0,Medium,Low Value - Low/Medium Risk
C00618,Pooja Singh,Mass Affluent,Chennai,Tamil Nadu,52819.0,Low,18,132389.51,255.06,284.18,-29.120000000000005,1,458334.28,45.72,548.64,2.0,751.06,0.0,0.0,0.0,0.0,0.0,0.0,0.0,0.0,0.0,0,30,0,Medium,0.0,0.0,,255.06,1583.8799999999999,-1328.82,-520.9832980475182,Loss Making,1,Medium,High Value - Low/Medium Risk
C00619,Suresh Patel,Sme Owner,Kolkata,West Bengal,122005.0,Low,56,818266.33,924.47,813.42,111.05000000000007,2,81181.18000000001,191.5,2298.0,3.0,885.38,0.0,0.0,0.0,0.0,0.0,0.0,0.0,0.0,0.0,0,30,0,Medium,0.0,0.0,,924.47,3996.8,-3072.33,-332.334202299696,Loss Making,1,Medium,High Value - Low/Medium Risk
C00620,Naveen Sharma,Sme Owner,Coimbatore,Tamil Nadu,77036.0,Low,24,244614.23,494.7,384.03000000000003,110.66999999999996,2,294949.03,171.41,2056.92,0.0,0.0,1.0,167177.38,134599.87,18076.762541,1.0,61283.770000000004,17.0,13.0,49.0,0,25,0,Medium,70.0,70.0,Critical,18571.462541,2440.9500000000003,16130.512541,86.85644711820007,Medium Profit,1,Critical,High Value - High Risk
C00621,Geetha Gupta,Retail,Bengaluru,Karnataka,38330.0,Medium,23,163479.38,436.99,378.78,58.210000000000036,1,39823.76,177.0,2124.0,1.0,478.25,0.0,0.0,0.0,0.0,0.0,0.0,0.0,0.0,0.0,0,25,0,Medium,0.0,0.0,,436.99,2981.0299999999997,-2544.04,-582.1735051145334,Loss Making,0,Medium,Low Value - Low/Medium Risk
C00622,Anitha Reddy,Senior Citizen,Mumbai,Maharashtra,53602.0,Medium,38,260646.97,542.54,548.07,-5.530000000000086,2,112584.84,220.57,2646.84,1.0,125.45,1.0,285593.1,59526.63,9494.497485,1.0,58830.99,9.0,8.0,48.0,0,30,0,Medium,70.0,70.0,Critical,10037.037485,3320.36,6716.677485,66.91892398566647,Medium Profit,0,Critical,Low Value - High Risk
C00623,Geetha Sharma,Mass Affluent,Mumbai,Maharashtra,115501.0,Low,32,309260.3,464.77,497.31,-32.54000000000002,2,450326.88999999996,133.25,1599.0,2.0,920.39,0.0,0.0,0.0,0.0,0.0,0.0,0.0,0.0,0.0,0,35,0,Medium,0.0,0.0,,464.77,3016.7,-2551.93,-549.0737353960023,Loss Making,1,Medium,High Value - Low/Medium Risk
C00624,Lakshmi Gupta,Retail,Coimbatore,Tamil Nadu,153611.0,Low,40,334287.15,649.5,702.48,-52.98000000000002,2,176867.49,267.84000000000003,3214.0800000000004,4.0,2051.28,0.0,0.0,0.0,0.0,0.0,0.0,0.0,0.0,0.0,0,20,0,Medium,0.0,0.0,,649.5,5967.84,-5318.34,-818.8360277136259,Loss Making,1,Medium,High Value - Low/Medium Risk
C00625,Meena Rao,Sme Owner,Delhi,Delhi,59376.0,Low,43,250901.73,728.37,702.38,25.99000000000001,2,205041.74,218.4,2620.8,3.0,868.9300000000001,1.0,1171885.69,540174.77,66333.461756,0.0,1405097.76,23.0,18.0,10.0,0,35,0,Medium,25.0,25.0,Medium,67061.831756,4192.110000000001,62869.721756,93.74888831660203,High Profit,0,Medium,Low Value - Low/Medium Risk
C00626,Arun Singh,Retail,Coimbatore,Tamil Nadu,42097.0,Low,31,309413.58,521.72,479.17,42.55000000000001,2,273184.03,191.0,2292.0,1.0,618.56,1.0,1717127.4,515423.83,80869.998927,0.0,1138426.95,12.0,11.0,10.0,0,30,0,Medium,40.0,40.0,Medium,81391.718927,3389.73,78001.988927,95.83528884180437,High Profit,1,Medium,High Value - Low/Medium Risk
C00627,Suresh Kumar,Retail,Chennai,Tamil Nadu,31046.0,Low,24,170723.12,367.04,393.57,-26.529999999999973,1,26055.4,113.52,1362.24,2.0,685.44,0.0,0.0,0.0,0.0,0.0,0.0,0.0,0.0,0.0,0,25,0,Medium,0.0,0.0,,367.04,2441.25,-2074.21,-565.1182432432432,Loss Making,0,Medium,Low Value - Low/Medium Risk
C00628,Deepa Sharma,Retail,Mumbai,Maharashtra,65786.0,Low,38,492259.47000000003,650.89,577.69,73.19999999999993,2,616142.35,338.44,4061.2799999999997,0.0,0.0,0.0,0.0,0.0,0.0,0.0,0.0,0.0,0.0,0.0,0,30,0,Medium,0.0,0.0,,650.89,4638.969999999999,-3988.0799999999995,-612.7118253468327,Loss Making,1,Medium,High Value - Low/Medium Risk
C00629,Ajay Singh,Mass Affluent,Mumbai,Maharashtra,29895.0,Low,19,74904.32,323.42,269.94,53.48000000000002,1,352867.45,162.11,1945.3200000000002,3.0,1564.3600000000001,0.0,0.0,0.0,0.0,0.0,0.0,0.0,0.0,0.0,0,5,0,Low,0.0,0.0,,323.42,3779.6200000000003,-3456.2000000000003,-1068.641395089976,Loss Making,1,Low,High Value - Low/Medium Risk
C00630,Vijay Kumar,Mass Affluent,Madurai,Tamil Nadu,53630.0,Low,31,278982.81,497.33,514.81,-17.47999999999996,2,93313.23,107.21000000000001,1286.52,0.0,0.0,1.0,115057.97,0.0,0.0,0.0,108402.86,24.0,23.0,10.0,0,35,0,Medium,25.0,25.0,Medium,497.33,1801.33,-1304.0,-262.20014879456295,Loss Making,0,Medium,Low Value - Low/Medium Risk
C00631,Deepa Sharma,Mass Affluent,Kochi,Kerala,105779.0,Low,21,81069.16,383.63,319.85,63.77999999999997,1,31372.48,40.36,484.32,1.0,479.88,0.0,0.0,0.0,0.0,0.0,0.0,0.0,0.0,0.0,0,10,0,Low,0.0,0.0,,383.63,1284.0500000000002,-900.4200000000002,-234.71052837369345,Loss Making,0,Low,Low Value - Low/Medium Risk
C00632,Lakshmi Rao,Mass Affluent,Coimbatore,Tamil Nadu,76376.0,Low,32,236170.88999999998,510.63,522.16,-11.529999999999973,2,98341.74,219.6,2635.2,3.0,1450.05,1.0,144816.32,114624.03,14110.218093,0.0,132571.19,24.0,24.0,10.0,0,30,0,Medium,25.0,25.0,Medium,14620.848092999999,4607.41,10013.438092999999,68.48739573317992,Medium Profit,0,Medium,Low Value - Low/Medium Risk
C00633,Geetha Reddy,Sme Owner,Kolkata,West Bengal,43003.0,Low,29,192762.53,631.47,374.96,256.51000000000005,1,62273.34,23.74,284.88,3.0,873.11,1.0,1549842.57,0.0,0.0,0.0,962468.53,24.0,23.0,10.0,0,20,0,Medium,25.0,25.0,Medium,631.47,1532.9499999999998,-901.4799999999998,-142.75895925380456,Loss Making,0,Medium,Low Value - Low/Medium Risk
C00634,Meena Sharma,Sme Owner,Coimbatore,Tamil Nadu,31701.0,High,40,215687.01,686.26,661.15,25.110000000000014,2,316703.17,179.92000000000002,2159.04,1.0,324.03,1.0,117661.94,0.0,0.0,0.0,18588.510000000002,5.0,4.0,8.0,0,35,0,Medium,50.0,50.0,High,686.26,3144.2200000000003,-2457.96,-358.16745839769186,Loss Making,1,High,High Value - High Risk
C00635,Naveen Reddy,Retail,Pune,Maharashtra,104818.0,Low,15,152784.77,246.74,239.65,7.090000000000003,1,43729.02,53.01,636.12,4.0,1479.33,1.0,80276.29,0.0,0.0,0.0,47902.55,24.0,24.0,10.0,0,35,0,Medium,20.0,20.0,Low,246.74,2355.1,-2108.3599999999997,-854.4865040123206,Loss Making,0,Medium,Low Value - Low/Medium Risk
C00636,Kavya Kumar,Premium,Chennai,Tamil Nadu,65416.0,Low,20,249604.31,374.24,314.64,59.60000000000002,1,41829.71,56.17,674.04,4.0,1173.03,1.0,189594.98,157595.27,25908.662388,0.0,220560.47,12.0,12.0,9.0,0,30,0,Medium,25.0,25.0,Medium,26282.902388000002,2161.71,24121.192388000003,91.77522342058018,Medium Profit,0,Medium,Low Value - Low/Medium Risk
C00637,Karthik Rao,Premium,Madurai,Tamil Nadu,112339.0,Low,14,103462.69,323.3,208.67000000000002,114.63,1,45683.78,160.02,1920.2400000000002,0.0,0.0,1.0,761631.67,656855.69,94521.533791,0.0,980650.64,24.0,22.0,10.0,0,20,0,Medium,25.0,25.0,Medium,94844.833791,2128.9100000000003,92715.923791,97.75537589670802,High Profit,0,Medium,Low Value - Low/Medium Risk
C00638,Naveen Iyer,Retail,Madurai,Tamil Nadu,29283.0,Low,20,133220.41,344.57,295.92,48.64999999999998,1,50071.41,140.43,1685.16,1.0,73.3,1.0,635742.76,280576.22,46575.652519999996,0.0,393690.03,24.0,22.0,10.0,0,35,0,Medium,45.0,45.0,Medium,46920.222519999996,2054.38,44865.84252,95.6215467666968,High Profit,0,Medium,Low Value - Low/Medium Risk
C00639,Lakshmi Nair,Retail,Pune,Maharashtra,39091.0,Low,15,89196.45999999999,249.62,276.21999999999997,-26.599999999999966,1,172921.47,172.22,2066.64,2.0,263.68,1.0,162646.37,0.0,0.0,0.0,22729.36,5.0,5.0,9.0,0,30,0,Medium,30.0,30.0,Medium,249.62,2606.5399999999995,-2356.9199999999996,-944.2031888470474,Loss Making,0,Medium,Low Value - Low/Medium Risk
C00640,Vishal Patel,Retail,Coimbatore,Tamil Nadu,66855.0,Low,18,102191.95,227.74,333.43,-105.69,1,81108.22,30.49,365.88,7.0,2688.55,0.0,0.0,0.0,0.0,0.0,0.0,0.0,0.0,0.0,0,15,0,Low,0.0,0.0,,227.74,3387.86,-3160.12,-1387.599894616668,Loss Making,0,Low,Low Value - Low/Medium Risk
C00641,Karthik Sharma,Senior Citizen,Kochi,Kerala,74065.0,High,18,140921.94,317.02,282.46000000000004,34.559999999999945,1,35382.81,113.75,1365.0,3.0,1127.9299999999998,1.0,233325.12,210578.56,34408.536704,0.0,104700.79,13.0,13.0,10.0,0,30,0,Medium,40.0,40.0,Medium,34725.556703999995,2775.39,31950.166703999996,92.00764433049304,High Profit,0,Medium,Low Value - Low/Medium Risk
C00642,Deepa Patel,Premium,Kolkata,West Bengal,28238.0,Low,14,132594.35,186.66,283.56,-96.9,1,39477.18,95.75,1149.0,1.0,251.77,0.0,0.0,0.0,0.0,0.0,0.0,0.0,0.0,0.0,0,30,0,Medium,0.0,0.0,,186.66,1684.33,-1497.6699999999998,-802.3518697096325,Loss Making,0,Medium,Low Value - Low/Medium Risk
C00643,Lakshmi Kumar,Mass Affluent,Kolkata,West Bengal,21885.0,Low,15,70501.97,282.96,257.84000000000003,25.119999999999948,1,52887.53,162.46,1949.52,1.0,270.62,0.0,0.0,0.0,0.0,0.0,0.0,0.0,0.0,0.0,0,0,0,Low,0.0,0.0,,282.96,2477.98,-2195.02,-775.7350862312695,Loss Making,0,Low,Low Value - Low/Medium Risk
C00644,Lakshmi Nair,Retail,Pune,Maharashtra,62112.0,Low,19,272516.91000000003,295.2,301.93,-6.730000000000018,1,8778.98,70.46,845.52,1.0,302.14,1.0,674069.11,532429.15,90672.68424500001,0.0,677510.61,24.0,22.0,8.0,0,30,0,Medium,35.0,35.0,Medium,90967.88424500001,1449.5900000000001,89518.29424500001,98.40648157090708,High Profit,0,Medium,Low Value - Low/Medium Risk
C00645,Lakshmi Singh,Sme Owner,Delhi,Delhi,103455.0,Medium,22,559082.73,449.43,318.45,130.98000000000002,1,61367.6,70.85,850.1999999999999,2.0,578.11,0.0,0.0,0.0,0.0,0.0,0.0,0.0,0.0,0.0,3,70,3,Critical,0.0,0.0,,449.43,1746.7599999999998,-1297.3299999999997,-288.66119306677336,Loss Making,1,Critical,High Value - High Risk
C00646,Meena Patel,Retail,Bengaluru,Karnataka,103425.0,Medium,28,152532.86,401.64,454.31,-52.670000000000016,1,99446.79,102.79,1233.48,3.0,1335.57,1.0,140074.79,44701.08,5913.952884,1.0,99049.4,20.0,18.0,58.0,0,10,0,Low,70.0,70.0,Critical,6315.592884000001,3023.3599999999997,3292.232884000001,52.12864325597339,Medium Profit,0,Critical,Low Value - High Risk
C00647,Naveen Kumar,Premium,Kochi,Kerala,43160.0,Medium,26,294876.17,444.38,449.99,-5.610000000000014,1,9237.93,157.6,1891.1999999999998,4.0,1556.49,1.0,2124167.12,908582.06,155640.106878,0.0,711970.85,6.0,6.0,8.0,0,35,0,Medium,40.0,40.0,Medium,156084.486878,3897.6799999999994,152186.806878,97.50283959798867,High Profit,1,Medium,High Value - Low/Medium Risk
C00648,Ajay Patel,Sme Owner,Kolkata,West Bengal,18720.0,Low,18,146445.78,253.48,267.49,-14.01000000000002,1,137230.93,132.07,1584.84,3.0,1097.96,1.0,542479.67,228537.19,29549.858667,0.0,613838.8,12.0,10.0,10.0,0,20,0,Medium,25.0,25.0,Medium,29803.338667,2950.29,26853.048667,90.10080705063177,Medium Profit,0,Medium,Low Value - Low/Medium Risk
C00649,Sanjay Singh,Premium,Chennai,Tamil Nadu,95371.0,Low,8,39368.08,139.24,141.24,-2.0,1,82467.95,152.72,1832.6399999999999,2.0,1074.1599999999999,1.0,169730.92,46118.85,8628.836835,0.0,200461.47,12.0,12.0,10.0,0,5,0,Low,60.0,60.0,High,8768.076835,3048.04,5720.036835,65.23707470453525,Medium Profit,0,High,Low Value - High Risk
C00650,Pooja Patel,Mass Affluent,Kochi,Kerala,23613.0,Medium,17,97340.42,436.02,277.1,158.91999999999996,1,120354.17,159.62,1915.44,0.0,0.0,1.0,168068.74,0.0,0.0,0.0,90225.42,14.0,13.0,10.0,0,25,0,Medium,25.0,25.0,Medium,436.02,2192.54,-1756.52,-402.8530801339389,Loss Making,0,Medium,Low Value - Low/Medium Risk
C00651,Deepa Sharma,Retail,Madurai,Tamil Nadu,57746.0,Low,56,403116.06,953.0600000000001,874.16,78.90000000000009,3,66022.74,293.82,3525.84,2.0,1047.34,1.0,149224.84,123640.08,19819.504824,0.0,122346.02,24.0,23.0,10.0,0,30,0,Medium,40.0,40.0,Medium,20772.564824,5447.34,15325.224824,73.77627632334402,Medium Profit,1,Medium,High Value - Low/Medium Risk
C00652,Sneha Nair,Senior Citizen,Delhi,Delhi,31445.0,Low,10,71291.39,136.21,140.85,-4.639999999999986,1,472368.78,32.82,393.84000000000003,2.0,1261.91,1.0,537566.6,303420.0,34498.854,0.0,276925.72,24.0,23.0,10.0,0,20,0,Medium,30.0,30.0,Medium,34635.064,1796.6000000000001,32838.464,94.81277124246111,High Profit,1,Medium,High Value - Low/Medium Risk
C00653,Suresh Iyer,Mass Affluent,Hyderabad,Telangana,118605.0,Low,22,143759.92,419.29,389.24,30.05000000000001,1,29813.08,136.69,1640.28,1.0,660.12,0.0,0.0,0.0,0.0,0.0,0.0,0.0,0.0,0.0,0,30,0,Medium,0.0,0.0,,419.29,2689.64,-2270.35,-541.4748741920865,Loss Making,0,Medium,Low Value - Low/Medium Risk
C00654,Geetha Nair,Student,Madurai,Tamil Nadu,87521.0,Medium,38,283150.54,702.24,580.67,121.57000000000005,2,221623.33000000002,272.09000000000003,3265.0800000000004,3.0,1239.62,1.0,1072676.86,767701.01,114771.300995,0.0,626985.0700000001,24.0,20.0,10.0,0,30,0,Medium,25.0,25.0,Medium,115473.540995,5085.370000000001,110388.17099500001,95.59607338947006,High Profit,0,Medium,Low Value - Low/Medium Risk
C00655,Arun Singh,Mass Affluent,Chennai,Tamil Nadu,43036.0,Low,17,134151.88,248.23,257.39,-9.159999999999997,1,71671.54,41.5,498.0,3.0,988.1400000000001,1.0,170805.05,128295.98,18179.540365999997,0.0,219364.97,24.0,21.0,10.0,0,25,0,Medium,30.0,30.0,Medium,18427.770365999997,1743.5300000000002,16684.240365999998,90.53857322198412,Medium Profit,0,Medium,Low Value - Low/Medium Risk
C00656,Sanjay Reddy,Sme Owner,Delhi,Delhi,40821.0,Medium,21,137809.41,363.29,338.66,24.629999999999995,1,294690.64,96.35,1156.1999999999998,3.0,703.81,1.0,2071461.27,719226.56,99900.569184,0.0,1564572.84,19.0,19.0,10.0,0,35,0,Medium,40.0,40.0,Medium,100263.859184,2198.67,98065.189184,97.80711612549733,High Profit,1,Medium,High Value - Low/Medium Risk
C00657,Rohit Gupta,Retail,Bengaluru,Karnataka,43175.0,Low,15,113162.25,271.7,239.09,32.609999999999985,1,100788.65,41.52,498.24,2.0,609.9000000000001,1.0,80308.15,39432.33,6115.954383,0.0,19976.58,10.0,7.0,10.0,0,35,0,Medium,35.0,35.0,Medium,6387.654383,1347.23,5040.424383,78.90884635860236,Medium Profit,0,Medium,Low Value - Low/Medium Risk
C00658,Karthik Singh,Senior Citizen,Mumbai,Maharashtra,60814.0,Low,16,95901.88,237.26,243.26,-6.0,1,82884.08,37.74,452.88,2.0,853.62,1.0,214321.22,46736.84,7239.536516,1.0,145494.95,18.0,18.0,56.0,0,25,0,Medium,70.0,70.0,Critical,7476.796516,1549.76,5927.036516,79.27240634831261,Medium Profit,0,Critical,Low Value - High Risk
C00659,Geetha Verma,Retail,Coimbatore,Tamil Nadu,46321.0,Medium,39,303407.68,708.78,663.72,45.059999999999945,2,296443.09,178.83,2145.96,3.0,704.1,0.0,0.0,0.0,0.0,0.0,0.0,0.0,0.0,0.0,0,35,0,Medium,0.0,0.0,,708.78,3513.78,-2805.0,-395.7504444256328,Loss Making,1,Medium,High Value - Low/Medium Risk
C00660,Karthik Patel,Retail,Kochi,Kerala,22409.0,Low,43,250998.21,748.31,635.29,113.01999999999998,2,52391.0,129.45999999999998,1553.5199999999998,6.0,2170.21,1.0,2192467.43,598751.99,83705.528202,0.0,1433589.73,23.0,23.0,10.0,0,35,0,Medium,25.0,25.0,Medium,84453.838202,4359.0199999999995,80094.818202,94.83857679792607,High Profit,0,Medium,Low Value - Low/Medium Risk
C00661,Rahul Iyer,Student,Madurai,Tamil Nadu,51842.0,Low,39,287193.94,594.75,613.2,-18.450000000000045,2,95601.68,323.16999999999996,3878.0399999999995,5.0,2341.2799999999997,0.0,0.0,0.0,0.0,0.0,0.0,0.0,0.0,0.0,1,40,0,High,0.0,0.0,,594.75,6832.5199999999995,-6237.7699999999995,-1048.8053804119377,Loss Making,1,High,High Value - High Risk
C00662,Sanjay Patel,Mass Affluent,Delhi,Delhi,49095.0,Low,44,283419.32,732.65,676.73,55.91999999999996,2,31752.06,219.66000000000003,2635.92,1.0,472.1,1.0,563407.17,493049.81,84410.12747200001,0.0,207018.12,14.0,14.0,10.0,0,35,0,Medium,40.0,40.0,Medium,85142.777472,3784.75,81358.027472,95.5548196660079,High Profit,0,Medium,Low Value - Low/Medium Risk
C00663,Karthik Reddy,Retail,Coimbatore,Tamil Nadu,22638.0,Low,8,143036.28,170.93,129.42,41.51000000000002,1,39031.59,147.38,1768.56,2.0,553.58,1.0,1237876.94,1121054.99,174324.050945,0.0,551011.07,15.0,15.0,10.0,0,35,0,Medium,40.0,40.0,Medium,174494.980945,2451.56,172043.420945,98.59505414612887,High Profit,0,Medium,Low Value - Low/Medium Risk
C00664,Sneha Patel,Mass Affluent,Hyderabad,Telangana,51029.0,Medium,21,162136.33,331.52,404.74,-73.22000000000003,1,63696.24,86.88,1042.56,2.0,1312.75,1.0,2061246.55,1214949.26,148223.80972,0.0,1095347.83,24.0,21.0,10.0,0,30,0,Medium,40.0,40.0,Medium,148555.32971999998,2760.05,145795.27972,98.14207271782023,High Profit,0,Medium,Low Value - Low/Medium Risk
C00665,Vishal Rao,Senior Citizen,Bengaluru,Karnataka,35895.0,Medium,19,146470.5,342.01,348.01,-6.0,1,57781.34,176.68,2120.16,3.0,1171.49,0.0,0.0,0.0,0.0,0.0,0.0,0.0,0.0,0.0,0,30,0,Medium,0.0,0.0,,342.01,3639.66,-3297.6499999999996,-964.1969533054588,Loss Making,0,Medium,Low Value - Low/Medium Risk
C00666,Geetha Sharma,Sme Owner,Coimbatore,Tamil Nadu,78427.0,High,23,128636.52,436.67,365.43,71.24000000000001,1,24515.4,82.53,990.36,1.0,685.04,0.0,0.0,0.0,0.0,0.0,0.0,0.0,0.0,0.0,0,30,0,Medium,0.0,0.0,,436.67,2040.83,-1604.1599999999999,-367.3620812054869,Loss Making,0,Medium,Low Value - Low/Medium Risk
C00667,Vishal Sharma,Retail,Kolkata,West Bengal,86022.0,Medium,16,71948.55,358.76,271.94,86.82,1,101707.43,127.51,1530.1200000000001,7.0,2650.31,1.0,89149.52,68188.93,9621.458023,0.0,20841.44,10.0,7.0,10.0,0,0,0,Low,30.0,30.0,Medium,9980.218023,4452.37,5527.848023,55.388048740626196,Medium Profit,0,Medium,Low Value - Low/Medium Risk
C00668,Naveen Iyer,Retail,Bengaluru,Karnataka,17293.0,Low,9,40067.44,135.89,160.01,-24.120000000000005,1,151156.06,64.13,769.56,2.0,1018.1200000000001,0.0,0.0,0.0,0.0,0.0,0.0,0.0,0.0,0.0,0,0,0,Low,0.0,0.0,,135.89,1947.69,-1811.8000000000002,-1333.2842740451838,Loss Making,0,Low,Low Value - Low/Medium Risk
C00669,Rohit Verma,Retail,Mumbai,Maharashtra,88687.0,Medium,16,227651.19999999998,260.93,289.72,-28.79000000000002,1,66890.21,61.03,732.36,2.0,778.37,0.0,0.0,0.0,0.0,0.0,0.0,0.0,0.0,0.0,0,35,0,Medium,0.0,0.0,,260.93,1800.45,-1539.52,-590.0126470700955,Loss Making,0,Medium,Low Value - Low/Medium Risk
C00670,Deepa Reddy,Retail,Kochi,Kerala,104064.0,Medium,13,55388.49,188.79,195.31,-6.52000000000001,1,182767.69,103.11,1237.32,3.0,1190.96,0.0,0.0,0.0,0.0,0.0,0.0,0.0,0.0,0.0,0,10,0,Low,0.0,0.0,,188.79,2623.59,-2434.8,-1289.6869537581442,Loss Making,0,Low,Low Value - Low/Medium Risk
C00671,Sanjay Gupta,Mass Affluent,Coimbatore,Tamil Nadu,23325.0,Medium,40,284497.07,739.92,650.43,89.49000000000001,2,440826.66,197.98000000000002,2375.76,3.0,674.59,1.0,1222164.57,705442.61,120348.50926599998,0.0,902395.38,24.0,23.0,10.0,1,40,0,High,40.0,40.0,Medium,121088.42926599998,3700.78,117387.64926599998,96.94373771099933,High Profit,1,High,High Value - High Risk
C00672,Meena Rao,Senior Citizen,Chennai,Tamil Nadu,54278.0,Low,18,172531.13,298.71,332.56,-33.85000000000002,1,27622.34,53.8,645.5999999999999,1.0,404.01,1.0,160036.41,32631.43,4131.139037999999,0.0,86120.26,14.0,10.0,10.0,0,30,0,Medium,30.0,30.0,Medium,4429.849037999999,1382.1699999999998,3047.6790379999993,68.79871101377248,Medium Profit,0,Medium,Low Value - Low/Medium Risk
C00673,Vishal Singh,Retail,Chennai,Tamil Nadu,49777.0,Low,19,131056.57,292.49,290.38,2.1100000000000136,1,66961.28,49.29,591.48,4.0,1345.37,0.0,0.0,0.0,0.0,0.0,0.0,0.0,0.0,0.0,0,25,0,Medium,0.0,0.0,,292.49,2227.23,-1934.74,-661.4721870833191,Loss Making,0,Medium,Low Value - Low/Medium Risk
C00674,Karthik Gupta,Retail,Delhi,Delhi,20524.0,Low,18,117214.39,343.63,333.24,10.389999999999986,1,253034.29,101.29,1215.48,2.0,1017.84,1.0,276217.13,56615.6,7337.381760000001,0.0,255703.88,24.0,21.0,10.0,0,0,0,Low,25.0,25.0,Medium,7681.011760000001,2566.56,5114.451760000002,66.5856519922839,Medium Profit,1,Medium,High Value - Low/Medium Risk
C00675,Sanjay Rao,Retail,Madurai,Tamil Nadu,126889.0,Medium,19,136329.62,311.94,340.61,-28.670000000000016,1,79795.42,128.76,1545.12,0.0,0.0,1.0,965833.2,866717.17,159562.63099700003,1.0,807911.21,21.0,20.0,57.0,0,30,0,Medium,70.0,70.0,Critical,159874.57099700003,1885.73,157988.84099700002,98.8204940984421,High Profit,0,Critical,Low Value - High Risk
C00676,Kavya Patel,Retail,Kochi,Kerala,47931.0,Low,16,120006.49,338.18,266.68,71.5,1,402705.83,111.36,1336.32,0.0,0.0,1.0,169541.49,0.0,0.0,0.0,85333.14,15.0,13.0,10.0,0,25,0,Medium,40.0,40.0,Medium,338.18,1603.0,-1264.82,-374.00792477378906,Loss Making,1,Medium,High Value - Low/Medium Risk
C00677,Lakshmi Sharma,Student,Kochi,Kerala,39969.0,Low,16,115948.54,316.05,234.15,81.9,1,54583.89,129.25,1551.0,2.0,840.1,1.0,475713.08,443822.22,63777.253013999994,0.0,454154.25,24.0,22.0,10.0,0,0,0,Low,25.0,25.0,Medium,64093.303014,2625.25,61468.053014,95.90401824130275,High Profit,0,Medium,Low Value - Low/Medium Risk
C00678,Divya Reddy,Retail,Coimbatore,Tamil Nadu,107823.0,Low,11,54765.01,196.83,212.64,-15.809999999999974,1,180564.12,95.93,1151.16,3.0,1383.32,1.0,550802.48,353523.42,48326.65151399999,0.0,116095.9,4.0,4.0,10.0,0,5,0,Low,30.0,30.0,Medium,48523.48151399999,2747.12,45776.36151399999,94.33857605784655,High Profit,0,Medium,Low Value - Low/Medium Risk
C00679,Karthik Singh,Mass Affluent,Pune,Maharashtra,34296.0,Low,54,446869.39,991.54,919.79,71.75,3,505549.55999999994,413.40999999999997,4960.92,5.0,2175.22,1.0,83477.97,49718.94,8611.320408,0.0,52834.1,24.0,23.0,10.0,0,20,0,Medium,35.0,35.0,Medium,9602.860408,8055.93,1546.9304080000002,16.109058574997874,Medium Profit,1,Medium,High Value - Low/Medium Risk
C00680,Rahul Gupta,Mass Affluent,Delhi,Delhi,24493.0,Medium,20,212039.76,376.16,346.37,29.79000000000002,1,185264.65,144.01,1728.12,2.0,398.32000000000005,1.0,149036.35,133475.29,20395.024312,0.0,172427.73,12.0,12.0,10.0,0,35,0,Medium,40.0,40.0,Medium,20771.184312,2472.81,18298.374312,88.09499755595832,Medium Profit,0,Medium,Low Value - Low/Medium Risk
C00681,Naveen Singh,Premium,Coimbatore,Tamil Nadu,32243.0,Low,17,101701.40999999999,260.1,240.94,19.160000000000025,1,27333.82,20.32,243.84,3.0,1294.32,1.0,970548.62,236746.2,27794.003880000004,0.0,617877.91,24.0,22.0,10.0,0,35,0,Medium,25.0,25.0,Medium,28054.103880000002,1779.1,26275.003880000004,93.6583253287647,Medium Profit,0,Medium,Low Value - Low/Medium Risk
C00682,Arun Reddy,Retail,Madurai,Tamil Nadu,58087.0,Medium,22,202467.66,410.96000000000004,303.69,107.27000000000004,1,14290.08,145.25,1743.0,1.0,251.16,0.0,0.0,0.0,0.0,0.0,0.0,0.0,0.0,0.0,2,45,0,High,0.0,0.0,,410.96000000000004,2297.85,-1886.8899999999999,-459.14200895464273,Loss Making,0,High,Low Value - High Risk
C00683,Anitha Patel,Retail,Kochi,Kerala,47087.0,Low,26,287124.88,429.44,368.45,60.99000000000001,2,226904.77000000002,118.28999999999999,1419.48,2.0,553.78,1.0,161508.9,115966.65,14600.201235,1.0,90188.14,20.0,19.0,45.0,0,30,0,Medium,70.0,70.0,Critical,15029.641235000001,2341.71,12687.931235,84.4193885709874,Medium Profit,1,Critical,High Value - High Risk
C00684,Sanjay Singh,Senior Citizen,Bengaluru,Karnataka,37755.0,Low,30,450141.79,623.95,422.15999999999997,201.79000000000008,2,1339414.5899999999,99.38,1192.56,1.0,379.49,1.0,620757.19,258835.59,43303.194207,0.0,255720.03,16.0,15.0,10.0,0,25,0,Medium,35.0,35.0,Medium,43927.144207,1994.2099999999998,41932.934207,95.46018746267094,High Profit,1,Medium,High Value - Low/Medium Risk
C00685,Deepa Nair,Sme Owner,Delhi,Delhi,36147.0,Low,27,187181.34,533.06,418.72,114.33999999999992,2,185520.21000000002,245.95000000000002,2951.4,2.0,647.65,1.0,244739.07,103692.32,14579.140192,0.0,280304.01,12.0,11.0,10.0,1,45,0,High,30.0,30.0,Medium,15112.200192,4017.77,11094.430192,73.41373228944583,Medium Profit,0,High,Low Value - High Risk
C00686,Ajay Nair,Retail,Delhi,Delhi,68823.0,Low,37,230040.56,702.63,557.1,145.52999999999997,2,181989.68,259.90999999999997,3118.9199999999996,4.0,1006.61,0.0,0.0,0.0,0.0,0.0,0.0,0.0,0.0,0.0,1,45,0,High,0.0,0.0,,702.63,4682.629999999999,-3979.999999999999,-566.4432204716563,Loss Making,0,High,Low Value - High Risk
C00687,Deepa Verma,Sme Owner,Hyderabad,Telangana,35105.0,High,25,172213.02000000002,406.49,430.72,-24.230000000000018,1,178597.21,41.19,494.28,3.0,979.88,0.0,0.0,0.0,0.0,0.0,0.0,0.0,0.0,0.0,0,35,0,Medium,0.0,0.0,,406.49,1904.88,-1498.39,-368.6166941376172,Loss Making,0,Medium,Low Value - Low/Medium Risk
C00688,Divya Iyer,Retail,Madurai,Tamil Nadu,70394.0,Low,16,225699.89,240.46,252.13,-11.669999999999987,1,69190.86,51.14,613.6800000000001,1.0,516.14,1.0,161793.76,92508.5,15587.682250000002,1.0,165067.98,20.0,19.0,60.0,0,35,0,Medium,70.0,70.0,Critical,15828.14225,1381.95,14446.19225,91.26903222012677,Medium Profit,0,Critical,Low Value - High Risk
C00689,Suresh Kumar,Premium,Chennai,Tamil Nadu,27637.0,Low,35,237670.41999999998,611.12,618.98,-7.860000000000014,2,81579.81,207.95999999999998,2495.5199999999995,3.0,1299.05,0.0,0.0,0.0,0.0,0.0,0.0,0.0,0.0,0.0,0,25,0,Medium,0.0,0.0,,611.12,4413.549999999999,-3802.4299999999994,-622.2067679015577,Loss Making,0,Medium,Low Value - Low/Medium Risk
C00690,Sneha Patel,Retail,Delhi,Delhi,65577.0,High,16,145397.14,234.67,218.81,15.859999999999985,1,77320.85,111.18,1334.16,3.0,749.45,1.0,423903.6,280552.12,47244.977007999994,0.0,425940.26,24.0,22.0,10.0,0,20,0,Medium,35.0,35.0,Medium,47479.64700799999,2302.42,45177.227007999994,95.15072216183061,High Profit,0,Medium,Low Value - Low/Medium Risk
C00691,Rahul Sharma,Premium,Pune,Maharashtra,132326.0,Medium,26,220444.3,489.69,413.09,76.60000000000002,1,135168.19,58.77,705.24,4.0,1379.72,0.0,0.0,0.0,0.0,0.0,0.0,0.0,0.0,0.0,0,35,0,Medium,0.0,0.0,,489.69,2498.05,-2008.3600000000001,-410.12885703199987,Loss Making,0,Medium,Low Value - Low/Medium Risk
C00692,Rahul Iyer,Mass Affluent,Delhi,Delhi,69791.0,Low,14,78885.91,241.23999999999998,212.48,28.75999999999999,1,11281.91,131.99,1583.88,4.0,1122.04,0.0,0.0,0.0,0.0,0.0,0.0,0.0,0.0,0.0,0,20,0,Medium,0.0,0.0,,241.23999999999998,2918.4,-2677.1600000000003,-1109.7496269275412,Loss Making,0,Medium,Low Value - Low/Medium Risk
C00693,Arun Singh,Retail,Madurai,Tamil Nadu,27795.0,Low,34,185356.95,561.4,419.57,141.82999999999998,2,156166.96000000002,236.62,2839.44,6.0,1728.78,1.0,132225.16,72876.49,10727.419328,0.0,47877.35,9.0,8.0,10.0,0,0,0,Low,25.0,25.0,Medium,11288.819328,4987.79,6301.029328,55.816548612584896,Medium Profit,0,Medium,Low Value - Low/Medium Risk
C00694,Naveen Reddy,Retail,Delhi,Delhi,63475.0,High,18,124284.04,221.44,270.65999999999997,-49.21999999999997,1,331797.29,79.65,955.8000000000001,1.0,243.49,0.0,0.0,0.0,0.0,0.0,0.0,0.0,0.0,0.0,0,35,0,Medium,0.0,0.0,,221.44,1469.95,-1248.51,-563.8141257225434,Loss Making,1,Medium,High Value - Low/Medium Risk
C00695,Kavya Singh,Retail,Kolkata,West Bengal,49181.0,Medium,16,71632.9,314.25,224.46,89.78999999999999,1,27383.14,110.19,1322.28,1.0,566.87,1.0,674796.41,207019.01,31384.081916000003,0.0,656519.17,24.0,20.0,10.0,0,20,0,Medium,40.0,40.0,Medium,31698.331916000003,2113.61,29584.721916000002,93.3321096971253,Medium Profit,0,Medium,Low Value - Low/Medium Risk
C00696,Ajay Gupta,Student,Bengaluru,Karnataka,61150.0,Low,21,104445.39,329.46999999999997,381.57,-52.10000000000002,1,103879.57,80.31,963.72,1.0,127.9,1.0,509428.33,104013.97,11930.402359000002,0.0,522014.5,11.0,10.0,10.0,0,25,0,Medium,25.0,25.0,Medium,12259.872359,1473.19,10786.682359,87.9836432479778,Medium Profit,0,Medium,Low Value - Low/Medium Risk
C00697,Naveen Reddy,Premium,Coimbatore,Tamil Nadu,31673.0,Medium,59,420762.81,832.4,840.46,-8.06000000000006,3,487827.59,384.29999999999995,4611.599999999999,1.0,614.56,0.0,0.0,0.0,0.0,0.0,0.0,0.0,0.0,0.0,1,45,0,High,0.0,0.0,,832.4,6066.619999999999,-5234.219999999999,-628.8106679481018,Loss Making,1,High,High Value - High Risk
C00698,Vishal Iyer,Sme Owner,Kolkata,West Bengal,111666.0,Low,22,197058.93,372.5,405.48,-32.98000000000002,2,191497.03,127.88,1534.56,2.0,449.01,1.0,1559562.59,880570.42,139394.297486,0.0,2047419.81,24.0,21.0,9.0,0,35,0,Medium,35.0,35.0,Medium,139766.797486,2389.05,137377.747486,98.29068845893869,High Profit,0,Medium,Low Value - Low/Medium Risk
C00699,Priya Singh,Retail,Kochi,Kerala,79180.0,Low,17,118845.83,278.88,273.32,5.560000000000002,1,288420.58,136.97,1643.6399999999999,1.0,304.88,1.0,827588.28,400470.08,66277.79824,1.0,234352.03,12.0,12.0,36.0,0,5,0,Low,70.0,70.0,Critical,66556.67824000001,2221.8399999999997,64334.83824000001,96.66173243804603,High Profit,1,Critical,High Value - High Risk
C00700,Priya Gupta,Retail,Delhi,Delhi,102521.0,Low,11,79563.75,195.86,217.94,-22.079999999999984,1,84264.57,41.18,494.15999999999997,3.0,922.14,0.0,0.0,0.0,0.0,0.0,0.0,0.0,0.0,0.0,0,25,0,Medium,0.0,0.0,,195.86,1634.2399999999998,-1438.3799999999997,-734.3919125906258,Loss Making,0,Medium,Low Value - Low/Medium Risk
C00701,Geetha Patel,Retail,Mumbai,Maharashtra,54024.0,Low,16,66983.61,285.62,224.35,61.27000000000001,1,214682.93,67.5,810.0,1.0,478.57,0.0,0.0,0.0,0.0,0.0,0.0,0.0,0.0,0.0,0,5,0,Low,0.0,0.0,,285.62,1512.9199999999998,-1227.2999999999997,-429.6967999439814,Loss Making,0,Low,Low Value - Low/Medium Risk
C00702,Ajay Gupta,Sme Owner,Kochi,Kerala,56198.0,Medium,13,51636.479999999996,172.12,250.88,-78.75999999999999,1,59034.16,178.93,2147.16,2.0,539.3,1.0,1352877.15,1090346.1,196807.47105000002,1.0,435187.69,11.0,10.0,57.0,0,0,0,Low,70.0,70.0,Critical,196979.59105000002,2937.34,194042.25105000002,98.50880998161155,High Profit,0,Critical,Low Value - High Risk
C00703,Anitha Rao,Premium,Kolkata,West Bengal,28010.0,Low,16,100019.68,323.83,247.6,76.22999999999999,1,476211.77,166.46,1997.52,2.0,653.99,0.0,0.0,0.0,0.0,0.0,0.0,0.0,0.0,0.0,0,20,0,Medium,0.0,0.0,,323.83,2899.1099999999997,-2575.2799999999997,-795.256770527746,Loss Making,1,Medium,High Value - Low/Medium Risk
C00704,Rohit Reddy,Sme Owner,Delhi,Delhi,29718.0,Medium,19,141895.52,339.78,285.7,54.079999999999984,1,237031.94,33.63,403.56000000000006,8.0,4048.02,1.0,738708.11,612768.49,108460.02273,0.0,870759.08,12.0,11.0,10.0,1,45,0,High,70.0,70.0,Critical,108799.80273,4737.28,104062.52273,95.64587445828727,High Profit,0,Critical,Low Value - High Risk
C00705,Pooja Reddy,Retail,Kolkata,West Bengal,39076.0,Low,47,370584.65,793.95,743.67,50.280000000000086,2,90776.31,350.81,4209.72,1.0,313.17,1.0,940556.01,869466.38,115986.81509199999,0.0,1188990.1,24.0,23.0,10.0,0,35,0,Medium,25.0,25.0,Medium,116780.76509199999,5266.56,111514.20509199999,95.49021622195146,High Profit,1,Medium,High Value - Low/Medium Risk
C00706,Suresh Nair,Retail,Delhi,Delhi,78911.0,Low,36,283864.61,618.28,544.78,73.5,2,34768.54,75.18,902.1600000000001,0.0,0.0,1.0,571172.2,0.0,0.0,0.0,429804.48,8.0,7.0,10.0,0,30,0,Medium,30.0,30.0,Medium,618.28,1446.94,-828.6600000000001,-134.02665459015336,Loss Making,1,Medium,High Value - Low/Medium Risk
C00707,Divya Singh,Retail,Bengaluru,Karnataka,33826.0,Low,19,128793.03,440.22,310.61,129.61,1,215791.04,53.59,643.08,3.0,1013.31,1.0,342617.4,261619.75,32440.849,0.0,427755.5,24.0,22.0,10.0,0,0,0,Low,30.0,30.0,Medium,32881.068999999996,1967.0,30914.068999999996,94.01783439583427,High Profit,0,Medium,Low Value - Low/Medium Risk
C00708,Suresh Kumar,Mass Affluent,Delhi,Delhi,43072.0,Low,23,127130.6,343.18,398.82,-55.639999999999986,1,69863.69,98.94,1187.28,1.0,475.48,0.0,0.0,0.0,0.0,0.0,0.0,0.0,0.0,0.0,0,25,0,Medium,0.0,0.0,,343.18,2061.58,-1718.3999999999999,-500.7284806806923,Loss Making,0,Medium,Low Value - Low/Medium Risk
C00709,Pooja Iyer,Sme Owner,Pune,Maharashtra,48699.0,Medium,20,145902.84,372.52,344.9,27.620000000000005,1,169058.64,130.69,1568.28,3.0,2200.8599999999997,1.0,2188620.67,1414889.34,238974.809526,0.0,1361931.76,24.0,22.0,10.0,0,25,0,Medium,40.0,40.0,Medium,239347.329526,4114.039999999999,235233.28952599998,98.28114230137959,High Profit,0,Medium,Low Value - Low/Medium Risk
C00710,Ajay Sharma,Retail,Kochi,Kerala,27534.0,Low,15,416797.79000000004,242.5,234.22,8.280000000000001,1,320615.22,34.37,412.43999999999994,0.0,0.0,0.0,0.0,0.0,0.0,0.0,0.0,0.0,0.0,0.0,5,70,4,Critical,0.0,0.0,,242.5,646.66,-404.15999999999997,-166.66391752577317,Loss Making,1,Critical,High Value - High Risk
C00711,Pooja Nair,Retail,Pune,Maharashtra,109746.0,Low,36,338127.66,540.66,568.53,-27.870000000000005,2,106686.57,97.28,1167.3600000000001,3.0,1031.42,0.0,0.0,0.0,0.0,0.0,0.0,0.0,0.0,0.0,0,30,0,Medium,0.0,0.0,,540.66,2767.3100000000004,-2226.6500000000005,-411.8392335293901,Loss Making,1,Medium,High Value - Low/Medium Risk
C00712,Pooja Patel,Student,Bengaluru,Karnataka,78130.0,Medium,31,180635.03,519.9,444.64,75.25999999999999,2,469254.56,98.53,1182.3600000000001,4.0,2020.3,1.0,106532.94,62124.45,8256.339404999999,0.0,98763.15,24.0,24.0,10.0,0,35,0,Medium,35.0,35.0,Medium,8776.239404999998,3647.3,5128.939404999998,58.44119751425582,Medium Profit,1,Medium,High Value - Low/Medium Risk
C00713,Kavya Singh,Sme Owner,Coimbatore,Tamil Nadu,31239.0,Medium,20,211924.06,369.3,306.43,62.870000000000005,1,105187.42,143.03,1716.3600000000001,1.0,193.96,1.0,132640.07,0.0,0.0,0.0,94460.99,18.0,17.0,9.0,0,30,0,Medium,30.0,30.0,Medium,369.3,2216.75,-1847.45,-500.2572434335229,Loss Making,0,Medium,Low Value - Low/Medium Risk
C00714,Sanjay Sharma,Retail,Bengaluru,Karnataka,42173.0,Medium,31,256023.58000000002,619.61,602.99,16.620000000000005,2,497768.67000000004,155.02,1860.2400000000002,2.0,675.8299999999999,1.0,1058991.82,539745.38,83876.43205199999,0.0,752944.45,24.0,20.0,10.0,0,35,0,Medium,40.0,40.0,Medium,84496.04205199999,3139.0600000000004,81356.98205199999,96.28496208370544,High Profit,1,Medium,High Value - Low/Medium Risk
C00715,Meena Sharma,Retail,Madurai,Tamil Nadu,44884.0,High,25,161796.98,464.31,428.53999999999996,35.77000000000004,2,139579.77,214.76,2577.12,3.0,969.2,1.0,889863.2,365828.8,41997.14624,0.0,1052439.29,23.0,20.0,10.0,0,35,0,Medium,25.0,25.0,Medium,42461.45624,3974.8599999999997,38486.59624,90.63889854004687,High Profit,0,Medium,Low Value - Low/Medium Risk
C00716,Rahul Gupta,Premium,Kolkata,West Bengal,120141.0,Low,21,176112.68,292.12,254.79,37.33000000000001,1,132436.45,158.5,1902.0,4.0,1347.96,1.0,175690.84,134301.36,20346.656039999998,0.0,81879.31,14.0,12.0,9.0,0,35,0,Medium,35.0,35.0,Medium,20638.776039999997,3504.75,17134.026039999997,83.01861509031617,Medium Profit,0,Medium,Low Value - Low/Medium Risk
C00717,Meena Singh,Sme Owner,Kochi,Kerala,146008.0,High,24,205813.77,434.43,419.87,14.560000000000002,1,30294.99,109.74,1316.8799999999999,0.0,0.0,0.0,0.0,0.0,0.0,0.0,0.0,0.0,0.0,0.0,0,35,0,Medium,0.0,0.0,,434.43,1736.75,-1302.32,-299.77671891904333,Loss Making,0,Medium,Low Value - Low/Medium Risk
C00718,Priya Verma,Senior Citizen,Delhi,Delhi,42069.0,Low,17,110172.77,327.65,300.56,27.089999999999975,1,115349.67,67.24,806.8799999999999,3.0,1494.8400000000001,1.0,233392.11,0.0,0.0,0.0,278016.27,12.0,11.0,10.0,0,20,0,Medium,55.0,55.0,High,327.65,2602.2799999999997,-2274.6299999999997,-694.2255455516556,Loss Making,0,High,Low Value - High Risk
C00719,Ajay Kumar,Retail,Madurai,Tamil Nadu,103904.0,Low,14,74201.89,192.14,294.95,-102.81,1,117751.63,172.32,2067.84,0.0,0.0,1.0,1724527.1,0.0,0.0,0.0,2173288.17,24.0,21.0,10.0,0,5,0,Low,30.0,30.0,Medium,192.14,2362.79,-2170.65,-1129.723118559384,Loss Making,0,Medium,Low Value - Low/Medium Risk
C00720,Priya Verma,Mass Affluent,Hyderabad,Telangana,79904.0,Low,13,85587.72,184.94,185.33,-0.3900000000000148,1,221067.17,32.79,393.48,1.0,120.7,0.0,0.0,0.0,0.0,0.0,0.0,0.0,0.0,0.0,0,5,0,Low,0.0,0.0,,184.94,699.5100000000001,-514.5700000000002,-278.2361847085542,Loss Making,0,Low,Low Value - Low/Medium Risk
C00721,Rahul Sharma,Senior Citizen,Delhi,Delhi,67149.0,Medium,31,200397.25,505.43,442.38,63.05000000000001,2,78822.04999999999,226.76,2721.12,3.0,1213.8000000000002,1.0,232734.21,74281.19,11951.843471,1.0,193059.37,9.0,8.0,58.0,0,30,0,Medium,70.0,70.0,Critical,12457.273471,4377.3,8079.973471,64.86149228247925,Medium Profit,0,Critical,Low Value - High Risk
C00722,Divya Kumar,Retail,Kolkata,West Bengal,52923.0,Low,47,436035.52,904.69,799.17,105.5200000000001,3,204560.41,132.14,1585.6799999999998,2.0,830.58,0.0,0.0,0.0,0.0,0.0,0.0,0.0,0.0,0.0,0,30,0,Medium,0.0,0.0,,904.69,3215.43,-2310.74,-255.41787794714205,Loss Making,1,Medium,High Value - Low/Medium Risk
C00723,Sanjay Rao,Retail,Bengaluru,Karnataka,99139.0,Low,13,82023.45,205.44,191.24,14.199999999999989,1,67036.78,130.17,1562.04,1.0,658.15,1.0,109063.4,0.0,0.0,0.0,123484.9,12.0,10.0,10.0,0,0,0,Low,25.0,25.0,Medium,205.44,2411.43,-2205.99,-1073.7879672897195,Loss Making,0,Medium,Low Value - Low/Medium Risk
C00724,Kavya Reddy,Retail,Mumbai,Maharashtra,24142.0,Medium,45,425884.58,861.0,786.27,74.73000000000002,2,195902.58000000002,250.88,3010.56,2.0,629.6800000000001,1.0,1432477.74,1336208.4,212590.75643999997,0.0,533114.8,9.0,9.0,9.0,1,45,0,High,35.0,35.0,Medium,213451.75643999997,4426.51,209025.24643999996,97.92622460745865,High Profit,1,High,High Value - High Risk
C00725,Rohit Gupta,Sme Owner,Mumbai,Maharashtra,42450.0,High,37,389249.17,703.48,541.3,162.18000000000006,2,212749.16999999998,206.62,2479.44,3.0,1359.72,1.0,2042137.4,0.0,0.0,0.0,2274501.19,12.0,12.0,10.0,0,35,0,Medium,25.0,25.0,Medium,703.48,4380.46,-3676.98,-522.6843691362939,Loss Making,1,Medium,High Value - Low/Medium Risk
C00726,Pooja Sharma,Retail,Kolkata,West Bengal,34096.0,High,13,173101.27,228.03,249.60999999999999,-21.579999999999984,1,63331.93,43.91,526.92,3.0,1517.3600000000001,1.0,2179546.52,1421530.45,226023.34154999998,0.0,2157121.55,24.0,23.0,10.0,0,30,0,Medium,35.0,35.0,Medium,226251.37154999998,2293.8900000000003,223957.48154999997,98.98613211301878,High Profit,0,Medium,Low Value - Low/Medium Risk
C00727,Karthik Patel,Retail,Kolkata,West Bengal,52192.0,Low,20,166959.16999999998,360.92,289.33,71.59000000000003,1,37029.83,106.68,1280.16,1.0,135.31,1.0,876127.84,496637.37,84180.03421499999,0.0,544214.97,24.0,22.0,10.0,0,20,0,Medium,35.0,35.0,Medium,84540.95421499999,1704.8,82836.15421499999,97.9834625527594,High Profit,0,Medium,Low Value - Low/Medium Risk
C00728,Suresh Verma,Retail,Madurai,Tamil Nadu,21491.0,High,25,297361.4,274.76,360.36,-85.60000000000002,1,70617.07,78.56,942.72,5.0,2310.64,0.0,0.0,0.0,0.0,0.0,0.0,0.0,0.0,0.0,4,70,2,Critical,0.0,0.0,,274.76,3613.72,-3338.96,-1215.2278352016306,Loss Making,1,Critical,High Value - High Risk
C00729,Suresh Sharma,Retail,Pune,Maharashtra,66042.0,Low,23,119633.94,325.37,352.83,-27.45999999999998,1,15731.74,99.53,1194.3600000000001,2.0,577.8,1.0,93589.7,81630.43,13999.618744999998,1.0,72453.59,20.0,20.0,57.0,0,20,0,Medium,70.0,70.0,Critical,14324.988744999999,2124.99,12199.998744999999,85.16585221931355,Medium Profit,0,Critical,Low Value - High Risk
C00730,Sanjay Singh,Student,Kochi,Kerala,71247.0,Low,16,141298.17,269.48,220.97,48.51000000000002,1,54026.05,69.21,830.52,4.0,2237.4,1.0,322985.23,70418.24,8626.234400000001,1.0,151157.33,5.0,5.0,8.0,0,35,0,Medium,70.0,70.0,Critical,8895.7144,3288.8900000000003,5606.8244,63.028376900229624,Medium Profit,0,Critical,Low Value - High Risk
C00731,Divya Singh,Senior Citizen,Hyderabad,Telangana,67078.0,Medium,20,118946.47,313.57,401.96999999999997,-88.39999999999998,1,65815.35,113.36,1360.32,2.0,612.6099999999999,0.0,0.0,0.0,0.0,0.0,0.0,0.0,0.0,0.0,0,25,0,Medium,0.0,0.0,,313.57,2374.8999999999996,-2061.3299999999995,-657.3747488599035,Loss Making,0,Medium,Low Value - Low/Medium Risk
C00732,Deepa Patel,Mass Affluent,Kochi,Kerala,253934.0,Low,18,90825.76,337.49,262.86,74.63,1,11293.56,89.56,1074.72,2.0,1013.7,0.0,0.0,0.0,0.0,0.0,0.0,0.0,0.0,0.0,1,45,0,High,0.0,0.0,,337.49,2351.2799999999997,-2013.7899999999997,-596.6961984058786,Loss Making,0,High,Low Value - High Risk
C00733,Meena Kumar,Retail,Chennai,Tamil Nadu,84390.0,Low,45,268847.63,782.42,832.13,-49.710000000000036,2,107382.84,290.85,3490.2000000000003,2.0,345.62,1.0,103613.74,0.0,0.0,0.0,102337.74,24.0,21.0,10.0,0,30,0,Medium,35.0,35.0,Medium,782.42,4667.95,-3885.5299999999997,-496.6041256614095,Loss Making,0,Medium,Low Value - Low/Medium Risk
C00734,Rohit Verma,Mass Affluent,Bengaluru,Karnataka,17279.0,Low,22,151674.63999999998,419.99,302.18,117.81,1,32530.94,110.19,1322.28,3.0,914.94,1.0,2389091.14,1945009.44,307894.994352,0.0,2751008.09,12.0,11.0,8.0,0,20,0,Medium,35.0,35.0,Medium,308314.984352,2539.4,305775.584352,99.17636179592854,High Profit,0,Medium,Low Value - Low/Medium Risk
C00735,Pooja Sharma,Retail,Delhi,Delhi,30394.0,Medium,17,188323.55,266.96,245.24,21.71999999999997,1,193644.46,53.65,643.8,3.0,908.9999999999999,1.0,1663963.78,343810.22,51984.105264,0.0,727339.12,15.0,12.0,10.0,0,25,0,Medium,40.0,40.0,Medium,52251.065264,1798.04,50453.025263999996,96.55884527728698,High Profit,0,Medium,Low Value - Low/Medium Risk
C00736,Rohit Iyer,Retail,Kolkata,West Bengal,39682.0,Medium,47,490118.51,852.5,720.59,131.90999999999997,3,718800.3200000001,447.18999999999994,5366.279999999999,0.0,0.0,0.0,0.0,0.0,0.0,0.0,0.0,0.0,0.0,0.0,1,45,0,High,0.0,0.0,,852.5,6086.869999999999,-5234.369999999999,-614.0023460410556,Loss Making,1,High,High Value - High Risk
C00737,Rahul Singh,Senior Citizen,Pune,Maharashtra,86215.0,Low,23,157100.29,393.79,424.14,-30.349999999999966,1,9099.57,66.93,803.1600000000001,2.0,1103.74,0.0,0.0,0.0,0.0,0.0,0.0,0.0,0.0,0.0,0,25,0,Medium,0.0,0.0,,393.79,2331.04,-1937.25,-491.95002412453334,Loss Making,0,Medium,Low Value - Low/Medium Risk
C00738,Meena Singh,Student,Coimbatore,Tamil Nadu,84871.0,Low,16,75760.56999999999,269.16,253.88,15.28000000000003,1,124067.39,147.95,1775.3999999999999,6.0,3122.45,0.0,0.0,0.0,0.0,0.0,0.0,0.0,0.0,0.0,0,0,0,Low,0.0,0.0,,269.16,5151.73,-4882.57,-1814.002823599346,Loss Making,0,Low,Low Value - Low/Medium Risk
C00739,Vijay Verma,Retail,Chennai,Tamil Nadu,121694.0,Medium,21,139474.64,409.19,350.98,58.20999999999998,1,123474.6,71.78,861.36,3.0,711.77,1.0,439562.09,0.0,0.0,0.0,397772.92,24.0,24.0,10.0,0,25,0,Medium,25.0,25.0,Medium,409.19,1924.1100000000001,-1514.92,-370.2241012732472,Loss Making,0,Medium,Low Value - Low/Medium Risk
C00740,Suresh Sharma,Student,Chennai,Tamil Nadu,37911.0,Medium,17,242346.14,237.95000000000002,210.49,27.460000000000008,1,156839.83,54.15,649.8,2.0,629.6999999999999,1.0,836322.15,350334.2,64916.92726000001,0.0,644706.48,24.0,20.0,10.0,0,35,0,Medium,35.0,35.0,Medium,65154.87726000001,1489.9899999999998,63664.88726000001,97.71315661595953,High Profit,0,Medium,Low Value - Low/Medium Risk
C00741,Sneha Nair,Mass Affluent,Kochi,Kerala,96842.0,Low,12,54295.96,215.06,189.06,26.0,1,42731.46,54.94,659.28,3.0,1156.24,1.0,91578.73,18943.7,3644.76788,0.0,72057.01,24.0,24.0,10.0,0,0,0,Low,50.0,50.0,High,3859.82788,2004.58,1855.24788,48.065559856000625,Medium Profit,0,High,Low Value - High Risk
C00742,Karthik Reddy,Senior Citizen,Pune,Maharashtra,60830.0,Medium,55,426148.54,974.62,841.01,133.61,3,607107.5900000001,112.78999999999999,1353.48,1.0,642.57,1.0,472918.8,301570.45,38299.44715,0.0,325198.06,18.0,18.0,10.0,0,30,0,Medium,30.0,30.0,Medium,39274.06715,2837.06,36437.007150000005,92.77625108404389,High Profit,1,Medium,High Value - Low/Medium Risk
C00743,Kavya Rao,Student,Coimbatore,Tamil Nadu,47244.0,High,21,205141.78,296.68,376.26,-79.57999999999998,1,70280.26,92.55,1110.6,1.0,408.8,1.0,119852.46,0.0,0.0,0.0,160037.84,24.0,22.0,10.0,0,35,0,Medium,35.0,35.0,Medium,296.68,1895.6599999999999,-1598.9799999999998,-538.9577996494538,Loss Making,0,Medium,Low Value - Low/Medium Risk
C00744,Naveen Sharma,Sme Owner,Coimbatore,Tamil Nadu,72173.0,Low,24,171573.68,392.53,354.56,37.96999999999997,1,28908.09,161.29,1935.48,1.0,596.69,0.0,0.0,0.0,0.0,0.0,0.0,0.0,0.0,0.0,0,20,0,Medium,0.0,0.0,,392.53,2886.73,-2494.2,-635.4164012941686,Loss Making,0,Medium,Low Value - Low/Medium Risk
C00745,Rahul Nair,Senior Citizen,Coimbatore,Tamil Nadu,37491.0,Low,42,355116.69,698.88,721.23,-22.350000000000023,2,392318.23000000004,191.46,2297.52,2.0,1063.73,0.0,0.0,0.0,0.0,0.0,0.0,0.0,0.0,0.0,0,35,0,Medium,0.0,0.0,,698.88,4082.48,-3383.6,-484.14606227106225,Loss Making,1,Medium,High Value - Low/Medium Risk
C00746,Anitha Rao,Sme Owner,Chennai,Tamil Nadu,23182.0,Low,26,219719.13999999998,383.82,487.9,-104.07999999999998,1,62726.4,150.22,1802.6399999999999,5.0,2900.04,1.0,177864.23,167085.83,22807.215795,0.0,95348.90000000001,23.0,21.0,10.0,0,25,0,Medium,30.0,30.0,Medium,23191.035795,5190.58,18000.455795,77.61816226802992,Medium Profit,0,Medium,Low Value - Low/Medium Risk
C00747,Divya Gupta,Retail,Chennai,Tamil Nadu,30003.0,Low,12,77718.42,224.91,197.03,27.879999999999995,1,196395.23,139.25,1671.0,3.0,2006.94,1.0,334299.63,0.0,0.0,0.0,422295.84,24.0,24.0,10.0,0,5,0,Low,25.0,25.0,Medium,224.91,3874.9700000000003,-3650.0600000000004,-1622.8980481081321,Loss Making,0,Medium,Low Value - Low/Medium Risk
C00748,Rohit Reddy,Mass Affluent,Madurai,Tamil Nadu,16799.0,Low,52,339668.46,883.24,830.76,52.48000000000002,3,385767.18000000005,327.15,3925.7999999999997,3.0,920.23,1.0,1945035.02,680078.07,89634.289626,1.0,767101.84,19.0,18.0,57.0,0,35,0,Medium,70.0,70.0,Critical,90517.529626,5676.789999999999,84840.73962600001,93.72851863782039,High Profit,1,Critical,High Value - High Risk
C00749,Naveen Sharma,Student,Pune,Maharashtra,19719.0,Low,56,628802.29,889.72,958.17,-68.44999999999993,3,210860.66,280.35,3364.2000000000003,0.0,0.0,0.0,0.0,0.0,0.0,0.0,0.0,0.0,0.0,0.0,0,25,0,Medium,0.0,0.0,,889.72,4322.37,-3432.6499999999996,-385.81239041496195,Loss Making,1,Medium,High Value - Low/Medium Risk
C00750,Ajay Gupta,Sme Owner,Pune,Maharashtra,27203.0,Medium,20,94168.79000000001,341.38,318.86,22.519999999999982,1,39979.3,129.87,1558.44,2.0,1035.4499999999998,1.0,177264.57,0.0,0.0,0.0,198430.76,12.0,12.0,10.0,0,5,0,Low,25.0,25.0,Medium,341.38,2912.75,-2571.37,-753.2280742867185,Loss Making,0,Medium,Low Value - Low/Medium Risk
C00751,Ajay Rao,Retail,Kolkata,West Bengal,75443.0,Low,38,217701.72,640.34,552.14,88.20000000000005,2,1067439.0,131.66,1579.92,1.0,679.32,0.0,0.0,0.0,0.0,0.0,0.0,0.0,0.0,0.0,0,30,0,Medium,0.0,0.0,,640.34,2811.38,-2171.04,-339.0448824062217,Loss Making,1,Medium,High Value - Low/Medium Risk
C00752,Rahul Gupta,Mass Affluent,Chennai,Tamil Nadu,43962.0,Low,20,154777.29,382.65999999999997,361.95,20.70999999999998,1,270043.63,71.6,859.1999999999999,1.0,390.84,1.0,166673.6,27939.88,5336.5170800000005,0.0,200153.87,12.0,10.0,10.0,0,25,0,Medium,70.0,70.0,Critical,5719.17708,1611.9899999999998,4107.187080000001,71.81430164774684,Medium Profit,1,Critical,High Value - High Risk
C00753,Vijay Singh,Sme Owner,Hyderabad,Telangana,72403.0,Medium,38,435260.25,674.66,583.88,90.77999999999997,2,449631.36,107.46000000000001,1289.52,4.0,1550.99,1.0,625015.42,208529.11,30591.220436999996,0.0,162647.12,9.0,8.0,9.0,0,20,0,Medium,30.0,30.0,Medium,31265.880436999996,3424.3900000000003,27841.490436999997,89.04751776653127,Medium Profit,1,Medium,High Value - Low/Medium Risk
C00754,Vishal Verma,Sme Owner,Delhi,Delhi,63447.0,Low,19,89494.59,253.76,331.3,-77.54000000000002,1,196546.1,169.27,2031.2400000000002,2.0,1041.6100000000001,1.0,171526.88,128747.97,19466.693064,0.0,166098.71,24.0,22.0,10.0,0,0,0,Low,40.0,40.0,Medium,19720.453063999998,3404.1500000000005,16316.303063999996,82.73797265736084,Medium Profit,0,Medium,Low Value - Low/Medium Risk
C00755,Rohit Gupta,Retail,Kochi,Kerala,43366.0,High,9,110629.61,155.71,114.33,41.38000000000001,1,150580.24,102.01,1224.1200000000001,2.0,574.0,1.0,700908.35,347462.5,58582.1775,0.0,590447.72,24.0,21.0,10.0,0,25,0,Medium,35.0,35.0,Medium,58737.8875,1912.45,56825.4375,96.74409468675563,High Profit,0,Medium,Low Value - Low/Medium Risk
C00756,Pooja Patel,Mass Affluent,Coimbatore,Tamil Nadu,42718.0,Medium,27,287427.53,445.7,380.15,65.55000000000001,1,12092.76,161.1,1933.1999999999998,3.0,1175.5700000000002,1.0,1994794.63,381897.83,63547.798912,0.0,616257.1900000001,9.0,8.0,9.0,0,30,0,Medium,40.0,40.0,Medium,63993.498911999995,3488.92,60504.578912,94.54800868944866,High Profit,1,Medium,High Value - Low/Medium Risk
C00757,Priya Sharma,Retail,Chennai,Tamil Nadu,43460.0,Low,21,113987.82,292.98,342.68,-49.69999999999999,1,110367.99,137.01,1644.12,4.0,1139.84,0.0,0.0,0.0,0.0,0.0,0.0,0.0,0.0,0.0,0,30,0,Medium,0.0,0.0,,292.98,3126.64,-2833.66,-967.1854734111542,Loss Making,0,Medium,Low Value - Low/Medium Risk
C00758,Kavya Iyer,Retail,Hyderabad,Telangana,91653.0,Medium,18,99408.23999999999,375.77,275.68,100.08999999999997,1,56456.14,113.42,1361.04,2.0,755.04,0.0,0.0,0.0,0.0,0.0,0.0,0.0,0.0,0.0,0,0,0,Low,0.0,0.0,,375.77,2391.76,-2015.9900000000002,-536.4957287702584,Loss Making,0,Low,Low Value - Low/Medium Risk
C00759,Vijay Nair,Retail,Kolkata,West Bengal,23125.0,Low,14,74002.06,211.48,244.33,-32.85000000000002,1,297455.68,41.59,499.08000000000004,1.0,332.41,1.0,570302.88,172917.6,31592.04552,1.0,259452.61000000002,18.0,17.0,59.0,0,5,0,Low,75.0,75.0,Critical,31803.52552,1075.8200000000002,30727.70552,96.61729326415885,Medium Profit,1,Critical,High Value - High Risk
C00760,Karthik Rao,Retail,Pune,Maharashtra,68386.0,Low,13,108988.7,277.64,202.74,74.89999999999998,1,46483.75,70.84,850.08,2.0,667.18,1.0,116217.84,42518.3,6849.69813,0.0,57253.74,12.0,11.0,9.0,0,5,0,Low,35.0,35.0,Medium,7127.33813,1720.0,5407.33813,75.86756838769483,Medium Profit,0,Medium,Low Value - Low/Medium Risk
C00761,Deepa Iyer,Mass Affluent,Pune,Maharashtra,28996.0,Low,21,129592.84,412.84,355.93,56.90999999999997,1,42109.84,99.72,1196.6399999999999,1.0,196.53,0.0,0.0,0.0,0.0,0.0,0.0,0.0,0.0,0.0,0,5,0,Low,0.0,0.0,,412.84,1749.1,-1336.26,-323.6750314891968,Loss Making,0,Low,Low Value - Low/Medium Risk
C00762,Geetha Reddy,Retail,Mumbai,Maharashtra,54450.0,Low,39,270995.92,715.4,658.42,56.98000000000002,2,152989.34,273.49,3281.88,1.0,260.19,0.0,0.0,0.0,0.0,0.0,0.0,0.0,0.0,0.0,1,45,0,High,0.0,0.0,,715.4,4200.49,-3485.0899999999997,-487.1526418786693,Loss Making,0,High,Low Value - High Risk
C00763,Ajay Gupta,Retail,Hyderabad,Telangana,36496.0,Medium,49,457108.87,857.34,669.2,188.14,3,506900.08999999997,282.86,3394.32,3.0,909.45,1.0,134837.58,53899.56,7993.304747999999,0.0,78238.53,24.0,22.0,10.0,0,25,0,Medium,25.0,25.0,Medium,8850.644747999999,4972.97,3877.6747479999985,43.81234202035107,Medium Profit,1,Medium,High Value - Low/Medium Risk
C00764,Vishal Reddy,Retail,Delhi,Delhi,58363.0,Low,16,132913.9,264.77,266.42,-1.650000000000034,1,70922.94,175.37,2104.44,1.0,515.89,0.0,0.0,0.0,0.0,0.0,0.0,0.0,0.0,0.0,0,25,0,Medium,0.0,0.0,,264.77,2886.75,-2621.98,-990.2859085243797,Loss Making,0,Medium,Low Value - Low/Medium Risk
C00765,Rohit Reddy,Sme Owner,Hyderabad,Telangana,65776.0,Low,22,90653.6,462.15999999999997,394.13,68.02999999999997,1,391115.63,154.18,1850.16,1.0,65.18,1.0,135665.43,72456.95,10448.292189999998,0.0,77917.1,24.0,24.0,10.0,0,5,0,Low,25.0,25.0,Medium,10910.452189999998,2309.47,8600.982189999999,78.83249970045468,Medium Profit,1,Medium,High Value - Low/Medium Risk
C00766,Geetha Iyer,Sme Owner,Bengaluru,Karnataka,42536.0,Low,12,160210.66999999998,227.32,194.23,33.09,1,20355.61,125.15,1501.8000000000002,3.0,1531.79,1.0,415160.55,234248.81,31108.241968,1.0,182750.86000000002,17.0,16.0,52.0,0,30,0,Medium,70.0,70.0,Critical,31335.561967999998,3227.82,28107.741968,89.69917947124657,Medium Profit,0,Critical,Low Value - High Risk
C00767,Arun Iyer,Retail,Hyderabad,Telangana,289579.0,Medium,31,209515.14,571.93,462.04,109.88999999999993,2,437652.64999999997,275.91,3310.92,1.0,514.66,0.0,0.0,0.0,0.0,0.0,0.0,0.0,0.0,0.0,0,20,0,Medium,0.0,0.0,,571.93,4287.62,-3715.69,-649.6756596086934,Loss Making,1,Medium,High Value - Low/Medium Risk
C00768,Vijay Verma,Senior Citizen,Delhi,Delhi,44658.0,Low,48,234250.25,749.7,778.47,-28.769999999999982,3,311281.06,380.05,4560.6,1.0,613.27,1.0,1574888.55,808880.48,118581.878368,0.0,1031265.3,20.0,17.0,10.0,0,5,0,Low,30.0,30.0,Medium,119331.578368,5952.34,113379.238368,95.01193223000544,High Profit,1,Medium,High Value - Low/Medium Risk
C00769,Pooja Iyer,Retail,Madurai,Tamil Nadu,44680.0,Low,20,157221.38,343.13,313.37,29.75999999999999,1,29039.62,154.88,1858.56,3.0,1869.85,1.0,2169304.44,1518106.86,324874.86804000003,0.0,3101591.6,24.0,19.0,10.0,0,30,0,Medium,55.0,55.0,High,325217.99804000003,4041.7799999999997,321176.21804,98.7572090030814,High Profit,0,High,Low Value - High Risk
C00770,Anitha Kumar,Sme Owner,Mumbai,Maharashtra,68375.0,Low,43,281779.63,724.95,699.46,25.49000000000001,2,82417.79000000001,132.0,1584.0,3.0,1558.15,1.0,512379.79,264600.46,39478.388632,0.0,495254.83999999997,24.0,21.0,9.0,0,20,0,Medium,30.0,30.0,Medium,40203.338632,3841.61,36361.728632,90.44454980427358,High Profit,0,Medium,Low Value - Low/Medium Risk
C00771,Ajay Singh,Retail,Coimbatore,Tamil Nadu,64327.0,Medium,23,234928.09,407.83,398.63,9.199999999999989,1,32973.48,48.87,586.4399999999999,1.0,126.11,1.0,920450.34,403486.3,61612.358009999996,0.0,1156789.57,23.0,21.0,10.0,0,35,0,Medium,35.0,35.0,Medium,62020.18801,1111.1799999999998,60909.00801,98.20835757572867,High Profit,0,Medium,Low Value - Low/Medium Risk
C00772,Lakshmi Singh,Sme Owner,Mumbai,Maharashtra,77021.0,Low,59,461052.48,1028.52,882.32,146.19999999999993,3,566772.12,306.15999999999997,3673.9199999999996,4.0,1091.34,1.0,129254.06,88808.37,11456.27973,0.0,97675.47,24.0,21.0,10.0,0,30,0,Medium,30.0,30.0,Medium,12484.79973,5647.58,6837.219730000001,54.76435247552025,Medium Profit,1,Medium,High Value - Low/Medium Risk
C00773,Suresh Patel,Retail,Mumbai,Maharashtra,89456.0,Medium,17,116495.79000000001,322.68,241.57999999999998,81.10000000000002,1,101694.67,55.82,669.84,2.0,1006.0799999999999,1.0,741924.11,622139.67,88468.261074,1.0,255577.91999999998,11.0,11.0,48.0,0,0,0,Low,70.0,70.0,Critical,88790.94107399999,1917.5,86873.44107399999,97.84043284505576,High Profit,0,Critical,Low Value - High Risk
C00774,Anitha Singh,Retail,Kolkata,West Bengal,25111.0,Medium,43,289967.0,776.91,665.5,111.40999999999997,2,81964.7,184.4,2212.8,1.0,534.97,0.0,0.0,0.0,0.0,0.0,0.0,0.0,0.0,0.0,0,35,0,Medium,0.0,0.0,,776.91,3413.2700000000004,-2636.3600000000006,-339.33917699604854,Loss Making,1,Medium,High Value - Low/Medium Risk
C00775,Ajay Singh,Sme Owner,Mumbai,Maharashtra,38744.0,High,36,439848.49,550.05,478.54,71.50999999999993,2,125577.49,193.05,2316.6000000000004,7.0,2718.45,1.0,813028.46,516625.42,89944.485622,1.0,289696.55,4.0,3.0,47.0,3,40,0,High,70.0,70.0,Critical,90494.535622,5513.59,84980.945622,93.90726748073439,High Profit,1,Critical,High Value - High Risk
C00776,Geetha Sharma,Mass Affluent,Kolkata,West Bengal,32597.0,Low,46,357108.38,712.73,739.21,-26.480000000000018,2,256471.66,246.26,2955.12,3.0,1248.78,0.0,0.0,0.0,0.0,0.0,0.0,0.0,0.0,0.0,0,30,0,Medium,0.0,0.0,,712.73,4943.11,-4230.379999999999,-593.5459430639933,Loss Making,1,Medium,High Value - Low/Medium Risk
C00777,Meena Reddy,Premium,Madurai,Tamil Nadu,151845.0,Medium,38,270875.14,572.49,618.75,-46.25999999999999,2,205389.16999999998,196.12,2353.44,3.0,756.21,1.0,728794.38,578730.86,83858.101614,0.0,935623.61,24.0,21.0,10.0,0,20,0,Medium,30.0,30.0,Medium,84430.591614,3728.4,80702.19161400001,95.58406505423353,High Profit,0,Medium,Low Value - Low/Medium Risk
C00778,Rohit Iyer,Mass Affluent,Kolkata,West Bengal,76868.0,Low,38,309226.1,788.89,633.66,155.23000000000002,3,250965.8,219.35000000000002,2632.2000000000003,2.0,294.46,0.0,0.0,0.0,0.0,0.0,0.0,0.0,0.0,0.0,0,35,0,Medium,0.0,0.0,,788.89,3560.32,-2771.4300000000003,-351.3075333696714,Loss Making,1,Medium,High Value - Low/Medium Risk
C00779,Rohit Sharma,Retail,Kolkata,West Bengal,43506.0,Medium,60,386083.69,1111.12,957.0699999999999,154.04999999999995,3,530622.87,402.7,4832.4,2.0,1246.58,0.0,0.0,0.0,0.0,0.0,0.0,0.0,0.0,0.0,1,40,0,High,0.0,0.0,,1111.12,7036.049999999999,-5924.929999999999,-533.2394340845274,Loss Making,1,High,High Value - High Risk
C00780,Lakshmi Gupta,Mass Affluent,Coimbatore,Tamil Nadu,54178.0,Low,24,418576.36,319.31,341.78,-22.46999999999997,1,41837.54,133.44,1601.28,2.0,922.1999999999999,0.0,0.0,0.0,0.0,0.0,0.0,0.0,0.0,0.0,4,70,2,Critical,0.0,0.0,,319.31,2865.2599999999998,-2545.95,-797.3286148257179,Loss Making,1,Critical,High Value - High Risk
C00781,Suresh Nair,Retail,Bengaluru,Karnataka,42971.0,Low,19,157500.0,275.81,307.1,-31.29000000000002,1,60320.03,62.84,754.08,2.0,1091.87,1.0,93188.02,15176.89,2282.6042559999996,1.0,45326.22,17.0,16.0,51.0,0,35,0,Medium,70.0,70.0,Critical,2558.4142559999996,2153.05,405.3642559999994,15.844355739080882,Medium Profit,0,Critical,Low Value - High Risk
C00782,Rohit Reddy,Senior Citizen,Mumbai,Maharashtra,13412.0,Low,47,235777.81,776.1800000000001,817.64,-41.45999999999992,3,347366.51,419.13,5029.5599999999995,2.0,867.2,1.0,94555.07,65198.22,9818.851932000001,1.0,70994.31,8.0,8.0,25.0,0,30,0,Medium,70.0,70.0,Critical,10595.031932000002,6714.4,3880.631932000002,36.626901711163256,Medium Profit,1,Critical,High Value - High Risk
C00783,Arun Gupta,Student,Chennai,Tamil Nadu,63720.0,Low,21,271060.97,361.87,311.18,50.69,1,122313.02,38.65,463.79999999999995,1.0,97.39,1.0,1109159.41,1016951.33,182237.678336,0.0,653688.32,22.0,21.0,10.0,0,30,0,Medium,35.0,35.0,Medium,182599.548336,872.37,181727.178336,99.52224963974459,High Profit,0,Medium,Low Value - Low/Medium Risk
C00784,Karthik Nair,Mass Affluent,Chennai,Tamil Nadu,36711.0,Medium,38,584187.9,692.36,561.82,130.53999999999996,2,406201.66000000003,83.84,1006.08,4.0,2085.51,1.0,263936.07,0.0,0.0,0.0,189384.95,24.0,20.0,10.0,0,20,0,Medium,45.0,45.0,Medium,692.36,3653.4100000000003,-2961.05,-427.67490900687505,Loss Making,1,Medium,High Value - Low/Medium Risk
C00785,Pooja Iyer,Retail,Chennai,Tamil Nadu,61946.0,Low,45,398211.04,805.59,729.1899999999999,76.40000000000009,2,226222.7,247.89,2974.68,2.0,866.4300000000001,1.0,1726060.16,1216809.86,150762.741654,0.0,917897.78,24.0,22.0,10.0,0,35,0,Medium,30.0,30.0,Medium,151568.331654,4570.3,146998.03165400002,96.98466035079606,High Profit,1,Medium,High Value - Low/Medium Risk
C00786,Naveen Rao,Sme Owner,Hyderabad,Telangana,43400.0,High,28,181371.79,511.47,484.12,27.350000000000023,2,86425.78,120.12,1441.44,2.0,546.0699999999999,1.0,99298.91,44547.07,6757.790519,0.0,79758.51,24.0,21.0,10.0,0,25,0,Medium,35.0,35.0,Medium,7269.260519,2471.63,4797.630519,65.99887989239363,Medium Profit,0,Medium,Low Value - Low/Medium Risk
C00787,Sanjay Gupta,Retail,Chennai,Tamil Nadu,61238.0,Low,22,223428.88,367.57,304.03,63.54000000000002,1,537105.73,122.3,1467.6,2.0,973.14,1.0,260785.39,182231.08,22122.853112,0.0,236138.34,24.0,22.0,10.0,0,20,0,Medium,35.0,35.0,Medium,22490.423112,2744.77,19745.653112,87.79582764480985,Medium Profit,1,Medium,High Value - Low/Medium Risk
C00788,Ajay Sharma,Premium,Pune,Maharashtra,43160.0,Medium,12,117537.20000000001,177.94,223.25,-45.31,1,102789.57,20.4,244.79999999999998,2.0,962.87,1.0,1622127.44,0.0,0.0,0.0,950501.41,24.0,21.0,10.0,0,35,0,Medium,25.0,25.0,Medium,177.94,1430.92,-1252.98,-704.1587051815219,Loss Making,0,Medium,Low Value - Low/Medium Risk
C00789,Lakshmi Reddy,Retail,Coimbatore,Tamil Nadu,80130.0,Low,14,55062.2,214.03,231.77,-17.74000000000001,1,164987.2,160.0,1920.0,2.0,994.17,0.0,0.0,0.0,0.0,0.0,0.0,0.0,0.0,0.0,0,5,0,Low,0.0,0.0,,214.03,3145.94,-2931.91,-1369.8593655095078,Loss Making,0,Low,Low Value - Low/Medium Risk
C00790,Vijay Singh,Retail,Kochi,Kerala,29427.0,High,22,128310.9,522.71,353.82,168.89000000000004,1,47630.83,64.16,769.92,3.0,927.6400000000001,1.0,168569.84,0.0,0.0,0.0,127873.84999999999,24.0,24.0,10.0,0,25,0,Medium,35.0,35.0,Medium,522.71,2051.38,-1528.67,-292.4508809856325,Loss Making,0,Medium,Low Value - Low/Medium Risk
C00791,Vishal Nair,Student,Kolkata,West Bengal,67977.0,Low,46,270369.19,820.05,731.43,88.62,2,207378.52000000002,128.03,1536.3600000000001,1.0,630.27,1.0,1214666.1,1063851.89,115640.70044299998,1.0,1014781.6,10.0,9.0,44.0,0,20,0,Medium,70.0,70.0,Critical,116460.75044299998,2898.06,113562.69044299998,97.51155647806132,High Profit,0,Critical,Low Value - High Risk
C00792,Suresh Gupta,Sme Owner,Kochi,Kerala,43551.0,Medium,10,93892.81,145.17000000000002,192.70999999999998,-47.539999999999964,1,65218.22,100.33,1203.96,2.0,663.75,1.0,164413.59,113283.55,17173.786180000003,0.0,72972.04,11.0,11.0,10.0,0,30,0,Medium,40.0,40.0,Medium,17318.95618,2060.42,15258.536180000001,88.10309363575051,Medium Profit,0,Medium,Low Value - Low/Medium Risk
C00793,Lakshmi Nair,Senior Citizen,Mumbai,Maharashtra,60479.0,Low,26,485959.75,447.82,422.39,25.430000000000007,1,34727.15,170.13,2041.56,1.0,148.05,1.0,319955.36,264391.68,34503.11424,0.0,402822.55,24.0,22.0,10.0,6,70,6,Critical,25.0,25.0,Medium,34950.93424,2612.0,32338.934240000002,92.52666614842397,High Profit,1,Critical,High Value - High Risk
C00794,Pooja Kumar,Retail,Kolkata,West Bengal,79143.0,Low,23,145774.1,447.21,337.18,110.02999999999997,1,80561.44,27.25,327.0,1.0,482.7,1.0,621887.79,465546.48,60940.03423199999,0.0,455530.18,19.0,19.0,10.0,0,20,0,Medium,30.0,30.0,Medium,61387.24423199999,1146.88,60240.36423199999,98.13172913306613,High Profit,0,Medium,Low Value - Low/Medium Risk
C00795,Anitha Sharma,Mass Affluent,Hyderabad,Telangana,34299.0,High,32,229485.29,547.82,503.19,44.63000000000005,2,205628.57,64.81,777.72,1.0,275.96,0.0,0.0,0.0,0.0,0.0,0.0,0.0,0.0,0.0,1,40,0,High,0.0,0.0,,547.82,1556.8700000000001,-1009.0500000000001,-184.1937132634807,Loss Making,0,High,Low Value - High Risk
C00796,Naveen Sharma,Mass Affluent,Kochi,Kerala,96812.0,Low,15,124536.91,288.75,190.41,98.34,1,71270.84,165.59,1987.08,4.0,1868.1399999999999,0.0,0.0,0.0,0.0,0.0,0.0,0.0,0.0,0.0,0,35,0,Medium,0.0,0.0,,288.75,4045.6299999999997,-3756.8799999999997,-1301.0839826839826,Loss Making,0,Medium,Low Value - Low/Medium Risk
C00797,Geetha Iyer,Student,Bengaluru,Karnataka,37457.0,Low,23,277115.46,408.23,321.58,86.65000000000003,1,56889.3,24.37,292.44,3.0,852.33,0.0,0.0,0.0,0.0,0.0,0.0,0.0,0.0,0.0,0,25,0,Medium,0.0,0.0,,408.23,1466.35,-1058.12,-259.19702128701954,Loss Making,0,Medium,Low Value - Low/Medium Risk
C00798,Lakshmi Rao,Senior Citizen,Mumbai,Maharashtra,41878.0,Low,16,116685.3,184.94,272.33,-87.38999999999999,1,218413.11,87.91,1054.92,3.0,1161.0500000000002,1.0,324640.69,240042.82,32981.883468,0.0,305558.45,24.0,21.0,10.0,0,25,0,Medium,25.0,25.0,Medium,33166.823468,2488.3,30678.523468000003,92.4976234085222,Medium Profit,0,Medium,Low Value - Low/Medium Risk
C00799,Karthik Iyer,Premium,Madurai,Tamil Nadu,35072.0,Medium,17,195863.05,256.29,221.81,34.48000000000002,1,196562.02,57.14,685.6800000000001,4.0,1334.5,1.0,175350.78,0.0,0.0,0.0,117119.85,24.0,20.0,10.0,0,30,0,Medium,60.0,60.0,High,256.29,2241.99,-1985.6999999999998,-774.7863748097857,Loss Making,0,High,Low Value - High Risk
C00800,Rahul Singh,Sme Owner,Pune,Maharashtra,19284.0,Low,59,503701.24,1173.31,925.19,248.1199999999999,3,140921.2,150.82,1809.84,3.0,1002.8900000000001,0.0,0.0,0.0,0.0,0.0,0.0,0.0,0.0,0.0,0,20,0,Medium,0.0,0.0,,1173.31,3737.92,-2564.61,-218.57906265181413,Loss Making,1,Medium,High Value - Low/Medium Risk
C00801,Rohit Nair,Retail,Kochi,Kerala,72477.0,High,9,46435.58,132.06,191.4,-59.34,1,156139.46,88.7,1064.4,1.0,542.32,1.0,108287.85,79986.89,12813.899778,0.0,107330.15,24.0,22.0,10.0,0,0,0,Low,35.0,35.0,Medium,12945.959778,1798.1200000000003,11147.839778,86.11057016370717,Medium Profit,0,Medium,Low Value - Low/Medium Risk
C00802,Sanjay Kumar,Retail,Kolkata,West Bengal,38523.0,Low,21,354284.63,369.77,386.81,-17.04000000000002,1,14993.67,120.02,1440.24,3.0,1264.74,0.0,0.0,0.0,0.0,0.0,0.0,0.0,0.0,0.0,3,70,3,Critical,0.0,0.0,,369.77,3091.79,-2722.02,-736.1386808015794,Loss Making,1,Critical,High Value - High Risk
C00803,Vishal Nair,Retail,Hyderabad,Telangana,30066.0,Low,37,261551.32,728.5,571.93,156.57000000000005,2,157891.27,139.79,1677.48,3.0,987.9900000000001,0.0,0.0,0.0,0.0,0.0,0.0,0.0,0.0,0.0,0,30,0,Medium,0.0,0.0,,728.5,3237.4,-2508.9,-344.3925875085793,Loss Making,0,Medium,Low Value - Low/Medium Risk
C00804,Kavya Rao,Sme Owner,Mumbai,Maharashtra,35194.0,Low,42,328487.55,610.5,644.26,-33.75999999999999,2,351618.51999999996,132.12,1585.44,3.0,1714.0700000000002,0.0,0.0,0.0,0.0,0.0,0.0,0.0,0.0,0.0,0,20,0,Medium,0.0,0.0,,610.5,3943.77,-3333.27,-545.990171990172,Loss Making,1,Medium,High Value - Low/Medium Risk
C00805,Suresh Verma,Premium,Pune,Maharashtra,131315.0,Low,31,226138.11,494.2,488.28999999999996,5.910000000000025,2,469519.82999999996,154.45,1853.3999999999999,2.0,765.4000000000001,0.0,0.0,0.0,0.0,0.0,0.0,0.0,0.0,0.0,0,20,0,Medium,0.0,0.0,,494.2,3107.0899999999997,-2612.89,-528.7110481586402,Loss Making,1,Medium,High Value - Low/Medium Risk
C00806,Kavya Iyer,Retail,Kolkata,West Bengal,78742.0,High,21,139045.81,428.68,335.40999999999997,93.27000000000004,1,80756.02,172.14,2065.68,1.0,596.42,1.0,95430.3,58694.09,7278.06716,0.0,36066.97,4.0,4.0,9.0,0,5,0,Low,25.0,25.0,Medium,7706.74716,2997.5099999999998,4709.237160000001,61.10538028861454,Medium Profit,0,Medium,Low Value - Low/Medium Risk
C00807,Sanjay Nair,Senior Citizen,Coimbatore,Tamil Nadu,46067.0,Low,29,149844.61,483.42,431.90999999999997,51.51000000000005,2,380186.03,177.97,2135.64,0.0,0.0,0.0,0.0,0.0,0.0,0.0,0.0,0.0,0.0,0.0,0,35,0,Medium,0.0,0.0,,483.42,2567.5499999999997,-2084.1299999999997,-431.122005709321,Loss Making,1,Medium,High Value - Low/Medium Risk
C00808,Sneha Kumar,Mass Affluent,Hyderabad,Telangana,93971.0,Low,38,301728.75,670.46,694.08,-23.620000000000005,2,147329.68,132.08,1584.96,2.0,1236.02,1.0,2398673.89,1204893.94,176516.96220999997,0.0,2303575.33,24.0,22.0,10.0,0,30,0,Medium,30.0,30.0,Medium,177187.42220999996,3515.06,173672.36220999996,98.0161910161806,High Profit,1,Medium,High Value - Low/Medium Risk
C00809,Deepa Gupta,Retail,Pune,Maharashtra,51694.0,Low,21,154721.43,386.73,334.69,52.04000000000002,1,94699.51,108.95,1307.4,4.0,1899.85,0.0,0.0,0.0,0.0,0.0,0.0,0.0,0.0,0.0,0,20,0,Medium,0.0,0.0,,386.73,3541.94,-3155.21,-815.8689524991596,Loss Making,0,Medium,Low Value - Low/Medium Risk
C00810,Anitha Gupta,Student,Hyderabad,Telangana,18923.0,Low,18,125750.65999999999,248.82,306.02,-57.19999999999999,1,333059.32,145.28,1743.3600000000001,2.0,1568.71,1.0,724365.27,575863.52,95247.826208,1.0,258460.14,13.0,12.0,58.0,0,25,0,Medium,70.0,70.0,Critical,95496.646208,3618.09,91878.55620800001,96.2112910309756,High Profit,1,Critical,High Value - High Risk
C00811,Naveen Rao,Premium,Chennai,Tamil Nadu,16262.0,Low,21,139085.06,379.2,323.8,55.39999999999998,1,855743.3,82.18,986.1600000000001,5.0,2134.1099999999997,1.0,1350361.48,1239937.36,225916.58699200003,1.0,1355253.04,19.0,19.0,53.0,0,20,0,Medium,85.0,85.0,Critical,226295.78699200004,3444.0699999999997,222851.71699200003,98.47806711482359,High Profit,1,Critical,High Value - High Risk
C00812,Sneha Patel,Retail,Kolkata,West Bengal,94446.0,Low,38,286900.49,703.26,526.02,177.24,2,134396.51,70.86,850.3199999999999,3.0,1185.75,1.0,294312.91,203764.09,31827.950858,0.0,287534.82,24.0,20.0,10.0,0,35,0,Medium,35.0,35.0,Medium,32531.210858,2562.09,29969.120858,92.12420954392499,Medium Profit,1,Medium,High Value - Low/Medium Risk
C00813,Lakshmi Kumar,Retail,Kolkata,West Bengal,32607.0,Low,18,128797.89,370.5,348.22,22.279999999999973,1,123877.09,129.11,1549.3200000000002,2.0,769.4200000000001,1.0,174023.51,32243.07,5226.601647,1.0,62924.72,7.0,6.0,52.0,0,35,0,Medium,70.0,70.0,Critical,5597.101647,2666.96,2930.1416470000004,52.35105295203155,Medium Profit,0,Critical,Low Value - High Risk
C00814,Suresh Gupta,Sme Owner,Coimbatore,Tamil Nadu,65901.0,Low,14,67465.08,266.40999999999997,205.63,60.77999999999997,1,27997.41,38.17,458.04,1.0,607.34,0.0,0.0,0.0,0.0,0.0,0.0,0.0,0.0,0.0,0,35,0,Medium,0.0,0.0,,266.40999999999997,1271.0100000000002,-1004.6000000000003,-377.08794714913114,Loss Making,0,Medium,Low Value - Low/Medium Risk
C00815,Divya Gupta,Mass Affluent,Pune,Maharashtra,22918.0,Low,41,320764.73,673.98,701.85,-27.870000000000005,2,158965.02,88.65,1063.8000000000002,1.0,287.52,0.0,0.0,0.0,0.0,0.0,0.0,0.0,0.0,0.0,0,30,0,Medium,0.0,0.0,,673.98,2053.17,-1379.19,-204.63366865485622,Loss Making,1,Medium,High Value - Low/Medium Risk
C00816,Vijay Rao,Retail,Pune,Maharashtra,74303.0,Low,14,86493.67,292.61,199.95,92.66000000000003,1,135191.9,143.47,1721.6399999999999,3.0,1178.2,1.0,751273.96,0.0,0.0,0.0,594172.29,24.0,23.0,10.0,0,20,0,Medium,25.0,25.0,Medium,292.61,3099.79,-2807.18,-959.3588735860017,Loss Making,0,Medium,Low Value - Low/Medium Risk
C00817,Ajay Kumar,Sme Owner,Mumbai,Maharashtra,66728.0,Medium,11,40320.58,152.74,167.94,-15.199999999999989,1,21636.88,168.13,2017.56,2.0,526.74,1.0,82468.14,25708.24,4833.14912,0.0,113682.66,24.0,20.0,10.0,0,0,0,Low,55.0,55.0,High,4985.88912,2712.24,2273.64912,45.60167836223361,Medium Profit,0,High,Low Value - High Risk
C00818,Deepa Nair,Senior Citizen,Kolkata,West Bengal,36324.0,Low,24,156430.18,362.04,353.52,8.520000000000039,1,430519.17,39.52,474.24,2.0,494.65000000000003,1.0,718686.48,586258.3,108457.78550000001,0.0,623702.39,24.0,20.0,10.0,0,20,0,Medium,55.0,55.0,High,108819.8255,1322.41,107497.4155,98.78477107096629,High Profit,1,High,High Value - High Risk
C00819,Sanjay Gupta,Senior Citizen,Madurai,Tamil Nadu,46333.0,Low,46,551592.61,919.38,722.1,197.27999999999997,2,325728.70999999996,87.42,1049.04,3.0,2059.96,0.0,0.0,0.0,0.0,0.0,0.0,0.0,0.0,0.0,8,70,6,Critical,0.0,0.0,,919.38,3831.1,-2911.72,-316.70473580021314,Loss Making,1,Critical,High Value - High Risk
C00820,Suresh Verma,Retail,Chennai,Tamil Nadu,69722.0,Medium,33,188249.74,627.9,488.71,139.19,2,468405.72,234.49,2813.88,1.0,483.33,0.0,0.0,0.0,0.0,0.0,0.0,0.0,0.0,0.0,0,5,0,Low,0.0,0.0,,627.9,3785.92,-3158.02,-502.94951425386205,Loss Making,1,Low,High Value - Low/Medium Risk
C00821,Geetha Kumar,Mass Affluent,Chennai,Tamil Nadu,36084.0,Low,22,233881.26,404.9,374.35,30.549999999999955,1,216783.83,98.54,1182.48,4.0,1365.41,0.0,0.0,0.0,0.0,0.0,0.0,0.0,0.0,0.0,0,20,0,Medium,0.0,0.0,,404.9,2922.24,-2517.3399999999997,-621.7189429488762,Loss Making,0,Medium,Low Value - Low/Medium Risk
C00822,Rohit Reddy,Retail,Madurai,Tamil Nadu,39993.0,Medium,17,80943.03,233.83,270.05,-36.22,1,10207.82,68.27,819.24,2.0,1446.14,1.0,285664.21,244428.11,38570.755758,0.0,280069.07,24.0,24.0,10.0,0,5,0,Low,50.0,50.0,High,38804.585758,2535.4300000000003,36269.155758,93.46615883026843,High Profit,0,High,Low Value - High Risk
C00823,Vishal Gupta,Retail,Hyderabad,Telangana,174627.0,Low,53,467232.05,797.54,886.02,-88.48000000000002,3,202502.89,252.68000000000004,3032.1600000000003,1.0,465.29,1.0,331239.92,152817.91,23793.748587000002,0.0,196184.4,20.0,18.0,9.0,0,25,0,Medium,40.0,40.0,Medium,24591.288587000003,4383.47,20207.818587,82.17470392211456,Medium Profit,1,Medium,High Value - Low/Medium Risk
C00824,Sanjay Patel,Mass Affluent,Madurai,Tamil Nadu,40088.0,Low,33,225421.35,690.28,559.32,130.95999999999992,2,151167.95,230.12,2761.44,1.0,360.14,1.0,2305721.95,458663.97,73019.304024,0.0,1042719.11,18.0,15.0,10.0,0,30,0,Medium,50.0,50.0,High,73709.584024,3680.9,70028.684024,95.00621249090013,High Profit,0,High,Low Value - High Risk
C00825,Sneha Iyer,Mass Affluent,Bengaluru,Karnataka,98102.0,Low,17,80077.23999999999,288.88,260.19,28.689999999999998,1,143316.29,53.31,639.72,3.0,1475.7,1.0,545582.87,433130.74,65705.933258,0.0,186097.87,14.0,14.0,10.0,0,25,0,Medium,45.0,45.0,Medium,65994.81325800001,2375.61,63619.20325800001,96.40030802009728,High Profit,0,Medium,Low Value - Low/Medium Risk
C00826,Arun Singh,Mass Affluent,Pune,Maharashtra,47588.0,Low,14,111470.28,193.74,221.54,-27.799999999999983,1,61592.51,84.67,1016.04,2.0,1104.44,0.0,0.0,0.0,0.0,0.0,0.0,0.0,0.0,0.0,0,35,0,Medium,0.0,0.0,,193.74,2342.02,-2148.2799999999997,-1108.8469082275212,Loss Making,0,Medium,Low Value - Low/Medium Risk
C00827,Arun Iyer,Student,Chennai,Tamil Nadu,46889.0,Low,34,223065.85,634.15,532.96,101.18999999999994,2,411044.47000000003,128.76,1545.12,2.0,818.25,1.0,140851.57,97451.6,14763.9174,0.0,134817.53,10.0,10.0,10.0,0,35,0,Medium,40.0,40.0,Medium,15398.0674,2896.33,12501.7374,81.19030184268449,Medium Profit,1,Medium,High Value - Low/Medium Risk
C00828,Sanjay Rao,Mass Affluent,Bengaluru,Karnataka,131658.0,Low,39,274471.42,611.65,617.85,-6.2000000000000455,2,251819.22,228.87,2746.44,3.0,1483.12,1.0,356173.82,126188.13,19773.679971,0.0,466828.74,24.0,23.0,10.0,0,20,0,Medium,35.0,35.0,Medium,20385.329971000003,4847.41,15537.919971000003,76.2210864043119,Medium Profit,1,Medium,High Value - Low/Medium Risk
C00829,Pooja Iyer,Retail,Pune,Maharashtra,97228.0,Low,32,261340.65,610.18,532.31,77.87,2,361415.12,134.07999999999998,1608.9599999999998,3.0,1296.63,1.0,1430919.09,0.0,0.0,0.0,1167083.41,15.0,13.0,8.0,0,30,0,Medium,35.0,35.0,Medium,610.18,3437.8999999999996,-2827.72,-463.42390769936736,Loss Making,1,Medium,High Value - Low/Medium Risk
C00830,Geetha Iyer,Retail,Kolkata,West Bengal,31128.0,Medium,22,133914.75,330.69,381.68,-50.99000000000001,1,166515.49,132.72,1592.6399999999999,3.0,1032.17,0.0,0.0,0.0,0.0,0.0,0.0,0.0,0.0,0.0,0,30,0,Medium,0.0,0.0,,330.69,3006.49,-2675.7999999999997,-809.1566119326255,Loss Making,0,Medium,Low Value - Low/Medium Risk
C00831,Ajay Kumar,Sme Owner,Coimbatore,Tamil Nadu,46543.0,Low,59,511427.68,1053.42,1028.59,24.830000000000155,3,911504.1399999999,390.94,4691.28,2.0,484.19,1.0,1335861.05,0.0,0.0,0.0,390860.04,5.0,4.0,10.0,0,25,0,Medium,60.0,60.0,High,1053.42,6204.0599999999995,-5150.639999999999,-488.94458050919854,Loss Making,1,High,High Value - High Risk
C00832,Sneha Gupta,Senior Citizen,Coimbatore,Tamil Nadu,65498.0,Low,18,96193.24,416.69,315.23,101.45999999999998,1,55916.25,145.86,1750.3200000000002,1.0,549.28,1.0,766548.14,0.0,0.0,0.0,686673.84,22.0,19.0,10.0,0,20,0,Medium,40.0,40.0,Medium,416.69,2614.83,-2198.14,-527.5240586527154,Loss Making,0,Medium,Low Value - Low/Medium Risk
C00833,Geetha Singh,Retail,Delhi,Delhi,189411.0,Low,25,229323.72,380.2,393.79,-13.590000000000032,1,37479.37,137.24,1646.88,0.0,0.0,1.0,1979441.08,1812877.87,225884.582602,0.0,1011562.09,23.0,22.0,10.0,0,20,0,Medium,30.0,30.0,Medium,226264.78260200002,2040.67,224224.112602,99.09810533635296,High Profit,0,Medium,Low Value - Low/Medium Risk
C00834,Deepa Kumar,Retail,Chennai,Tamil Nadu,30249.0,Low,37,432489.32,635.86,556.08,79.77999999999997,2,139522.86000000002,328.84000000000003,3946.0800000000004,1.0,137.59,0.0,0.0,0.0,0.0,0.0,0.0,0.0,0.0,0.0,0,30,0,Medium,0.0,0.0,,635.86,4639.750000000001,-4003.890000000001,-629.681061868965,Loss Making,1,Medium,High Value - Low/Medium Risk
C00835,Suresh Patel,Retail,Mumbai,Maharashtra,116336.0,Low,28,136206.68,470.15999999999997,510.43,-40.27000000000004,2,77545.73000000001,158.26,1899.12,2.0,581.37,1.0,346488.13,0.0,0.0,0.0,402532.05,12.0,12.0,9.0,0,25,0,Medium,50.0,50.0,High,470.15999999999997,2990.9199999999996,-2520.7599999999998,-536.1493959503148,Loss Making,0,High,Low Value - High Risk
C00836,Kavya Patel,Senior Citizen,Pune,Maharashtra,38703.0,Low,42,371506.48,706.81,629.12,77.68999999999994,2,256914.38999999998,160.53,1926.3600000000001,1.0,539.09,0.0,0.0,0.0,0.0,0.0,0.0,0.0,0.0,0.0,0,30,0,Medium,0.0,0.0,,706.81,3094.57,-2387.76,-337.82204552850135,Loss Making,1,Medium,High Value - Low/Medium Risk
C00837,Sanjay Singh,Retail,Madurai,Tamil Nadu,74426.0,Low,42,273357.22,796.22,602.27,193.95000000000005,2,56093.8,177.32999999999998,2127.96,3.0,1354.72,1.0,120093.83,0.0,0.0,0.0,60083.09,22.0,21.0,10.0,0,25,0,Medium,25.0,25.0,Medium,796.22,4084.95,-3288.7299999999996,-413.0428775966441,Loss Making,0,Medium,Low Value - Low/Medium Risk
C00838,Suresh Rao,Senior Citizen,Pune,Maharashtra,97326.0,Medium,45,484771.24,736.97,622.19,114.77999999999997,2,77105.6,211.56,2538.7200000000003,2.0,709.8199999999999,1.0,1266395.67,0.0,0.0,0.0,1652169.79,24.0,23.0,10.0,0,30,0,Medium,25.0,25.0,Medium,736.97,3870.7300000000005,-3133.76,-425.22219357640074,Loss Making,1,Medium,High Value - Low/Medium Risk
C00839,Ajay Patel,Mass Affluent,Kochi,Kerala,36584.0,Low,16,80866.83,260.52,276.13,-15.610000000000014,1,57847.85,72.42,869.04,0.0,0.0,1.0,500755.43,280715.24,43145.932388,1.0,345029.14,18.0,18.0,60.0,0,5,0,Low,70.0,70.0,Critical,43406.452388,1145.17,42261.282388,97.36175168206884,High Profit,0,Critical,Low Value - High Risk
C00840,Naveen Singh,Retail,Bengaluru,Karnataka,72703.0,High,21,85266.57,290.88,321.34,-30.45999999999998,1,25660.13,22.39,268.68,2.0,751.04,1.0,2142704.59,1647679.63,230016.07634799997,0.0,2026999.99,24.0,21.0,10.0,0,0,0,Low,25.0,25.0,Medium,230306.95634799998,1341.06,228965.89634799998,99.4177075580932,High Profit,0,Medium,Low Value - Low/Medium Risk
C00841,Pooja Nair,Mass Affluent,Kolkata,West Bengal,41534.0,Low,20,180833.88,282.44,327.77,-45.329999999999984,1,20206.78,128.11,1537.3200000000002,3.0,1078.3,0.0,0.0,0.0,0.0,0.0,0.0,0.0,0.0,0.0,0,25,0,Medium,0.0,0.0,,282.44,2943.3900000000003,-2660.9500000000003,-942.1293017986121,Loss Making,0,Medium,Low Value - Low/Medium Risk
C00842,Pooja Nair,Mass Affluent,Delhi,Delhi,32096.0,Low,14,67835.48,170.07999999999998,240.69,-70.61000000000001,1,1822133.22,56.22,674.64,1.0,317.98,0.0,0.0,0.0,0.0,0.0,0.0,0.0,0.0,0.0,0,0,0,Low,0.0,0.0,,170.07999999999998,1233.31,-1063.23,-625.1352304797743,Loss Making,1,Low,High Value - Low/Medium Risk
C00843,Lakshmi Singh,Retail,Bengaluru,Karnataka,60375.0,Low,15,102280.03,348.81,249.96,98.85,1,106040.61,67.28,807.36,6.0,3009.24,1.0,636241.18,140865.65,25369.903565,1.0,403280.13,20.0,19.0,49.0,0,35,0,Medium,75.0,75.0,Critical,25718.713565000002,4066.5599999999995,21652.153565,84.18832267903909,Medium Profit,0,Critical,Low Value - High Risk
C00844,Ajay Singh,Mass Affluent,Hyderabad,Telangana,83145.0,Low,24,149933.61000000002,480.33,432.9,47.43000000000001,1,60077.73,77.47,929.64,2.0,372.08000000000004,1.0,85753.46,52279.0,8244.3983,0.0,112468.64,24.0,21.0,10.0,0,5,0,Low,40.0,40.0,Medium,8724.7283,1734.62,6990.108300000001,80.11834935879895,Medium Profit,0,Medium,Low Value - Low/Medium Risk
C00845,Divya Rao,Mass Affluent,Kochi,Kerala,159704.0,Medium,10,73213.12,139.71,159.12,-19.409999999999997,1,31453.91,39.38,472.56000000000006,2.0,537.78,0.0,0.0,0.0,0.0,0.0,0.0,0.0,0.0,0.0,0,30,0,Medium,0.0,0.0,,139.71,1169.46,-1029.75,-737.0624865793429,Loss Making,0,Medium,Low Value - Low/Medium Risk
C00846,Rahul Patel,Premium,Chennai,Tamil Nadu,45465.0,Low,12,40976.84,220.25,180.09,40.16,1,273849.1,86.88,1042.56,1.0,449.95,0.0,0.0,0.0,0.0,0.0,0.0,0.0,0.0,0.0,0,0,0,Low,0.0,0.0,,220.25,1672.6,-1452.35,-659.4097616345061,Loss Making,1,Low,High Value - Low/Medium Risk
C00847,Sneha Patel,Mass Affluent,Chennai,Tamil Nadu,53529.0,Medium,35,243380.59,609.4300000000001,593.65,15.780000000000086,2,139260.13,196.96,2363.52,2.0,775.99,0.0,0.0,0.0,0.0,0.0,0.0,0.0,0.0,0.0,0,30,0,Medium,0.0,0.0,,609.4300000000001,3733.16,-3123.7299999999996,-512.5658402113448,Loss Making,0,Medium,Low Value - Low/Medium Risk
C00848,Lakshmi Rao,Student,Mumbai,Maharashtra,40565.0,Low,17,144950.52,375.67,318.04,57.629999999999995,1,88324.27,20.39,244.68,0.0,0.0,0.0,0.0,0.0,0.0,0.0,0.0,0.0,0.0,0.0,0,20,0,Medium,0.0,0.0,,375.67,562.72,-187.05,-49.79104000851812,Loss Making,0,Medium,Low Value - Low/Medium Risk
C00849,Sneha Patel,Retail,Pune,Maharashtra,60895.0,Medium,12,169670.47,299.12,192.56,106.56,1,21752.71,33.26,399.12,3.0,878.86,0.0,0.0,0.0,0.0,0.0,0.0,0.0,0.0,0.0,0,25,0,Medium,0.0,0.0,,299.12,1470.54,-1171.42,-391.6220914683071,Loss Making,0,Medium,Low Value - Low/Medium Risk
C00850,Pooja Nair,Retail,Mumbai,Maharashtra,21671.0,Low,23,128975.90000000001,383.27000000000004,423.18,-39.90999999999997,1,28594.33,154.06,1848.72,1.0,514.35,1.0,478391.52,0.0,0.0,0.0,338163.89,20.0,17.0,10.0,0,5,0,Low,40.0,40.0,Medium,383.27000000000004,2786.25,-2402.98,-626.9679338325462,Loss Making,0,Medium,Low Value - Low/Medium Risk
C00851,Ajay Singh,Sme Owner,Coimbatore,Tamil Nadu,44437.0,High,19,153097.55,368.01,308.17,59.839999999999975,1,147048.12,167.2,2006.3999999999999,1.0,156.25,1.0,127276.86,80832.41,11930.863716000002,1.0,67215.06,6.0,5.0,45.0,0,20,0,Medium,70.0,70.0,Critical,12298.873716000002,2470.8199999999997,9828.053716000002,79.91019294079237,Medium Profit,0,Critical,Low Value - High Risk
C00852,Sanjay Kumar,Student,Coimbatore,Tamil Nadu,74477.0,Low,34,171982.33,491.4,531.76,-40.360000000000014,2,198375.75,138.29,1659.48,4.0,1112.17,1.0,1168724.77,855652.0,111149.19480000001,0.0,289059.21,9.0,7.0,9.0,0,25,0,Medium,25.0,25.0,Medium,111640.5948,3303.41,108337.1848,97.04103152986784,High Profit,0,Medium,Low Value - Low/Medium Risk
C00853,Rohit Patel,Mass Affluent,Mumbai,Maharashtra,77890.0,Low,17,111677.24,372.89,266.98,105.90999999999997,1,38853.32,96.55,1158.6,1.0,411.07,1.0,160462.92,124986.29,18897.927047999998,1.0,39325.46,9.0,9.0,19.0,0,20,0,Medium,70.0,70.0,Critical,19270.817047999997,1836.6499999999999,17434.167047999996,90.46926762147525,Medium Profit,0,Critical,Low Value - High Risk
C00854,Naveen Kumar,Senior Citizen,Hyderabad,Telangana,29964.0,Medium,21,459266.7,414.88,385.67,29.20999999999998,1,79534.33,44.19,530.28,1.0,132.83,1.0,1745649.37,1044156.59,169884.277193,1.0,1744223.41,20.0,18.0,58.0,3,70,3,Critical,70.0,70.0,Critical,170299.157193,1048.78,169250.377193,99.3841543215558,High Profit,1,Critical,High Value - High Risk
C00855,Vijay Sharma,Senior Citizen,Hyderabad,Telangana,108016.0,Medium,28,137779.53,442.56,448.11,-5.550000000000011,2,341935.27,216.11,2593.32,0.0,0.0,1.0,448802.32,266399.09,36976.19369200001,0.0,304185.99,24.0,22.0,10.0,0,25,0,Medium,30.0,30.0,Medium,37418.753692000006,3041.4300000000003,34377.323692000005,91.87190993843751,High Profit,1,Medium,High Value - Low/Medium Risk
C00856,Sanjay Gupta,Retail,Bengaluru,Karnataka,52884.0,Low,21,174978.55,393.08,271.02,122.06,1,172060.41,132.49,1589.88,1.0,685.8,0.0,0.0,0.0,0.0,0.0,0.0,0.0,0.0,0.0,0,30,0,Medium,0.0,0.0,,393.08,2546.7,-2153.62,-547.8833825175536,Loss Making,0,Medium,Low Value - Low/Medium Risk
C00857,Vijay Reddy,Retail,Hyderabad,Telangana,70563.0,Medium,18,115389.82,355.74,245.5,110.24000000000001,1,365800.91,40.29,483.48,2.0,345.53,1.0,154298.95,69319.26,8235.128088,0.0,40679.86,12.0,12.0,10.0,0,20,0,Medium,30.0,30.0,Medium,8590.868088,1074.51,7516.358087999999,87.49241649396397,Medium Profit,1,Medium,High Value - Low/Medium Risk
C00858,Rohit Gupta,Retail,Delhi,Delhi,52586.0,Low,15,96933.75,257.92,185.82,72.10000000000002,1,135234.48,111.22,1334.6399999999999,0.0,0.0,1.0,229304.41,53456.15,9622.107,1.0,163384.65,18.0,17.0,59.0,0,5,0,Low,70.0,70.0,Critical,9880.027,1520.4599999999998,8359.567000000001,84.61077080052515,Medium Profit,0,Critical,Low Value - High Risk
C00859,Rahul Rao,Mass Affluent,Pune,Maharashtra,24258.0,Medium,38,310467.74,754.25,535.54,218.71000000000004,2,70960.61,265.18,3182.16,1.0,227.61,1.0,1871535.27,414996.09,58680.44712600001,1.0,1640461.28,10.0,9.0,48.0,0,20,0,Medium,70.0,70.0,Critical,59434.69712600001,3945.31,55489.38712600001,93.36194144030709,High Profit,1,Critical,High Value - High Risk
C00860,Pooja Singh,Premium,Mumbai,Maharashtra,104768.0,Low,42,230679.03,693.34,576.96,116.38,2,417090.53,130.72,1568.6399999999999,1.0,371.55,1.0,537132.02,378236.86,56773.352686000006,0.0,429551.14,24.0,19.0,10.0,0,35,0,Medium,40.0,40.0,Medium,57466.692686,2517.15,54949.542686,95.61981056791663,High Profit,1,Medium,High Value - Low/Medium Risk
C00861,Ajay Sharma,Mass Affluent,Chennai,Tamil Nadu,52859.0,Medium,54,375647.39,953.5799999999999,886.8199999999999,66.75999999999999,2,127607.95,206.09,2473.08,1.0,595.88,1.0,464856.37,163069.41,20236.913781,1.0,414870.12,11.0,10.0,35.0,0,35,0,Medium,70.0,70.0,Critical,21190.493780999997,3955.7799999999997,17234.713781,81.3322896536424,Medium Profit,1,Critical,High Value - High Risk
C00862,Geetha Singh,Mass Affluent,Hyderabad,Telangana,46425.0,Medium,53,409141.88,930.88,932.5699999999999,-1.6899999999999409,3,904370.72,274.31,3291.7200000000003,2.0,1754.1999999999998,1.0,842765.07,0.0,0.0,0.0,546011.52,24.0,20.0,10.0,0,30,0,Medium,25.0,25.0,Medium,930.88,5978.49,-5047.61,-542.2406754898591,Loss Making,1,Medium,High Value - Low/Medium Risk
C00863,Sanjay Rao,Student,Coimbatore,Tamil Nadu,64279.0,Medium,19,115564.2,319.36,271.42,47.94,1,95097.09,52.58,630.96,3.0,1094.02,1.0,869662.15,137425.86,19899.264528,0.0,1002306.28,12.0,9.0,8.0,0,20,0,Medium,30.0,30.0,Medium,20218.624528,1996.4,18222.224528,90.12593563308293,Medium Profit,0,Medium,Low Value - Low/Medium Risk
C00864,Kavya Verma,Retail,Delhi,Delhi,56383.0,Low,26,211408.76,604.34,441.90999999999997,162.43000000000006,2,116404.57,182.48999999999998,2189.8799999999997,5.0,1059.37,1.0,116556.56,0.0,0.0,0.0,107492.17,24.0,22.0,9.0,0,30,0,Medium,25.0,25.0,Medium,604.34,3691.1599999999994,-3086.8199999999993,-510.7753913360027,Loss Making,0,Medium,Low Value - Low/Medium Risk
C00865,Priya Singh,Mass Affluent,Kolkata,West Bengal,70424.0,Medium,45,290836.63,776.01,679.15,96.86000000000001,2,177812.61,106.36,1276.32,1.0,335.36,1.0,775837.01,503713.9,69059.17569,0.0,878475.53,12.0,10.0,10.0,0,25,0,Medium,30.0,30.0,Medium,69835.18569,2290.83,67544.35569,96.71966219124977,High Profit,1,Medium,High Value - Low/Medium Risk
C00866,Rohit Kumar,Senior Citizen,Mumbai,Maharashtra,33329.0,Low,19,118258.05,238.39,314.16,-75.77000000000004,1,10947.23,128.11,1537.3200000000002,1.0,524.03,0.0,0.0,0.0,0.0,0.0,0.0,0.0,0.0,0.0,0,25,0,Medium,0.0,0.0,,238.39,2375.51,-2137.1200000000003,-896.480557070347,Loss Making,0,Medium,Low Value - Low/Medium Risk
C00867,Anitha Singh,Retail,Madurai,Tamil Nadu,39164.0,Low,18,121115.59,361.03,315.1,45.92999999999995,1,195230.86,131.57,1578.84,4.0,1809.2399999999998,1.0,1739871.18,0.0,0.0,0.0,2362583.63,24.0,22.0,10.0,0,20,0,Medium,55.0,55.0,High,361.03,3703.18,-3342.1499999999996,-925.7263939284824,Loss Making,0,High,Low Value - High Risk
C00868,Arun Reddy,Mass Affluent,Bengaluru,Karnataka,59501.0,Low,15,111381.37,284.04,217.8,66.24000000000001,1,101226.66,64.79,777.48,0.0,0.0,1.0,103866.01,34639.6,6276.695519999999,0.0,106970.0,24.0,21.0,10.0,0,25,0,Medium,65.0,65.0,High,6560.735519999999,995.28,5565.4555199999995,84.82974969855209,Medium Profit,0,High,Low Value - High Risk
C00869,Rohit Patel,Retail,Madurai,Tamil Nadu,21677.0,Low,49,562250.97,869.21,789.97,79.24000000000001,2,68677.95999999999,186.41000000000003,2236.92,0.0,0.0,1.0,227392.58,207327.3,33338.22983999999,0.0,186377.51,24.0,20.0,10.0,0,35,0,Medium,40.0,40.0,Medium,34207.43983999999,3026.8900000000003,31180.549839999992,91.15136936830757,High Profit,1,Medium,High Value - Low/Medium Risk
C00870,Karthik Sharma,Retail,Mumbai,Maharashtra,61409.0,Medium,24,137411.17,449.15999999999997,418.68,30.47999999999996,1,54170.23,58.72,704.64,3.0,1243.44,1.0,94137.52,17750.36,2682.0793959999996,1.0,55376.97,16.0,15.0,55.0,0,25,0,Medium,70.0,70.0,Critical,3131.2393959999995,2366.76,764.4793959999993,24.414594328896833,Medium Profit,0,Critical,Low Value - High Risk
C00871,Karthik Patel,Premium,Madurai,Tamil Nadu,147781.0,Low,14,84945.05,214.69,217.57999999999998,-2.8899999999999864,1,172446.81,63.91,766.92,1.0,225.77,1.0,266855.77,0.0,0.0,0.0,171077.55,24.0,21.0,10.0,0,5,0,Low,30.0,30.0,Medium,214.69,1210.27,-995.5799999999999,-463.72909776887604,Loss Making,0,Medium,Low Value - Low/Medium Risk
C00872,Suresh Iyer,Senior Citizen,Kochi,Kerala,50130.0,Low,40,280643.84,568.67,599.6,-30.930000000000064,2,120916.9,144.32999999999998,1731.9599999999998,3.0,1105.44,1.0,1836285.43,0.0,0.0,0.0,956482.11,15.0,14.0,10.0,0,20,0,Medium,45.0,45.0,Medium,568.67,3437.0,-2868.33,-504.3927057871877,Loss Making,0,Medium,Low Value - Low/Medium Risk
C00873,Ajay Gupta,Premium,Chennai,Tamil Nadu,50357.0,High,21,107177.06999999999,301.94,315.05,-13.110000000000014,1,28235.97,84.77,1017.24,0.0,0.0,1.0,1144531.09,629614.74,92364.482358,0.0,908829.27,24.0,23.0,10.0,0,5,0,Low,30.0,30.0,Medium,92666.422358,1332.29,91334.132358,98.56227318795914,High Profit,0,Medium,Low Value - Low/Medium Risk
C00874,Naveen Gupta,Mass Affluent,Kochi,Kerala,36312.0,Low,22,139640.81,388.68,294.67,94.00999999999999,1,82396.74,102.55,1230.6,4.0,2219.05,0.0,0.0,0.0,0.0,0.0,0.0,0.0,0.0,0.0,0,20,0,Medium,0.0,0.0,,388.68,3744.32,-3355.6400000000003,-863.342595451271,Loss Making,0,Medium,Low Value - Low/Medium Risk
C00875,Vishal Nair,Retail,Kochi,Kerala,100186.0,Low,16,148035.95,249.66,312.49,-62.83000000000001,1,106186.25,77.0,924.0,3.0,1857.5299999999997,1.0,306069.67,0.0,0.0,0.0,352748.66000000003,12.0,12.0,10.0,0,30,0,Medium,40.0,40.0,Medium,249.66,3094.0199999999995,-2844.3599999999997,-1139.2934390771447,Loss Making,0,Medium,Low Value - Low/Medium Risk
C00876,Sanjay Verma,Mass Affluent,Madurai,Tamil Nadu,70856.0,Low,40,257119.21,781.31,671.48,109.82999999999993,2,131328.22,145.59,1747.08,3.0,1061.42,1.0,178256.06,0.0,0.0,0.0,65345.17,7.0,6.0,10.0,0,30,0,Medium,25.0,25.0,Medium,781.31,3479.98,-2698.67,-345.4032330317032,Loss Making,0,Medium,Low Value - Low/Medium Risk
C00877,Suresh Singh,Retail,Coimbatore,Tamil Nadu,54929.0,Low,40,281182.99,604.87,612.74,-7.8700000000000045,2,308618.32999999996,188.37,2260.44,2.0,404.75,1.0,212905.31,143644.87,24477.085848,0.0,155074.41999999998,13.0,10.0,9.0,2,45,0,High,35.0,35.0,Medium,25081.955847999998,3277.9300000000003,21804.025847999997,86.93112283641398,Medium Profit,1,High,High Value - High Risk
C00878,Vijay Gupta,Retail,Pune,Maharashtra,89269.0,Low,20,143104.44,321.7,331.68,-9.980000000000018,1,180215.61,48.6,583.2,2.0,476.16,1.0,811090.69,148770.27,21006.362123999996,0.0,550751.7,24.0,24.0,10.0,0,25,0,Medium,25.0,25.0,Medium,21328.062123999996,1391.0400000000002,19937.022123999996,93.47788846491264,Medium Profit,0,Medium,Low Value - Low/Medium Risk
C00879,Meena Verma,Premium,Hyderabad,Telangana,44727.0,Low,46,362340.20999999996,772.52,759.83,12.68999999999994,2,109195.78,218.36,2620.32,2.0,401.39,1.0,1779917.46,760174.57,96238.10056199999,0.0,1338064.91,24.0,19.0,10.0,7,55,0,High,30.0,30.0,Medium,97010.620562,3781.54,93229.080562,96.10193195539534,High Profit,1,High,High Value - High Risk
C00880,Rahul Kumar,Retail,Madurai,Tamil Nadu,69844.0,Low,41,268174.52,763.64,682.82,80.81999999999994,2,107258.3,152.09,1825.08,2.0,709.81,1.0,1763331.56,1334870.77,243880.889679,0.0,617997.86,11.0,10.0,10.0,0,25,0,Medium,70.0,70.0,Critical,244644.52967900003,3217.71,241426.81967900004,98.68474067079204,High Profit,0,Critical,Low Value - High Risk
C00881,Priya Singh,Mass Affluent,Madurai,Tamil Nadu,41966.0,High,16,117282.98,215.89,308.07,-92.18,1,53697.41,75.81,909.72,1.0,399.92,0.0,0.0,0.0,0.0,0.0,0.0,0.0,0.0,0.0,0,35,0,Medium,0.0,0.0,,215.89,1617.71,-1401.8200000000002,-649.3214136828942,Loss Making,0,Medium,Low Value - Low/Medium Risk
C00882,Sanjay Rao,Student,Kolkata,West Bengal,22856.0,Low,38,278991.75,623.14,602.49,20.649999999999977,2,1524366.8499999999,245.53000000000003,2946.3600000000006,5.0,1857.06,0.0,0.0,0.0,0.0,0.0,0.0,0.0,0.0,0.0,0,20,0,Medium,0.0,0.0,,623.14,5405.91,-4782.7699999999995,-767.5273614276085,Loss Making,1,Medium,High Value - Low/Medium Risk
C00883,Pooja Rao,Mass Affluent,Bengaluru,Karnataka,113001.0,Low,15,177682.55,145.73000000000002,253.43,-107.69999999999999,1,157357.38,66.01,792.1200000000001,2.0,737.55,1.0,351767.49,296189.44,35483.494912,0.0,393828.07,12.0,12.0,10.0,0,30,0,Medium,25.0,25.0,Medium,35629.224912000005,1783.1000000000001,33846.12491200001,94.9954005331184,High Profit,0,Medium,Low Value - Low/Medium Risk
C00884,Lakshmi Singh,Retail,Chennai,Tamil Nadu,189960.0,Low,19,353218.59,351.34,290.14,61.19999999999999,1,184304.6,129.14,1549.6799999999998,3.0,995.9300000000001,0.0,0.0,0.0,0.0,0.0,0.0,0.0,0.0,0.0,5,70,4,Critical,0.0,0.0,,351.34,2835.75,-2484.41,-707.124153241874,Loss Making,1,Critical,High Value - High Risk
C00885,Lakshmi Kumar,Retail,Chennai,Tamil Nadu,40782.0,Medium,19,184189.9,335.77,287.14,48.629999999999995,1,337171.73,177.45,2129.3999999999996,1.0,434.74,1.0,100613.69,0.0,0.0,0.0,103130.21,24.0,21.0,10.0,0,20,0,Medium,40.0,40.0,Medium,335.77,2851.2799999999997,-2515.5099999999998,-749.1765196414212,Loss Making,1,Medium,High Value - Low/Medium Risk
C00886,Geetha Gupta,Premium,Bengaluru,Karnataka,32813.0,Medium,35,350996.24,590.65,547.49,43.15999999999997,2,168269.30000000002,182.36,2188.32,1.0,253.39,0.0,0.0,0.0,0.0,0.0,0.0,0.0,0.0,0.0,0,20,0,Medium,0.0,0.0,,590.65,2989.2000000000003,-2398.55,-406.08651485651404,Loss Making,1,Medium,High Value - Low/Medium Risk
C00887,Naveen Reddy,Retail,Coimbatore,Tamil Nadu,37887.0,Low,44,256053.97,760.58,722.08,38.5,2,197103.38,228.32999999999998,2739.96,5.0,1396.23,1.0,659775.49,574809.42,90187.597998,0.0,471502.98,24.0,22.0,10.0,0,20,0,Medium,40.0,40.0,Medium,90948.177998,4858.27,86089.907998,94.65819974963452,High Profit,0,Medium,Low Value - Low/Medium Risk
C00888,Geetha Patel,Retail,Bengaluru,Karnataka,107756.0,Low,37,347965.0,703.03,552.66,150.37,2,110556.92,105.17,1262.04,3.0,1257.75,1.0,328500.15,0.0,0.0,0.0,407613.14,22.0,20.0,10.0,1,45,0,High,60.0,60.0,High,703.03,3072.45,-2369.42,-337.02971423694584,Loss Making,1,High,High Value - High Risk
C00889,Rohit Kumar,Premium,Madurai,Tamil Nadu,84963.0,Low,18,156537.03,323.87,318.47,5.399999999999977,1,135755.98,69.66,835.92,1.0,420.74,1.0,106978.09,78010.41,10937.059482,1.0,15861.25,5.0,4.0,22.0,0,35,0,Medium,70.0,70.0,Critical,11260.929482000001,1575.1299999999999,9685.799482000002,86.01243349833811,Medium Profit,0,Critical,Low Value - High Risk
C00890,Vijay Verma,Retail,Madurai,Tamil Nadu,49079.0,Low,21,191805.16999999998,395.63,297.6,98.02999999999997,1,472697.47,23.33,279.96,3.0,793.3,0.0,0.0,0.0,0.0,0.0,0.0,0.0,0.0,0.0,0,35,0,Medium,0.0,0.0,,395.63,1370.86,-975.2299999999999,-246.5005181609079,Loss Making,1,Medium,High Value - Low/Medium Risk
C00891,Priya Reddy,Senior Citizen,Coimbatore,Tamil Nadu,22377.0,Low,19,160903.31,246.75,282.17,-35.420000000000016,1,176558.09,64.77,777.24,3.0,1540.16,1.0,1065717.81,0.0,0.0,0.0,547738.26,21.0,18.0,10.0,0,35,0,Medium,30.0,30.0,Medium,246.75,2599.57,-2352.82,-953.5238095238096,Loss Making,0,Medium,Low Value - Low/Medium Risk
C00892,Geetha Gupta,Senior Citizen,Kolkata,West Bengal,189391.0,High,40,244445.64,738.35,698.81,39.54000000000008,2,363264.58999999997,278.07,3336.84,5.0,859.94,1.0,101804.93,25195.48,3088.965848,0.0,75905.25,24.0,23.0,10.0,0,30,0,Medium,10.0,10.0,Low,3827.3158479999997,4895.59,-1068.2741520000004,-27.911836765660127,Loss Making,1,Medium,High Value - Low/Medium Risk
C00893,Naveen Gupta,Senior Citizen,Kochi,Kerala,32875.0,Low,23,143309.33000000002,383.67,445.61,-61.94,1,102785.55,156.58,1878.96,2.0,610.74,1.0,2310191.16,695186.72,104834.15737599999,1.0,1919715.56,9.0,9.0,35.0,0,5,0,Low,70.0,70.0,Critical,105217.82737599999,2935.3100000000004,102282.51737599999,97.21025412403684,High Profit,0,Critical,Low Value - High Risk
C00894,Vijay Singh,Retail,Coimbatore,Tamil Nadu,42464.0,Medium,19,230141.02,334.84000000000003,270.89,63.950000000000045,1,319610.64,119.46,1433.52,3.0,1413.52,1.0,935351.12,0.0,0.0,0.0,644681.68,22.0,19.0,10.0,0,35,0,Medium,55.0,55.0,High,334.84000000000003,3117.93,-2783.0899999999997,-831.1701110978377,Loss Making,1,High,High Value - High Risk
C00895,Anitha Verma,Senior Citizen,Pune,Maharashtra,52111.0,Low,11,228709.68000000002,162.08,200.2,-38.119999999999976,1,71673.8,105.41,1264.92,5.0,2030.31,1.0,290117.48,245883.53,31743.563723,1.0,145562.82,17.0,16.0,43.0,0,30,0,Medium,70.0,70.0,Critical,31905.643723,3495.4300000000003,28410.213723,89.04447742742069,Medium Profit,0,Critical,Low Value - High Risk
C00896,Deepa Nair,Mass Affluent,Chennai,Tamil Nadu,32009.0,Low,31,203688.37,612.17,530.43,81.74000000000001,2,166600.78000000003,323.73,3884.76,0.0,0.0,1.0,697353.93,253012.54,40279.596368000006,0.0,687895.6900000001,24.0,23.0,10.0,0,25,0,Medium,35.0,35.0,Medium,40891.766368000004,4415.1900000000005,36476.576368,89.20274081518981,High Profit,0,Medium,Low Value - Low/Medium Risk
C00897,Vijay Reddy,Retail,Madurai,Tamil Nadu,66628.0,Low,42,295504.72000000003,820.5,705.46,115.03999999999996,2,109343.26999999999,216.57,2598.84,2.0,798.5,1.0,645528.82,0.0,0.0,0.0,462722.75,24.0,23.0,9.0,0,20,0,Medium,35.0,35.0,Medium,820.5,4102.8,-3282.3,-400.036563071298,Loss Making,1,Medium,High Value - Low/Medium Risk
C00898,Rahul Kumar,Retail,Delhi,Delhi,112698.0,Low,15,86330.36,199.6,218.42000000000002,-18.82000000000002,1,56789.33,96.59,1159.08,0.0,0.0,1.0,352851.72,53616.23,7924.478794,1.0,162596.07,16.0,16.0,60.0,0,35,0,Medium,70.0,70.0,Critical,8124.078794,1377.5,6746.578794,83.04423141467626,Medium Profit,0,Critical,Low Value - High Risk
C00899,Vishal Patel,Retail,Coimbatore,Tamil Nadu,42345.0,Low,38,191456.5,602.33,614.16,-11.829999999999927,2,178750.53,200.74,2408.88,4.0,2048.73,1.0,163774.31,35368.46,5131.963546,0.0,155633.1,24.0,20.0,10.0,0,0,0,Low,25.0,25.0,Medium,5734.293546,5071.77,662.5235459999994,11.553708241220887,Medium Profit,0,Medium,Low Value - Low/Medium Risk
C00900,Rohit Kumar,Senior Citizen,Kochi,Kerala,46159.0,Low,27,167128.57,406.69,419.74,-13.050000000000011,1,48104.11,91.61,1099.32,2.0,812.38,1.0,839763.79,321119.29,55232.51787999999,1.0,390840.75,19.0,14.0,58.0,0,25,0,Medium,80.0,80.0,Critical,55639.207879999994,2331.44,53307.76787999999,95.80971748370621,High Profit,0,Critical,Low Value - High Risk
C00901,Rahul Rao,Senior Citizen,Coimbatore,Tamil Nadu,45600.0,Medium,17,116409.91,237.75,291.69,-53.94,1,512928.29,94.21,1130.52,3.0,849.12,0.0,0.0,0.0,0.0,0.0,0.0,0.0,0.0,0.0,0,35,0,Medium,0.0,0.0,,237.75,2271.33,-2033.58,-855.3438485804415,Loss Making,1,Medium,High Value - Low/Medium Risk
C00902,Karthik Singh,Mass Affluent,Kochi,Kerala,87315.0,Low,14,118866.33999999998,217.11,219.6,-2.4899999999999807,1,32897.82,44.37,532.4399999999999,0.0,0.0,1.0,281585.42,0.0,0.0,0.0,314631.1,12.0,11.0,10.0,0,30,0,Medium,30.0,30.0,Medium,217.11,752.04,-534.93,-246.3866242918336,Loss Making,0,Medium,Low Value - Low/Medium Risk
C00903,Kavya Rao,Retail,Madurai,Tamil Nadu,86125.0,Low,15,60471.24,242.26,250.7,-8.439999999999998,1,94279.5,70.73,848.76,6.0,2318.56,1.0,1469575.29,1265702.03,161883.28963699998,0.0,1848497.24,24.0,24.0,10.0,0,0,0,Low,30.0,30.0,Medium,162125.549637,3418.02,158707.529637,97.89174500400895,High Profit,0,Medium,Low Value - Low/Medium Risk
C00904,Naveen Iyer,Student,Bengaluru,Karnataka,44980.0,Medium,48,411841.29,902.33,876.5,25.83000000000004,3,424716.25,430.84,5170.08,3.0,443.21000000000004,0.0,0.0,0.0,0.0,0.0,0.0,0.0,0.0,0.0,1,45,0,High,0.0,0.0,,902.33,6489.79,-5587.46,-619.2257821417885,Loss Making,1,High,High Value - High Risk
C00905,Lakshmi Patel,Retail,Kolkata,West Bengal,93627.0,Low,13,114505.87,200.34,240.28,-39.94,1,250766.72,39.76,477.12,1.0,361.01,1.0,284857.91,91988.63,15178.123950000001,0.0,104023.83,12.0,10.0,10.0,0,35,0,Medium,35.0,35.0,Medium,15378.463950000001,1078.4099999999999,14300.053950000001,92.98753111164916,Medium Profit,1,Medium,High Value - Low/Medium Risk
C00906,Vijay Reddy,Retail,Pune,Maharashtra,66857.0,Medium,32,424720.68,694.53,480.33,214.2,2,122763.14,255.11,3061.32,1.0,127.63,1.0,308376.06,0.0,0.0,0.0,302769.81,24.0,22.0,10.0,4,70,4,Critical,40.0,40.0,Medium,694.53,3669.28,-2974.75,-428.31123205621066,Loss Making,1,Critical,High Value - High Risk
C00907,Meena Gupta,Student,Coimbatore,Tamil Nadu,71495.0,Low,22,107459.71,378.13,324.96,53.170000000000016,1,14835.25,122.23,1466.76,5.0,1986.12,1.0,1741946.52,1090185.82,137908.50623,1.0,1542911.76,10.0,9.0,58.0,0,0,0,Low,70.0,70.0,Critical,138286.63623,3777.84,134508.79623,97.26810912247757,High Profit,0,Critical,Low Value - High Risk
C00908,Rohit Rao,Sme Owner,Coimbatore,Tamil Nadu,43703.0,Medium,17,105072.97,336.69,304.29,32.39999999999998,1,42963.68,78.16,937.92,1.0,546.75,0.0,0.0,0.0,0.0,0.0,0.0,0.0,0.0,0.0,0,5,0,Low,0.0,0.0,,336.69,1788.96,-1452.27,-431.33743205916414,Loss Making,0,Low,Low Value - Low/Medium Risk
C00909,Rahul Verma,Retail,Kochi,Kerala,42905.0,Low,11,120031.78,237.78,170.0,67.78,1,6526.25,68.81,825.72,1.0,558.45,1.0,838609.66,402774.45,42130.20747000001,0.0,700060.21,23.0,22.0,10.0,0,35,0,Medium,30.0,30.0,Medium,42367.98747000001,1554.17,40813.81747000001,96.33173513115185,High Profit,0,Medium,Low Value - Low/Medium Risk
C00910,Kavya Sharma,Student,Mumbai,Maharashtra,63270.0,Low,50,410696.79000000004,719.3,930.78,-211.48000000000002,3,461747.5,298.35,3580.2000000000003,0.0,0.0,1.0,110975.75,65813.35,10062.861214999999,0.0,65714.15,24.0,22.0,10.0,0,30,0,Medium,40.0,40.0,Medium,10782.161214999998,4510.9800000000005,6271.181214999998,58.162562124146454,Medium Profit,1,Medium,High Value - Low/Medium Risk
C00911,Vishal Verma,Retail,Bengaluru,Karnataka,38993.0,Low,35,217935.78,626.17,603.38,22.789999999999964,2,323452.51,314.46000000000004,3773.5200000000004,1.0,220.26,1.0,107469.29,0.0,0.0,0.0,25085.0,9.0,9.0,10.0,0,35,0,Medium,60.0,60.0,High,626.17,4597.160000000001,-3970.9900000000007,-634.1712314547169,Loss Making,1,High,High Value - High Risk
C00912,Rahul Gupta,Sme Owner,Mumbai,Maharashtra,167958.0,Low,29,221857.16999999998,589.03,485.41,103.61999999999995,2,289613.81,322.92,3875.04,4.0,1785.3400000000001,1.0,336491.8,80112.42,13346.729172,0.0,61403.8,7.0,6.0,8.0,0,25,0,Medium,40.0,40.0,Medium,13935.759172,6145.79,7789.969172,55.89913743380237,Medium Profit,1,Medium,High Value - Low/Medium Risk
C00913,Geetha Iyer,Retail,Pune,Maharashtra,37240.0,Low,28,207810.72999999998,494.08,478.31,15.769999999999982,2,222071.12999999998,226.07999999999998,2712.96,2.0,900.0,1.0,205032.54,0.0,0.0,0.0,58557.6,10.0,9.0,9.0,0,20,0,Medium,25.0,25.0,Medium,494.08,4091.27,-3597.19,-728.0582091968912,Loss Making,0,Medium,Low Value - Low/Medium Risk
C00914,Meena Nair,Retail,Hyderabad,Telangana,60795.0,Low,43,262229.23,626.95,733.23,-106.27999999999997,2,126073.37,164.3,1971.6000000000001,1.0,581.27,1.0,1024255.48,538660.36,82792.097332,0.0,1173611.47,12.0,12.0,10.0,0,25,0,Medium,40.0,40.0,Medium,83419.047332,3286.1,80132.947332,96.06073180514561,High Profit,0,Medium,Low Value - Low/Medium Risk
C00915,Deepa Nair,Senior Citizen,Madurai,Tamil Nadu,46336.0,Medium,19,180846.15,310.44,298.6,11.839999999999975,1,50388.21,69.86,838.3199999999999,3.0,1076.23,0.0,0.0,0.0,0.0,0.0,0.0,0.0,0.0,0.0,0,35,0,Medium,0.0,0.0,,310.44,2213.15,-1902.71,-612.9074861486922,Loss Making,0,Medium,Low Value - Low/Medium Risk
C00916,Naveen Reddy,Student,Bengaluru,Karnataka,50145.0,Medium,16,152402.22,189.42,219.68,-30.26000000000002,1,23731.22,151.9,1822.8000000000002,2.0,870.64,1.0,2188186.16,0.0,0.0,0.0,1609458.6199999999,24.0,22.0,10.0,0,35,0,Medium,40.0,40.0,Medium,189.42,2913.1200000000003,-2723.7000000000003,-1437.9157427937917,Loss Making,0,Medium,Low Value - Low/Medium Risk
C00917,Meena Iyer,Student,Bengaluru,Karnataka,75652.0,Low,26,183489.01,426.95,499.28,-72.32999999999998,2,112980.24,228.94,2747.2799999999997,4.0,1348.99,0.0,0.0,0.0,0.0,0.0,0.0,0.0,0.0,0.0,1,45,0,High,0.0,0.0,,426.95,4595.549999999999,-4168.599999999999,-976.3672561189834,Loss Making,0,High,Low Value - High Risk
C00918,Rahul Kumar,Sme Owner,Bengaluru,Karnataka,18570.0,Low,38,561653.39,549.8,486.86,62.93999999999994,2,122418.4,189.31,2271.7200000000003,3.0,1298.07,0.0,0.0,0.0,0.0,0.0,0.0,0.0,0.0,0.0,0,20,0,Medium,0.0,0.0,,549.8,4056.6500000000005,-3506.8500000000004,-637.8410331029467,Loss Making,1,Medium,High Value - Low/Medium Risk
C00919,Rohit Verma,Premium,Delhi,Delhi,52072.0,Low,17,128961.33,308.7,305.08,3.6200000000000045,1,30715.91,167.81,2013.72,3.0,1372.99,0.0,0.0,0.0,0.0,0.0,0.0,0.0,0.0,0.0,0,35,0,Medium,0.0,0.0,,308.7,3691.79,-3383.09,-1095.9151279559444,Loss Making,0,Medium,Low Value - Low/Medium Risk
C00920,Karthik Rao,Retail,Delhi,Delhi,53771.0,Low,15,97396.8,272.27,201.53,70.73999999999998,1,70951.36,35.27,423.24,3.0,1520.95,1.0,785944.93,533923.75,75123.071625,0.0,374712.83,5.0,4.0,10.0,0,25,0,Medium,15.0,15.0,Low,75395.341625,2145.7200000000003,73249.621625,97.15404167717371,High Profit,0,Medium,Low Value - Low/Medium Risk
C00921,Ajay Verma,Mass Affluent,Pune,Maharashtra,75056.0,Low,32,231289.51,530.63,524.84,5.789999999999964,2,81528.16,224.53000000000003,2694.3600000000006,2.0,916.8800000000001,0.0,0.0,0.0,0.0,0.0,0.0,0.0,0.0,0.0,0,20,0,Medium,0.0,0.0,,530.63,4136.080000000001,-3605.4500000000007,-679.4659178712099,Loss Making,0,Medium,Low Value - Low/Medium Risk
C00922,Meena Nair,Mass Affluent,Hyderabad,Telangana,33761.0,Low,23,185348.79,435.56,239.62,195.94,1,10193.34,171.97,2063.64,1.0,274.05,1.0,114914.34,0.0,0.0,0.0,76551.47,24.0,23.0,10.0,0,30,0,Medium,25.0,25.0,Medium,435.56,2577.31,-2141.75,-491.7232987418496,Loss Making,0,Medium,Low Value - Low/Medium Risk
C00923,Meena Iyer,Student,Kolkata,West Bengal,74603.0,Low,17,107239.93,315.11,325.32,-10.20999999999998,1,313686.46,166.83,2001.96,3.0,1494.54,0.0,0.0,0.0,0.0,0.0,0.0,0.0,0.0,0.0,0,20,0,Medium,0.0,0.0,,315.11,3821.82,-3506.71,-1112.8526546285423,Loss Making,1,Medium,High Value - Low/Medium Risk
C00924,Pooja Kumar,Retail,Pune,Maharashtra,35471.0,Low,20,129018.61,383.08,271.01,112.07,1,95823.16,100.33,1203.96,4.0,1823.52,1.0,119695.32,96014.98,14094.999063999998,1.0,23568.97,9.0,7.0,53.0,1,45,0,High,70.0,70.0,Critical,14478.079063999998,3298.49,11179.589063999998,77.21735055169194,Medium Profit,0,Critical,Low Value - High Risk
C00925,Kavya Nair,Retail,Chennai,Tamil Nadu,64165.0,Low,29,167078.03,607.12,454.26,152.86,2,148309.65,156.49,1877.88,3.0,1518.11,1.0,168736.84,0.0,0.0,0.0,171341.58,24.0,22.0,10.0,0,20,0,Medium,35.0,35.0,Medium,607.12,3850.25,-3243.13,-534.1826986427725,Loss Making,0,Medium,Low Value - Low/Medium Risk
C00926,Deepa Kumar,Senior Citizen,Chennai,Tamil Nadu,81794.0,Medium,12,100327.98000000001,191.96,210.29,-18.329999999999984,1,31272.11,120.59,1447.08,2.0,1204.63,1.0,261700.85,58724.02,10975.519338,0.0,227280.45,24.0,24.0,10.0,0,35,0,Medium,65.0,65.0,High,11167.479338,2862.0,8305.479338,74.37201436978383,Medium Profit,0,High,Low Value - High Risk
C00927,Priya Rao,Mass Affluent,Pune,Maharashtra,93238.0,Low,15,83007.18,348.75,199.3,149.45,1,46148.67,166.46,1997.52,1.0,247.64,1.0,167791.53,131774.82,17051.661708,1.0,49135.19,14.0,14.0,56.0,0,0,0,Low,70.0,70.0,Critical,17400.411708,2444.46,14955.951708,85.95171171222266,Medium Profit,0,Critical,Low Value - High Risk
C00928,Rahul Gupta,Student,Coimbatore,Tamil Nadu,45621.0,Low,15,145369.85,265.36,246.96,18.400000000000006,1,82362.8,22.53,270.36,3.0,677.42,1.0,1701460.51,1438657.39,231767.70552899997,1.0,1114151.05,17.0,15.0,46.0,0,25,0,Medium,70.0,70.0,Critical,232033.06552899996,1194.74,230838.32552899997,99.48509924769724,High Profit,0,Critical,Low Value - High Risk
C00929,Lakshmi Kumar,Senior Citizen,Bengaluru,Karnataka,65102.0,Medium,12,93343.85,202.35,201.32,1.0300000000000011,1,35681.17,165.55,1986.6000000000001,2.0,412.28,1.0,878720.01,730137.01,114120.414663,0.0,218311.01,10.0,8.0,9.0,0,5,0,Low,30.0,30.0,Medium,114322.76466300001,2600.2,111722.56466300001,97.72556235176357,High Profit,0,Medium,Low Value - Low/Medium Risk
C00930,Vishal Gupta,Student,Chennai,Tamil Nadu,61805.0,Medium,18,177289.68,347.9,224.51,123.38999999999999,1,17230.25,56.57,678.84,1.0,85.2,0.0,0.0,0.0,0.0,0.0,0.0,0.0,0.0,0.0,0,25,0,Medium,0.0,0.0,,347.9,988.5500000000001,-640.6500000000001,-184.1477436044841,Loss Making,0,Medium,Low Value - Low/Medium Risk
C00931,Geetha Reddy,Mass Affluent,Pune,Maharashtra,29604.0,Low,14,129865.39,224.31,234.38,-10.069999999999993,1,31080.62,90.82,1089.84,1.0,125.56,1.0,329134.37,0.0,0.0,0.0,180796.55,24.0,23.0,10.0,0,30,0,Medium,25.0,25.0,Medium,224.31,1449.7799999999997,-1225.4699999999998,-546.3287414738531,Loss Making,0,Medium,Low Value - Low/Medium Risk
C00932,Anitha Gupta,Sme Owner,Delhi,Delhi,41072.0,Low,32,326957.25,581.78,508.86,72.91999999999996,2,1038435.65,177.68,2132.16,3.0,1404.69,1.0,1699609.56,1056881.04,178084.45524,1.0,1244027.87,19.0,18.0,54.0,0,20,0,Medium,70.0,70.0,Critical,178666.23524,4045.71,174620.52524000002,97.73560460678793,High Profit,1,Critical,High Value - High Risk
C00933,Kavya Gupta,Student,Coimbatore,Tamil Nadu,48482.0,Low,22,142323.88,328.73,355.98,-27.25,1,28569.19,108.79,1305.48,3.0,1546.44,1.0,817663.99,567218.91,95689.83011700002,0.0,508045.74,24.0,19.0,10.0,0,25,0,Medium,55.0,55.0,High,96018.56011700002,3207.9,92810.66011700002,96.65908341461159,High Profit,0,High,Low Value - High Risk
C00934,Rohit Singh,Retail,Coimbatore,Tamil Nadu,60554.0,Medium,11,54419.62,170.98000000000002,152.14000000000001,18.840000000000003,1,12955.16,141.8,1701.6000000000001,3.0,1459.04,0.0,0.0,0.0,0.0,0.0,0.0,0.0,0.0,0.0,0,0,0,Low,0.0,0.0,,170.98000000000002,3312.78,-3141.8,-1837.5248567083868,Loss Making,0,Low,Low Value - Low/Medium Risk
C00935,Kavya Reddy,Student,Hyderabad,Telangana,113508.0,Low,18,142485.23,297.57,293.28,4.2900000000000205,1,136357.72,128.71,1544.52,2.0,502.63,1.0,1424346.63,368337.69,50020.258302,0.0,1334917.66,24.0,21.0,10.0,0,35,0,Medium,30.0,30.0,Medium,50317.828302,2340.43,47977.398302,95.34870625585609,High Profit,0,Medium,Low Value - Low/Medium Risk
C00936,Kavya Iyer,Retail,Delhi,Delhi,53053.0,Low,16,78436.63,241.49,294.0,-52.50999999999999,1,250569.57,162.19,1946.28,2.0,439.64,1.0,1061345.38,221332.79,36210.044444,0.0,1401964.49,24.0,23.0,10.0,0,5,0,Low,60.0,60.0,High,36451.534444,2679.9199999999996,33771.614444,92.64799125502626,High Profit,1,High,High Value - High Risk
C00937,Karthik Gupta,Retail,Chennai,Tamil Nadu,35246.0,Medium,33,175368.37,578.97,593.23,-14.259999999999991,2,151951.09,132.32,1587.84,1.0,382.66,1.0,284761.41,170399.11,33125.586984,0.0,191181.6,24.0,20.0,10.0,1,40,0,High,55.0,55.0,High,33704.556984,2563.7299999999996,31140.826984000003,92.39352114547289,High Profit,0,High,Low Value - High Risk
C00938,Vishal Patel,Mass Affluent,Coimbatore,Tamil Nadu,39158.0,High,15,86768.64,264.99,232.39,32.60000000000002,1,68132.52,55.56,666.72,2.0,818.5799999999999,0.0,0.0,0.0,0.0,0.0,0.0,0.0,0.0,0.0,0,0,0,Low,0.0,0.0,,264.99,1717.69,-1452.7,-548.2093663911845,Loss Making,0,Low,Low Value - Low/Medium Risk
C00939,Rahul Verma,Mass Affluent,Pune,Maharashtra,27054.0,High,37,270589.71,757.38,481.05,276.33,2,163328.63,127.47,1529.6399999999999,1.0,54.84,1.0,100458.0,75139.14,11706.678012,0.0,116344.09,12.0,9.0,10.0,0,35,0,Medium,40.0,40.0,Medium,12464.058012,2065.5299999999997,10398.528011999999,83.428109865893,Medium Profit,0,Medium,Low Value - Low/Medium Risk
C00940,Geetha Reddy,Retail,Madurai,Tamil Nadu,80791.0,Medium,42,329272.98,643.58,610.4300000000001,33.14999999999998,2,172777.26,252.82,3033.84,2.0,977.46,1.0,145476.71,54588.55,7849.833490000001,0.0,99898.45,24.0,21.0,10.0,0,25,0,Medium,30.0,30.0,Medium,8493.41349,4621.7300000000005,3871.6834900000003,45.58454023883865,Medium Profit,1,Medium,High Value - Low/Medium Risk
C00941,Pooja Sharma,Retail,Madurai,Tamil Nadu,44202.0,Low,19,114931.92,404.59,324.82,79.76999999999998,1,268724.59,77.89,934.6800000000001,2.0,1234.44,0.0,0.0,0.0,0.0,0.0,0.0,0.0,0.0,0.0,0,20,0,Medium,0.0,0.0,,404.59,2493.94,-2089.35,-516.4116760176969,Loss Making,1,Medium,High Value - Low/Medium Risk
C00942,Priya Verma,Retail,Kochi,Kerala,165687.0,Low,60,501758.5,1120.39,864.65,255.74000000000012,3,353695.18,402.96,4835.5199999999995,2.0,814.28,0.0,0.0,0.0,0.0,0.0,0.0,0.0,0.0,0.0,1,45,0,High,0.0,0.0,,1120.39,6514.449999999999,-5394.059999999999,-481.444854024045,Loss Making,1,High,High Value - High Risk
C00943,Anitha Gupta,Retail,Hyderabad,Telangana,139913.0,Low,21,194580.24,377.06,333.66,43.39999999999998,1,296447.82,46.54,558.48,1.0,394.08,0.0,0.0,0.0,0.0,0.0,0.0,0.0,0.0,0.0,0,35,0,Medium,0.0,0.0,,377.06,1286.22,-909.1600000000001,-241.11812443642924,Loss Making,1,Medium,High Value - Low/Medium Risk
C00944,Sanjay Reddy,Mass Affluent,Hyderabad,Telangana,108431.0,Low,20,206227.87,298.26,272.25,26.00999999999999,1,29675.84,48.15,577.8,2.0,1127.14,0.0,0.0,0.0,0.0,0.0,0.0,0.0,0.0,0.0,1,45,0,High,0.0,0.0,,298.26,1977.19,-1678.93,-562.9082008985449,Loss Making,0,High,Low Value - High Risk
C00945,Geetha Patel,Retail,Mumbai,Maharashtra,76913.0,Medium,12,62069.98,212.71,182.36,30.349999999999994,1,72478.61,79.93,959.1600000000001,5.0,2282.52,1.0,672098.81,452168.4,56068.8816,1.0,114149.37,8.0,8.0,48.0,0,0,0,Low,70.0,70.0,Critical,56281.5916,3424.04,52857.5516,93.9162345934794,High Profit,0,Critical,Low Value - High Risk
C00946,Priya Sharma,Mass Affluent,Madurai,Tamil Nadu,39677.0,Low,16,95144.04000000001,275.65999999999997,257.15999999999997,18.5,1,45550.52,114.9,1378.8000000000002,2.0,714.36,0.0,0.0,0.0,0.0,0.0,0.0,0.0,0.0,0.0,0,5,0,Low,0.0,0.0,,275.65999999999997,2350.32,-2074.6600000000003,-752.6155408836975,Loss Making,0,Low,Low Value - Low/Medium Risk
C00947,Ajay Patel,Senior Citizen,Hyderabad,Telangana,70485.0,High,34,283513.9,667.2,522.73,144.47000000000003,2,226895.8,210.09,2521.08,2.0,806.26,1.0,87852.76,59692.89,8392.820334,0.0,21053.97,6.0,6.0,8.0,0,35,0,Medium,25.0,25.0,Medium,9060.020334,3850.0699999999997,5209.950334000001,57.504841511760795,Medium Profit,1,Medium,High Value - Low/Medium Risk
C00948,Rohit Gupta,Mass Affluent,Madurai,Tamil Nadu,81691.0,Low,23,151836.55,389.19,357.08,32.110000000000014,1,118528.15,72.77,873.24,2.0,820.47,1.0,1759096.34,938561.21,147635.678333,0.0,1724669.77,24.0,24.0,10.0,0,25,0,Medium,35.0,35.0,Medium,148024.868333,2050.79,145974.07833299998,98.61456387491154,High Profit,0,Medium,Low Value - Low/Medium Risk
C00949,Naveen Iyer,Retail,Kolkata,West Bengal,34515.0,Low,13,107478.44,237.61,204.99,32.620000000000005,1,92945.3,96.77,1161.24,4.0,1040.38,1.0,566101.3,365126.33,48999.953486,0.0,537840.66,18.0,18.0,10.0,0,30,0,Medium,25.0,25.0,Medium,49237.563486,2406.61,46830.953486,95.11224798789183,High Profit,0,Medium,Low Value - Low/Medium Risk
C00950,Sanjay Kumar,Retail,Hyderabad,Telangana,121074.0,Low,22,325686.22,422.08,384.93,37.14999999999998,1,70971.8,128.34,1540.08,2.0,1277.5,1.0,895527.31,0.0,0.0,0.0,315456.75,12.0,10.0,9.0,6,70,6,Critical,40.0,40.0,Medium,422.08,3202.51,-2780.4300000000003,-658.7447877179683,Loss Making,1,Critical,High Value - High Risk
C00951,Kavya Gupta,Retail,Hyderabad,Telangana,54052.0,Low,18,151808.6,311.37,290.04,21.329999999999984,1,80449.65,70.52,846.24,1.0,421.75,0.0,0.0,0.0,0.0,0.0,0.0,0.0,0.0,0.0,0,20,0,Medium,0.0,0.0,,311.37,1558.03,-1246.6599999999999,-400.37897035681016,Loss Making,0,Medium,Low Value - Low/Medium Risk
C00952,Sneha Kumar,Student,Mumbai,Maharashtra,82299.0,Low,57,640609.88,1037.53,815.88,221.64999999999998,3,160660.27000000002,253.75,3045.0,3.0,879.9000000000001,0.0,0.0,0.0,0.0,0.0,0.0,0.0,0.0,0.0,0,25,0,Medium,0.0,0.0,,1037.53,4740.780000000001,-3703.250000000001,-356.92943818492006,Loss Making,1,Medium,High Value - Low/Medium Risk
C00953,Meena Rao,Premium,Delhi,Delhi,88946.0,Medium,21,189374.07,409.98,311.68,98.30000000000001,1,69517.72,166.22,1994.6399999999999,1.0,101.56,1.0,105960.38,67477.26,7645.1735579999995,1.0,14702.26,5.0,5.0,35.0,0,25,0,Medium,70.0,70.0,Critical,8055.153558,2407.8799999999997,5647.273558000001,70.1075841365109,Medium Profit,0,Critical,Low Value - High Risk
C00954,Arun Gupta,Retail,Chennai,Tamil Nadu,34946.0,Low,22,178355.89,410.56,358.5,52.06,1,237336.27,82.71,992.52,2.0,735.9300000000001,1.0,432790.04,347548.46,51854.230232,0.0,172874.79,12.0,12.0,10.0,0,25,0,Medium,25.0,25.0,Medium,52264.790232,2086.95,50177.840232,96.00696761483944,High Profit,0,Medium,Low Value - Low/Medium Risk
C00955,Vishal Gupta,Retail,Chennai,Tamil Nadu,44407.0,Low,45,322782.01,868.84,713.15,155.69000000000005,3,373749.23,285.04,3420.4800000000005,3.0,1451.71,1.0,93644.81,24279.87,4173.709653000001,1.0,61417.77,20.0,19.0,53.0,0,20,0,Medium,70.0,70.0,Critical,5042.549653000001,5585.34,-542.7903469999992,-10.76420430837152,Loss Making,1,Critical,High Value - High Risk
C00956,Meena Singh,Retail,Bengaluru,Karnataka,62131.0,Low,33,432538.32,650.37,641.93,8.440000000000055,1,610169.37,44.5,534.0,3.0,1578.56,1.0,1372500.43,468524.18,81101.53555799999,0.0,1852521.94,24.0,21.0,10.0,0,30,0,Medium,35.0,35.0,Medium,81751.90555799998,2754.49,78997.41555799998,96.63067180978943,High Profit,1,Medium,High Value - Low/Medium Risk
C00957,Karthik Nair,Student,Delhi,Delhi,69664.0,Low,42,320527.77,741.01,647.09,93.91999999999996,2,190666.96000000002,157.63,1891.56,3.0,627.5,1.0,1411031.04,518326.91,94594.661075,1.0,1303166.7,17.0,16.0,43.0,0,35,0,Medium,70.0,70.0,Critical,95335.67107499999,3166.15,92169.521075,96.67894507449452,High Profit,1,Critical,High Value - High Risk
C00958,Sanjay Reddy,Retail,Delhi,Delhi,36677.0,Low,35,225285.97,655.71,573.44,82.26999999999998,2,127921.79000000001,168.7,2024.3999999999999,2.0,866.83,0.0,0.0,0.0,0.0,0.0,0.0,0.0,0.0,0.0,0,35,0,Medium,0.0,0.0,,655.71,3464.67,-2808.96,-428.384499245093,Loss Making,0,Medium,Low Value - Low/Medium Risk
C00959,Vishal Patel,Retail,Mumbai,Maharashtra,43548.0,Low,24,241689.98,407.34,379.12,28.21999999999997,1,56525.81,21.39,256.68,3.0,904.1700000000001,1.0,1220380.37,566227.28,109168.619584,1.0,834379.26,20.0,20.0,53.0,0,35,0,Medium,75.0,75.0,Critical,109575.959584,1539.97,108035.989584,98.59460961524185,High Profit,0,Critical,Low Value - High Risk
C00960,Rahul Rao,Retail,Hyderabad,Telangana,35829.0,Low,50,407632.73,908.43,877.85,30.579999999999927,2,492101.01,139.05,1668.6000000000001,1.0,78.41,1.0,221308.09,0.0,0.0,0.0,257987.38999999998,12.0,12.0,10.0,0,35,0,Medium,35.0,35.0,Medium,908.43,2624.86,-1716.4300000000003,-188.9446627698337,Loss Making,1,Medium,High Value - Low/Medium Risk
C00961,Rohit Patel,Retail,Pune,Maharashtra,249707.0,Low,34,461191.35,533.04,550.0,-16.960000000000036,2,76754.69,187.55,2250.6000000000004,0.0,0.0,0.0,0.0,0.0,0.0,0.0,0.0,0.0,0.0,0.0,4,70,4,Critical,0.0,0.0,,533.04,2800.6000000000004,-2267.5600000000004,-425.40147080894496,Loss Making,1,Critical,High Value - High Risk
C00962,Divya Gupta,Retail,Pune,Maharashtra,34725.0,Low,17,263713.33999999997,214.78,233.92,-19.139999999999986,1,194007.81,149.72,1796.6399999999999,1.0,280.73,1.0,312949.35,76908.85,12097.762105,0.0,222586.34,24.0,22.0,10.0,6,70,2,Critical,35.0,35.0,Medium,12312.542105,2311.29,10001.252105,81.22816571679857,Medium Profit,0,Critical,Low Value - High Risk
C00963,Geetha Patel,Student,Kochi,Kerala,31025.0,Low,19,129932.55,319.17,324.95,-5.779999999999973,1,72139.7,123.81,1485.72,3.0,1197.39,0.0,0.0,0.0,0.0,0.0,0.0,0.0,0.0,0.0,0,20,0,Medium,0.0,0.0,,319.17,3008.0600000000004,-2688.8900000000003,-842.4632640912367,Loss Making,0,Medium,Low Value - Low/Medium Risk
C00964,Ajay Reddy,Senior Citizen,Delhi,Delhi,28871.0,Low,18,155669.46,412.49,304.45,108.04000000000002,1,204223.1,45.17,542.04,1.0,692.46,0.0,0.0,0.0,0.0,0.0,0.0,0.0,0.0,0.0,0,25,0,Medium,0.0,0.0,,412.49,1538.95,-1126.46,-273.0878324323014,Loss Making,0,Medium,Low Value - Low/Medium Risk
C00965,Vishal Sharma,Sme Owner,Kochi,Kerala,72272.0,High,18,138121.38,310.77,305.52,5.25,1,48524.84,38.88,466.56000000000006,6.0,3138.19,1.0,592785.4,0.0,0.0,0.0,790303.63,24.0,20.0,10.0,0,35,0,Medium,40.0,40.0,Medium,310.77,3910.27,-3599.5,-1158.2520835344467,Loss Making,0,Medium,Low Value - Low/Medium Risk
C00966,Rohit Iyer,Retail,Kolkata,West Bengal,66320.0,Low,26,143251.89,475.48,410.88,64.60000000000002,2,336859.94,137.44,1649.28,0.0,0.0,1.0,132847.67,42260.14,4593.677218,0.0,47422.950000000004,17.0,16.0,10.0,0,30,0,Medium,40.0,40.0,Medium,5069.157218,2060.16,3008.9972180000004,59.35892474029792,Medium Profit,1,Medium,High Value - Low/Medium Risk
C00967,Sanjay Gupta,Retail,Delhi,Delhi,92624.0,Low,15,141162.27,277.74,211.25,66.49000000000001,1,425925.19,70.93,851.1600000000001,5.0,2465.62,1.0,2205766.4,566234.53,79216.210747,0.0,1502328.19,24.0,22.0,10.0,0,35,0,Medium,25.0,25.0,Medium,79493.95074700001,3528.0299999999997,75965.92074700001,95.56188871373568,High Profit,1,Medium,High Value - Low/Medium Risk
C00968,Ajay Nair,Premium,Madurai,Tamil Nadu,125028.0,Low,19,124754.18,311.96,288.55,23.409999999999968,1,238967.9,89.25,1071.0,3.0,1108.08,1.0,260081.99,129302.11,17998.853712,1.0,128153.70999999999,19.0,18.0,59.0,0,20,0,Medium,70.0,70.0,Critical,18310.813712,2467.63,15843.183711999998,86.52364641565417,Medium Profit,0,Critical,Low Value - High Risk
C00969,Rahul Reddy,Premium,Kolkata,West Bengal,24965.0,Low,39,286626.61,750.26,615.28,134.98000000000002,2,357663.2,180.26999999999998,2163.24,5.0,1698.9299999999998,0.0,0.0,0.0,0.0,0.0,0.0,0.0,0.0,0.0,0,35,0,Medium,0.0,0.0,,750.26,4477.449999999999,-3727.1899999999987,-496.7864473649133,Loss Making,1,Medium,High Value - Low/Medium Risk
C00970,Lakshmi Iyer,Mass Affluent,Pune,Maharashtra,83718.0,Low,14,203350.86,181.6,222.14,-40.53999999999999,1,48141.34,63.23,758.76,2.0,857.4399999999999,0.0,0.0,0.0,0.0,0.0,0.0,0.0,0.0,0.0,0,25,0,Medium,0.0,0.0,,181.6,1838.34,-1656.74,-912.3017621145374,Loss Making,0,Medium,Low Value - Low/Medium Risk
C00971,Priya Nair,Retail,Kolkata,West Bengal,70840.0,Low,23,103195.95,448.06,380.73,67.32999999999998,1,241630.41,170.25,2043.0,2.0,1128.64,0.0,0.0,0.0,0.0,0.0,0.0,0.0,0.0,0.0,0,5,0,Low,0.0,0.0,,448.06,3552.37,-3104.31,-692.8335490782484,Loss Making,0,Low,Low Value - Low/Medium Risk
C00972,Vijay Gupta,Mass Affluent,Mumbai,Maharashtra,99157.0,Medium,33,283400.2,533.45,578.57,-45.120000000000005,2,240826.28999999998,224.87,2698.44,0.0,0.0,1.0,526943.99,0.0,0.0,0.0,637139.88,12.0,12.0,10.0,2,45,0,High,60.0,60.0,High,533.45,3277.01,-2743.5600000000004,-514.3049957821727,Loss Making,0,High,Low Value - High Risk
C00973,Ajay Kumar,Retail,Pune,Maharashtra,44997.0,High,20,115093.28,341.77,276.46,65.31,1,244328.47,117.4,1408.8000000000002,0.0,0.0,0.0,0.0,0.0,0.0,0.0,0.0,0.0,0.0,0.0,0,25,0,Medium,0.0,0.0,,341.77,1685.2600000000002,-1343.4900000000002,-393.0976972817978,Loss Making,0,Medium,Low Value - Low/Medium Risk
C00974,Priya Reddy,Student,Hyderabad,Telangana,90219.0,Low,44,292623.38,707.07,753.4399999999999,-46.36999999999989,2,295317.55,158.61,1903.3200000000002,4.0,2006.8000000000002,1.0,818108.14,648264.89,107093.35982799999,1.0,409574.96,18.0,16.0,47.0,0,20,0,Medium,70.0,70.0,Critical,107800.429828,4663.56,103136.869828,95.67389480038169,High Profit,1,Critical,High Value - High Risk
C00975,Rahul Rao,Senior Citizen,Bengaluru,Karnataka,57735.0,Low,48,377891.76,874.5400000000001,747.06,127.48000000000013,2,904948.4099999999,196.82999999999998,2361.96,0.0,0.0,1.0,705937.97,235699.81,45442.923367999996,0.0,473091.94,24.0,21.0,10.0,0,20,0,Medium,65.0,65.0,High,46317.463368,3109.02,43208.443368,93.28758577450948,High Profit,1,High,High Value - High Risk
C00976,Suresh Reddy,Senior Citizen,Coimbatore,Tamil Nadu,102389.0,Low,16,192913.99,330.85,257.84,73.01000000000005,1,99543.7,165.31,1983.72,2.0,605.1700000000001,0.0,0.0,0.0,0.0,0.0,0.0,0.0,0.0,0.0,0,25,0,Medium,0.0,0.0,,330.85,2846.73,-2515.88,-760.4291975215355,Loss Making,0,Medium,Low Value - Low/Medium Risk
C00977,Sneha Kumar,Student,Kochi,Kerala,44328.0,Low,19,218967.37,270.17,263.43,6.740000000000009,1,325830.33,152.68,1832.16,1.0,506.33,1.0,587728.27,554987.48,74201.82607599998,0.0,546972.51,24.0,23.0,10.0,0,30,0,Medium,25.0,25.0,Medium,74471.99607599998,2601.92,71870.07607599998,96.50617663404014,High Profit,1,Medium,High Value - Low/Medium Risk
C00978,Pooja Kumar,Retail,Pune,Maharashtra,63303.0,Medium,18,211985.66999999998,216.98,324.04,-107.06000000000003,1,98603.47,81.5,978.0,5.0,1716.43,1.0,1996821.02,0.0,0.0,0.0,1384923.6,24.0,22.0,10.0,0,30,0,Medium,25.0,25.0,Medium,216.98,3018.4700000000003,-2801.4900000000002,-1291.1282145819894,Loss Making,0,Medium,Low Value - Low/Medium Risk
C00979,Karthik Rao,Student,Mumbai,Maharashtra,51921.0,Medium,32,306793.41,642.23,562.08,80.14999999999998,2,168399.97,120.5,1446.0,3.0,1449.99,0.0,0.0,0.0,0.0,0.0,0.0,0.0,0.0,0.0,0,30,0,Medium,0.0,0.0,,642.23,3458.0699999999997,-2815.8399999999997,-438.4472852404901,Loss Making,1,Medium,High Value - Low/Medium Risk
C00980,Vishal Verma,Retail,Chennai,Tamil Nadu,169601.0,Low,20,149294.48,355.74,361.74,-6.0,1,95145.9,163.92,1967.04,6.0,1926.62,1.0,270674.27,232410.66,35744.759508,1.0,245520.95,18.0,16.0,54.0,0,30,0,Medium,70.0,70.0,Critical,36100.499508,4255.4,31845.099508,88.21235146882943,High Profit,0,Critical,Low Value - High Risk
C00981,Anitha Gupta,Retail,Chennai,Tamil Nadu,28400.0,High,33,286980.39,492.84000000000003,478.02,14.82000000000005,2,418952.91,191.22,2294.64,1.0,414.42,1.0,165737.16,147581.22,21133.630704,0.0,190633.23,12.0,11.0,10.0,1,40,0,High,25.0,25.0,Medium,21626.470704,3187.08,18439.390703999998,85.2630600544058,Medium Profit,1,High,High Value - High Risk
C00982,Vijay Reddy,Mass Affluent,Coimbatore,Tamil Nadu,66688.0,Low,16,98541.56,255.26,264.93,-9.670000000000016,1,122465.33,23.03,276.36,2.0,250.25,1.0,232100.55,67862.75,10464.43605,1.0,116447.52,19.0,18.0,57.0,0,5,0,Low,70.0,70.0,Critical,10719.69605,791.54,9928.156050000001,92.61602198133221,Medium Profit,0,Critical,Low Value - High Risk
C00983,Divya Reddy,Premium,Chennai,Tamil Nadu,69305.0,Low,45,314597.86,757.24,729.36,27.879999999999995,2,205604.52,268.24,3218.88,0.0,0.0,1.0,206889.24,78620.91,11344.997313,0.0,197961.99,24.0,24.0,10.0,4,50,0,High,30.0,30.0,Medium,12102.237313,3948.2400000000002,8153.997313,67.37594960430272,Medium Profit,1,High,High Value - High Risk
C00984,Rohit Reddy,Premium,Madurai,Tamil Nadu,44123.0,Low,12,91682.03,197.55,232.9,-35.349999999999994,1,60096.43,54.5,654.0,1.0,382.68,1.0,95811.67,87159.3,12664.24629,0.0,75417.47,24.0,24.0,10.0,0,0,0,Low,30.0,30.0,Medium,12861.796289999998,1269.58,11592.216289999998,90.12906151384861,Medium Profit,0,Medium,Low Value - Low/Medium Risk
C00985,Anitha Verma,Premium,Madurai,Tamil Nadu,66906.0,Low,19,89722.36,354.51,306.92,47.589999999999975,1,36534.61,57.22,686.64,5.0,1871.8,0.0,0.0,0.0,0.0,0.0,0.0,0.0,0.0,0.0,0,0,0,Low,0.0,0.0,,354.51,2865.3599999999997,-2510.8499999999995,-708.2592874672082,Loss Making,0,Low,Low Value - Low/Medium Risk
C00986,Sneha Patel,Senior Citizen,Madurai,Tamil Nadu,22289.0,Low,13,86135.25,259.45,199.59,59.859999999999985,1,36323.88,134.25,1611.0,2.0,1136.75,0.0,0.0,0.0,0.0,0.0,0.0,0.0,0.0,0.0,0,35,0,Medium,0.0,0.0,,259.45,2947.34,-2687.8900000000003,-1035.9953748313742,Loss Making,0,Medium,Low Value - Low/Medium Risk
C00987,Suresh Singh,Mass Affluent,Madurai,Tamil Nadu,57251.0,Low,38,358671.63,610.01,608.26,1.75,2,222184.88,225.31,2703.7200000000003,0.0,0.0,1.0,639261.23,303143.39,41136.558023000005,0.0,729986.47,12.0,10.0,8.0,0,20,0,Medium,25.0,25.0,Medium,41746.56802300001,3311.9800000000005,38434.588023000004,92.0664616114664,High Profit,1,Medium,High Value - Low/Medium Risk
C00988,Rohit Verma,Premium,Mumbai,Maharashtra,61062.0,High,18,221821.6,321.8,360.96,-39.15999999999997,1,38204.83,118.12,1417.44,2.0,1005.9499999999999,1.0,841148.13,286479.64,43430.31342400001,0.0,778976.99,23.0,19.0,10.0,0,30,0,Medium,35.0,35.0,Medium,43752.11342400001,2784.35,40967.76342400001,93.63607884945586,High Profit,0,Medium,Low Value - Low/Medium Risk
C00989,Geetha Singh,Retail,Kolkata,West Bengal,59656.0,Medium,38,229676.34,622.0,602.34,19.659999999999968,2,121418.76000000001,163.98,1967.7599999999998,4.0,1302.08,0.0,0.0,0.0,0.0,0.0,0.0,0.0,0.0,0.0,0,30,0,Medium,0.0,0.0,,622.0,3872.18,-3250.18,-522.5369774919614,Loss Making,0,Medium,Low Value - Low/Medium Risk
C00990,Pooja Iyer,Mass Affluent,Delhi,Delhi,22159.0,Medium,30,215572.7,530.42,442.35,88.06999999999994,2,36852.2,157.06,1884.72,3.0,840.21,1.0,269017.73,0.0,0.0,0.0,310447.67,12.0,11.0,10.0,0,25,0,Medium,25.0,25.0,Medium,530.42,3167.28,-2636.86,-497.126805173259,Loss Making,0,Medium,Low Value - Low/Medium Risk
C00991,Deepa Rao,Senior Citizen,Delhi,Delhi,77235.0,High,17,122977.09,334.61,296.65,37.960000000000036,1,45004.73,135.58,1626.96,3.0,825.97,0.0,0.0,0.0,0.0,0.0,0.0,0.0,0.0,0.0,0,20,0,Medium,0.0,0.0,,334.61,2749.58,-2414.97,-721.726786408057,Loss Making,0,Medium,Low Value - Low/Medium Risk
C00992,Anitha Kumar,Senior Citizen,Pune,Maharashtra,40047.0,Low,16,93990.84,249.93,221.27,28.659999999999997,1,59853.26,158.39,1900.6799999999998,3.0,1376.17,1.0,282987.38,0.0,0.0,0.0,321497.78,12.0,10.0,10.0,0,15,0,Low,25.0,25.0,Medium,249.93,3498.12,-3248.19,-1299.639899171768,Loss Making,0,Medium,Low Value - Low/Medium Risk
C00993,Lakshmi Sharma,Mass Affluent,Kochi,Kerala,78106.0,Low,16,102127.56,239.85,278.58,-38.72999999999999,1,57055.0,31.22,374.64,4.0,1996.49,1.0,1312378.65,299414.68,49942.368624,0.0,1089169.56,15.0,14.0,10.0,0,0,0,Low,40.0,40.0,Medium,50182.218624,2649.71,47532.508624,94.71982293199616,High Profit,0,Medium,Low Value - Low/Medium Risk
C00994,Kavya Singh,Student,Chennai,Tamil Nadu,44418.0,Low,37,227668.41999999998,761.28,712.24,49.039999999999964,2,751615.31,299.38,3592.56,0.0,0.0,0.0,0.0,0.0,0.0,0.0,0.0,0.0,0.0,0.0,0,30,0,Medium,0.0,0.0,,761.28,4304.8,-3543.5200000000004,-465.46868432114337,Loss Making,1,Medium,High Value - Low/Medium Risk
C00995,Kavya Nair,Retail,Mumbai,Maharashtra,32926.0,Low,19,117976.03,300.71,222.52,78.18999999999997,1,26963.36,101.78,1221.3600000000001,2.0,1008.45,1.0,169025.61,0.0,0.0,0.0,107407.36,24.0,21.0,10.0,0,20,0,Medium,30.0,30.0,Medium,300.71,2452.33,-2151.62,-715.5132852249676,Loss Making,0,Medium,Low Value - Low/Medium Risk
C00996,Divya Patel,Senior Citizen,Bengaluru,Karnataka,23132.0,Medium,37,246231.83,578.17,560.09,18.079999999999927,2,407840.9,284.08,3408.96,1.0,362.96,1.0,1816312.18,426536.26,70207.868396,0.0,1907250.24,11.0,10.0,10.0,0,20,0,Medium,40.0,40.0,Medium,70786.038396,4332.01,66454.02839600001,93.88013498401291,High Profit,1,Medium,High Value - Low/Medium Risk
C00997,Kavya Gupta,Sme Owner,Kolkata,West Bengal,62259.0,High,10,87250.8,179.59,131.43,48.16,1,260625.26,111.88,1342.56,4.0,1755.25,0.0,0.0,0.0,0.0,0.0,0.0,0.0,0.0,0.0,0,20,0,Medium,0.0,0.0,,179.59,3229.24,-3049.6499999999996,-1698.1179352970653,Loss Making,1,Medium,High Value - Low/Medium Risk
C00998,Kavya Kumar,Senior Citizen,Kolkata,West Bengal,81913.0,Low,19,119122.47,285.8,365.61,-79.81,1,81455.44,166.34,1996.08,0.0,0.0,0.0,0.0,0.0,0.0,0.0,0.0,0.0,0.0,0.0,0,25,0,Medium,0.0,0.0,,285.8,2361.69,-2075.89,-726.3435969209237,Loss Making,0,Medium,Low Value - Low/Medium Risk
C00999,Meena Singh,Student,Hyderabad,Telangana,72002.0,Low,14,129980.51,230.93,223.05,7.8799999999999955,1,92801.19,92.17,1106.04,3.0,1280.87,1.0,819302.9,221542.36,31348.24394,0.0,259525.55,8.0,8.0,9.0,0,35,0,Medium,30.0,30.0,Medium,31579.17394,2609.96,28969.21394,91.73518596477892,Medium Profit,0,Medium,Low Value - Low/Medium Risk
C01000,Lakshmi Patel,Retail,Hyderabad,Telangana,77070.0,Medium,16,148260.01,257.07,211.29999999999998,45.77000000000001,1,62610.87,92.83,1113.96,2.0,1066.92,0.0,0.0,0.0,0.0,0.0,0.0,0.0,0.0,0.0,0,25,0,Medium,0.0,0.0,,257.07,2392.1800000000003,-2135.11,-830.5558797214767,Loss Making,0,Medium,Low Value - Low/Medium Risk
