customer_id,customer_name,customer_segment,city,state,annual_income,declared_risk_segment,total_transactions,total_transaction_value,transaction_fee_revenue,transaction_operational_cost,net_transaction_profit,number_of_accounts,total_account_balance,monthly_account_service_cost,annual_account_service_cost,total_complaints,complaint_service_cost,total_loans,total_loan_amount,total_outstanding_balance,estimated_interest_revenue,defaulted_loans,total_payments_made,payment_records,delayed_payment_records,max_days_late,suspicious_transactions,max_fraud_risk_score,confirmed_fraud_transactions,customer_fraud_risk_level,max_loan_risk_score,average_loan_risk_score,customer_loan_risk_level,customer_revenue,customer_operational_cost,customer_profit,profit_margin_pct,profitability_segment
C00114,Sanjay Verma,Retail,Hyderabad,Telangana,121481.0,Medium,34,289734.12,546.2,592.02,-45.819999999999936,2,47360.509999999995,311.21,3734.5199999999995,6.0,3147.29,0.0,0.0,0.0,0.0,0.0,0.0,0.0,0.0,0.0,0,35,0,Medium,0.0,0.0,,546.2,7473.829999999999,-6927.629999999999,-1268.3321127792015,Loss Making
C00357,Priya Verma,Student,Coimbatore,Tamil Nadu,82704.0,Low,53,361755.06,789.53,819.41,-29.879999999999995,3,349270.47000000003,342.36,4108.32,5.0,2586.19,0.0,0.0,0.0,0.0,0.0,0.0,0.0,0.0,0.0,0,25,0,Medium,0.0,0.0,,789.53,7513.92,-6724.39,-851.6953124010488,Loss Making
C00661,Rahul Iyer,Student,Madurai,Tamil Nadu,51842.0,Low,39,287193.94,594.75,613.2,-18.450000000000045,2,95601.68,323.16999999999996,3878.0399999999995,5.0,2341.2799999999997,0.0,0.0,0.0,0.0,0.0,0.0,0.0,0.0,0.0,1,40,0,High,0.0,0.0,,594.75,6832.5199999999995,-6237.7699999999995,-1048.8053804119377,Loss Making
C00779,Rohit Sharma,Retail,Kolkata,West Bengal,43506.0,Medium,60,386083.69,1111.12,957.0699999999999,154.04999999999995,3,530622.87,402.7,4832.4,2.0,1246.58,0.0,0.0,0.0,0.0,0.0,0.0,0.0,0.0,0.0,1,40,0,High,0.0,0.0,,1111.12,7036.049999999999,-5924.929999999999,-533.2394340845274,Loss Making
C00493,Karthik Singh,Student,Mumbai,Maharashtra,83267.0,High,57,426439.33,926.5,946.38,-19.879999999999995,3,1540927.0299999998,452.77,5433.24,1.0,432.59,1.0,1523098.2,0.0,0.0,0.0,975479.28,24.0,24.0,10.0,0,30,0,Medium,60.0,60.0,High,926.5,6812.21,-5885.71,-635.2628170534268,Loss Making
C00542,Suresh Singh,Retail,Mumbai,Maharashtra,37766.0,Low,56,414690.17,1027.15,832.68,194.47000000000014,3,304023.3,457.83,5493.96,2.0,482.38,0.0,0.0,0.0,0.0,0.0,0.0,0.0,0.0,0.0,0,35,0,Medium,0.0,0.0,,1027.15,6809.02,-5781.870000000001,-562.9041522659787,Loss Making
C00048,Arun Rao,Retail,Bengaluru,Karnataka,52602.0,Low,54,533512.75,970.48,764.2,206.27999999999997,3,1557108.93,374.52,4494.24,5.0,1452.38,0.0,0.0,0.0,0.0,0.0,0.0,0.0,0.0,0.0,0,30,0,Medium,0.0,0.0,,970.48,6710.82,-5740.34,-591.4949303437475,Loss Making
C00904,Naveen Iyer,Student,Bengaluru,Karnataka,44980.0,Medium,48,411841.29,902.33,876.5,25.83000000000004,3,424716.25,430.84,5170.08,3.0,443.21000000000004,0.0,0.0,0.0,0.0,0.0,0.0,0.0,0.0,0.0,1,45,0,High,0.0,0.0,,902.33,6489.79,-5587.46,-619.2257821417885,Loss Making
C00242,Suresh Singh,Retail,Bengaluru,Karnataka,45049.0,Low,41,325481.28,721.63,638.16,83.47000000000003,2,50567.16,298.51,3582.12,6.0,1977.65,1.0,413109.15,0.0,0.0,0.0,522164.82,24.0,21.0,10.0,0,35,0,Medium,25.0,25.0,Medium,721.63,6197.93,-5476.3,-758.879204024223,Loss Making
C00121,Suresh Iyer,Retail,Chennai,Tamil Nadu,78722.0,High,51,531007.6,833.83,755.5600000000001,78.26999999999998,3,2020851.5699999998,370.96,4451.5199999999995,3.0,1074.3,1.0,87489.86,0.0,0.0,0.0,90205.54,19.0,17.0,10.0,8,70,4,Critical,40.0,40.0,Medium,833.83,6281.38,-5447.55,-653.3166232925176,Loss Making
C00942,Priya Verma,Retail,Kochi,Kerala,165687.0,Low,60,501758.5,1120.39,864.65,255.74000000000012,3,353695.18,402.96,4835.5199999999995,2.0,814.28,0.0,0.0,0.0,0.0,0.0,0.0,0.0,0.0,0.0,1,45,0,High,0.0,0.0,,1120.39,6514.449999999999,-5394.059999999999,-481.444854024045,Loss Making
C00377,Divya Kumar,Sme Owner,Pune,Maharashtra,104832.0,Low,39,305875.85,671.03,624.47,46.559999999999945,2,324788.99,312.06,3744.7200000000003,6.0,1653.86,0.0,0.0,0.0,0.0,0.0,0.0,0.0,0.0,0.0,0,20,0,Medium,0.0,0.0,,671.03,6023.05,-5352.02,-797.5828204402188,Loss Making
C00624,Lakshmi Gupta,Retail,Coimbatore,Tamil Nadu,153611.0,Low,40,334287.15,649.5,702.48,-52.98000000000002,2,176867.49,267.84000000000003,3214.0800000000004,4.0,2051.28,0.0,0.0,0.0,0.0,0.0,0.0,0.0,0.0,0.0,0,20,0,Medium,0.0,0.0,,649.5,5967.84,-5318.34,-818.8360277136259,Loss Making
C00084,Sanjay Verma,Senior Citizen,Chennai,Tamil Nadu,62239.0,Medium,35,226349.09,590.77,569.25,21.519999999999982,2,215324.89,216.55,2598.6000000000004,3.0,2676.55,0.0,0.0,0.0,0.0,0.0,0.0,0.0,0.0,0.0,0,25,0,Medium,0.0,0.0,,590.77,5844.400000000001,-5253.630000000001,-889.2851702016015,Loss Making
C00354,Divya Singh,Mass Affluent,Coimbatore,Tamil Nadu,114753.0,Low,59,492517.02,1060.11,989.37,70.7399999999999,3,211831.49,411.52,4938.24,1.0,369.16,0.0,0.0,0.0,0.0,0.0,0.0,0.0,0.0,0.0,0,30,0,Medium,0.0,0.0,,1060.11,6296.7699999999995,-5236.66,-493.9732669251304,Loss Making
C00736,Rohit Iyer,Retail,Kolkata,West Bengal,39682.0,Medium,47,490118.51,852.5,720.59,131.90999999999997,3,718800.3200000001,447.18999999999994,5366.279999999999,0.0,0.0,0.0,0.0,0.0,0.0,0.0,0.0,0.0,0.0,0.0,1,45,0,High,0.0,0.0,,852.5,6086.869999999999,-5234.369999999999,-614.0023460410556,Loss Making
C00697,Naveen Reddy,Premium,Coimbatore,Tamil Nadu,31673.0,Medium,59,420762.81,832.4,840.46,-8.06000000000006,3,487827.59,384.29999999999995,4611.599999999999,1.0,614.56,0.0,0.0,0.0,0.0,0.0,0.0,0.0,0.0,0.0,1,45,0,High,0.0,0.0,,832.4,6066.619999999999,-5234.219999999999,-628.8106679481018,Loss Making
C00324,Sanjay Iyer,Sme Owner,Bengaluru,Karnataka,59818.0,Low,57,425647.26,944.01,944.25,-0.2400000000000091,3,177697.09999999998,333.38,4000.56,2.0,1190.1399999999999,1.0,209693.25,0.0,0.0,0.0,161605.48,24.0,21.0,10.0,0,30,0,Medium,30.0,30.0,Medium,944.01,6134.949999999999,-5190.939999999999,-549.8818868444189,Loss Making
C00420,Anitha Rao,Mass Affluent,Mumbai,Maharashtra,77175.0,Low,46,295784.71,785.98,673.26,112.72000000000003,3,225347.71999999997,379.07,4548.84,2.0,734.29,1.0,262057.26,0.0,0.0,0.0,217334.48,24.0,24.0,10.0,0,30,0,Medium,40.0,40.0,Medium,785.98,5956.39,-5170.41,-657.829715768849,Loss Making
C00831,Ajay Kumar,Sme Owner,Coimbatore,Tamil Nadu,46543.0,Low,59,511427.68,1053.42,1028.59,24.830000000000155,3,911504.1399999999,390.94,4691.28,2.0,484.19,1.0,1335861.05,0.0,0.0,0.0,390860.04,5.0,4.0,10.0,0,25,0,Medium,60.0,60.0,High,1053.42,6204.0599999999995,-5150.639999999999,-488.94458050919854,Loss Making
C00483,Vijay Singh,Retail,Bengaluru,Karnataka,35968.0,Medium,38,323055.07,566.25,640.16,-73.90999999999997,2,217952.99,203.66,2443.92,6.0,2628.92,0.0,0.0,0.0,0.0,0.0,0.0,0.0,0.0,0.0,0,35,0,Medium,0.0,0.0,,566.25,5713.0,-5146.75,-908.9183222958058,Loss Making
C00103,Karthik Sharma,Mass Affluent,Madurai,Tamil Nadu,85821.0,Low,57,524845.8,1021.41,868.58,152.82999999999993,3,339578.82999999996,315.11,3781.32,3.0,1465.81,0.0,0.0,0.0,0.0,0.0,0.0,0.0,0.0,0.0,0,20,0,Medium,0.0,0.0,,1021.41,6115.710000000001,-5094.300000000001,-498.75172555584936,Loss Making
C00862,Geetha Singh,Mass Affluent,Hyderabad,Telangana,46425.0,Medium,53,409141.88,930.88,932.5699999999999,-1.6899999999999409,3,904370.72,274.31,3291.7200000000003,2.0,1754.1999999999998,1.0,842765.07,0.0,0.0,0.0,546011.52,24.0,20.0,10.0,0,30,0,Medium,25.0,25.0,Medium,930.88,5978.49,-5047.61,-542.2406754898591,Loss Making
C00003,Rohit Sharma,Premium,Kolkata,West Bengal,142189.0,Medium,30,254059.78,585.38,425.75,159.63,2,172156.81,275.85,3310.2000000000003,4.0,1885.45,0.0,0.0,0.0,0.0,0.0,0.0,0.0,0.0,0.0,0,30,0,Medium,0.0,0.0,,585.38,5621.400000000001,-5036.02,-860.2992927670915,Loss Making
C00588,Arun Nair,Senior Citizen,Kolkata,West Bengal,34539.0,Medium,38,202658.37,636.61,653.63,-17.019999999999982,2,1143458.3699999999,305.53,3666.3599999999997,4.0,1312.21,0.0,0.0,0.0,0.0,0.0,0.0,0.0,0.0,0.0,0,20,0,Medium,0.0,0.0,,636.61,5632.2,-4995.59,-784.7174879439532,Loss Making
C00560,Sanjay Gupta,Premium,Hyderabad,Telangana,69278.0,Low,34,287762.74,601.47,495.98,105.49000000000001,2,146293.58000000002,316.38,3796.56,2.0,1228.78,0.0,0.0,0.0,0.0,0.0,0.0,0.0,0.0,0.0,0,30,0,Medium,0.0,0.0,,601.47,5521.32,-4919.849999999999,-817.970971120754,Loss Making
C00738,Meena Singh,Student,Coimbatore,Tamil Nadu,84871.0,Low,16,75760.56999999999,269.16,253.88,15.28000000000003,1,124067.39,147.95,1775.3999999999999,6.0,3122.45,0.0,0.0,0.0,0.0,0.0,0.0,0.0,0.0,0.0,0,0,0,Low,0.0,0.0,,269.16,5151.73,-4882.57,-1814.002823599346,Loss Making
C00289,Sneha Kumar,Student,Pune,Maharashtra,22290.0,Low,68,480363.47,1247.5,1016.67,230.83000000000004,3,221124.04,397.23,4766.76,1.0,283.65,0.0,0.0,0.0,0.0,0.0,0.0,0.0,0.0,0.0,0,20,0,Medium,0.0,0.0,,1247.5,6067.08,-4819.58,-386.3390781563126,Loss Making
C00068,Pooja Kumar,Student,Madurai,Tamil Nadu,39953.0,Low,51,364664.14,837.64,774.53,63.110000000000014,3,291355.88,406.70000000000005,4880.400000000001,0.0,0.0,1.0,2124040.72,0.0,0.0,0.0,2433886.96,12.0,12.0,10.0,0,30,0,Medium,30.0,30.0,Medium,837.64,5654.93,-4817.29,-575.1026694045174,Loss Making
C00882,Sanjay Rao,Student,Kolkata,West Bengal,22856.0,Low,38,278991.75,623.14,602.49,20.649999999999977,2,1524366.8499999999,245.53000000000003,2946.3600000000006,5.0,1857.06,0.0,0.0,0.0,0.0,0.0,0.0,0.0,0.0,0.0,0,20,0,Medium,0.0,0.0,,623.14,5405.91,-4782.7699999999995,-767.5273614276085,Loss Making
C00407,Priya Gupta,Mass Affluent,Kochi,Kerala,38020.0,Low,39,168777.16,797.77,565.76,232.01,2,1293432.0699999998,265.67,3188.04,5.0,1815.02,0.0,0.0,0.0,0.0,0.0,0.0,0.0,0.0,0.0,0,15,0,Low,0.0,0.0,,797.77,5568.82,-4771.049999999999,-598.048309663186,Loss Making
C00238,Lakshmi Rao,Sme Owner,Chennai,Tamil Nadu,81371.0,Low,47,311503.19,871.17,733.89,137.27999999999997,2,68668.11,237.39,2848.68,4.0,2017.48,0.0,0.0,0.0,0.0,0.0,0.0,0.0,0.0,0.0,0,30,0,Medium,0.0,0.0,,871.17,5600.049999999999,-4728.879999999999,-542.8194267479366,Loss Making
C00591,Vishal Rao,Mass Affluent,Hyderabad,Telangana,114758.0,Medium,33,277339.07,649.77,525.33,124.43999999999994,2,547300.85,309.18,3710.16,3.0,1125.8400000000001,0.0,0.0,0.0,0.0,0.0,0.0,0.0,0.0,0.0,0,30,0,Medium,0.0,0.0,,649.77,5361.33,-4711.5599999999995,-725.1119626944918,Loss Making
C00129,Divya Patel,Sme Owner,Kolkata,West Bengal,40587.0,High,36,329591.75,592.1,588.58,3.519999999999982,2,342639.2,278.96000000000004,3347.5200000000004,3.0,1305.73,0.0,0.0,0.0,0.0,0.0,0.0,0.0,0.0,0.0,0,35,0,Medium,0.0,0.0,,592.1,5241.83,-4649.73,-785.2947137307887,Loss Making
C00433,Suresh Patel,Mass Affluent,Kolkata,West Bengal,62326.0,Low,31,193240.51,620.33,407.83,212.50000000000006,2,159104.03999999998,229.74,2756.88,5.0,2097.61,0.0,0.0,0.0,0.0,0.0,0.0,0.0,0.0,0.0,0,5,0,Low,0.0,0.0,,620.33,5262.32,-4641.99,-748.3097706059677,Loss Making
C00518,Rahul Iyer,Mass Affluent,Pune,Maharashtra,57023.0,High,20,131022.11,302.98,338.15999999999997,-35.17999999999995,1,54368.44,179.56,2154.7200000000003,5.0,2430.58,1.0,148999.65,0.0,0.0,0.0,140414.74,24.0,24.0,10.0,0,30,0,Medium,30.0,30.0,Medium,302.98,4923.46,-4620.48,-1525.0115519176181,Loss Making
C00036,Naveen Gupta,Senior Citizen,Delhi,Delhi,137790.0,Medium,27,400119.9,505.67,435.55,70.12,2,464889.74,290.36,3484.32,3.0,1201.67,1.0,821764.67,0.0,0.0,0.0,354602.69,8.0,8.0,10.0,0,35,0,Medium,25.0,25.0,Medium,505.67,5121.540000000001,-4615.870000000001,-912.8225918088873,Loss Making
C00453,Rahul Nair,Retail,Coimbatore,Tamil Nadu,59018.0,Low,38,353262.86,671.08,676.02,-4.939999999999941,2,284555.0,225.22,2702.64,4.0,1832.09,0.0,0.0,0.0,0.0,0.0,0.0,0.0,0.0,0.0,0,20,0,Medium,0.0,0.0,,671.08,5210.75,-4539.67,-676.4722536806341,Loss Making
C00256,Pooja Patel,Retail,Pune,Maharashtra,77940.0,Low,23,181371.57,368.8,397.19,-28.389999999999986,2,46804.5,254.14000000000001,3049.6800000000003,3.0,1432.9,0.0,0.0,0.0,0.0,0.0,0.0,0.0,0.0,0.0,0,35,0,Medium,0.0,0.0,,368.8,4879.77,-4510.97,-1223.1480477223429,Loss Making
C00342,Ajay Iyer,Mass Affluent,Pune,Maharashtra,104679.0,Low,18,176580.03999999998,274.94,265.0,9.939999999999998,1,67886.68,172.41,2068.92,5.0,2335.04,0.0,0.0,0.0,0.0,0.0,0.0,0.0,0.0,0.0,0,30,0,Medium,0.0,0.0,,274.94,4668.96,-4394.02,-1598.1741470866373,Loss Making
C00214,Geetha Sharma,Senior Citizen,Delhi,Delhi,63351.0,Low,23,471218.74,382.39,284.19,98.19999999999999,1,130656.78,178.34,2140.08,6.0,2338.46,1.0,879331.89,0.0,0.0,0.0,852624.99,24.0,24.0,10.0,4,70,4,Critical,40.0,40.0,Medium,382.39,4762.73,-4380.339999999999,-1145.5163576453356,Loss Making
C00452,Ajay Kumar,Mass Affluent,Kolkata,West Bengal,68719.0,Low,35,303209.89,631.92,585.8,46.120000000000005,2,146230.96000000002,292.66,3511.92,1.0,910.94,1.0,273665.92,0.0,0.0,0.0,161619.82,24.0,19.0,10.0,4,70,2,Critical,40.0,40.0,Medium,631.92,5008.66,-4376.74,-692.609824028358,Loss Making
C00065,Kavya Patel,Mass Affluent,Madurai,Tamil Nadu,26540.0,Medium,36,303575.99,614.52,643.9399999999999,-29.41999999999996,2,199045.81,274.35,3292.2000000000003,3.0,1019.88,1.0,1781761.71,0.0,0.0,0.0,2218347.9699999997,24.0,22.0,9.0,0,20,0,Medium,35.0,35.0,Medium,614.52,4956.02,-4341.5,-706.4863633404934,Loss Making
C00500,Ajay Nair,Premium,Madurai,Tamil Nadu,84625.0,Low,34,259943.5,687.17,607.71,79.45999999999992,2,388906.98,284.83000000000004,3417.9600000000005,4.0,993.02,0.0,0.0,0.0,0.0,0.0,0.0,0.0,0.0,0.0,0,20,0,Medium,0.0,0.0,,687.17,5018.6900000000005,-4331.52,-630.3418368089411,Loss Making
C00610,Naveen Sharma,Student,Chennai,Tamil Nadu,112955.0,Medium,39,268483.62,647.78,711.54,-63.75999999999999,2,236475.81,245.55,2946.6000000000004,3.0,1290.94,0.0,0.0,0.0,0.0,0.0,0.0,0.0,0.0,0.0,0,20,0,Medium,0.0,0.0,,647.78,4949.08,-4301.3,-664.0062984346538,Loss Making
C00440,Priya Iyer,Senior Citizen,Coimbatore,Tamil Nadu,20599.0,Low,38,256175.35,578.81,582.33,-3.5200000000000955,2,999667.33,322.1,3865.2000000000003,2.0,397.88,1.0,1716973.26,0.0,0.0,0.0,759031.4299999999,8.0,5.0,5.0,1,40,0,High,25.0,25.0,Medium,578.81,4845.410000000001,-4266.6,-737.1330833952421,Loss Making
C00587,Priya Reddy,Student,Chennai,Tamil Nadu,109573.0,Low,38,332716.97000000003,739.26,591.22,148.03999999999996,2,246085.65,279.88,3358.56,2.0,1050.94,0.0,0.0,0.0,0.0,0.0,0.0,0.0,0.0,0.0,1,45,0,High,0.0,0.0,,739.26,5000.719999999999,-4261.459999999999,-576.4494223953682,Loss Making
C00776,Geetha Sharma,Mass Affluent,Kolkata,West Bengal,32597.0,Low,46,357108.38,712.73,739.21,-26.480000000000018,2,256471.66,246.26,2955.12,3.0,1248.78,0.0,0.0,0.0,0.0,0.0,0.0,0.0,0.0,0.0,0,30,0,Medium,0.0,0.0,,712.73,4943.11,-4230.379999999999,-593.5459430639933,Loss Making
C00564,Geetha Singh,Retail,Pune,Maharashtra,174202.0,High,31,210084.21,626.78,496.55,130.22999999999996,2,115295.61,331.25,3975.0,1.0,382.47,1.0,337223.15,0.0,0.0,0.0,332979.16,24.0,24.0,10.0,1,45,0,High,40.0,40.0,Medium,626.78,4854.02,-4227.240000000001,-674.4376017103291,Loss Making
C00917,Meena Iyer,Student,Bengaluru,Karnataka,75652.0,Low,26,183489.01,426.95,499.28,-72.32999999999998,2,112980.24,228.94,2747.2799999999997,4.0,1348.99,0.0,0.0,0.0,0.0,0.0,0.0,0.0,0.0,0.0,1,45,0,High,0.0,0.0,,426.95,4595.549999999999,-4168.599999999999,-976.3672561189834,Loss Making
C00579,Vijay Rao,Retail,Kolkata,West Bengal,66257.0,Low,38,325171.99,656.05,581.78,74.26999999999998,2,104540.45,243.32999999999998,2919.96,5.0,1303.8899999999999,0.0,0.0,0.0,0.0,0.0,0.0,0.0,0.0,0.0,2,40,0,High,0.0,0.0,,656.05,4805.629999999999,-4149.579999999999,-632.5097172471609,Loss Making
C00093,Kavya Nair,Retail,Bengaluru,Karnataka,32490.0,Medium,14,76546.65,222.06,224.76,-2.6999999999999886,1,134526.95,148.5,1782.0,5.0,2361.84,0.0,0.0,0.0,0.0,0.0,0.0,0.0,0.0,0.0,0,0,0,Low,0.0,0.0,,222.06,4368.6,-4146.54,-1867.3061334774384,Loss Making
C00461,Geetha Verma,Retail,Delhi,Delhi,21944.0,Medium,34,226779.96,646.77,616.5,30.269999999999982,2,601329.99,219.45,2633.3999999999996,3.0,1482.67,0.0,0.0,0.0,0.0,0.0,0.0,0.0,0.0,0.0,0,30,0,Medium,0.0,0.0,,646.77,4732.57,-4085.7999999999997,-631.7237967128964,Loss Making
C00404,Sanjay Singh,Senior Citizen,Pune,Maharashtra,49293.0,Medium,15,102572.35,250.63,271.61,-20.980000000000018,1,48763.12,176.38,2116.56,5.0,1914.66,1.0,150295.8,0.0,0.0,0.0,113008.78,24.0,21.0,10.0,0,35,0,Medium,40.0,40.0,Medium,250.63,4302.83,-4052.2,-1616.8056497625983,Loss Making
C00086,Rahul Kumar,Retail,Hyderabad,Telangana,50561.0,Low,31,188022.44,546.02,457.63,88.38999999999999,2,146379.58,296.11,3553.32,3.0,581.04,0.0,0.0,0.0,0.0,0.0,0.0,0.0,0.0,0.0,0,20,0,Medium,0.0,0.0,,546.02,4591.99,-4045.97,-740.9930039192703,Loss Making
C00535,Anitha Kumar,Senior Citizen,Bengaluru,Karnataka,34767.0,Medium,34,370481.54,603.42,543.66,59.75999999999999,2,375373.93999999994,242.99,2915.88,3.0,1177.6399999999999,0.0,0.0,0.0,0.0,0.0,0.0,0.0,0.0,0.0,2,40,0,High,0.0,0.0,,603.42,4637.18,-4033.76,-668.4829803453648,Loss Making
C00517,Rohit Sharma,Retail,Bengaluru,Karnataka,62370.0,Low,25,204008.97,476.5,416.49,60.00999999999999,1,19268.7,38.01,456.12,9.0,3630.7,0.0,0.0,0.0,0.0,0.0,0.0,0.0,0.0,0.0,0,20,0,Medium,0.0,0.0,,476.5,4503.3099999999995,-4026.8099999999995,-845.0807974816369,Loss Making
C00061,Pooja Iyer,Senior Citizen,Bengaluru,Karnataka,46623.0,Medium,34,223910.13999999998,476.43,510.01,-33.579999999999984,2,2194740.4499999997,250.32,3003.84,2.0,983.37,0.0,0.0,0.0,0.0,0.0,0.0,0.0,0.0,0.0,0,35,0,Medium,0.0,0.0,,476.43,4497.22,-4020.7900000000004,-843.9413974770691,Loss Making
C00834,Deepa Kumar,Retail,Chennai,Tamil Nadu,30249.0,Low,37,432489.32,635.86,556.08,79.77999999999997,2,139522.86000000002,328.84000000000003,3946.0800000000004,1.0,137.59,0.0,0.0,0.0,0.0,0.0,0.0,0.0,0.0,0.0,0,30,0,Medium,0.0,0.0,,635.86,4639.750000000001,-4003.890000000001,-629.681061868965,Loss Making
C00296,Kavya Iyer,Retail,Chennai,Tamil Nadu,66338.0,Low,36,366497.54,715.98,613.58,102.39999999999998,2,244594.26,280.96000000000004,3371.5200000000004,2.0,732.52,0.0,0.0,0.0,0.0,0.0,0.0,0.0,0.0,0.0,0,35,0,Medium,0.0,0.0,,715.98,4717.620000000001,-4001.640000000001,-558.903879996648,Loss Making
C00628,Deepa Sharma,Retail,Mumbai,Maharashtra,65786.0,Low,38,492259.47000000003,650.89,577.69,73.19999999999993,2,616142.35,338.44,4061.2799999999997,0.0,0.0,0.0,0.0,0.0,0.0,0.0,0.0,0.0,0.0,0.0,0,30,0,Medium,0.0,0.0,,650.89,4638.969999999999,-3988.0799999999995,-612.7118253468327,Loss Making
C00686,Ajay Nair,Retail,Delhi,Delhi,68823.0,Low,37,230040.56,702.63,557.1,145.52999999999997,2,181989.68,259.90999999999997,3118.9199999999996,4.0,1006.61,0.0,0.0,0.0,0.0,0.0,0.0,0.0,0.0,0.0,1,45,0,High,0.0,0.0,,702.63,4682.629999999999,-3979.999999999999,-566.4432204716563,Loss Making
C00911,Vishal Verma,Retail,Bengaluru,Karnataka,38993.0,Low,35,217935.78,626.17,603.38,22.789999999999964,2,323452.51,314.46000000000004,3773.5200000000004,1.0,220.26,1.0,107469.29,0.0,0.0,0.0,25085.0,9.0,9.0,10.0,0,35,0,Medium,60.0,60.0,High,626.17,4597.160000000001,-3970.9900000000007,-634.1712314547169,Loss Making
C00311,Suresh Sharma,Retail,Mumbai,Maharashtra,123479.0,Low,37,131524.97,686.48,552.03,134.45000000000005,2,149037.83,211.68,2540.16,5.0,1545.16,1.0,760594.54,0.0,0.0,0.0,482764.12,24.0,20.0,9.0,0,15,0,Low,25.0,25.0,Medium,686.48,4637.349999999999,-3950.8699999999994,-575.5258711105931,Loss Making
C00013,Arun Gupta,Retail,Madurai,Tamil Nadu,66300.0,Low,18,306866.47000000003,283.14,263.09000000000003,20.049999999999955,1,128547.28,124.56,1494.72,4.0,2450.12,0.0,0.0,0.0,0.0,0.0,0.0,0.0,0.0,0.0,5,70,2,Critical,0.0,0.0,,283.14,4207.93,-3924.7900000000004,-1386.1658543476726,Loss Making
C00313,Deepa Nair,Premium,Delhi,Delhi,16619.0,Low,40,258551.76,686.45,638.51,47.940000000000055,2,237736.84999999998,230.68,2768.16,3.0,1179.68,0.0,0.0,0.0,0.0,0.0,0.0,0.0,0.0,0.0,0,35,0,Medium,0.0,0.0,,686.45,4586.35,-3899.9000000000005,-568.1258649573895,Loss Making
C00733,Meena Kumar,Retail,Chennai,Tamil Nadu,84390.0,Low,45,268847.63,782.42,832.13,-49.710000000000036,2,107382.84,290.85,3490.2000000000003,2.0,345.62,1.0,103613.74,0.0,0.0,0.0,102337.74,24.0,21.0,10.0,0,30,0,Medium,35.0,35.0,Medium,782.42,4667.95,-3885.5299999999997,-496.6041256614095,Loss Making
C00428,Pooja Reddy,Student,Chennai,Tamil Nadu,49910.0,Low,49,279896.94,836.4300000000001,727.02,109.41000000000008,3,433181.45,240.62,2887.44,3.0,1085.4,0.0,0.0,0.0,0.0,0.0,0.0,0.0,0.0,0.0,0,35,0,Medium,0.0,0.0,,836.4300000000001,4699.860000000001,-3863.4300000000003,-461.8951974462896,Loss Making
C00231,Arun Sharma,Retail,Chennai,Tamil Nadu,60785.0,Low,14,96988.99,258.58,198.13,60.44999999999999,1,305893.53,161.82,1941.84,4.0,1962.5299999999997,0.0,0.0,0.0,0.0,0.0,0.0,0.0,0.0,0.0,0,5,0,Low,0.0,0.0,,258.58,4102.5,-3843.92,-1486.5496171397633,Loss Making
C00040,Ajay Reddy,Retail,Kolkata,West Bengal,49190.0,Low,34,272993.36,580.05,584.65,-4.600000000000023,2,303805.66,285.90999999999997,3430.9199999999996,1.0,392.47,1.0,1060372.66,0.0,0.0,0.0,1101686.15,24.0,23.0,10.0,1,40,0,High,50.0,50.0,High,580.05,4408.04,-3827.99,-659.941384363417,Loss Making
C00689,Suresh Kumar,Premium,Chennai,Tamil Nadu,27637.0,Low,35,237670.41999999998,611.12,618.98,-7.860000000000014,2,81579.81,207.95999999999998,2495.5199999999995,3.0,1299.05,0.0,0.0,0.0,0.0,0.0,0.0,0.0,0.0,0.0,0,25,0,Medium,0.0,0.0,,611.12,4413.549999999999,-3802.4299999999994,-622.2067679015577,Loss Making
C00043,Suresh Gupta,Retail,Delhi,Delhi,83036.0,Low,55,468605.99,883.85,876.47,7.3799999999999955,3,537882.5800000001,308.13,3697.56,1.0,104.92,1.0,1725290.08,0.0,0.0,0.0,335341.18,8.0,8.0,10.0,0,35,0,Medium,40.0,40.0,Medium,883.85,4678.95,-3795.1,-429.3828138258754,Loss Making
C00319,Divya Rao,Retail,Kolkata,West Bengal,58482.0,Low,43,269864.07,734.07,629.9,104.17000000000007,2,352000.67,268.53999999999996,3222.4799999999996,1.0,670.72,0.0,0.0,0.0,0.0,0.0,0.0,0.0,0.0,0.0,0,25,0,Medium,0.0,0.0,,734.07,4523.099999999999,-3789.0299999999993,-516.167395479995,Loss Making
C00450,Vijay Singh,Mass Affluent,Chennai,Kerala,35916.0,Low,36,211779.96,452.68,634.04,-181.35999999999996,2,142388.84,177.94,2135.2799999999997,3.0,1442.56,0.0,0.0,0.0,0.0,0.0,0.0,0.0,0.0,0.0,0,35,0,Medium,0.0,0.0,,452.68,4211.879999999999,-3759.1999999999994,-830.432093310948,Loss Making
C00796,Naveen Sharma,Mass Affluent,Kochi,Kerala,96812.0,Low,15,124536.91,288.75,190.41,98.34,1,71270.84,165.59,1987.08,4.0,1868.1399999999999,0.0,0.0,0.0,0.0,0.0,0.0,0.0,0.0,0.0,0,35,0,Medium,0.0,0.0,,288.75,4045.6299999999997,-3756.8799999999997,-1301.0839826839826,Loss Making
C00969,Rahul Reddy,Premium,Kolkata,West Bengal,24965.0,Low,39,286626.61,750.26,615.28,134.98000000000002,2,357663.2,180.26999999999998,2163.24,5.0,1698.9299999999998,0.0,0.0,0.0,0.0,0.0,0.0,0.0,0.0,0.0,0,35,0,Medium,0.0,0.0,,750.26,4477.449999999999,-3727.1899999999987,-496.7864473649133,Loss Making
C00767,Arun Iyer,Retail,Hyderabad,Telangana,289579.0,Medium,31,209515.14,571.93,462.04,109.88999999999993,2,437652.64999999997,275.91,3310.92,1.0,514.66,0.0,0.0,0.0,0.0,0.0,0.0,0.0,0.0,0.0,0,20,0,Medium,0.0,0.0,,571.93,4287.62,-3715.69,-649.6756596086934,Loss Making
C00952,Sneha Kumar,Student,Mumbai,Maharashtra,82299.0,Low,57,640609.88,1037.53,815.88,221.64999999999998,3,160660.27000000002,253.75,3045.0,3.0,879.9000000000001,0.0,0.0,0.0,0.0,0.0,0.0,0.0,0.0,0.0,0,25,0,Medium,0.0,0.0,,1037.53,4740.780000000001,-3703.250000000001,-356.92943818492006,Loss Making
C00152,Sneha Sharma,Retail,Chennai,Tamil Nadu,98474.0,Medium,19,209256.22,381.96000000000004,312.11,69.85000000000002,1,114866.8,159.96,1919.52,4.0,1842.28,0.0,0.0,0.0,0.0,0.0,0.0,0.0,0.0,0.0,0,35,0,Medium,0.0,0.0,,381.96000000000004,4073.91,-3691.95,-966.5802701853595,Loss Making
C00390,Priya Kumar,Student,Mumbai,Maharashtra,34717.0,Medium,16,77750.07,292.61,224.36,68.25,1,19215.19,106.39,1276.68,4.0,2476.41,0.0,0.0,0.0,0.0,0.0,0.0,0.0,0.0,0.0,0,0,0,Low,0.0,0.0,,292.61,3977.45,-3684.8399999999997,-1259.3007757766309,Loss Making
C00725,Rohit Gupta,Sme Owner,Mumbai,Maharashtra,42450.0,High,37,389249.17,703.48,541.3,162.18000000000006,2,212749.16999999998,206.62,2479.44,3.0,1359.72,1.0,2042137.4,0.0,0.0,0.0,2274501.19,12.0,12.0,10.0,0,35,0,Medium,25.0,25.0,Medium,703.48,4380.46,-3676.98,-522.6843691362939,Loss Making
C00499,Suresh Iyer,Student,Delhi,Delhi,41310.0,Low,53,368480.64,855.4300000000001,870.82,-15.389999999999986,3,756013.3900000001,135.18,1622.16,4.0,2034.1100000000001,0.0,0.0,0.0,0.0,0.0,0.0,0.0,0.0,0.0,0,35,0,Medium,0.0,0.0,,855.4300000000001,4527.09,-3671.66,-429.21805407806596,Loss Making
C00345,Divya Reddy,Sme Owner,Coimbatore,Tamil Nadu,27875.0,Low,34,243989.36,499.9,588.86,-88.96000000000004,2,476202.55,221.76,2661.12,2.0,902.74,0.0,0.0,0.0,0.0,0.0,0.0,0.0,0.0,0.0,0,30,0,Medium,0.0,0.0,,499.9,4152.72,-3652.82,-730.7101420284058,Loss Making
C00747,Divya Gupta,Retail,Chennai,Tamil Nadu,30003.0,Low,12,77718.42,224.91,197.03,27.879999999999995,1,196395.23,139.25,1671.0,3.0,2006.94,1.0,334299.63,0.0,0.0,0.0,422295.84,24.0,24.0,10.0,0,5,0,Low,25.0,25.0,Medium,224.91,3874.9700000000003,-3650.0600000000004,-1622.8980481081321,Loss Making
C00269,Pooja Singh,Retail,Kolkata,West Bengal,24212.0,Medium,35,156328.87,495.65999999999997,497.32,-1.660000000000025,2,1353621.71,248.56,2982.7200000000003,2.0,659.99,1.0,107700.02,0.0,0.0,0.0,50915.62,17.0,17.0,10.0,0,0,0,Low,60.0,60.0,High,495.65999999999997,4140.030000000001,-3644.370000000001,-735.2560222733327,Loss Making
C00600,Karthik Reddy,Sme Owner,Kolkata,West Bengal,50743.0,Medium,44,350990.12,764.07,710.03,54.04000000000008,2,135232.55,230.26,2763.12,2.0,922.9300000000001,0.0,0.0,0.0,0.0,0.0,0.0,0.0,0.0,0.0,0,20,0,Medium,0.0,0.0,,764.07,4396.08,-3632.0099999999998,-475.35042600808816,Loss Making
C00338,Vishal Kumar,Senior Citizen,Delhi,Delhi,112507.0,Low,28,163800.37,516.52,426.75,89.76999999999998,2,128570.35,252.20999999999998,3026.5199999999995,2.0,688.56,0.0,0.0,0.0,0.0,0.0,0.0,0.0,0.0,0.0,0,20,0,Medium,0.0,0.0,,516.52,4141.83,-3625.31,-701.8721443506544,Loss Making
C00921,Ajay Verma,Mass Affluent,Pune,Maharashtra,75056.0,Low,32,231289.51,530.63,524.84,5.789999999999964,2,81528.16,224.53000000000003,2694.3600000000006,2.0,916.8800000000001,0.0,0.0,0.0,0.0,0.0,0.0,0.0,0.0,0.0,0,20,0,Medium,0.0,0.0,,530.63,4136.080000000001,-3605.4500000000007,-679.4659178712099,Loss Making
C00965,Vishal Sharma,Sme Owner,Kochi,Kerala,72272.0,High,18,138121.38,310.77,305.52,5.25,1,48524.84,38.88,466.56000000000006,6.0,3138.19,1.0,592785.4,0.0,0.0,0.0,790303.63,24.0,20.0,10.0,0,35,0,Medium,40.0,40.0,Medium,310.77,3910.27,-3599.5,-1158.2520835344467,Loss Making
C00913,Geetha Iyer,Retail,Pune,Maharashtra,37240.0,Low,28,207810.72999999998,494.08,478.31,15.769999999999982,2,222071.12999999998,226.07999999999998,2712.96,2.0,900.0,1.0,205032.54,0.0,0.0,0.0,58557.6,10.0,9.0,9.0,0,20,0,Medium,25.0,25.0,Medium,494.08,4091.27,-3597.19,-728.0582091968912,Loss Making
C00237,Geetha Nair,Premium,Pune,Maharashtra,89215.0,Low,35,320837.04,564.67,603.47,-38.80000000000007,2,766299.42,296.1,3553.2000000000003,0.0,0.0,0.0,0.0,0.0,0.0,0.0,0.0,0.0,0.0,0.0,0,30,0,Medium,0.0,0.0,,564.67,4156.67,-3592.0,-636.1237536968496,Loss Making
C00432,Naveen Reddy,Retail,Mumbai,Maharashtra,54754.0,Medium,38,211576.65,769.25,606.44,162.80999999999995,2,167607.55,263.9,3166.7999999999997,1.0,579.87,0.0,0.0,0.0,0.0,0.0,0.0,0.0,0.0,0.0,0,15,0,Low,0.0,0.0,,769.25,4353.11,-3583.8599999999997,-465.8901527461813,Loss Making
C00401,Lakshmi Verma,Retail,Delhi,Delhi,94291.0,High,24,186267.31,376.07,427.66,-51.59000000000003,2,339063.80000000005,201.64000000000001,2419.6800000000003,2.0,1108.6,0.0,0.0,0.0,0.0,0.0,0.0,0.0,0.0,0.0,0,35,0,Medium,0.0,0.0,,376.07,3955.94,-3579.87,-951.915866726939,Loss Making
C00156,Ajay Patel,Sme Owner,Hyderabad,Telangana,34070.0,Low,44,349947.79,864.61,747.54,117.07000000000005,2,360770.99,162.54,1950.48,3.0,1744.3400000000001,1.0,1011149.32,0.0,0.0,0.0,599123.07,24.0,24.0,10.0,0,35,0,Medium,40.0,40.0,Medium,864.61,4442.360000000001,-3577.7500000000005,-413.7992852268654,Loss Making
C00382,Vijay Singh,Mass Affluent,Delhi,Delhi,138045.0,Medium,14,109518.05,244.1,257.8,-13.700000000000017,1,84992.61,177.34,2128.08,4.0,1412.95,0.0,0.0,0.0,0.0,0.0,0.0,0.0,0.0,0.0,0,20,0,Medium,0.0,0.0,,244.1,3798.83,-3554.73,-1456.2597296190086,Loss Making
C00292,Vijay Rao,Premium,Chennai,Tamil Nadu,85496.0,Medium,43,267735.04,625.52,682.97,-57.450000000000045,2,512328.37,177.94,2135.2799999999997,4.0,1361.38,1.0,2392557.75,0.0,0.0,0.0,617763.16,8.0,6.0,6.0,0,25,0,Medium,25.0,25.0,Medium,625.52,4179.63,-3554.11,-568.1848701880036,Loss Making
C00286,Kavya Kumar,Premium,Kochi,Kerala,55187.0,Low,31,225145.75,491.18,465.95,25.230000000000018,2,273476.95,206.23,2474.7599999999998,2.0,1101.47,0.0,0.0,0.0,0.0,0.0,0.0,0.0,0.0,0.0,2,40,0,High,0.0,0.0,,491.18,4042.1799999999994,-3550.9999999999995,-722.9528889612768,Loss Making
C00994,Kavya Singh,Student,Chennai,Tamil Nadu,44418.0,Low,37,227668.41999999998,761.28,712.24,49.039999999999964,2,751615.31,299.38,3592.56,0.0,0.0,0.0,0.0,0.0,0.0,0.0,0.0,0.0,0.0,0.0,0,30,0,Medium,0.0,0.0,,761.28,4304.8,-3543.5200000000004,-465.46868432114337,Loss Making
C00918,Rahul Kumar,Sme Owner,Bengaluru,Karnataka,18570.0,Low,38,561653.39,549.8,486.86,62.93999999999994,2,122418.4,189.31,2271.7200000000003,3.0,1298.07,0.0,0.0,0.0,0.0,0.0,0.0,0.0,0.0,0.0,0,20,0,Medium,0.0,0.0,,549.8,4056.6500000000005,-3506.8500000000004,-637.8410331029467,Loss Making
C00923,Meena Iyer,Student,Kolkata,West Bengal,74603.0,Low,17,107239.93,315.11,325.32,-10.20999999999998,1,313686.46,166.83,2001.96,3.0,1494.54,0.0,0.0,0.0,0.0,0.0,0.0,0.0,0.0,0.0,0,20,0,Medium,0.0,0.0,,315.11,3821.82,-3506.71,-1112.8526546285423,Loss Making
C00762,Geetha Reddy,Retail,Mumbai,Maharashtra,54450.0,Low,39,270995.92,715.4,658.42,56.98000000000002,2,152989.34,273.49,3281.88,1.0,260.19,0.0,0.0,0.0,0.0,0.0,0.0,0.0,0.0,0.0,1,45,0,High,0.0,0.0,,715.4,4200.49,-3485.0899999999997,-487.1526418786693,Loss Making
C00349,Pooja Iyer,Student,Chennai,Tamil Nadu,15123.0,Low,15,87262.6,213.46,249.13,-35.66999999999999,1,165109.2,136.19,1634.28,3.0,1792.57,1.0,245369.67,0.0,0.0,0.0,284224.77,12.0,12.0,10.0,0,20,0,Medium,35.0,35.0,Medium,213.46,3675.9799999999996,-3462.5199999999995,-1622.0931322027543,Loss Making
C00629,Ajay Singh,Mass Affluent,Mumbai,Maharashtra,29895.0,Low,19,74904.32,323.42,269.94,53.48000000000002,1,352867.45,162.11,1945.3200000000002,3.0,1564.3600000000001,0.0,0.0,0.0,0.0,0.0,0.0,0.0,0.0,0.0,0,5,0,Low,0.0,0.0,,323.42,3779.6200000000003,-3456.2000000000003,-1068.641395089976,Loss Making
C00749,Naveen Sharma,Student,Pune,Maharashtra,19719.0,Low,56,628802.29,889.72,958.17,-68.44999999999993,3,210860.66,280.35,3364.2000000000003,0.0,0.0,0.0,0.0,0.0,0.0,0.0,0.0,0.0,0.0,0.0,0,25,0,Medium,0.0,0.0,,889.72,4322.37,-3432.6499999999996,-385.81239041496195,Loss Making
C00745,Rahul Nair,Senior Citizen,Coimbatore,Tamil Nadu,37491.0,Low,42,355116.69,698.88,721.23,-22.350000000000023,2,392318.23000000004,191.46,2297.52,2.0,1063.73,0.0,0.0,0.0,0.0,0.0,0.0,0.0,0.0,0.0,0,35,0,Medium,0.0,0.0,,698.88,4082.48,-3383.6,-484.14606227106225,Loss Making
C00919,Rohit Verma,Premium,Delhi,Delhi,52072.0,Low,17,128961.33,308.7,305.08,3.6200000000000045,1,30715.91,167.81,2013.72,3.0,1372.99,0.0,0.0,0.0,0.0,0.0,0.0,0.0,0.0,0.0,0,35,0,Medium,0.0,0.0,,308.7,3691.79,-3383.09,-1095.9151279559444,Loss Making
C00038,Kavya Kumar,Premium,Pune,Maharashtra,207172.0,Low,34,252377.15,482.33000000000004,516.59,-34.25999999999999,2,167622.95,185.32000000000002,2223.84,2.0,1108.28,0.0,0.0,0.0,0.0,0.0,0.0,0.0,0.0,0.0,0,20,0,Medium,0.0,0.0,,482.33000000000004,3848.71,-3366.38,-697.9412435469492,Loss Making
C00874,Naveen Gupta,Mass Affluent,Kochi,Kerala,36312.0,Low,22,139640.81,388.68,294.67,94.00999999999999,1,82396.74,102.55,1230.6,4.0,2219.05,0.0,0.0,0.0,0.0,0.0,0.0,0.0,0.0,0.0,0,20,0,Medium,0.0,0.0,,388.68,3744.32,-3355.6400000000003,-863.342595451271,Loss Making
C00867,Anitha Singh,Retail,Madurai,Tamil Nadu,39164.0,Low,18,121115.59,361.03,315.1,45.92999999999995,1,195230.86,131.57,1578.84,4.0,1809.2399999999998,1.0,1739871.18,0.0,0.0,0.0,2362583.63,24.0,22.0,10.0,0,20,0,Medium,55.0,55.0,High,361.03,3703.18,-3342.1499999999996,-925.7263939284824,Loss Making
C00264,Karthik Reddy,Mass Affluent,Kochi,Kerala,44405.0,Medium,40,381497.45,793.19,639.21,153.98000000000002,2,556374.5499999999,291.19,3494.2799999999997,0.0,0.0,1.0,934542.57,0.0,0.0,0.0,1079644.4,12.0,12.0,10.0,0,30,0,Medium,25.0,25.0,Medium,793.19,4133.49,-3340.2999999999997,-421.1223036094756,Loss Making
C00728,Suresh Verma,Retail,Madurai,Tamil Nadu,21491.0,High,25,297361.4,274.76,360.36,-85.60000000000002,1,70617.07,78.56,942.72,5.0,2310.64,0.0,0.0,0.0,0.0,0.0,0.0,0.0,0.0,0.0,4,70,2,Critical,0.0,0.0,,274.76,3613.72,-3338.96,-1215.2278352016306,Loss Making
C00804,Kavya Rao,Sme Owner,Mumbai,Maharashtra,35194.0,Low,42,328487.55,610.5,644.26,-33.75999999999999,2,351618.51999999996,132.12,1585.44,3.0,1714.0700000000002,0.0,0.0,0.0,0.0,0.0,0.0,0.0,0.0,0.0,0,20,0,Medium,0.0,0.0,,610.5,3943.77,-3333.27,-545.990171990172,Loss Making
C00494,Meena Verma,Retail,Mumbai,Maharashtra,62227.0,Low,57,577254.05,950.25,882.84,67.40999999999997,3,834570.97,267.05,3204.6000000000004,1.0,188.9,1.0,587393.99,0.0,0.0,0.0,103271.07,5.0,4.0,10.0,0,25,0,Medium,35.0,35.0,Medium,950.25,4276.34,-3326.09,-350.0226256248356,Loss Making
C00020,Vijay Sharma,Mass Affluent,Madurai,Tamil Nadu,58676.0,Low,35,255171.62,615.6800000000001,543.59,72.09000000000003,2,242929.05,282.22,3386.6400000000003,0.0,0.0,0.0,0.0,0.0,0.0,0.0,0.0,0.0,0.0,0.0,0,20,0,Medium,0.0,0.0,,615.6800000000001,3930.2300000000005,-3314.55,-538.3559641372141,Loss Making
C00599,Kavya Gupta,Premium,Coimbatore,Tamil Nadu,86396.0,Low,16,89776.33,254.79000000000002,260.29,-5.5,1,248593.95,128.35,1540.1999999999998,2.0,1768.4899999999998,0.0,0.0,0.0,0.0,0.0,0.0,0.0,0.0,0.0,0,35,0,Medium,0.0,0.0,,254.79000000000002,3568.9799999999996,-3314.1899999999996,-1300.7535617567405,Loss Making
C00277,Arun Nair,Premium,Madurai,Tamil Nadu,125754.0,Low,15,120908.15,324.99,273.19,51.80000000000001,1,32962.86,172.67,2072.04,4.0,1288.18,1.0,208241.69,0.0,0.0,0.0,233195.65,12.0,11.0,10.0,0,30,0,Medium,15.0,15.0,Low,324.99,3633.41,-3308.42,-1018.0067078987046,Loss Making
C00665,Vishal Rao,Senior Citizen,Bengaluru,Karnataka,35895.0,Medium,19,146470.5,342.01,348.01,-6.0,1,57781.34,176.68,2120.16,3.0,1171.49,0.0,0.0,0.0,0.0,0.0,0.0,0.0,0.0,0.0,0,30,0,Medium,0.0,0.0,,342.01,3639.66,-3297.6499999999996,-964.1969533054588,Loss Making
C00837,Sanjay Singh,Retail,Madurai,Tamil Nadu,74426.0,Low,42,273357.22,796.22,602.27,193.95000000000005,2,56093.8,177.32999999999998,2127.96,3.0,1354.72,1.0,120093.83,0.0,0.0,0.0,60083.09,22.0,21.0,10.0,0,25,0,Medium,25.0,25.0,Medium,796.22,4084.95,-3288.7299999999996,-413.0428775966441,Loss Making
C00533,Anitha Kumar,Retail,Bengaluru,Karnataka,35553.0,Low,36,350782.98,611.11,616.95,-5.840000000000032,2,113749.54000000001,235.76,2829.12,1.0,451.05,0.0,0.0,0.0,0.0,0.0,0.0,0.0,0.0,0.0,0,25,0,Medium,0.0,0.0,,611.11,3897.12,-3286.0099999999998,-537.7117049303725,Loss Making
C00897,Vijay Reddy,Retail,Madurai,Tamil Nadu,66628.0,Low,42,295504.72000000003,820.5,705.46,115.03999999999996,2,109343.26999999999,216.57,2598.84,2.0,798.5,1.0,645528.82,0.0,0.0,0.0,462722.75,24.0,23.0,9.0,0,20,0,Medium,35.0,35.0,Medium,820.5,4102.8,-3282.3,-400.036563071298,Loss Making
C00385,Arun Patel,Mass Affluent,Pune,Maharashtra,82921.0,Low,52,382338.96,903.8199999999999,904.4399999999999,-0.6200000000000045,2,111335.76999999999,273.43,3281.16,0.0,0.0,0.0,0.0,0.0,0.0,0.0,0.0,0.0,0.0,0.0,0,20,0,Medium,0.0,0.0,,903.8199999999999,4185.599999999999,-3281.7799999999997,-363.1010599455644,Loss Making
C00490,Priya Sharma,Mass Affluent,Chennai,Tamil Nadu,36096.0,Medium,14,55625.94,238.96,282.12,-43.16,1,257352.64,136.74,1640.88,5.0,1590.8400000000001,0.0,0.0,0.0,0.0,0.0,0.0,0.0,0.0,0.0,0,5,0,Low,0.0,0.0,,238.96,3513.84,-3274.88,-1370.4720455306328,Loss Making
C00436,Karthik Reddy,Sme Owner,Pune,Maharashtra,25319.0,Medium,20,201509.91999999998,344.61,369.36,-24.75,1,443172.6,171.86,2062.32,3.0,1185.0600000000002,0.0,0.0,0.0,0.0,0.0,0.0,0.0,0.0,0.0,0,35,0,Medium,0.0,0.0,,344.61,3616.7400000000007,-3272.1300000000006,-949.5168451292766,Loss Making
C00520,Suresh Patel,Student,Bengaluru,Karnataka,25781.0,Low,17,98184.59,232.21,256.24,-24.03,1,57962.36,154.38,1852.56,4.0,1384.16,0.0,0.0,0.0,0.0,0.0,0.0,0.0,0.0,0.0,0,30,0,Medium,0.0,0.0,,232.21,3492.96,-3260.75,-1404.2246242625208,Loss Making
C00226,Karthik Nair,Premium,Kochi,Kerala,85938.0,Low,61,397316.85000000003,965.93,1019.1,-53.17000000000007,3,1083772.93,162.63,1951.56,3.0,1247.45,0.0,0.0,0.0,0.0,0.0,0.0,0.0,0.0,0.0,0,30,0,Medium,0.0,0.0,,965.93,4218.11,-3252.18,-336.68899402648225,Loss Making
C00989,Geetha Singh,Retail,Kolkata,West Bengal,59656.0,Medium,38,229676.34,622.0,602.34,19.659999999999968,2,121418.76000000001,163.98,1967.7599999999998,4.0,1302.08,0.0,0.0,0.0,0.0,0.0,0.0,0.0,0.0,0.0,0,30,0,Medium,0.0,0.0,,622.0,3872.18,-3250.18,-522.5369774919614,Loss Making
C00992,Anitha Kumar,Senior Citizen,Pune,Maharashtra,40047.0,Low,16,93990.84,249.93,221.27,28.659999999999997,1,59853.26,158.39,1900.6799999999998,3.0,1376.17,1.0,282987.38,0.0,0.0,0.0,321497.78,12.0,10.0,10.0,0,15,0,Low,25.0,25.0,Medium,249.93,3498.12,-3248.19,-1299.639899171768,Loss Making
C00925,Kavya Nair,Retail,Chennai,Tamil Nadu,64165.0,Low,29,167078.03,607.12,454.26,152.86,2,148309.65,156.49,1877.88,3.0,1518.11,1.0,168736.84,0.0,0.0,0.0,171341.58,24.0,22.0,10.0,0,20,0,Medium,35.0,35.0,Medium,607.12,3850.25,-3243.13,-534.1826986427725,Loss Making
C00109,Suresh Sharma,Retail,Pune,Maharashtra,74838.0,High,37,259109.63999999998,733.0699999999999,579.29,153.77999999999997,2,160334.68,243.81,2925.7200000000003,2.0,469.6,0.0,0.0,0.0,0.0,0.0,0.0,0.0,0.0,0.0,0,30,0,Medium,0.0,0.0,,733.0699999999999,3974.61,-3241.54,-442.18696713819963,Loss Making
C00247,Priya Patel,Sme Owner,Mumbai,Maharashtra,90833.0,Medium,37,235490.75,584.25,656.65,-72.39999999999998,2,82100.17,236.05,2832.6000000000004,1.0,328.11,0.0,0.0,0.0,0.0,0.0,0.0,0.0,0.0,0.0,0,20,0,Medium,0.0,0.0,,584.25,3817.3600000000006,-3233.1100000000006,-553.37783483098,Loss Making
C00197,Sanjay Patel,Senior Citizen,Hyderabad,Telangana,46345.0,Low,38,298997.56,684.16,571.8,112.36000000000001,2,85763.03,270.18,3242.16,1.0,97.84,0.0,0.0,0.0,0.0,0.0,0.0,0.0,0.0,0.0,0,35,0,Medium,0.0,0.0,,684.16,3911.8,-3227.6400000000003,-471.7668381665108,Loss Making
C00375,Karthik Nair,Retail,Kolkata,West Bengal,120258.0,Medium,28,158519.81,524.45,423.25,101.20000000000005,2,726780.61,199.79,2397.48,3.0,879.54,0.0,0.0,0.0,0.0,0.0,0.0,0.0,0.0,0.0,0,35,0,Medium,0.0,0.0,,524.45,3700.27,-3175.8199999999997,-605.5524835541996,Loss Making
C00640,Vishal Patel,Retail,Coimbatore,Tamil Nadu,66855.0,Low,18,102191.95,227.74,333.43,-105.69,1,81108.22,30.49,365.88,7.0,2688.55,0.0,0.0,0.0,0.0,0.0,0.0,0.0,0.0,0.0,0,15,0,Low,0.0,0.0,,227.74,3387.86,-3160.12,-1387.599894616668,Loss Making
C00820,Suresh Verma,Retail,Chennai,Tamil Nadu,69722.0,Medium,33,188249.74,627.9,488.71,139.19,2,468405.72,234.49,2813.88,1.0,483.33,0.0,0.0,0.0,0.0,0.0,0.0,0.0,0.0,0.0,0,5,0,Low,0.0,0.0,,627.9,3785.92,-3158.02,-502.94951425386205,Loss Making
C00809,Deepa Gupta,Retail,Pune,Maharashtra,51694.0,Low,21,154721.43,386.73,334.69,52.04000000000002,1,94699.51,108.95,1307.4,4.0,1899.85,0.0,0.0,0.0,0.0,0.0,0.0,0.0,0.0,0.0,0,20,0,Medium,0.0,0.0,,386.73,3541.94,-3155.21,-815.8689524991596,Loss Making
C00094,Vijay Kumar,Student,Hyderabad,Telangana,101514.0,Low,36,305992.77999999997,625.54,615.1,10.43999999999994,2,254418.59999999998,197.39,2368.68,2.0,784.28,0.0,0.0,0.0,0.0,0.0,0.0,0.0,0.0,0.0,0,30,0,Medium,0.0,0.0,,625.54,3768.0599999999995,-3142.5199999999995,-502.3691530517632,Loss Making
C00934,Rohit Singh,Retail,Coimbatore,Tamil Nadu,60554.0,Medium,11,54419.62,170.98000000000002,152.14000000000001,18.840000000000003,1,12955.16,141.8,1701.6000000000001,3.0,1459.04,0.0,0.0,0.0,0.0,0.0,0.0,0.0,0.0,0.0,0,0,0,Low,0.0,0.0,,170.98000000000002,3312.78,-3141.8,-1837.5248567083868,Loss Making
C00838,Suresh Rao,Senior Citizen,Pune,Maharashtra,97326.0,Medium,45,484771.24,736.97,622.19,114.77999999999997,2,77105.6,211.56,2538.7200000000003,2.0,709.8199999999999,1.0,1266395.67,0.0,0.0,0.0,1652169.79,24.0,23.0,10.0,0,30,0,Medium,25.0,25.0,Medium,736.97,3870.7300000000005,-3133.76,-425.22219357640074,Loss Making
C00547,Priya Gupta,Mass Affluent,Bengaluru,Karnataka,99944.0,Low,10,83756.03,221.68,156.14000000000001,65.53999999999999,1,44494.98,173.79,2085.48,3.0,1111.48,1.0,2053035.75,0.0,0.0,0.0,833781.25,12.0,11.0,10.0,0,30,0,Medium,35.0,35.0,Medium,221.68,3353.1,-3131.42,-1412.5857091302778,Loss Making
C00022,Rohit Nair,Sme Owner,Mumbai,Maharashtra,76828.0,Medium,30,242151.46,520.53,389.8,130.72999999999996,2,76955.91,231.3,2775.6000000000004,1.0,483.95,1.0,309207.63,0.0,0.0,0.0,109622.54000000001,10.0,9.0,10.0,0,10,0,Low,50.0,50.0,High,520.53,3649.3500000000004,-3128.8200000000006,-601.083511036828,Loss Making
C00847,Sneha Patel,Mass Affluent,Chennai,Tamil Nadu,53529.0,Medium,35,243380.59,609.4300000000001,593.65,15.780000000000086,2,139260.13,196.96,2363.52,2.0,775.99,0.0,0.0,0.0,0.0,0.0,0.0,0.0,0.0,0.0,0,30,0,Medium,0.0,0.0,,609.4300000000001,3733.16,-3123.7299999999996,-512.5658402113448,Loss Making
C00301,Arun Sharma,Retail,Madurai,Tamil Nadu,51810.0,Low,12,82646.99,145.88,236.54,-90.66,1,36245.82,172.44,2069.2799999999997,3.0,958.1700000000001,1.0,1229375.18,0.0,0.0,0.0,1593936.57,23.0,23.0,10.0,0,35,0,Medium,40.0,40.0,Medium,145.88,3263.99,-3118.1099999999997,-2137.4485878804494,Loss Making
C00278,Karthik Reddy,Retail,Kolkata,West Bengal,76967.0,Low,18,202497.86000000002,335.39,337.8,-2.410000000000025,1,92378.98,128.49,1541.88,4.0,1566.2800000000002,0.0,0.0,0.0,0.0,0.0,0.0,0.0,0.0,0.0,0,35,0,Medium,0.0,0.0,,335.39,3445.96,-3110.57,-927.4486418796029,Loss Making
C00971,Priya Nair,Retail,Kolkata,West Bengal,70840.0,Low,23,103195.95,448.06,380.73,67.32999999999998,1,241630.41,170.25,2043.0,2.0,1128.64,0.0,0.0,0.0,0.0,0.0,0.0,0.0,0.0,0.0,0,5,0,Low,0.0,0.0,,448.06,3552.37,-3104.31,-692.8335490782484,Loss Making
C00341,Deepa Verma,Premium,Kolkata,West Bengal,123990.0,Low,17,251811.83,291.72,240.18,51.54000000000002,1,21172.77,150.19,1802.28,4.0,1350.99,1.0,1984306.39,0.0,0.0,0.0,2655542.49,24.0,20.0,10.0,0,35,0,Medium,45.0,45.0,Medium,291.72,3393.45,-3101.7299999999996,-1063.2558617852733,Loss Making
C00864,Kavya Verma,Retail,Delhi,Delhi,56383.0,Low,26,211408.76,604.34,441.90999999999997,162.43000000000006,2,116404.57,182.48999999999998,2189.8799999999997,5.0,1059.37,1.0,116556.56,0.0,0.0,0.0,107492.17,24.0,22.0,9.0,0,30,0,Medium,25.0,25.0,Medium,604.34,3691.1599999999994,-3086.8199999999993,-510.7753913360027,Loss Making
C00619,Suresh Patel,Sme Owner,Kolkata,West Bengal,122005.0,Low,56,818266.33,924.47,813.42,111.05000000000007,2,81181.18000000001,191.5,2298.0,3.0,885.38,0.0,0.0,0.0,0.0,0.0,0.0,0.0,0.0,0.0,0,30,0,Medium,0.0,0.0,,924.47,3996.8,-3072.33,-332.334202299696,Loss Making
C00267,Priya Gupta,Mass Affluent,Coimbatore,Tamil Nadu,60165.0,Low,34,387967.25,539.59,484.49,55.10000000000002,2,26157.7,260.24,3122.88,0.0,0.0,0.0,0.0,0.0,0.0,0.0,0.0,0.0,0.0,0.0,1,40,0,High,0.0,0.0,,539.59,3607.37,-3067.7799999999997,-568.5390759650845,Loss Making
C00997,Kavya Gupta,Sme Owner,Kolkata,West Bengal,62259.0,High,10,87250.8,179.59,131.43,48.16,1,260625.26,111.88,1342.56,4.0,1755.25,0.0,0.0,0.0,0.0,0.0,0.0,0.0,0.0,0.0,0,20,0,Medium,0.0,0.0,,179.59,3229.24,-3049.6499999999996,-1698.1179352970653,Loss Making
C00356,Ajay Gupta,Retail,Coimbatore,Tamil Nadu,30005.0,Medium,41,341239.13,781.5600000000001,634.41,147.1500000000001,2,270290.62,252.07999999999998,3024.96,1.0,143.14,1.0,356144.69,0.0,0.0,0.0,464505.0,24.0,22.0,10.0,1,50,0,High,30.0,30.0,Medium,781.5600000000001,3802.5099999999998,-3020.95,-386.52822560008184,Loss Making
C00030,Karthik Reddy,Retail,Kochi,Kerala,67871.0,Low,19,155538.77,320.17,309.46,10.710000000000036,1,220856.17,138.71,1664.52,3.0,1354.98,1.0,1493194.18,0.0,0.0,0.0,1085131.8,18.0,18.0,10.0,0,30,0,Medium,35.0,35.0,Medium,320.17,3328.96,-3008.79,-939.7476340694005,Loss Making
C00415,Sneha Singh,Sme Owner,Hyderabad,Telangana,56548.0,Medium,45,338093.08,750.11,815.94,-65.83000000000004,3,664117.93,229.21,2750.52,1.0,191.13,1.0,196364.99,0.0,0.0,0.0,169734.04,24.0,21.0,10.0,1,40,0,High,65.0,65.0,High,750.11,3757.59,-3007.48,-400.9385290157444,Loss Making
C00106,Suresh Nair,Mass Affluent,Kochi,Kerala,120700.0,Low,25,108567.06,421.75,376.98,44.76999999999998,1,215001.02,145.89,1750.6799999999998,2.0,1288.87,0.0,0.0,0.0,0.0,0.0,152980.83,23.0,20.0,10.0,0,5,0,Low,0.0,0.0,,421.75,3416.5299999999997,-2994.7799999999997,-710.0841730883224,Loss Making
C00285,Rahul Singh,Retail,Pune,Maharashtra,28338.0,Low,23,174518.41,440.73,387.52,53.210000000000036,1,164155.16,92.57,1110.84,3.0,1936.04,0.0,0.0,0.0,0.0,0.0,0.0,0.0,0.0,0.0,0,20,0,Medium,0.0,0.0,,440.73,3434.3999999999996,-2993.6699999999996,-679.2526036348784,Loss Making
C00052,Priya Kumar,Student,Hyderabad,Telangana,93088.0,Low,62,409046.92,1053.8,1020.5,33.299999999999955,3,354886.92,169.18,2030.16,4.0,994.86,0.0,0.0,0.0,0.0,0.0,0.0,0.0,0.0,0.0,0,35,0,Medium,0.0,0.0,,1053.8,4045.52,-2991.7200000000003,-283.8982729170621,Loss Making
C00906,Vijay Reddy,Retail,Pune,Maharashtra,66857.0,Medium,32,424720.68,694.53,480.33,214.2,2,122763.14,255.11,3061.32,1.0,127.63,1.0,308376.06,0.0,0.0,0.0,302769.81,24.0,22.0,10.0,4,70,4,Critical,40.0,40.0,Medium,694.53,3669.28,-2974.75,-428.31123205621066,Loss Making
C00374,Naveen Iyer,Mass Affluent,Kochi,Kerala,49793.0,Medium,35,354384.77,615.65,589.88,25.769999999999982,2,82129.85,203.32,2439.84,1.0,550.63,1.0,774809.7,0.0,0.0,0.0,967171.85,24.0,22.0,10.0,1,40,0,High,25.0,25.0,Medium,615.65,3580.3500000000004,-2964.7000000000003,-481.55607894095675,Loss Making
C00784,Karthik Nair,Mass Affluent,Chennai,Tamil Nadu,36711.0,Medium,38,584187.9,692.36,561.82,130.53999999999996,2,406201.66000000003,83.84,1006.08,4.0,2085.51,1.0,263936.07,0.0,0.0,0.0,189384.95,24.0,20.0,10.0,0,20,0,Medium,45.0,45.0,Medium,692.36,3653.4100000000003,-2961.05,-427.67490900687505,Loss Making
C00578,Meena Rao,Retail,Chennai,Tamil Nadu,52712.0,High,17,144955.93,303.59,313.85,-10.260000000000048,1,55004.81,90.13,1081.56,4.0,1866.88,0.0,0.0,0.0,0.0,0.0,0.0,0.0,0.0,0.0,0,35,0,Medium,0.0,0.0,,303.59,3262.29,-2958.7,-974.5709674231695,Loss Making
C00315,Arun Rao,Mass Affluent,Chennai,Tamil Nadu,67229.0,High,18,144300.15,281.21,274.98,6.229999999999961,1,6872.58,111.37,1336.44,4.0,1618.8,0.0,0.0,0.0,0.0,0.0,0.0,0.0,0.0,0.0,0,20,0,Medium,0.0,0.0,,281.21,3230.2200000000003,-2949.01,-1048.6860353472496,Loss Making
C00180,Rohit Nair,Retail,Mumbai,Maharashtra,52623.0,High,25,426662.48,304.51,375.95,-71.44,1,530042.67,167.97,2015.6399999999999,2.0,855.47,0.0,0.0,0.0,0.0,0.0,0.0,0.0,0.0,0.0,5,70,4,Critical,0.0,0.0,,304.51,3247.0599999999995,-2942.5499999999993,-966.3229450592754,Loss Making
C00789,Lakshmi Reddy,Retail,Coimbatore,Tamil Nadu,80130.0,Low,14,55062.2,214.03,231.77,-17.74000000000001,1,164987.2,160.0,1920.0,2.0,994.17,0.0,0.0,0.0,0.0,0.0,0.0,0.0,0.0,0.0,0,5,0,Low,0.0,0.0,,214.03,3145.94,-2931.91,-1369.8593655095078,Loss Making
C00819,Sanjay Gupta,Senior Citizen,Madurai,Tamil Nadu,46333.0,Low,46,551592.61,919.38,722.1,197.27999999999997,2,325728.70999999996,87.42,1049.04,3.0,2059.96,0.0,0.0,0.0,0.0,0.0,0.0,0.0,0.0,0.0,8,70,6,Critical,0.0,0.0,,919.38,3831.1,-2911.72,-316.70473580021314,Loss Making
C00305,Kavya Patel,Sme Owner,Bengaluru,Karnataka,64624.0,Low,15,100859.84,209.69,267.68,-57.99000000000001,1,40952.5,174.82,2097.84,2.0,745.74,1.0,487072.64,0.0,0.0,0.0,221962.47,14.0,13.0,10.0,0,35,0,Medium,30.0,30.0,Medium,209.69,3111.26,-2901.57,-1383.7426677476276,Loss Making
C00162,Lakshmi Verma,Mass Affluent,Bengaluru,Karnataka,67753.0,Low,17,132619.81,332.75,296.12,36.629999999999995,1,150612.0,146.33,1755.96,3.0,1179.09,0.0,0.0,0.0,0.0,0.0,0.0,0.0,0.0,0.0,0,35,0,Medium,0.0,0.0,,332.75,3231.17,-2898.42,-871.0503380916604,Loss Making
C00294,Vishal Reddy,Student,Kochi,Kerala,77935.0,Low,36,319908.98,616.76,632.06,-15.299999999999955,2,719339.52,141.14,1693.6799999999998,4.0,1187.9299999999998,0.0,0.0,0.0,0.0,0.0,0.0,0.0,0.0,0.0,0,25,0,Medium,0.0,0.0,,616.76,3513.6699999999996,-2896.91,-469.69809974706527,Loss Making
C00326,Rahul Kumar,Retail,Bengaluru,Karnataka,62569.0,Low,19,140740.91999999998,272.3,253.97,18.330000000000013,1,55849.05,132.1,1585.1999999999998,2.0,1315.0,0.0,0.0,0.0,0.0,0.0,0.0,0.0,0.0,0.0,0,5,0,Low,0.0,0.0,,272.3,3154.17,-2881.87,-1058.343738523687,Loss Making
C00367,Kavya Verma,Retail,Pune,Maharashtra,22081.0,Medium,21,155482.28,301.22,364.47,-63.25,1,76290.97,142.21,1706.52,3.0,1111.88,1.0,81206.89,0.0,0.0,0.0,78560.97,24.0,22.0,9.0,0,35,0,Medium,35.0,35.0,Medium,301.22,3182.87,-2881.6499999999996,-956.6595843569482,Loss Making
C00031,Geetha Singh,Sme Owner,Kolkata,West Bengal,21281.0,Low,47,330168.46,775.74,619.9,155.84000000000003,2,134749.61000000002,155.53,1866.3600000000001,2.0,1160.88,1.0,177889.43,0.0,0.0,0.0,82530.06,9.0,7.0,10.0,0,20,0,Medium,30.0,30.0,Medium,775.74,3647.1400000000003,-2871.4000000000005,-370.1497924562354,Loss Making
C00225,Naveen Nair,Retail,Bengaluru,Karnataka,63088.0,Medium,21,132174.13,354.96,289.73,65.22999999999996,1,29542.68,85.98,1031.76,5.0,1904.1399999999999,1.0,2096003.18,0.0,0.0,0.0,2447381.59,12.0,11.0,9.0,0,5,0,Low,35.0,35.0,Medium,354.96,3225.63,-2870.67,-808.7305611899932,Loss Making
C00101,Pooja Verma,Retail,Coimbatore,Tamil Nadu,74089.0,Low,31,186508.94999999998,567.0,505.56,61.44,2,104375.28,159.04000000000002,1908.4800000000002,3.0,1022.34,0.0,0.0,0.0,0.0,0.0,0.0,0.0,0.0,0.0,0,25,0,Medium,0.0,0.0,,567.0,3436.3800000000006,-2869.3800000000006,-506.06349206349216,Loss Making
C00555,Sanjay Reddy,Retail,Chennai,Tamil Nadu,48809.0,Medium,17,74283.13,308.78000000000003,257.03,51.75000000000006,1,11487.42,174.13,2089.56,2.0,831.29,1.0,230303.71,0.0,0.0,0.0,139649.06,24.0,22.0,10.0,0,25,0,Medium,40.0,40.0,Medium,308.78000000000003,3177.88,-2869.1,-929.1728738907959,Loss Making
C00158,Anitha Verma,Retail,Delhi,Delhi,55875.0,Low,16,195801.1,298.56,209.15,89.41,1,193800.65,40.39,484.68,6.0,2473.69,0.0,0.0,0.0,0.0,0.0,0.0,0.0,0.0,0.0,0,25,0,Medium,0.0,0.0,,298.56,3167.52,-2868.96,-960.9324758842444,Loss Making
C00872,Suresh Iyer,Senior Citizen,Kochi,Kerala,50130.0,Low,40,280643.84,568.67,599.6,-30.930000000000064,2,120916.9,144.32999999999998,1731.9599999999998,3.0,1105.44,1.0,1836285.43,0.0,0.0,0.0,956482.11,15.0,14.0,10.0,0,20,0,Medium,45.0,45.0,Medium,568.67,3437.0,-2868.33,-504.3927057871877,Loss Making
C00127,Geetha Patel,Retail,Mumbai,Maharashtra,44833.0,Low,31,293750.85,600.1,408.86,191.24,2,326962.42000000004,199.57999999999998,2394.96,1.0,658.63,0.0,0.0,0.0,0.0,0.0,0.0,0.0,0.0,0.0,0,30,0,Medium,0.0,0.0,,600.1,3462.4500000000003,-2862.3500000000004,-476.97883686052324,Loss Making
C00146,Rahul Singh,Retail,Kochi,Kerala,141788.0,Low,38,317253.49,662.04,639.54,22.5,1,101557.11,113.14,1357.68,4.0,1516.41,0.0,0.0,0.0,0.0,0.0,0.0,0.0,0.0,0.0,1,45,0,High,0.0,0.0,,662.04,3513.63,-2851.59,-430.7277505890883,Loss Making
C00875,Vishal Nair,Retail,Kochi,Kerala,100186.0,Low,16,148035.95,249.66,312.49,-62.83000000000001,1,106186.25,77.0,924.0,3.0,1857.5299999999997,1.0,306069.67,0.0,0.0,0.0,352748.66000000003,12.0,12.0,10.0,0,30,0,Medium,40.0,40.0,Medium,249.66,3094.0199999999995,-2844.3599999999997,-1139.2934390771447,Loss Making
C00201,Ajay Patel,Student,Kochi,Kerala,47340.0,Low,48,632623.51,757.31,820.11,-62.80000000000007,2,90073.6,116.56,1398.72,3.0,1382.61,1.0,160093.78,0.0,0.0,0.0,84129.57,18.0,15.0,10.0,3,70,3,Critical,40.0,40.0,Medium,757.31,3601.4399999999996,-2844.1299999999997,-375.5569053624011,Loss Making
C00333,Anitha Verma,Retail,Delhi,Delhi,34184.0,Low,22,191806.78,347.37,278.95,68.42000000000002,1,242824.53,148.98,1787.7599999999998,2.0,1124.69,0.0,0.0,0.0,0.0,0.0,0.0,0.0,0.0,0.0,0,25,0,Medium,0.0,0.0,,347.37,3191.3999999999996,-2844.0299999999997,-818.7321875809655,Loss Making
C00757,Priya Sharma,Retail,Chennai,Tamil Nadu,43460.0,Low,21,113987.82,292.98,342.68,-49.69999999999999,1,110367.99,137.01,1644.12,4.0,1139.84,0.0,0.0,0.0,0.0,0.0,0.0,0.0,0.0,0.0,0,30,0,Medium,0.0,0.0,,292.98,3126.64,-2833.66,-967.1854734111542,Loss Making
C00829,Pooja Iyer,Retail,Pune,Maharashtra,97228.0,Low,32,261340.65,610.18,532.31,77.87,2,361415.12,134.07999999999998,1608.9599999999998,3.0,1296.63,1.0,1430919.09,0.0,0.0,0.0,1167083.41,15.0,13.0,8.0,0,30,0,Medium,35.0,35.0,Medium,610.18,3437.8999999999996,-2827.72,-463.42390769936736,Loss Making
C00979,Karthik Rao,Student,Mumbai,Maharashtra,51921.0,Medium,32,306793.41,642.23,562.08,80.14999999999998,2,168399.97,120.5,1446.0,3.0,1449.99,0.0,0.0,0.0,0.0,0.0,0.0,0.0,0.0,0.0,0,30,0,Medium,0.0,0.0,,642.23,3458.0699999999997,-2815.8399999999997,-438.4472852404901,Loss Making
C00958,Sanjay Reddy,Retail,Delhi,Delhi,36677.0,Low,35,225285.97,655.71,573.44,82.26999999999998,2,127921.79000000001,168.7,2024.3999999999999,2.0,866.83,0.0,0.0,0.0,0.0,0.0,0.0,0.0,0.0,0.0,0,35,0,Medium,0.0,0.0,,655.71,3464.67,-2808.96,-428.384499245093,Loss Making
C00816,Vijay Rao,Retail,Pune,Maharashtra,74303.0,Low,14,86493.67,292.61,199.95,92.66000000000003,1,135191.9,143.47,1721.6399999999999,3.0,1178.2,1.0,751273.96,0.0,0.0,0.0,594172.29,24.0,23.0,10.0,0,20,0,Medium,25.0,25.0,Medium,292.61,3099.79,-2807.18,-959.3588735860017,Loss Making
C00659,Geetha Verma,Retail,Coimbatore,Tamil Nadu,46321.0,Medium,39,303407.68,708.78,663.72,45.059999999999945,2,296443.09,178.83,2145.96,3.0,704.1,0.0,0.0,0.0,0.0,0.0,0.0,0.0,0.0,0.0,0,35,0,Medium,0.0,0.0,,708.78,3513.78,-2805.0,-395.7504444256328,Loss Making
C00978,Pooja Kumar,Retail,Pune,Maharashtra,63303.0,Medium,18,211985.66999999998,216.98,324.04,-107.06000000000003,1,98603.47,81.5,978.0,5.0,1716.43,1.0,1996821.02,0.0,0.0,0.0,1384923.6,24.0,22.0,10.0,0,30,0,Medium,25.0,25.0,Medium,216.98,3018.4700000000003,-2801.4900000000002,-1291.1282145819894,Loss Making
C00399,Meena Verma,Student,Madurai,Tamil Nadu,84847.0,Low,53,394784.48,942.64,932.85,9.789999999999964,3,866718.51,233.88,2806.56,0.0,0.0,0.0,0.0,0.0,0.0,0.0,0.0,0.0,0.0,0.0,0,35,0,Medium,0.0,0.0,,942.64,3739.41,-2796.77,-296.6954510735806,Loss Making
C00894,Vijay Singh,Retail,Coimbatore,Tamil Nadu,42464.0,Medium,19,230141.02,334.84000000000003,270.89,63.950000000000045,1,319610.64,119.46,1433.52,3.0,1413.52,1.0,935351.12,0.0,0.0,0.0,644681.68,22.0,19.0,10.0,0,35,0,Medium,55.0,55.0,High,334.84000000000003,3117.93,-2783.0899999999997,-831.1701110978377,Loss Making
C00368,Divya Verma,Student,Kochi,Kerala,159303.0,Medium,15,100292.02,230.69,198.16,32.53,1,126629.55,105.35,1264.1999999999998,3.0,1549.78,0.0,0.0,0.0,0.0,0.0,0.0,0.0,0.0,0.0,0,25,0,Medium,0.0,0.0,,230.69,3012.14,-2781.45,-1205.708960076293,Loss Making
C00528,Meena Iyer,Retail,Kochi,Kerala,13587.0,Low,37,413631.68,589.6,572.17,17.430000000000064,2,373017.17,233.23000000000002,2798.76,0.0,0.0,0.0,0.0,0.0,0.0,0.0,0.0,0.0,0.0,0.0,0,30,0,Medium,0.0,0.0,,589.6,3370.9300000000003,-2781.3300000000004,-471.7316824966079,Loss Making
C00950,Sanjay Kumar,Retail,Hyderabad,Telangana,121074.0,Low,22,325686.22,422.08,384.93,37.14999999999998,1,70971.8,128.34,1540.08,2.0,1277.5,1.0,895527.31,0.0,0.0,0.0,315456.75,12.0,10.0,9.0,6,70,6,Critical,40.0,40.0,Medium,422.08,3202.51,-2780.4300000000003,-658.7447877179683,Loss Making
C00287,Rohit Nair,Sme Owner,Kolkata,West Bengal,45624.0,Low,17,417502.27,244.92000000000002,261.56,-16.639999999999986,1,24311.46,129.88,1558.56,3.0,1202.26,1.0,94467.88,0.0,0.0,0.0,60924.93,16.0,15.0,9.0,4,70,2,Critical,25.0,25.0,Medium,244.92000000000002,3022.38,-2777.46,-1134.0274375306221,Loss Making
C00298,Priya Kumar,Premium,Mumbai,Maharashtra,12000.0,Medium,18,83939.16,361.84000000000003,320.08,41.76000000000005,1,20733.33,168.21,2018.52,2.0,798.1600000000001,0.0,0.0,0.0,0.0,0.0,0.0,0.0,0.0,0.0,0,15,0,Low,0.0,0.0,,361.84000000000003,3136.76,-2774.92,-766.8914437320362,Loss Making
C00778,Rohit Iyer,Mass Affluent,Kolkata,West Bengal,76868.0,Low,38,309226.1,788.89,633.66,155.23000000000002,3,250965.8,219.35000000000002,2632.2000000000003,2.0,294.46,0.0,0.0,0.0,0.0,0.0,0.0,0.0,0.0,0.0,0,35,0,Medium,0.0,0.0,,788.89,3560.32,-2771.4300000000003,-351.3075333696714,Loss Making
C00212,Kavya Rao,Mass Affluent,Bengaluru,Karnataka,27090.0,Medium,22,188886.98,425.51,359.21999999999997,66.29000000000002,2,106750.79000000001,212.57,2550.84,2.0,277.84000000000003,1.0,318336.14,0.0,0.0,0.0,428954.49,24.0,21.0,9.0,0,30,0,Medium,40.0,40.0,Medium,425.51,3187.9,-2762.3900000000003,-649.1950835468027,Loss Making
C00972,Vijay Gupta,Mass Affluent,Mumbai,Maharashtra,99157.0,Medium,33,283400.2,533.45,578.57,-45.120000000000005,2,240826.28999999998,224.87,2698.44,0.0,0.0,1.0,526943.99,0.0,0.0,0.0,637139.88,12.0,12.0,10.0,2,45,0,High,60.0,60.0,High,533.45,3277.01,-2743.5600000000004,-514.3049957821727,Loss Making
C00063,Naveen Kumar,Mass Affluent,Hyderabad,Telangana,45323.0,High,48,605623.9299999999,765.4,715.54,49.860000000000014,2,125666.3,191.24,2294.88,1.0,486.09,0.0,0.0,0.0,0.0,0.0,0.0,0.0,0.0,0.0,0,30,0,Medium,0.0,0.0,,765.4,3496.51,-2731.11,-356.8212699242227,Loss Making
C00916,Naveen Reddy,Student,Bengaluru,Karnataka,50145.0,Medium,16,152402.22,189.42,219.68,-30.26000000000002,1,23731.22,151.9,1822.8000000000002,2.0,870.64,1.0,2188186.16,0.0,0.0,0.0,1609458.6199999999,24.0,22.0,10.0,0,35,0,Medium,40.0,40.0,Medium,189.42,2913.1200000000003,-2723.7000000000003,-1437.9157427937917,Loss Making
C00802,Sanjay Kumar,Retail,Kolkata,West Bengal,38523.0,Low,21,354284.63,369.77,386.81,-17.04000000000002,1,14993.67,120.02,1440.24,3.0,1264.74,0.0,0.0,0.0,0.0,0.0,0.0,0.0,0.0,0.0,3,70,3,Critical,0.0,0.0,,369.77,3091.79,-2722.02,-736.1386808015794,Loss Making
C00604,Vijay Iyer,Retail,Mumbai,Maharashtra,46347.0,Low,33,170486.13,613.69,530.81,82.88000000000011,1,12012.01,151.44,1817.28,2.0,984.3599999999999,0.0,0.0,0.0,0.0,0.0,0.0,0.0,0.0,0.0,0,30,0,Medium,0.0,0.0,,613.69,3332.45,-2718.7599999999998,-443.01846208998023,Loss Making
C00497,Sanjay Reddy,Retail,Delhi,Delhi,53411.0,Low,22,110263.42,353.77,289.87,63.89999999999998,2,90533.26000000001,217.42000000000002,2609.04,1.0,157.49,0.0,0.0,0.0,0.0,0.0,0.0,0.0,0.0,0.0,1,45,0,High,0.0,0.0,,353.77,3056.3999999999996,-2702.6299999999997,-763.9511547050342,Loss Making
C00876,Sanjay Verma,Mass Affluent,Madurai,Tamil Nadu,70856.0,Low,40,257119.21,781.31,671.48,109.82999999999993,2,131328.22,145.59,1747.08,3.0,1061.42,1.0,178256.06,0.0,0.0,0.0,65345.17,7.0,6.0,10.0,0,30,0,Medium,25.0,25.0,Medium,781.31,3479.98,-2698.67,-345.4032330317032,Loss Making
C00543,Kavya Reddy,Premium,Kochi,Kerala,105299.0,High,24,227295.16,367.53,355.06,12.46999999999997,1,304108.62,168.2,2018.3999999999999,1.0,687.15,0.0,0.0,0.0,0.0,0.0,0.0,0.0,0.0,0.0,0,25,0,Medium,0.0,0.0,,367.53,3060.61,-2693.08,-732.7510679400322,Loss Making
C00019,Vijay Rao,Sme Owner,Hyderabad,Telangana,28218.0,Low,28,179375.59,501.58,444.85,56.72999999999996,1,160318.59,151.89,1822.6799999999998,2.0,923.29,0.0,0.0,0.0,0.0,0.0,0.0,0.0,0.0,0.0,0,30,0,Medium,0.0,0.0,,501.58,3190.8199999999997,-2689.24,-536.1537541369273,Loss Making
C00963,Geetha Patel,Student,Kochi,Kerala,31025.0,Low,19,129932.55,319.17,324.95,-5.779999999999973,1,72139.7,123.81,1485.72,3.0,1197.39,0.0,0.0,0.0,0.0,0.0,0.0,0.0,0.0,0.0,0,20,0,Medium,0.0,0.0,,319.17,3008.0600000000004,-2688.8900000000003,-842.4632640912367,Loss Making
C00986,Sneha Patel,Senior Citizen,Madurai,Tamil Nadu,22289.0,Low,13,86135.25,259.45,199.59,59.859999999999985,1,36323.88,134.25,1611.0,2.0,1136.75,0.0,0.0,0.0,0.0,0.0,0.0,0.0,0.0,0.0,0,35,0,Medium,0.0,0.0,,259.45,2947.34,-2687.8900000000003,-1035.9953748313742,Loss Making
C00692,Rahul Iyer,Mass Affluent,Delhi,Delhi,69791.0,Low,14,78885.91,241.23999999999998,212.48,28.75999999999999,1,11281.91,131.99,1583.88,4.0,1122.04,0.0,0.0,0.0,0.0,0.0,0.0,0.0,0.0,0.0,0,20,0,Medium,0.0,0.0,,241.23999999999998,2918.4,-2677.1600000000003,-1109.7496269275412,Loss Making
C00830,Geetha Iyer,Retail,Kolkata,West Bengal,31128.0,Medium,22,133914.75,330.69,381.68,-50.99000000000001,1,166515.49,132.72,1592.6399999999999,3.0,1032.17,0.0,0.0,0.0,0.0,0.0,0.0,0.0,0.0,0.0,0,30,0,Medium,0.0,0.0,,330.69,3006.49,-2675.7999999999997,-809.1566119326255,Loss Making
C00371,Arun Gupta,Sme Owner,Pune,Maharashtra,28150.0,Low,19,101560.75,305.21999999999997,329.41,-24.190000000000055,1,90616.15,74.74,896.8799999999999,4.0,1753.4399999999998,1.0,866319.05,0.0,0.0,0.0,700403.75,24.0,24.0,10.0,0,0,0,Low,40.0,40.0,Medium,305.21999999999997,2979.7299999999996,-2674.5099999999998,-876.2564707424152,Loss Making
C00514,Sneha Gupta,Retail,Chennai,Tamil Nadu,106189.0,Low,37,264821.91000000003,664.4300000000001,567.62,96.81000000000006,2,256815.34,187.64,2251.68,1.0,518.04,0.0,0.0,0.0,0.0,0.0,0.0,0.0,0.0,0.0,0,35,0,Medium,0.0,0.0,,664.4300000000001,3337.3399999999997,-2672.91,-402.28617010068774,Loss Making
C00220,Meena Patel,Sme Owner,Bengaluru,Karnataka,67512.0,Low,14,191386.15,169.15,280.79,-111.64000000000001,1,56532.12,45.38,544.5600000000001,4.0,2016.5100000000002,0.0,0.0,0.0,0.0,0.0,0.0,0.0,0.0,0.0,0,20,0,Medium,0.0,0.0,,169.15,2841.8600000000006,-2672.7100000000005,-1580.082766775052,Loss Making
C00841,Pooja Nair,Mass Affluent,Kolkata,West Bengal,41534.0,Low,20,180833.88,282.44,327.77,-45.329999999999984,1,20206.78,128.11,1537.3200000000002,3.0,1078.3,0.0,0.0,0.0,0.0,0.0,0.0,0.0,0.0,0.0,0,25,0,Medium,0.0,0.0,,282.44,2943.3900000000003,-2660.9500000000003,-942.1293017986121,Loss Making
C00164,Priya Patel,Mass Affluent,Coimbatore,Tamil Nadu,25308.0,Low,41,646583.9,844.5,714.42,130.08000000000004,2,79993.26000000001,162.93,1955.16,3.0,829.6700000000001,1.0,336863.28,0.0,0.0,0.0,329560.66,24.0,21.0,10.0,3,70,3,Critical,35.0,35.0,Medium,844.5,3499.25,-2654.75,-314.3576080521018,Loss Making
C00337,Rohit Iyer,Sme Owner,Delhi,Delhi,75016.0,Low,19,129855.55,309.06,319.56,-10.5,1,284781.12,167.52,2010.2400000000002,2.0,623.95,1.0,550486.22,0.0,0.0,0.0,741045.64,24.0,20.0,10.0,0,30,0,Medium,35.0,35.0,Medium,309.06,2953.75,-2644.69,-855.7205720572057,Loss Making
C00183,Suresh Nair,Retail,Delhi,Delhi,152999.0,Low,19,129609.31999999999,359.8,328.86,30.939999999999998,1,84406.78,148.27,1779.2400000000002,2.0,894.79,0.0,0.0,0.0,0.0,0.0,0.0,0.0,0.0,0.0,0,25,0,Medium,0.0,0.0,,359.8,3002.8900000000003,-2643.09,-734.5997776542524,Loss Making
C00990,Pooja Iyer,Mass Affluent,Delhi,Delhi,22159.0,Medium,30,215572.7,530.42,442.35,88.06999999999994,2,36852.2,157.06,1884.72,3.0,840.21,1.0,269017.73,0.0,0.0,0.0,310447.67,12.0,11.0,10.0,0,25,0,Medium,25.0,25.0,Medium,530.42,3167.28,-2636.86,-497.126805173259,Loss Making
C00774,Anitha Singh,Retail,Kolkata,West Bengal,25111.0,Medium,43,289967.0,776.91,665.5,111.40999999999997,2,81964.7,184.4,2212.8,1.0,534.97,0.0,0.0,0.0,0.0,0.0,0.0,0.0,0.0,0.0,0,35,0,Medium,0.0,0.0,,776.91,3413.2700000000004,-2636.3600000000006,-339.33917699604854,Loss Making
C00443,Priya Rao,Student,Kochi,Kerala,57996.0,Low,24,124764.34,355.69,413.84,-58.14999999999998,2,140965.71,199.7,2396.3999999999996,2.0,172.45,1.0,2177264.96,0.0,0.0,0.0,2629774.82,12.0,11.0,10.0,0,20,0,Medium,70.0,70.0,Critical,355.69,2982.6899999999996,-2626.9999999999995,-738.5644803058842,Loss Making
C00764,Vishal Reddy,Retail,Delhi,Delhi,58363.0,Low,16,132913.9,264.77,266.42,-1.650000000000034,1,70922.94,175.37,2104.44,1.0,515.89,0.0,0.0,0.0,0.0,0.0,0.0,0.0,0.0,0.0,0,25,0,Medium,0.0,0.0,,264.77,2886.75,-2621.98,-990.2859085243797,Loss Making
C00805,Suresh Verma,Premium,Pune,Maharashtra,131315.0,Low,31,226138.11,494.2,488.28999999999996,5.910000000000025,2,469519.82999999996,154.45,1853.3999999999999,2.0,765.4000000000001,0.0,0.0,0.0,0.0,0.0,0.0,0.0,0.0,0.0,0,20,0,Medium,0.0,0.0,,494.2,3107.0899999999997,-2612.89,-528.7110481586402,Loss Making
C00120,Kavya Kumar,Sme Owner,Kolkata,West Bengal,79067.0,Low,14,82255.42,282.76,232.82,49.94,1,53297.42,91.29,1095.48,3.0,1566.42,0.0,0.0,0.0,0.0,0.0,0.0,0.0,0.0,0.0,0,5,0,Low,0.0,0.0,,282.76,2894.7200000000003,-2611.96,-923.7374451831944,Loss Making
C00501,Naveen Nair,Sme Owner,Pune,Maharashtra,46868.0,Low,9,39775.380000000005,190.97,149.53,41.44,1,31445.5,82.31,987.72,3.0,1644.47,1.0,305201.18,0.0,0.0,0.0,200432.77,24.0,21.0,10.0,0,0,0,Low,30.0,30.0,Medium,190.97,2781.7200000000003,-2590.7500000000005,-1356.6266952924545,Loss Making
C00026,Suresh Nair,Student,Chennai,Tamil Nadu,60610.0,High,17,271694.2,295.48,274.57,20.910000000000025,1,241062.55,159.29,1911.48,1.0,699.43,0.0,0.0,0.0,0.0,0.0,0.0,0.0,0.0,0.0,3,70,3,Critical,0.0,0.0,,295.48,2885.48,-2590.0,-876.5398673345064,Loss Making
C00087,Suresh Singh,Retail,Coimbatore,Tamil Nadu,113397.0,High,16,83385.26,286.6,241.86,44.74000000000001,1,28520.11,160.84,1930.08,2.0,701.18,0.0,0.0,0.0,0.0,0.0,0.0,0.0,0.0,0.0,0,35,0,Medium,0.0,0.0,,286.6,2873.12,-2586.52,-902.4842986741103,Loss Making
C00703,Anitha Rao,Premium,Kolkata,West Bengal,28010.0,Low,16,100019.68,323.83,247.6,76.22999999999999,1,476211.77,166.46,1997.52,2.0,653.99,0.0,0.0,0.0,0.0,0.0,0.0,0.0,0.0,0.0,0,20,0,Medium,0.0,0.0,,323.83,2899.1099999999997,-2575.2799999999997,-795.256770527746,Loss Making
C00304,Lakshmi Iyer,Mass Affluent,Chennai,Tamil Nadu,68988.0,Low,36,204880.93,642.75,661.58,-18.83000000000004,2,349008.92,171.35000000000002,2056.2000000000003,2.0,497.90999999999997,0.0,0.0,0.0,0.0,0.0,0.0,0.0,0.0,0.0,0,0,0,Low,0.0,0.0,,642.75,3215.69,-2572.94,-400.3018280824582,Loss Making
C00750,Ajay Gupta,Sme Owner,Pune,Maharashtra,27203.0,Medium,20,94168.79000000001,341.38,318.86,22.519999999999982,1,39979.3,129.87,1558.44,2.0,1035.4499999999998,1.0,177264.57,0.0,0.0,0.0,198430.76,12.0,12.0,10.0,0,5,0,Low,25.0,25.0,Medium,341.38,2912.75,-2571.37,-753.2280742867185,Loss Making
C00800,Rahul Singh,Sme Owner,Pune,Maharashtra,19284.0,Low,59,503701.24,1173.31,925.19,248.1199999999999,3,140921.2,150.82,1809.84,3.0,1002.8900000000001,0.0,0.0,0.0,0.0,0.0,0.0,0.0,0.0,0.0,0,20,0,Medium,0.0,0.0,,1173.31,3737.92,-2564.61,-218.57906265181413,Loss Making
C00623,Geetha Sharma,Mass Affluent,Mumbai,Maharashtra,115501.0,Low,32,309260.3,464.77,497.31,-32.54000000000002,2,450326.88999999996,133.25,1599.0,2.0,920.39,0.0,0.0,0.0,0.0,0.0,0.0,0.0,0.0,0.0,0,35,0,Medium,0.0,0.0,,464.77,3016.7,-2551.93,-549.0737353960023,Loss Making
C00780,Lakshmi Gupta,Mass Affluent,Coimbatore,Tamil Nadu,54178.0,Low,24,418576.36,319.31,341.78,-22.46999999999997,1,41837.54,133.44,1601.28,2.0,922.1999999999999,0.0,0.0,0.0,0.0,0.0,0.0,0.0,0.0,0.0,4,70,2,Critical,0.0,0.0,,319.31,2865.2599999999998,-2545.95,-797.3286148257179,Loss Making
C00621,Geetha Gupta,Retail,Bengaluru,Karnataka,38330.0,Medium,23,163479.38,436.99,378.78,58.210000000000036,1,39823.76,177.0,2124.0,1.0,478.25,0.0,0.0,0.0,0.0,0.0,0.0,0.0,0.0,0.0,0,25,0,Medium,0.0,0.0,,436.99,2981.0299999999997,-2544.04,-582.1735051145334,Loss Making
C00104,Rahul Sharma,Mass Affluent,Bengaluru,Karnataka,42556.0,Low,20,91200.9,368.18,340.19,27.99000000000001,1,172608.75,115.86,1390.32,3.0,1179.41,0.0,0.0,0.0,0.0,0.0,0.0,0.0,0.0,0.0,0,0,0,Low,0.0,0.0,,368.18,2909.92,-2541.7400000000002,-690.3525449508393,Loss Making
C00159,Rahul Nair,Mass Affluent,Hyderabad,Telangana,28022.0,Medium,23,387978.27,511.62,412.61,99.00999999999999,1,52199.26,168.46,2021.52,2.0,615.06,1.0,250459.42,0.0,0.0,0.0,151077.6,20.0,17.0,10.0,5,70,4,Critical,50.0,50.0,High,511.62,3049.19,-2537.57,-495.9872561666862,Loss Making
C00309,Vijay Verma,Retail,Delhi,Delhi,35387.0,Low,14,54747.340000000004,119.9,211.24,-91.34,1,151684.24,161.68,1940.16,2.0,500.89,1.0,104690.75,0.0,0.0,0.0,37696.37,13.0,11.0,10.0,0,10,0,Low,25.0,25.0,Medium,119.9,2652.29,-2532.39,-2112.0850708924104,Loss Making
C00430,Rahul Sharma,Retail,Bengaluru,Karnataka,51028.0,Low,15,86610.59,262.51,237.12,25.389999999999986,1,113411.12,95.15,1141.8000000000002,3.0,1404.8799999999999,0.0,0.0,0.0,0.0,0.0,0.0,0.0,0.0,0.0,0,30,0,Medium,0.0,0.0,,262.51,2783.8,-2521.29,-960.4548398156261,Loss Making
C00835,Suresh Patel,Retail,Mumbai,Maharashtra,116336.0,Low,28,136206.68,470.15999999999997,510.43,-40.27000000000004,2,77545.73000000001,158.26,1899.12,2.0,581.37,1.0,346488.13,0.0,0.0,0.0,402532.05,12.0,12.0,9.0,0,25,0,Medium,50.0,50.0,High,470.15999999999997,2990.9199999999996,-2520.7599999999998,-536.1493959503148,Loss Making
C00302,Rahul Rao,Retail,Kochi,Kerala,83106.0,Low,18,123967.68,279.04,328.07,-49.02999999999997,1,24743.65,131.37,1576.44,3.0,894.96,0.0,0.0,0.0,0.0,0.0,0.0,0.0,0.0,0.0,0,5,0,Low,0.0,0.0,,279.04,2799.4700000000003,-2520.4300000000003,-903.2504300458716,Loss Making
C00821,Geetha Kumar,Mass Affluent,Chennai,Tamil Nadu,36084.0,Low,22,233881.26,404.9,374.35,30.549999999999955,1,216783.83,98.54,1182.48,4.0,1365.41,0.0,0.0,0.0,0.0,0.0,0.0,0.0,0.0,0.0,0,20,0,Medium,0.0,0.0,,404.9,2922.24,-2517.3399999999997,-621.7189429488762,Loss Making
C00165,Arun Nair,Retail,Bengaluru,Karnataka,83046.0,High,17,106121.14,339.89,265.62,74.26999999999998,1,49286.86,96.56,1158.72,4.0,1432.31,0.0,0.0,0.0,0.0,0.0,0.0,0.0,0.0,0.0,0,20,0,Medium,0.0,0.0,,339.89,2856.65,-2516.76,-740.4630910000295,Loss Making
C00976,Suresh Reddy,Senior Citizen,Coimbatore,Tamil Nadu,102389.0,Low,16,192913.99,330.85,257.84,73.01000000000005,1,99543.7,165.31,1983.72,2.0,605.1700000000001,0.0,0.0,0.0,0.0,0.0,0.0,0.0,0.0,0.0,0,25,0,Medium,0.0,0.0,,330.85,2846.73,-2515.88,-760.4291975215355,Loss Making
C00885,Lakshmi Kumar,Retail,Chennai,Tamil Nadu,40782.0,Medium,19,184189.9,335.77,287.14,48.629999999999995,1,337171.73,177.45,2129.3999999999996,1.0,434.74,1.0,100613.69,0.0,0.0,0.0,103130.21,24.0,21.0,10.0,0,20,0,Medium,40.0,40.0,Medium,335.77,2851.2799999999997,-2515.5099999999998,-749.1765196414212,Loss Making
C00985,Anitha Verma,Premium,Madurai,Tamil Nadu,66906.0,Low,19,89722.36,354.51,306.92,47.589999999999975,1,36534.61,57.22,686.64,5.0,1871.8,0.0,0.0,0.0,0.0,0.0,0.0,0.0,0.0,0.0,0,0,0,Low,0.0,0.0,,354.51,2865.3599999999997,-2510.8499999999995,-708.2592874672082,Loss Making
C00803,Vishal Nair,Retail,Hyderabad,Telangana,30066.0,Low,37,261551.32,728.5,571.93,156.57000000000005,2,157891.27,139.79,1677.48,3.0,987.9900000000001,0.0,0.0,0.0,0.0,0.0,0.0,0.0,0.0,0.0,0,30,0,Medium,0.0,0.0,,728.5,3237.4,-2508.9,-344.3925875085793,Loss Making
C00092,Meena Gupta,Sme Owner,Kolkata,West Bengal,30362.0,Low,9,36827.869999999995,199.77,169.32,30.450000000000017,1,128073.73,137.54,1650.48,2.0,885.8900000000001,0.0,0.0,0.0,0.0,0.0,0.0,0.0,0.0,0.0,0,5,0,Low,0.0,0.0,,199.77,2705.69,-2505.92,-1254.4025629473895,Loss Making
C00410,Pooja Gupta,Retail,Pune,Maharashtra,60226.0,High,43,401787.64,719.47,648.35,71.12,2,212266.28,177.5,2130.0,3.0,438.47,1.0,998206.01,0.0,0.0,0.0,935090.73,23.0,21.0,10.0,3,45,0,High,40.0,40.0,Medium,719.47,3216.8199999999997,-2497.3499999999995,-347.1096779573852,Loss Making
C00166,Anitha Gupta,Senior Citizen,Mumbai,Maharashtra,69741.0,Medium,19,169964.93,335.04,290.82,44.22000000000003,1,208127.64,78.33,939.96,4.0,1601.4099999999999,0.0,0.0,0.0,0.0,0.0,0.0,0.0,0.0,0.0,0,20,0,Medium,0.0,0.0,,335.04,2832.1899999999996,-2497.1499999999996,-745.3289159503341,Loss Making
C00550,Priya Kumar,Retail,Chennai,Tamil Nadu,31643.0,Medium,36,271186.82,680.85,520.27,160.58000000000004,2,191626.91999999998,79.72999999999999,956.7599999999999,4.0,1700.1599999999999,0.0,0.0,0.0,0.0,0.0,0.0,0.0,0.0,0.0,0,25,0,Medium,0.0,0.0,,680.85,3177.1899999999996,-2496.3399999999997,-366.6505103914224,Loss Making
C00744,Naveen Sharma,Sme Owner,Coimbatore,Tamil Nadu,72173.0,Low,24,171573.68,392.53,354.56,37.96999999999997,1,28908.09,161.29,1935.48,1.0,596.69,0.0,0.0,0.0,0.0,0.0,0.0,0.0,0.0,0.0,0,20,0,Medium,0.0,0.0,,392.53,2886.73,-2494.2,-635.4164012941686,Loss Making
C00457,Lakshmi Rao,Mass Affluent,Madurai,Tamil Nadu,22365.0,Low,17,198544.75,332.40999999999997,290.14,42.26999999999998,1,35279.98,143.55,1722.6000000000001,2.0,811.6200000000001,1.0,144053.48,0.0,0.0,0.0,168228.51,12.0,9.0,10.0,0,30,0,Medium,40.0,40.0,Medium,332.40999999999997,2824.3600000000006,-2491.9500000000007,-749.6615625282035,Loss Making
C00411,Rohit Patel,Retail,Delhi,Delhi,16640.0,Medium,19,169096.7,294.59,333.59,-39.0,1,643087.11,145.59,1747.08,2.0,701.7,0.0,0.0,0.0,0.0,0.0,0.0,0.0,0.0,0.0,0,35,0,Medium,0.0,0.0,,294.59,2782.37,-2487.7799999999997,-844.4889507451034,Loss Making
C00884,Lakshmi Singh,Retail,Chennai,Tamil Nadu,189960.0,Low,19,353218.59,351.34,290.14,61.19999999999999,1,184304.6,129.14,1549.6799999999998,3.0,995.9300000000001,0.0,0.0,0.0,0.0,0.0,0.0,0.0,0.0,0.0,5,70,4,Critical,0.0,0.0,,351.34,2835.75,-2484.41,-707.124153241874,Loss Making
C00634,Meena Sharma,Sme Owner,Coimbatore,Tamil Nadu,31701.0,High,40,215687.01,686.26,661.15,25.110000000000014,2,316703.17,179.92000000000002,2159.04,1.0,324.03,1.0,117661.94,0.0,0.0,0.0,18588.510000000002,5.0,4.0,8.0,0,35,0,Medium,50.0,50.0,High,686.26,3144.2200000000003,-2457.96,-358.16745839769186,Loss Making
C00583,Naveen Iyer,Mass Affluent,Coimbatore,Tamil Nadu,33008.0,Low,25,174399.03,460.53,407.85,52.67999999999995,1,225709.35,151.26,1815.12,2.0,691.01,0.0,0.0,0.0,0.0,0.0,0.0,0.0,0.0,0.0,0,35,0,Medium,0.0,0.0,,460.53,2913.9799999999996,-2453.45,-532.7448808980956,Loss Making
C00272,Vijay Gupta,Mass Affluent,Madurai,Tamil Nadu,30115.0,Low,14,155135.73,232.47,238.32,-5.849999999999994,1,266903.87,153.39,1840.6799999999998,2.0,605.0600000000001,1.0,2117281.7,0.0,0.0,0.0,1043343.26,15.0,14.0,10.0,0,35,0,Medium,25.0,25.0,Medium,232.47,2684.06,-2451.59,-1054.5833871037123,Loss Making
C00177,Rahul Nair,Mass Affluent,Pune,Maharashtra,73004.0,Low,21,164382.63999999998,357.22,320.07,37.150000000000034,1,57553.63,161.37,1936.44,2.0,536.44,0.0,0.0,0.0,0.0,0.0,0.0,0.0,0.0,0.0,0,20,0,Medium,0.0,0.0,,357.22,2792.9500000000003,-2435.7300000000005,-681.8571188623258,Loss Making
C00117,Rohit Patel,Retail,Kochi,Kerala,65723.0,Low,48,422661.68,904.83,691.35,213.48000000000002,2,209017.25,186.01999999999998,2232.24,2.0,416.14000000000004,0.0,0.0,0.0,0.0,0.0,0.0,0.0,0.0,0.0,0,20,0,Medium,0.0,0.0,,904.83,3339.7299999999996,-2434.8999999999996,-269.10027297945464,Loss Making
C00670,Deepa Reddy,Retail,Kochi,Kerala,104064.0,Medium,13,55388.49,188.79,195.31,-6.52000000000001,1,182767.69,103.11,1237.32,3.0,1190.96,0.0,0.0,0.0,0.0,0.0,0.0,0.0,0.0,0.0,0,10,0,Low,0.0,0.0,,188.79,2623.59,-2434.8,-1289.6869537581442,Loss Making
C00539,Meena Rao,Senior Citizen,Madurai,Tamil Nadu,26799.0,Low,38,267409.44,710.4,697.33,13.069999999999936,2,200712.74,203.19,2438.2799999999997,0.0,0.0,0.0,0.0,0.0,0.0,0.0,0.0,0.0,0.0,0.0,0,30,0,Medium,0.0,0.0,,710.4,3135.6099999999997,-2425.2099999999996,-341.38654279279274,Loss Making
C00991,Deepa Rao,Senior Citizen,Delhi,Delhi,77235.0,High,17,122977.09,334.61,296.65,37.960000000000036,1,45004.73,135.58,1626.96,3.0,825.97,0.0,0.0,0.0,0.0,0.0,0.0,0.0,0.0,0.0,0,20,0,Medium,0.0,0.0,,334.61,2749.58,-2414.97,-721.726786408057,Loss Making
C00584,Vishal Reddy,Retail,Kochi,Kerala,58237.0,Low,25,188301.45,485.09,431.22,53.86999999999995,1,108606.93,82.11,985.3199999999999,5.0,1471.58,1.0,409410.0,0.0,0.0,0.0,275172.41,24.0,22.0,10.0,0,20,0,Medium,30.0,30.0,Medium,485.09,2888.12,-2403.0299999999997,-495.37817724545954,Loss Making
C00850,Pooja Nair,Retail,Mumbai,Maharashtra,21671.0,Low,23,128975.90000000001,383.27000000000004,423.18,-39.90999999999997,1,28594.33,154.06,1848.72,1.0,514.35,1.0,478391.52,0.0,0.0,0.0,338163.89,20.0,17.0,10.0,0,5,0,Low,40.0,40.0,Medium,383.27000000000004,2786.25,-2402.98,-626.9679338325462,Loss Making
C00198,Pooja Gupta,Sme Owner,Madurai,Tamil Nadu,64974.0,Low,47,515598.51,813.72,783.13,30.590000000000032,2,212324.04,167.27,2007.2400000000002,1.0,423.94,0.0,0.0,0.0,0.0,0.0,0.0,0.0,0.0,0.0,0,20,0,Medium,0.0,0.0,,813.72,3214.3100000000004,-2400.59,-295.01425551786855,Loss Making
C00017,Deepa Nair,Retail,Hyderabad,Telangana,47520.0,Low,17,93788.05,290.3,291.41,-1.1100000000000136,1,173933.87,145.0,1740.0,2.0,658.2299999999999,0.0,0.0,0.0,0.0,0.0,0.0,0.0,0.0,0.0,0,25,0,Medium,0.0,0.0,,290.3,2689.64,-2399.3399999999997,-826.5036169479847,Loss Making
C00886,Geetha Gupta,Premium,Bengaluru,Karnataka,32813.0,Medium,35,350996.24,590.65,547.49,43.15999999999997,2,168269.30000000002,182.36,2188.32,1.0,253.39,0.0,0.0,0.0,0.0,0.0,0.0,0.0,0.0,0.0,0,20,0,Medium,0.0,0.0,,590.65,2989.2000000000003,-2398.55,-406.08651485651404,Loss Making
C00426,Geetha Verma,Mass Affluent,Coimbatore,Tamil Nadu,96746.0,Medium,34,362167.47,621.02,508.43,112.58999999999997,2,1006652.51,164.29,1971.48,2.0,538.28,1.0,1372062.07,0.0,0.0,0.0,847032.77,24.0,23.0,10.0,0,20,0,Medium,40.0,40.0,Medium,621.02,3018.1899999999996,-2397.1699999999996,-386.0052816334417,Loss Making
C00836,Kavya Patel,Senior Citizen,Pune,Maharashtra,38703.0,Low,42,371506.48,706.81,629.12,77.68999999999994,2,256914.38999999998,160.53,1926.3600000000001,1.0,539.09,0.0,0.0,0.0,0.0,0.0,0.0,0.0,0.0,0.0,0,30,0,Medium,0.0,0.0,,706.81,3094.57,-2387.76,-337.82204552850135,Loss Making
C00569,Priya Reddy,Senior Citizen,Bengaluru,Karnataka,52502.0,Low,14,170741.71,285.23,217.5,67.73000000000002,1,34416.33,124.7,1496.4,2.0,950.65,0.0,0.0,0.0,0.0,0.0,0.0,0.0,0.0,0.0,0,30,0,Medium,0.0,0.0,,285.23,2664.55,-2379.32,-834.1759281982961,Loss Making
C00888,Geetha Patel,Retail,Bengaluru,Karnataka,107756.0,Low,37,347965.0,703.03,552.66,150.37,2,110556.92,105.17,1262.04,3.0,1257.75,1.0,328500.15,0.0,0.0,0.0,407613.14,22.0,20.0,10.0,1,45,0,High,60.0,60.0,High,703.03,3072.45,-2369.42,-337.02971423694584,Loss Making
C00283,Vijay Gupta,Student,Kolkata,West Bengal,87014.0,Medium,12,113496.71,154.9,122.63,32.27000000000001,1,54754.94,159.96,1919.52,1.0,477.85,0.0,0.0,0.0,0.0,0.0,0.0,0.0,0.0,0.0,1,40,0,High,0.0,0.0,,154.9,2520.0,-2365.1,-1526.8560361523562,Loss Making
C00639,Lakshmi Nair,Retail,Pune,Maharashtra,39091.0,Low,15,89196.45999999999,249.62,276.21999999999997,-26.599999999999966,1,172921.47,172.22,2066.64,2.0,263.68,1.0,162646.37,0.0,0.0,0.0,22729.36,5.0,5.0,9.0,0,30,0,Medium,30.0,30.0,Medium,249.62,2606.5399999999995,-2356.9199999999996,-944.2031888470474,Loss Making
C00310,Naveen Patel,Sme Owner,Kochi,Kerala,90576.0,Low,11,75686.12,199.55,175.37,24.180000000000007,1,97592.55,84.64,1015.6800000000001,3.0,1365.25,0.0,0.0,0.0,0.0,0.0,0.0,0.0,0.0,0.0,0,5,0,Low,0.0,0.0,,199.55,2556.3,-2356.75,-1181.0323227261338,Loss Making
C00891,Priya Reddy,Senior Citizen,Coimbatore,Tamil Nadu,22377.0,Low,19,160903.31,246.75,282.17,-35.420000000000016,1,176558.09,64.77,777.24,3.0,1540.16,1.0,1065717.81,0.0,0.0,0.0,547738.26,21.0,18.0,10.0,0,35,0,Medium,30.0,30.0,Medium,246.75,2599.57,-2352.82,-953.5238095238096,Loss Making
C00330,Deepa Rao,Retail,Bengaluru,Karnataka,66978.0,Low,29,151010.88,547.45,477.28,70.17000000000007,2,1156064.6600000001,111.06,1332.72,2.0,1079.0,1.0,232730.99,0.0,0.0,0.0,261958.36,12.0,11.0,7.0,0,25,0,Medium,30.0,30.0,Medium,547.45,2889.0,-2341.55,-427.71942643163754,Loss Making
C00608,Arun Nair,Retail,Madurai,Tamil Nadu,36043.0,Low,18,102178.42,363.39,250.92,112.47,1,59450.88,109.55,1314.6,3.0,1127.5,0.0,0.0,0.0,0.0,0.0,0.0,0.0,0.0,0.0,0,5,0,Low,0.0,0.0,,363.39,2693.02,-2329.63,-641.0825834502876,Loss Making
C00581,Vijay Iyer,Sme Owner,Hyderabad,Telangana,85989.0,Low,21,118500.67,347.81,277.33,70.48000000000002,1,44814.52,107.77,1293.24,3.0,1100.6200000000001,0.0,0.0,0.0,0.0,0.0,0.0,0.0,0.0,0.0,0,5,0,Low,0.0,0.0,,347.81,2671.19,-2323.38,-668.002645122337,Loss Making
C00462,Sneha Singh,Premium,Chennai,Tamil Nadu,49586.0,Low,19,933312.7999999999,414.46,305.32,109.13999999999999,1,71381.06,173.46,2081.52,1.0,345.48,0.0,0.0,0.0,0.0,0.0,0.0,0.0,0.0,0.0,1,70,1,Critical,0.0,0.0,,414.46,2732.32,-2317.86,-559.2481783525552,Loss Making
C00149,Rohit Rao,Retail,Coimbatore,Tamil Nadu,53228.0,Medium,65,422687.79,1092.8,1002.73,90.06999999999994,2,125135.72,167.54,2010.48,1.0,394.77,1.0,656254.27,0.0,0.0,0.0,362453.41,24.0,22.0,10.0,0,35,0,Medium,30.0,30.0,Medium,1092.8,3407.98,-2315.1800000000003,-211.85761346998538,Loss Making
C00722,Divya Kumar,Retail,Kolkata,West Bengal,52923.0,Low,47,436035.52,904.69,799.17,105.5200000000001,3,204560.41,132.14,1585.6799999999998,2.0,830.58,0.0,0.0,0.0,0.0,0.0,0.0,0.0,0.0,0.0,0,30,0,Medium,0.0,0.0,,904.69,3215.43,-2310.74,-255.41787794714205,Loss Making
C00369,Rohit Patel,Retail,Chennai,Tamil Nadu,71654.0,Low,20,119372.14,307.21999999999997,287.4,19.819999999999993,1,77673.89,178.66,2143.92,1.0,186.62,0.0,0.0,0.0,0.0,0.0,0.0,0.0,0.0,0.0,0,20,0,Medium,0.0,0.0,,307.21999999999997,2617.94,-2310.7200000000003,-752.1385326476143,Loss Making
C00567,Lakshmi Reddy,Retail,Kolkata,West Bengal,27608.0,Medium,29,285334.08,443.08,444.94,-1.8600000000000136,1,21776.55,135.43,1625.16,2.0,674.19,0.0,0.0,0.0,0.0,0.0,0.0,0.0,0.0,0.0,0,30,0,Medium,0.0,0.0,,443.08,2744.29,-2301.21,-519.3667057867655,Loss Making
C00089,Geetha Rao,Mass Affluent,Madurai,Tamil Nadu,142722.0,Medium,24,928778.18,411.94,404.08,7.860000000000014,1,164378.4,178.86,2146.32,1.0,152.13,0.0,0.0,0.0,0.0,0.0,0.0,0.0,0.0,0.0,1,70,1,Critical,0.0,0.0,,411.94,2702.53,-2290.59,-556.0494246734961,Loss Making
C00718,Priya Verma,Senior Citizen,Delhi,Delhi,42069.0,Low,17,110172.77,327.65,300.56,27.089999999999975,1,115349.67,67.24,806.8799999999999,3.0,1494.8400000000001,1.0,233392.11,0.0,0.0,0.0,278016.27,12.0,11.0,10.0,0,20,0,Medium,55.0,55.0,High,327.65,2602.2799999999997,-2274.6299999999997,-694.2255455516556,Loss Making
C00653,Suresh Iyer,Mass Affluent,Hyderabad,Telangana,118605.0,Low,22,143759.92,419.29,389.24,30.05000000000001,1,29813.08,136.69,1640.28,1.0,660.12,0.0,0.0,0.0,0.0,0.0,0.0,0.0,0.0,0.0,0,30,0,Medium,0.0,0.0,,419.29,2689.64,-2270.35,-541.4748741920865,Loss Making
C00594,Suresh Patel,Premium,Madurai,Tamil Nadu,79685.0,High,18,112178.84,300.1,272.6,27.5,1,36437.29,152.17,1826.04,1.0,470.61,0.0,0.0,0.0,0.0,0.0,0.0,0.0,0.0,0.0,0,25,0,Medium,0.0,0.0,,300.1,2569.25,-2269.15,-756.1312895701432,Loss Making
C00961,Rohit Patel,Retail,Pune,Maharashtra,249707.0,Low,34,461191.35,533.04,550.0,-16.960000000000036,2,76754.69,187.55,2250.6000000000004,0.0,0.0,0.0,0.0,0.0,0.0,0.0,0.0,0.0,0.0,0.0,4,70,4,Critical,0.0,0.0,,533.04,2800.6000000000004,-2267.5600000000004,-425.40147080894496,Loss Making
C00586,Kavya Patel,Premium,Hyderabad,Telangana,46479.0,Low,21,212705.7,391.25,291.9,99.35000000000002,1,92243.59,162.45,1949.3999999999999,1.0,413.06,0.0,0.0,0.0,0.0,0.0,0.0,0.0,0.0,0.0,0,20,0,Medium,0.0,0.0,,391.25,2654.3599999999997,-2263.1099999999997,-578.4306709265175,Loss Making
C00395,Meena Rao,Retail,Bengaluru,Karnataka,34767.0,Low,18,106041.75,264.43,267.21,-2.7799999999999727,1,191322.24,64.85,778.1999999999999,3.0,1477.14,1.0,139724.35,0.0,0.0,0.0,99708.04,19.0,15.0,10.0,0,25,0,Medium,25.0,25.0,Medium,264.43,2522.55,-2258.1200000000003,-853.957569110918,Loss Making
C00007,Kavya Rao,Mass Affluent,Hyderabad,Telangana,50165.0,Medium,45,414626.18,679.49,764.73,-85.24000000000001,2,71056.54000000001,180.35999999999999,2164.3199999999997,0.0,0.0,0.0,0.0,0.0,0.0,0.0,0.0,0.0,0.0,0.0,0,20,0,Medium,0.0,0.0,,679.49,2929.0499999999997,-2249.5599999999995,-331.0659465187125,Loss Making
C00203,Karthik Reddy,Retail,Bengaluru,Karnataka,84755.0,Low,18,208766.86,334.02,275.56,58.45999999999998,1,78194.87,146.24,1754.88,1.0,551.18,0.0,0.0,0.0,0.0,0.0,0.0,0.0,0.0,0.0,0,30,0,Medium,0.0,0.0,,334.02,2581.62,-2247.6,-672.8938386922938,Loss Making
C00554,Kavya Rao,Retail,Pune,Maharashtra,43759.0,Medium,18,111803.43,306.58,233.37,73.20999999999998,1,170821.03,121.54,1458.48,2.0,859.4000000000001,0.0,0.0,0.0,0.0,0.0,0.0,0.0,0.0,0.0,0,20,0,Medium,0.0,0.0,,306.58,2551.25,-2244.67,-732.1645247569967,Loss Making
C00113,Deepa Nair,Sme Owner,Madurai,Tamil Nadu,128565.0,Low,20,93477.93,348.26,244.06,104.19999999999999,1,98057.03,108.02,1296.24,2.0,1041.25,1.0,259467.25,0.0,0.0,0.0,254758.54,24.0,22.0,10.0,0,5,0,Low,35.0,35.0,Medium,348.26,2581.55,-2233.29,-641.2708895652673,Loss Making
C00080,Arun Verma,Retail,Coimbatore,Tamil Nadu,41541.0,Low,15,173971.22,300.37,244.42000000000002,55.94999999999999,1,117909.57,54.71,656.52,4.0,1628.3999999999999,0.0,0.0,0.0,0.0,0.0,0.0,0.0,0.0,0.0,0,25,0,Medium,0.0,0.0,,300.37,2529.34,-2228.9700000000003,-742.0747744448514,Loss Making
C00711,Pooja Nair,Retail,Pune,Maharashtra,109746.0,Low,36,338127.66,540.66,568.53,-27.870000000000005,2,106686.57,97.28,1167.3600000000001,3.0,1031.42,0.0,0.0,0.0,0.0,0.0,0.0,0.0,0.0,0.0,0,30,0,Medium,0.0,0.0,,540.66,2767.3100000000004,-2226.6500000000005,-411.8392335293901,Loss Making
C00316,Priya Reddy,Retail,Coimbatore,Tamil Nadu,92635.0,Medium,16,860519.2899999999,269.07,243.18,25.889999999999986,1,273573.68,49.89,598.6800000000001,3.0,1646.51,1.0,138357.32,0.0,0.0,0.0,74486.46,15.0,13.0,10.0,1,70,1,Critical,35.0,35.0,Medium,269.07,2488.37,-2219.2999999999997,-824.8039543613185,Loss Making
C00347,Ajay Gupta,Retail,Bengaluru,Karnataka,109058.0,Low,30,193729.16,434.86,436.93,-2.069999999999993,2,343881.55999999994,184.61,2215.32,0.0,0.0,0.0,0.0,0.0,0.0,0.0,0.0,0.0,0.0,0.0,0,30,0,Medium,0.0,0.0,,434.86,2652.25,-2217.39,-509.90893620935464,Loss Making
C00723,Sanjay Rao,Retail,Bengaluru,Karnataka,99139.0,Low,13,82023.45,205.44,191.24,14.199999999999989,1,67036.78,130.17,1562.04,1.0,658.15,1.0,109063.4,0.0,0.0,0.0,123484.9,12.0,10.0,10.0,0,0,0,Low,25.0,25.0,Medium,205.44,2411.43,-2205.99,-1073.7879672897195,Loss Making
C00832,Sneha Gupta,Senior Citizen,Coimbatore,Tamil Nadu,65498.0,Low,18,96193.24,416.69,315.23,101.45999999999998,1,55916.25,145.86,1750.3200000000002,1.0,549.28,1.0,766548.14,0.0,0.0,0.0,686673.84,22.0,19.0,10.0,0,20,0,Medium,40.0,40.0,Medium,416.69,2614.83,-2198.14,-527.5240586527154,Loss Making
C00571,Divya Patel,Retail,Mumbai,Maharashtra,65609.0,Low,19,277917.89,286.01,348.79,-62.78000000000003,1,529309.26,37.75,453.0,3.0,1681.3600000000001,0.0,0.0,0.0,0.0,0.0,0.0,0.0,0.0,0.0,0,30,0,Medium,0.0,0.0,,286.01,2483.15,-2197.1400000000003,-768.2039089542325,Loss Making
C00067,Naveen Rao,Retail,Pune,Maharashtra,12000.0,Low,17,214343.82,317.1,271.24,45.860000000000014,1,652405.62,177.5,2130.0,1.0,111.07,0.0,0.0,0.0,0.0,0.0,0.0,0.0,0.0,0.0,0,30,0,Medium,0.0,0.0,,317.1,2512.31,-2195.21,-692.2768842636392,Loss Making
C00643,Lakshmi Kumar,Mass Affluent,Kolkata,West Bengal,21885.0,Low,15,70501.97,282.96,257.84000000000003,25.119999999999948,1,52887.53,162.46,1949.52,1.0,270.62,0.0,0.0,0.0,0.0,0.0,0.0,0.0,0.0,0.0,0,0,0,Low,0.0,0.0,,282.96,2477.98,-2195.02,-775.7350862312695,Loss Making
C00223,Meena Gupta,Mass Affluent,Mumbai,Maharashtra,36508.0,Low,18,82304.03,361.40999999999997,291.66,69.74999999999994,1,48418.92,120.4,1444.8000000000002,2.0,816.36,0.0,0.0,0.0,0.0,0.0,0.0,0.0,0.0,0.0,0,30,0,Medium,0.0,0.0,,361.40999999999997,2552.82,-2191.4100000000003,-606.3501286627377,Loss Making
C00751,Ajay Rao,Retail,Kolkata,West Bengal,75443.0,Low,38,217701.72,640.34,552.14,88.20000000000005,2,1067439.0,131.66,1579.92,1.0,679.32,0.0,0.0,0.0,0.0,0.0,0.0,0.0,0.0,0.0,0,30,0,Medium,0.0,0.0,,640.34,2811.38,-2171.04,-339.0448824062217,Loss Making
C00719,Ajay Kumar,Retail,Madurai,Tamil Nadu,103904.0,Low,14,74201.89,192.14,294.95,-102.81,1,117751.63,172.32,2067.84,0.0,0.0,1.0,1724527.1,0.0,0.0,0.0,2173288.17,24.0,21.0,10.0,0,5,0,Low,30.0,30.0,Medium,192.14,2362.79,-2170.65,-1129.723118559384,Loss Making
C00358,Karthik Singh,Student,Hyderabad,Telangana,100283.0,Low,15,110327.81,296.68,306.78,-10.099999999999966,1,134938.72,168.85,2026.1999999999998,1.0,124.78,1.0,247396.36,0.0,0.0,0.0,333887.31,24.0,23.0,10.0,0,25,0,Medium,65.0,65.0,High,296.68,2457.7599999999998,-2161.08,-728.4211945530537,Loss Making
C00465,Arun Singh,Retail,Chennai,Tamil Nadu,36929.0,Medium,24,246751.4,386.54,393.45,-6.909999999999968,1,19395.99,68.99,827.8799999999999,3.0,1323.44,0.0,0.0,0.0,0.0,0.0,0.0,0.0,0.0,0.0,0,35,0,Medium,0.0,0.0,,386.54,2544.77,-2158.23,-558.3458374295027,Loss Making
C00856,Sanjay Gupta,Retail,Bengaluru,Karnataka,52884.0,Low,21,174978.55,393.08,271.02,122.06,1,172060.41,132.49,1589.88,1.0,685.8,0.0,0.0,0.0,0.0,0.0,0.0,0.0,0.0,0.0,0,30,0,Medium,0.0,0.0,,393.08,2546.7,-2153.62,-547.8833825175536,Loss Making
C00995,Kavya Nair,Retail,Mumbai,Maharashtra,32926.0,Low,19,117976.03,300.71,222.52,78.18999999999997,1,26963.36,101.78,1221.3600000000001,2.0,1008.45,1.0,169025.61,0.0,0.0,0.0,107407.36,24.0,21.0,10.0,0,20,0,Medium,30.0,30.0,Medium,300.71,2452.33,-2151.62,-715.5132852249676,Loss Making
C00826,Arun Singh,Mass Affluent,Pune,Maharashtra,47588.0,Low,14,111470.28,193.74,221.54,-27.799999999999983,1,61592.51,84.67,1016.04,2.0,1104.44,0.0,0.0,0.0,0.0,0.0,0.0,0.0,0.0,0.0,0,35,0,Medium,0.0,0.0,,193.74,2342.02,-2148.2799999999997,-1108.8469082275212,Loss Making
C00175,Sanjay Iyer,Retail,Chennai,Tamil Nadu,29766.0,Medium,14,134432.76,274.49,212.65,61.84,1,58673.98,161.93,1943.16,2.0,263.15,0.0,0.0,0.0,0.0,0.0,0.0,0.0,0.0,0.0,0,35,0,Medium,0.0,0.0,,274.49,2418.96,-2144.4700000000003,-781.256147764946,Loss Making
C00922,Meena Nair,Mass Affluent,Hyderabad,Telangana,33761.0,Low,23,185348.79,435.56,239.62,195.94,1,10193.34,171.97,2063.64,1.0,274.05,1.0,114914.34,0.0,0.0,0.0,76551.47,24.0,23.0,10.0,0,30,0,Medium,25.0,25.0,Medium,435.56,2577.31,-2141.75,-491.7232987418496,Loss Making
C00866,Rohit Kumar,Senior Citizen,Mumbai,Maharashtra,33329.0,Low,19,118258.05,238.39,314.16,-75.77000000000004,1,10947.23,128.11,1537.3200000000002,1.0,524.03,0.0,0.0,0.0,0.0,0.0,0.0,0.0,0.0,0.0,0,25,0,Medium,0.0,0.0,,238.39,2375.51,-2137.1200000000003,-896.480557070347,Loss Making
C01000,Lakshmi Patel,Retail,Hyderabad,Telangana,77070.0,Medium,16,148260.01,257.07,211.29999999999998,45.77000000000001,1,62610.87,92.83,1113.96,2.0,1066.92,0.0,0.0,0.0,0.0,0.0,0.0,0.0,0.0,0.0,0,25,0,Medium,0.0,0.0,,257.07,2392.1800000000003,-2135.11,-830.5558797214767,Loss Making
C00110,Ajay Iyer,Premium,Mumbai,Maharashtra,55450.0,High,30,284523.85000000003,491.59000000000003,492.69,-1.099999999999966,2,135417.35,135.01,1620.12,1.0,507.97,0.0,0.0,0.0,0.0,0.0,0.0,0.0,0.0,0.0,0,30,0,Medium,0.0,0.0,,491.59000000000003,2620.7799999999997,-2129.1899999999996,-433.1231310645049,Loss Making
C00213,Meena Nair,Mass Affluent,Chennai,Tamil Nadu,79820.0,Medium,16,76439.64,267.41,261.2,6.210000000000036,1,209203.5,123.76,1485.1200000000001,1.0,646.69,1.0,1607736.22,0.0,0.0,0.0,933357.83,24.0,21.0,10.0,0,5,0,Low,30.0,30.0,Medium,267.41,2393.01,-2125.6000000000004,-794.8842601249019,Loss Making
C00049,Arun Singh,Mass Affluent,Delhi,Delhi,35529.0,Low,37,204194.47,613.46,496.62,116.84000000000003,2,1093609.4700000002,88.55000000000001,1062.6000000000001,4.0,1179.19,0.0,0.0,0.0,0.0,0.0,0.0,0.0,0.0,0.0,0,25,0,Medium,0.0,0.0,,613.46,2738.4100000000003,-2124.9500000000003,-346.3877025396929,Loss Making
C00531,Vishal Reddy,Mass Affluent,Madurai,Tamil Nadu,35290.0,Medium,43,328727.38,923.75,758.82,164.92999999999995,2,122483.54000000001,287.49,3449.88,2.0,1563.62,1.0,96684.82,18483.92,2724.529808,0.0,94041.56,18.0,17.0,10.0,0,30,0,Medium,30.0,30.0,Medium,3648.279808,5772.32,-2124.040192,-58.22032036419944,Loss Making
C00471,Divya Verma,Senior Citizen,Hyderabad,Telangana,23142.0,Low,17,114913.01,233.37,264.23,-30.860000000000014,1,150739.41,64.13,769.56,3.0,1320.1,0.0,0.0,0.0,0.0,0.0,0.0,0.0,0.0,0.0,0,35,0,Medium,0.0,0.0,,233.37,2353.89,-2120.52,-908.6514976218023,Loss Making
C00635,Naveen Reddy,Retail,Pune,Maharashtra,104818.0,Low,15,152784.77,246.74,239.65,7.090000000000003,1,43729.02,53.01,636.12,4.0,1479.33,1.0,80276.29,0.0,0.0,0.0,47902.55,24.0,24.0,10.0,0,35,0,Medium,20.0,20.0,Low,246.74,2355.1,-2108.3599999999997,-854.4865040123206,Loss Making
C00941,Pooja Sharma,Retail,Madurai,Tamil Nadu,44202.0,Low,19,114931.92,404.59,324.82,79.76999999999998,1,268724.59,77.89,934.6800000000001,2.0,1234.44,0.0,0.0,0.0,0.0,0.0,0.0,0.0,0.0,0.0,0,20,0,Medium,0.0,0.0,,404.59,2493.94,-2089.35,-516.4116760176969,Loss Making
C00331,Pooja Rao,Retail,Mumbai,Maharashtra,81399.0,Medium,15,125535.27,249.60999999999999,279.93,-30.32000000000002,1,196786.02,119.67,1436.04,1.0,620.33,0.0,0.0,0.0,0.0,0.0,0.0,0.0,0.0,0.0,0,30,0,Medium,0.0,0.0,,249.60999999999999,2336.3,-2086.69,-835.9801290012421,Loss Making
C00807,Sanjay Nair,Senior Citizen,Coimbatore,Tamil Nadu,46067.0,Low,29,149844.61,483.42,431.90999999999997,51.51000000000005,2,380186.03,177.97,2135.64,0.0,0.0,0.0,0.0,0.0,0.0,0.0,0.0,0.0,0.0,0.0,0,35,0,Medium,0.0,0.0,,483.42,2567.5499999999997,-2084.1299999999997,-431.122005709321,Loss Making
C00185,Priya Nair,Mass Affluent,Kochi,Kerala,34947.0,Low,17,135357.31,339.76,257.69,82.07,1,294232.79,89.7,1076.4,3.0,1087.96,1.0,900353.67,0.0,0.0,0.0,696118.13,18.0,18.0,10.0,0,35,0,Medium,70.0,70.0,Critical,339.76,2422.05,-2082.29,-612.870850011773,Loss Making
C00998,Kavya Kumar,Senior Citizen,Kolkata,West Bengal,81913.0,Low,19,119122.47,285.8,365.61,-79.81,1,81455.44,166.34,1996.08,0.0,0.0,0.0,0.0,0.0,0.0,0.0,0.0,0.0,0.0,0.0,0,25,0,Medium,0.0,0.0,,285.8,2361.69,-2075.89,-726.3435969209237,Loss Making
C00946,Priya Sharma,Mass Affluent,Madurai,Tamil Nadu,39677.0,Low,16,95144.04000000001,275.65999999999997,257.15999999999997,18.5,1,45550.52,114.9,1378.8000000000002,2.0,714.36,0.0,0.0,0.0,0.0,0.0,0.0,0.0,0.0,0.0,0,5,0,Low,0.0,0.0,,275.65999999999997,2350.32,-2074.6600000000003,-752.6155408836975,Loss Making
C00627,Suresh Kumar,Retail,Chennai,Tamil Nadu,31046.0,Low,24,170723.12,367.04,393.57,-26.529999999999973,1,26055.4,113.52,1362.24,2.0,685.44,0.0,0.0,0.0,0.0,0.0,0.0,0.0,0.0,0.0,0,25,0,Medium,0.0,0.0,,367.04,2441.25,-2074.21,-565.1182432432432,Loss Making
C00731,Divya Singh,Senior Citizen,Hyderabad,Telangana,67078.0,Medium,20,118946.47,313.57,401.96999999999997,-88.39999999999998,1,65815.35,113.36,1360.32,2.0,612.6099999999999,0.0,0.0,0.0,0.0,0.0,0.0,0.0,0.0,0.0,0,25,0,Medium,0.0,0.0,,313.57,2374.8999999999996,-2061.3299999999995,-657.3747488599035,Loss Making
C00318,Lakshmi Iyer,Mass Affluent,Kochi,Kerala,19418.0,Low,17,98063.84,242.64999999999998,242.11,0.5399999999999636,1,275691.5,24.49,293.88,5.0,1755.3999999999999,1.0,168381.81,0.0,0.0,0.0,137597.39,24.0,23.0,10.0,0,5,0,Low,35.0,35.0,Medium,242.64999999999998,2291.39,-2048.74,-844.3189779517825,Loss Making
C00329,Divya Rao,Student,Mumbai,Maharashtra,32418.0,Medium,15,134100.14,264.34,216.07,48.26999999999998,1,12952.45,89.0,1068.0,3.0,1027.32,0.0,0.0,0.0,0.0,0.0,0.0,0.0,0.0,0.0,1,40,0,High,0.0,0.0,,264.34,2311.39,-2047.05,-774.4003934327003,Loss Making
C00355,Arun Singh,Mass Affluent,Mumbai,Maharashtra,51531.0,Low,17,158194.09,326.64,271.77,54.870000000000005,1,32901.18,144.76,1737.12,1.0,361.76,0.0,0.0,0.0,0.0,0.0,0.0,0.0,0.0,0.0,0,20,0,Medium,0.0,0.0,,326.64,2370.6499999999996,-2044.0099999999998,-625.7684300759246,Loss Making
C00901,Rahul Rao,Senior Citizen,Coimbatore,Tamil Nadu,45600.0,Medium,17,116409.91,237.75,291.69,-53.94,1,512928.29,94.21,1130.52,3.0,849.12,0.0,0.0,0.0,0.0,0.0,0.0,0.0,0.0,0.0,0,35,0,Medium,0.0,0.0,,237.75,2271.33,-2033.58,-855.3438485804415,Loss Making
C00108,Rahul Singh,Mass Affluent,Bengaluru,Karnataka,26314.0,Medium,19,174428.09,283.79,314.96999999999997,-31.17999999999995,1,225557.75,140.03,1680.3600000000001,2.0,318.33,1.0,975621.03,0.0,0.0,0.0,893014.6,24.0,21.0,9.0,0,25,0,Medium,25.0,25.0,Medium,283.79,2313.6600000000003,-2029.8700000000003,-715.2718559498221,Loss Making
C00076,Meena Kumar,Retail,Madurai,Tamil Nadu,69985.0,Medium,17,63340.43,310.45,338.89,-28.439999999999998,1,53337.47,157.12,1885.44,1.0,107.83,0.0,0.0,0.0,0.0,0.0,0.0,0.0,0.0,0.0,0,10,0,Low,0.0,0.0,,310.45,2332.16,-2021.7099999999998,-651.2191979384764,Loss Making
C00758,Kavya Iyer,Retail,Hyderabad,Telangana,91653.0,Medium,18,99408.23999999999,375.77,275.68,100.08999999999997,1,56456.14,113.42,1361.04,2.0,755.04,0.0,0.0,0.0,0.0,0.0,0.0,0.0,0.0,0.0,0,0,0,Low,0.0,0.0,,375.77,2391.76,-2015.9900000000002,-536.4957287702584,Loss Making
C00732,Deepa Patel,Mass Affluent,Kochi,Kerala,253934.0,Low,18,90825.76,337.49,262.86,74.63,1,11293.56,89.56,1074.72,2.0,1013.7,0.0,0.0,0.0,0.0,0.0,0.0,0.0,0.0,0.0,1,45,0,High,0.0,0.0,,337.49,2351.2799999999997,-2013.7899999999997,-596.6961984058786,Loss Making
C00691,Rahul Sharma,Premium,Pune,Maharashtra,132326.0,Medium,26,220444.3,489.69,413.09,76.60000000000002,1,135168.19,58.77,705.24,4.0,1379.72,0.0,0.0,0.0,0.0,0.0,0.0,0.0,0.0,0.0,0,35,0,Medium,0.0,0.0,,489.69,2498.05,-2008.3600000000001,-410.12885703199987,Loss Making
C00128,Sneha Patel,Mass Affluent,Bengaluru,Karnataka,45797.0,High,17,166070.24,257.75,255.74,2.009999999999991,1,8371.07,134.49,1613.88,1.0,393.31,1.0,270023.29,0.0,0.0,0.0,311369.43,12.0,12.0,10.0,0,35,0,Medium,30.0,30.0,Medium,257.75,2262.9300000000003,-2005.1800000000003,-777.9553831231815,Loss Making
C00074,Sneha Verma,Retail,Hyderabad,Telangana,49810.0,Medium,18,162376.57,201.6,289.59,-87.98999999999998,1,18344.9,31.1,373.20000000000005,3.0,1542.79,0.0,0.0,0.0,0.0,0.0,0.0,0.0,0.0,0.0,0,30,0,Medium,0.0,0.0,,201.6,2205.58,-2003.98,-994.0376984126985,Loss Making
C00024,Rahul Reddy,Sme Owner,Bengaluru,Karnataka,41307.0,Low,18,139076.48,237.14000000000001,215.51,21.630000000000024,1,190171.26,162.3,1947.6000000000001,1.0,70.8,1.0,1438784.08,0.0,0.0,0.0,1310388.59,24.0,24.0,10.0,0,20,0,Medium,25.0,25.0,Medium,237.14000000000001,2233.9100000000003,-1996.7700000000002,-842.0215906215738,Loss Making
C00799,Karthik Iyer,Premium,Madurai,Tamil Nadu,35072.0,Medium,17,195863.05,256.29,221.81,34.48000000000002,1,196562.02,57.14,685.6800000000001,4.0,1334.5,1.0,175350.78,0.0,0.0,0.0,117119.85,24.0,20.0,10.0,0,30,0,Medium,60.0,60.0,High,256.29,2241.99,-1985.6999999999998,-774.7863748097857,Loss Making
C00050,Deepa Iyer,Retail,Madurai,Tamil Nadu,22089.0,Medium,34,277474.97,647.93,460.65999999999997,187.26999999999998,2,102476.08,89.62,1075.44,3.0,1090.32,0.0,0.0,0.0,0.0,0.0,0.0,0.0,0.0,0.0,0,30,0,Medium,0.0,0.0,,647.93,2626.42,-1978.4900000000002,-305.35551679965437,Loss Making
C00328,Karthik Iyer,Retail,Bengaluru,Karnataka,44797.0,Low,43,292483.1,817.81,675.46,142.3499999999999,2,145074.22999999998,141.51,1698.12,1.0,410.1,1.0,309711.61,0.0,0.0,0.0,409257.39,24.0,23.0,10.0,0,30,0,Medium,40.0,40.0,Medium,817.81,2783.68,-1965.87,-240.38224037368093,Loss Making
C00737,Rahul Singh,Senior Citizen,Pune,Maharashtra,86215.0,Low,23,157100.29,393.79,424.14,-30.349999999999966,1,9099.57,66.93,803.1600000000001,2.0,1103.74,0.0,0.0,0.0,0.0,0.0,0.0,0.0,0.0,0.0,0,25,0,Medium,0.0,0.0,,393.79,2331.04,-1937.25,-491.95002412453334,Loss Making
C00673,Vishal Singh,Retail,Chennai,Tamil Nadu,49777.0,Low,19,131056.57,292.49,290.38,2.1100000000000136,1,66961.28,49.29,591.48,4.0,1345.37,0.0,0.0,0.0,0.0,0.0,0.0,0.0,0.0,0.0,0,25,0,Medium,0.0,0.0,,292.49,2227.23,-1934.74,-661.4721870833191,Loss Making
C00456,Meena Gupta,Retail,Bengaluru,Karnataka,30790.0,Low,16,131930.24,369.31,192.85999999999999,176.45000000000002,1,70940.9,105.05,1260.6,2.0,849.31,1.0,632506.73,0.0,0.0,0.0,844952.6,24.0,20.0,10.0,0,25,0,Medium,50.0,50.0,High,369.31,2302.7699999999995,-1933.4599999999996,-523.5330751942811,Loss Making
C00100,Meena Gupta,Retail,Pune,Maharashtra,48717.0,Low,15,64624.22,307.12,209.87,97.25,1,52408.89,99.95,1199.4,2.0,824.6099999999999,0.0,0.0,0.0,0.0,0.0,0.0,0.0,0.0,0.0,0,0,0,Low,0.0,0.0,,307.12,2233.88,-1926.7600000000002,-627.3638968481376,Loss Making
C00196,Vijay Gupta,Sme Owner,Bengaluru,Karnataka,66609.0,Low,8,86484.69,149.29,140.68,8.609999999999985,1,40448.81,104.94,1259.28,2.0,666.26,0.0,0.0,0.0,0.0,0.0,0.0,0.0,0.0,0.0,0,35,0,Medium,0.0,0.0,,149.29,2066.2200000000003,-1916.9300000000003,-1284.0310804474516,Loss Making
C00246,Suresh Reddy,Retail,Bengaluru,Karnataka,24575.0,Medium,17,139584.91,260.15,242.96,17.18999999999997,1,165728.56,160.71,1928.52,0.0,0.0,0.0,0.0,0.0,0.0,0.0,0.0,0.0,0.0,0.0,0,25,0,Medium,0.0,0.0,,260.15,2171.48,-1911.33,-734.7030559292716,Loss Making
C00915,Deepa Nair,Senior Citizen,Madurai,Tamil Nadu,46336.0,Medium,19,180846.15,310.44,298.6,11.839999999999975,1,50388.21,69.86,838.3199999999999,3.0,1076.23,0.0,0.0,0.0,0.0,0.0,0.0,0.0,0.0,0.0,0,35,0,Medium,0.0,0.0,,310.44,2213.15,-1902.71,-612.9074861486922,Loss Making
C00364,Sneha Verma,Sme Owner,Madurai,Tamil Nadu,108925.0,Low,19,91909.08,359.21999999999997,268.55,90.66999999999996,1,8047.98,74.39,892.6800000000001,4.0,1100.46,0.0,0.0,0.0,0.0,0.0,0.0,0.0,0.0,0.0,0,0,0,Low,0.0,0.0,,359.21999999999997,2261.69,-1902.47,-529.6113802126831,Loss Making
C00682,Arun Reddy,Retail,Madurai,Tamil Nadu,58087.0,Medium,22,202467.66,410.96000000000004,303.69,107.27000000000004,1,14290.08,145.25,1743.0,1.0,251.16,0.0,0.0,0.0,0.0,0.0,0.0,0.0,0.0,0.0,2,45,0,High,0.0,0.0,,410.96000000000004,2297.85,-1886.8899999999999,-459.14200895464273,Loss Making
C00488,Ajay Singh,Premium,Coimbatore,Tamil Nadu,66722.0,Low,36,282963.56,717.51,613.47,104.03999999999996,2,97171.88,165.02,1980.2400000000002,0.0,0.0,1.0,83618.23,0.0,0.0,0.0,56730.94,12.0,11.0,10.0,0,20,0,Medium,40.0,40.0,Medium,717.51,2593.71,-1876.2,-261.48764477150144,Loss Making
C00179,Divya Iyer,Student,Mumbai,Maharashtra,63289.0,Low,13,66052.91,210.63,172.09,38.53999999999999,1,28789.09,88.31,1059.72,2.0,852.6899999999999,0.0,0.0,0.0,0.0,0.0,0.0,0.0,0.0,0.0,0,0,0,Low,0.0,0.0,,210.63,2084.5,-1873.87,-889.6500973270664,Loss Making
C00306,Karthik Verma,Sme Owner,Hyderabad,Telangana,23698.0,Medium,36,269577.81,637.26,510.21000000000004,127.04999999999995,2,127963.45,140.53,1686.3600000000001,1.0,311.88,0.0,0.0,0.0,0.0,0.0,0.0,0.0,0.0,0.0,0,30,0,Medium,0.0,0.0,,637.26,2508.4500000000003,-1871.1900000000003,-293.6305432633462,Loss Making
C00291,Rohit Iyer,Retail,Madurai,Tamil Nadu,55274.0,Medium,22,141680.94,425.85,402.09,23.760000000000048,1,951594.16,63.98,767.76,3.0,1121.6,1.0,166572.62,0.0,0.0,0.0,70958.52,8.0,8.0,10.0,0,25,0,Medium,25.0,25.0,Medium,425.85,2291.45,-1865.6,-438.08852882470353,Loss Making
C00403,Priya Patel,Retail,Mumbai,Maharashtra,89784.0,Low,10,73773.19,171.15,174.34,-3.1899999999999977,1,123563.94,75.14,901.6800000000001,2.0,945.55,0.0,0.0,0.0,0.0,0.0,0.0,0.0,0.0,0.0,0,5,0,Low,0.0,0.0,,171.15,2021.57,-1850.4199999999998,-1081.1685655857434,Loss Making
C00713,Kavya Singh,Sme Owner,Coimbatore,Tamil Nadu,31239.0,Medium,20,211924.06,369.3,306.43,62.870000000000005,1,105187.42,143.03,1716.3600000000001,1.0,193.96,1.0,132640.07,0.0,0.0,0.0,94460.99,18.0,17.0,9.0,0,30,0,Medium,30.0,30.0,Medium,369.3,2216.75,-1847.45,-500.2572434335229,Loss Making
C00448,Anitha Kumar,Sme Owner,Kochi,Kerala,53227.0,Medium,37,264195.34,615.24,560.27,54.97000000000003,2,78218.9,65.00999999999999,780.1199999999999,3.0,1119.6699999999998,0.0,0.0,0.0,0.0,0.0,0.0,0.0,0.0,0.0,0,25,0,Medium,0.0,0.0,,615.24,2460.0599999999995,-1844.8199999999995,-299.85371562317135,Loss Making
C00078,Meena Patel,Student,Mumbai,Maharashtra,188573.0,Low,16,113036.86,262.2,176.91,85.28999999999999,1,67457.37,26.81,321.71999999999997,6.0,1597.71,0.0,0.0,0.0,0.0,0.0,0.0,0.0,0.0,0.0,0,20,0,Medium,0.0,0.0,,262.2,2096.34,-1834.14,-699.5194508009155,Loss Making
C00442,Kavya Patel,Premium,Chennai,Tamil Nadu,30099.0,Low,44,303692.08,875.67,697.41,178.26,2,83494.38,150.37,1804.44,1.0,197.43,0.0,0.0,0.0,0.0,0.0,0.0,0.0,0.0,0.0,1,45,0,High,0.0,0.0,,875.67,2699.2799999999997,-1823.6099999999997,-208.25310904792897,Loss Making
C00274,Anitha Patel,Retail,Pune,Maharashtra,61319.0,Medium,25,229159.22,387.12,442.13,-55.00999999999999,1,24366.28,120.32,1443.84,2.0,320.76,1.0,508153.83,0.0,0.0,0.0,329550.07,18.0,18.0,10.0,0,20,0,Medium,40.0,40.0,Medium,387.12,2206.7299999999996,-1819.6099999999997,-470.0377144038024,Loss Making
C00540,Naveen Verma,Student,Hyderabad,Telangana,35550.0,Medium,21,158790.82,334.37,282.01,52.360000000000014,1,130467.79,126.17,1514.04,1.0,356.78,0.0,0.0,0.0,0.0,0.0,0.0,0.0,0.0,0.0,0,25,0,Medium,0.0,0.0,,334.37,2152.83,-1818.46,-543.8466369590574,Loss Making
C00668,Naveen Iyer,Retail,Bengaluru,Karnataka,17293.0,Low,9,40067.44,135.89,160.01,-24.120000000000005,1,151156.06,64.13,769.56,2.0,1018.1200000000001,0.0,0.0,0.0,0.0,0.0,0.0,0.0,0.0,0.0,0,0,0,Low,0.0,0.0,,135.89,1947.69,-1811.8000000000002,-1333.2842740451838,Loss Making
C00229,Deepa Rao,Retail,Mumbai,Maharashtra,37042.0,Low,17,188480.02000000002,293.8,258.2,35.60000000000002,1,155952.39,153.56,1842.72,0.0,0.0,1.0,2350547.69,0.0,0.0,0.0,392483.12,5.0,4.0,10.0,0,30,0,Medium,30.0,30.0,Medium,293.8,2100.92,-1807.1200000000001,-615.0850918992512,Loss Making
C00314,Meena Iyer,Premium,Madurai,Tamil Nadu,101083.0,Medium,13,96129.09,237.68,203.57,34.110000000000014,1,198750.56,62.68,752.16,4.0,1086.94,0.0,0.0,0.0,0.0,0.0,0.0,0.0,0.0,0.0,0,25,0,Medium,0.0,0.0,,237.68,2042.67,-1804.99,-759.4202288791652,Loss Making
C00557,Deepa Iyer,Mass Affluent,Kolkata,West Bengal,57482.0,Medium,22,152910.88,413.05,365.13,47.920000000000016,1,43132.64,112.06,1344.72,2.0,499.07,0.0,0.0,0.0,0.0,0.0,0.0,0.0,0.0,0.0,0,35,0,Medium,0.0,0.0,,413.05,2208.92,-1795.8700000000001,-434.782713957148,Loss Making
C00522,Karthik Rao,Mass Affluent,Delhi,Delhi,317056.0,Low,12,117999.4,174.02,228.5,-54.47999999999999,1,184493.54,108.53,1302.3600000000001,3.0,438.58,0.0,0.0,0.0,0.0,0.0,0.0,0.0,0.0,0.0,0,25,0,Medium,0.0,0.0,,174.02,1969.44,-1795.42,-1031.73198482933,Loss Making
C00558,Kavya Nair,Retail,Madurai,Tamil Nadu,59584.0,Medium,21,121982.18,275.76,347.73,-71.97000000000003,1,445086.32,111.15,1333.8000000000002,1.0,379.41,0.0,0.0,0.0,0.0,0.0,0.0,0.0,0.0,0.0,1,45,0,High,0.0,0.0,,275.76,2060.94,-1785.18,-647.3672758920801,Loss Making
C00085,Rohit Sharma,Senior Citizen,Hyderabad,Telangana,64284.0,Medium,17,278554.65,335.09,327.07,8.019999999999982,1,46656.6,78.07,936.8399999999999,2.0,847.3299999999999,1.0,2278894.11,0.0,0.0,0.0,1725766.38,24.0,21.0,10.0,3,70,3,Critical,25.0,25.0,Medium,335.09,2111.24,-1776.1499999999999,-530.0516279208571,Loss Making
C00468,Vishal Reddy,Retail,Coimbatore,Tamil Nadu,26344.0,High,35,232601.22,598.49,633.5,-35.00999999999999,2,92198.11,90.66,1087.92,1.0,644.61,0.0,0.0,0.0,0.0,0.0,0.0,0.0,0.0,0.0,0,35,0,Medium,0.0,0.0,,598.49,2366.03,-1767.5400000000002,-295.333255359321,Loss Making
C00650,Pooja Patel,Mass Affluent,Kochi,Kerala,23613.0,Medium,17,97340.42,436.02,277.1,158.91999999999996,1,120354.17,159.62,1915.44,0.0,0.0,1.0,168068.74,0.0,0.0,0.0,90225.42,14.0,13.0,10.0,0,25,0,Medium,25.0,25.0,Medium,436.02,2192.54,-1756.52,-402.8530801339389,Loss Making
C00066,Pooja Iyer,Retail,Coimbatore,Tamil Nadu,41067.0,High,40,288567.86,824.87,612.9,211.97000000000003,2,265034.69,63.019999999999996,756.24,2.0,1204.9099999999999,0.0,0.0,0.0,0.0,0.0,0.0,0.0,0.0,0.0,0,20,0,Medium,0.0,0.0,,824.87,2574.0499999999997,-1749.1799999999998,-212.0552329457975,Loss Making
C00612,Vijay Rao,Student,Mumbai,Maharashtra,183995.0,Medium,23,137527.82,370.57,357.2,13.370000000000005,1,254000.17,65.13,781.56,3.0,976.38,0.0,0.0,0.0,0.0,0.0,0.0,0.0,0.0,0.0,0,25,0,Medium,0.0,0.0,,370.57,2115.14,-1744.57,-470.78014949941985,Loss Making
C00098,Priya Kumar,Sme Owner,Hyderabad,Telangana,78109.0,Low,51,330004.42,949.86,765.4399999999999,184.42000000000007,2,281939.74,84.97,1019.64,4.0,902.9699999999999,1.0,181747.13,0.0,0.0,0.0,170151.61,24.0,22.0,10.0,0,20,0,Medium,25.0,25.0,Medium,949.86,2688.0499999999997,-1738.1899999999996,-182.99433600741156,Loss Making
C00398,Lakshmi Rao,Retail,Delhi,Delhi,29213.0,Medium,18,114712.62,372.96,205.58,167.37999999999997,1,113643.53,85.6,1027.1999999999998,2.0,876.45,0.0,0.0,0.0,0.0,0.0,0.0,0.0,0.0,0.0,0,10,0,Low,0.0,0.0,,372.96,2109.2299999999996,-1736.2699999999995,-465.53785928785925,Loss Making
C00372,Rahul Rao,Sme Owner,Madurai,Tamil Nadu,67176.0,Low,16,108821.70999999999,307.45,278.08,29.370000000000005,1,14939.15,78.96,947.52,3.0,809.33,0.0,0.0,0.0,0.0,0.0,0.0,0.0,0.0,0.0,0,30,0,Medium,0.0,0.0,,307.45,2034.9299999999998,-1727.4799999999998,-561.8734753618475,Loss Making
C00317,Priya Gupta,Sme Owner,Kolkata,West Bengal,37064.0,Low,14,60214.65,234.48,227.78,6.699999999999989,1,310202.11,135.0,1620.0,1.0,111.2,0.0,0.0,0.0,0.0,0.0,0.0,0.0,0.0,0.0,0,0,0,Low,0.0,0.0,,234.48,1958.98,-1724.5,-735.4571818491983,Loss Making
C00708,Suresh Kumar,Mass Affluent,Delhi,Delhi,43072.0,Low,23,127130.6,343.18,398.82,-55.639999999999986,1,69863.69,98.94,1187.28,1.0,475.48,0.0,0.0,0.0,0.0,0.0,0.0,0.0,0.0,0.0,0,25,0,Medium,0.0,0.0,,343.18,2061.58,-1718.3999999999999,-500.7284806806923,Loss Making
C00960,Rahul Rao,Retail,Hyderabad,Telangana,35829.0,Low,50,407632.73,908.43,877.85,30.579999999999927,2,492101.01,139.05,1668.6000000000001,1.0,78.41,1.0,221308.09,0.0,0.0,0.0,257987.38999999998,12.0,12.0,10.0,0,35,0,Medium,35.0,35.0,Medium,908.43,2624.86,-1716.4300000000003,-188.9446627698337,Loss Making
C00325,Pooja Singh,Senior Citizen,Coimbatore,Tamil Nadu,114666.0,Medium,24,173199.32,327.55,337.58,-10.029999999999973,1,46156.56,120.06,1440.72,1.0,263.45,0.0,0.0,0.0,0.0,0.0,0.0,0.0,0.0,0.0,1,40,0,High,0.0,0.0,,327.55,2041.75,-1714.2,-523.3399480995269,Loss Making
C00574,Ajay Verma,Retail,Kochi,Kerala,58655.0,Medium,11,44489.200000000004,229.86,189.31,40.55000000000001,1,56548.99,32.62,391.43999999999994,2.0,1359.8600000000001,0.0,0.0,0.0,0.0,0.0,0.0,0.0,0.0,0.0,0,0,0,Low,0.0,0.0,,229.86,1940.6100000000001,-1710.75,-744.2573740537719,Loss Making
C00235,Rahul Nair,Retail,Pune,Maharashtra,59381.0,Low,20,172414.0,398.38,337.77,60.610000000000014,1,353008.55,58.64,703.6800000000001,2.0,1062.96,0.0,0.0,0.0,0.0,0.0,0.0,0.0,0.0,0.0,0,25,0,Medium,0.0,0.0,,398.38,2104.41,-1706.0299999999997,-428.2418796124303,Loss Making
C00154,Pooja Iyer,Retail,Madurai,Tamil Nadu,108851.0,Medium,13,75504.45999999999,225.24,188.75,36.49000000000001,1,448679.75,134.02,1608.2400000000002,1.0,132.46,0.0,0.0,0.0,0.0,0.0,1481529.85,24.0,22.0,10.0,0,5,0,Low,0.0,0.0,,225.24,1929.4500000000003,-1704.2100000000003,-756.6196057538626,Loss Making
C00009,Lakshmi Kumar,Retail,Chennai,Tamil Nadu,26063.0,Low,17,97727.59,239.81,199.14,40.670000000000016,1,46924.48,120.15,1441.8000000000002,1.0,300.14,0.0,0.0,0.0,0.0,0.0,0.0,0.0,0.0,0.0,0,0,0,Low,0.0,0.0,,239.81,1941.08,-1701.27,-709.4241274342187,Loss Making
C00406,Lakshmi Verma,Retail,Kolkata,West Bengal,21463.0,Low,24,291863.25,493.27,438.02,55.25,1,47385.68,54.13,649.5600000000001,2.0,1096.24,1.0,146429.77,0.0,0.0,0.0,117993.08,24.0,24.0,10.0,0,20,0,Medium,40.0,40.0,Medium,493.27,2183.8199999999997,-1690.5499999999997,-342.7230522837391,Loss Making
C00944,Sanjay Reddy,Mass Affluent,Hyderabad,Telangana,108431.0,Low,20,206227.87,298.26,272.25,26.00999999999999,1,29675.84,48.15,577.8,2.0,1127.14,0.0,0.0,0.0,0.0,0.0,0.0,0.0,0.0,0.0,1,45,0,High,0.0,0.0,,298.26,1977.19,-1678.93,-562.9082008985449,Loss Making
C00167,Karthik Rao,Retail,Pune,Maharashtra,48994.0,Medium,32,322805.83,563.95,438.67,125.28000000000003,2,130064.66999999998,149.59,1795.08,0.0,0.0,1.0,227959.69,0.0,0.0,0.0,90511.86,13.0,12.0,10.0,1,45,0,High,35.0,35.0,Medium,563.95,2233.75,-1669.8,-296.09007890770454,Loss Making
C00970,Lakshmi Iyer,Mass Affluent,Pune,Maharashtra,83718.0,Low,14,203350.86,181.6,222.14,-40.53999999999999,1,48141.34,63.23,758.76,2.0,857.4399999999999,0.0,0.0,0.0,0.0,0.0,0.0,0.0,0.0,0.0,0,25,0,Medium,0.0,0.0,,181.6,1838.34,-1656.74,-912.3017621145374,Loss Making
C00575,Kavya Singh,Retail,Delhi,Delhi,37033.0,Medium,15,86118.55,271.46999999999997,241.49,29.97999999999996,1,128908.87,113.5,1362.0,1.0,321.52,1.0,154240.08,0.0,0.0,0.0,113680.43,24.0,24.0,10.0,0,35,0,Medium,25.0,25.0,Medium,271.46999999999997,1925.01,-1653.54,-609.105978561167,Loss Making
C00524,Suresh Verma,Retail,Mumbai,Maharashtra,63079.0,Low,27,218432.51,458.27,457.65,0.6200000000000045,1,178494.2,81.98,983.76,3.0,663.0,1.0,1965052.33,0.0,0.0,0.0,2123360.07,11.0,9.0,10.0,1,45,0,High,65.0,65.0,High,458.27,2104.41,-1646.1399999999999,-359.20745412093305,Loss Making
C00474,Kavya Gupta,Retail,Kolkata,West Bengal,71051.0,Medium,15,262656.8,276.3,250.23000000000002,26.069999999999993,1,123159.76,96.63,1159.56,1.0,503.51,1.0,124649.77,0.0,0.0,0.0,88651.33,18.0,17.0,10.0,0,30,0,Medium,30.0,30.0,Medium,276.3,1913.3,-1637.0,-592.4719507781397,Loss Making
C00489,Priya Gupta,Senior Citizen,Delhi,Delhi,79158.0,Medium,13,57197.89,249.77,185.93,63.84,1,141630.28,125.91,1510.92,1.0,186.09,0.0,0.0,0.0,0.0,0.0,0.0,0.0,0.0,0.0,0,20,0,Medium,0.0,0.0,,249.77,1882.94,-1633.17,-653.8695599951956,Loss Making
C00111,Kavya Nair,Retail,Mumbai,Maharashtra,28453.0,Low,17,128921.4,353.27,253.28,99.98999999999998,1,68658.55,91.47,1097.6399999999999,1.0,629.3,0.0,0.0,0.0,0.0,0.0,0.0,0.0,0.0,0.0,0,5,0,Low,0.0,0.0,,353.27,1980.2199999999998,-1626.9499999999998,-460.54009680980556,Loss Making
C00138,Naveen Nair,Retail,Kochi,Kerala,43150.0,Low,35,313959.53,647.03,582.03,65.0,2,181288.93000000002,100.63,1207.56,1.0,474.41,0.0,0.0,0.0,0.0,0.0,0.0,0.0,0.0,0.0,0,30,0,Medium,0.0,0.0,,647.03,2264.0,-1616.97,-249.90649583481445,Loss Making
C00666,Geetha Sharma,Sme Owner,Coimbatore,Tamil Nadu,78427.0,High,23,128636.52,436.67,365.43,71.24000000000001,1,24515.4,82.53,990.36,1.0,685.04,0.0,0.0,0.0,0.0,0.0,0.0,0.0,0.0,0.0,0,30,0,Medium,0.0,0.0,,436.67,2040.83,-1604.1599999999999,-367.3620812054869,Loss Making
C00393,Vijay Rao,Retail,Madurai,Tamil Nadu,56173.0,Medium,16,70228.09,311.35,289.43,21.920000000000016,1,172200.67,80.82,969.8399999999999,1.0,654.25,0.0,0.0,0.0,0.0,0.0,0.0,0.0,0.0,0.0,0,5,0,Low,0.0,0.0,,311.35,1913.52,-1602.17,-514.5880841496707,Loss Making
C00250,Suresh Rao,Retail,Kolkata,West Bengal,44190.0,Medium,14,123324.15,304.3,197.54,106.76000000000002,1,239682.1,129.89,1558.6799999999998,1.0,149.1,0.0,0.0,0.0,0.0,0.0,0.0,0.0,0.0,0.0,0,25,0,Medium,0.0,0.0,,304.3,1905.3199999999997,-1601.0199999999998,-526.1321064738744,Loss Making
C00743,Kavya Rao,Student,Coimbatore,Tamil Nadu,47244.0,High,21,205141.78,296.68,376.26,-79.57999999999998,1,70280.26,92.55,1110.6,1.0,408.8,1.0,119852.46,0.0,0.0,0.0,160037.84,24.0,22.0,10.0,0,35,0,Medium,35.0,35.0,Medium,296.68,1895.6599999999999,-1598.9799999999998,-538.9577996494538,Loss Making
C00321,Rahul Rao,Mass Affluent,Mumbai,Maharashtra,27219.0,Low,15,68519.92,264.37,251.43,12.939999999999998,1,461950.0,122.87,1474.44,1.0,105.03,0.0,0.0,0.0,0.0,0.0,0.0,0.0,0.0,0.0,0,5,0,Low,0.0,0.0,,264.37,1830.9,-1566.5300000000002,-592.5521050043501,Loss Making
C00169,Pooja Verma,Retail,Chennai,Tamil Nadu,75059.0,Medium,58,457217.32,1076.56,983.47,93.08999999999992,3,133039.64,320.52,3846.24,2.0,918.72,1.0,87214.42,21622.78,3109.355764,0.0,103249.77,22.0,19.0,10.0,0,35,0,Medium,25.0,25.0,Medium,4185.915763999999,5748.43,-1562.514236000001,-37.32789487638627,Loss Making
C00570,Divya Reddy,Retail,Bengaluru,Karnataka,88726.0,Medium,17,177991.08000000002,258.06,314.89,-56.829999999999984,1,132438.35,124.81,1497.72,0.0,0.0,0.0,0.0,0.0,0.0,0.0,0.0,0.0,0.0,0.0,0,30,0,Medium,0.0,0.0,,258.06,1812.6100000000001,-1554.5500000000002,-602.3986669766722,Loss Making
C00669,Rohit Verma,Retail,Mumbai,Maharashtra,88687.0,Medium,16,227651.19999999998,260.93,289.72,-28.79000000000002,1,66890.21,61.03,732.36,2.0,778.37,0.0,0.0,0.0,0.0,0.0,0.0,0.0,0.0,0.0,0,35,0,Medium,0.0,0.0,,260.93,1800.45,-1539.52,-590.0126470700955,Loss Making
C00118,Pooja Verma,Retail,Bengaluru,Karnataka,60348.0,Low,16,88787.64,304.73,292.84,11.890000000000043,1,106074.92,83.55,1002.5999999999999,2.0,547.12,1.0,736446.82,0.0,0.0,0.0,1004158.15,24.0,24.0,10.0,0,5,0,Low,40.0,40.0,Medium,304.73,1842.56,-1537.83,-504.65329964230625,Loss Making
C00790,Vijay Singh,Retail,Kochi,Kerala,29427.0,High,22,128310.9,522.71,353.82,168.89000000000004,1,47630.83,64.16,769.92,3.0,927.6400000000001,1.0,168569.84,0.0,0.0,0.0,127873.84999999999,24.0,24.0,10.0,0,25,0,Medium,35.0,35.0,Medium,522.71,2051.38,-1528.67,-292.4508809856325,Loss Making
C00556,Rahul Reddy,Senior Citizen,Kochi,Kerala,49499.0,Medium,23,230955.53,348.19,354.28,-6.089999999999975,1,29559.51,62.13,745.5600000000001,2.0,774.78,0.0,0.0,0.0,0.0,0.0,0.0,0.0,0.0,0.0,0,20,0,Medium,0.0,0.0,,348.19,1874.6200000000001,-1526.43,-438.389959504868,Loss Making
C00480,Geetha Sharma,Senior Citizen,Kochi,Kerala,35541.0,Low,61,416849.7,986.92,1010.8,-23.879999999999995,2,125526.20999999999,103.75,1245.0,1.0,254.98,0.0,0.0,0.0,0.0,0.0,0.0,0.0,0.0,0.0,0,35,0,Medium,0.0,0.0,,986.92,2510.78,-1523.8600000000001,-154.4056255826207,Loss Making
C00202,Rohit Iyer,Mass Affluent,Pune,Maharashtra,56707.0,Medium,9,57196.78,198.65,147.1,51.55000000000001,1,869686.47,38.14,457.68,4.0,1116.27,1.0,228210.8,0.0,0.0,0.0,23430.23,4.0,3.0,4.0,0,35,0,Medium,15.0,15.0,Low,198.65,1721.05,-1522.3999999999999,-766.3730178706267,Loss Making
C00739,Vijay Verma,Retail,Chennai,Tamil Nadu,121694.0,Medium,21,139474.64,409.19,350.98,58.20999999999998,1,123474.6,71.78,861.36,3.0,711.77,1.0,439562.09,0.0,0.0,0.0,397772.92,24.0,24.0,10.0,0,25,0,Medium,25.0,25.0,Medium,409.19,1924.1100000000001,-1514.92,-370.2241012732472,Loss Making
C00018,Deepa Reddy,Sme Owner,Bengaluru,Karnataka,72107.0,Low,20,122363.27,376.6,337.8,38.80000000000001,1,113925.91,64.17,770.04,3.0,781.3199999999999,0.0,0.0,0.0,0.0,0.0,0.0,0.0,0.0,0.0,0,35,0,Medium,0.0,0.0,,376.6,1889.1599999999999,-1512.56,-401.6356877323419,Loss Making
C00241,Vijay Iyer,Student,Kolkata,West Bengal,40762.0,High,20,197329.77,391.72,243.73,147.99000000000004,1,49392.46,34.19,410.28,3.0,1240.72,0.0,0.0,0.0,0.0,0.0,0.0,0.0,0.0,0.0,0,35,0,Medium,0.0,0.0,,391.72,1894.73,-1503.01,-383.6949862146431,Loss Making
C00687,Deepa Verma,Sme Owner,Hyderabad,Telangana,35105.0,High,25,172213.02000000002,406.49,430.72,-24.230000000000018,1,178597.21,41.19,494.28,3.0,979.88,0.0,0.0,0.0,0.0,0.0,0.0,0.0,0.0,0.0,0,35,0,Medium,0.0,0.0,,406.49,1904.88,-1498.39,-368.6166941376172,Loss Making
C00642,Deepa Patel,Premium,Kolkata,West Bengal,28238.0,Low,14,132594.35,186.66,283.56,-96.9,1,39477.18,95.75,1149.0,1.0,251.77,0.0,0.0,0.0,0.0,0.0,0.0,0.0,0.0,0.0,0,30,0,Medium,0.0,0.0,,186.66,1684.33,-1497.6699999999998,-802.3518697096325,Loss Making
C00147,Priya Verma,Mass Affluent,Mumbai,Maharashtra,112013.0,Low,18,184423.43,355.24,245.6,109.64000000000001,1,170221.58,38.04,456.48,3.0,1147.67,0.0,0.0,0.0,0.0,0.0,0.0,0.0,0.0,0.0,1,40,0,High,0.0,0.0,,355.24,1849.75,-1494.51,-420.7043125774124,Loss Making
C00464,Pooja Rao,Mass Affluent,Mumbai,Maharashtra,76792.0,Low,18,197696.74,387.5,338.64,48.860000000000014,1,212652.64,110.09,1321.08,2.0,217.59,0.0,0.0,0.0,0.0,0.0,0.0,0.0,0.0,0.0,0,30,0,Medium,0.0,0.0,,387.5,1877.3099999999997,-1489.8099999999997,-384.46709677419346,Loss Making
C00142,Rohit Reddy,Senior Citizen,Pune,Maharashtra,60269.0,Low,21,131638.33,485.82,323.06,162.76,1,36769.03,36.25,435.0,3.0,1207.81,0.0,0.0,0.0,0.0,0.0,0.0,0.0,0.0,0.0,0,0,0,Low,0.0,0.0,,485.82,1965.87,-1480.05,-304.6498703223416,Loss Making
C00172,Ajay Rao,Mass Affluent,Kolkata,West Bengal,34215.0,Medium,15,159115.92,269.56,227.71,41.849999999999994,1,192707.33,103.76,1245.1200000000001,1.0,264.04,0.0,0.0,0.0,0.0,0.0,0.0,0.0,0.0,0.0,0,30,0,Medium,0.0,0.0,,269.56,1736.8700000000001,-1467.3100000000002,-544.3352129396054,Loss Making
C00136,Geetha Verma,Retail,Kochi,Kerala,77873.0,Low,20,149674.3,324.72,305.2,19.52000000000004,1,232317.49,87.63,1051.56,1.0,427.53,0.0,0.0,0.0,0.0,0.0,0.0,0.0,0.0,0.0,0,35,0,Medium,0.0,0.0,,324.72,1784.29,-1459.57,-449.48571076619845,Loss Making
C00376,Vijay Verma,Premium,Bengaluru,Karnataka,43308.0,Low,18,267020.34,349.19,395.15999999999997,-45.96999999999997,1,19467.14,117.42,1409.04,0.0,0.0,0.0,0.0,0.0,0.0,0.0,0.0,0.0,0.0,0.0,0,30,0,Medium,0.0,0.0,,349.19,1804.1999999999998,-1455.0099999999998,-416.68146281394075,Loss Making
C00938,Vishal Patel,Mass Affluent,Coimbatore,Tamil Nadu,39158.0,High,15,86768.64,264.99,232.39,32.60000000000002,1,68132.52,55.56,666.72,2.0,818.5799999999999,0.0,0.0,0.0,0.0,0.0,0.0,0.0,0.0,0.0,0,0,0,Low,0.0,0.0,,264.99,1717.69,-1452.7,-548.2093663911845,Loss Making
C00846,Rahul Patel,Premium,Chennai,Tamil Nadu,45465.0,Low,12,40976.84,220.25,180.09,40.16,1,273849.1,86.88,1042.56,1.0,449.95,0.0,0.0,0.0,0.0,0.0,0.0,0.0,0.0,0.0,0,0,0,Low,0.0,0.0,,220.25,1672.6,-1452.35,-659.4097616345061,Loss Making
C00908,Rohit Rao,Sme Owner,Coimbatore,Tamil Nadu,43703.0,Medium,17,105072.97,336.69,304.29,32.39999999999998,1,42963.68,78.16,937.92,1.0,546.75,0.0,0.0,0.0,0.0,0.0,0.0,0.0,0.0,0.0,0,5,0,Low,0.0,0.0,,336.69,1788.96,-1452.27,-431.33743205916414,Loss Making
C00700,Priya Gupta,Retail,Delhi,Delhi,102521.0,Low,11,79563.75,195.86,217.94,-22.079999999999984,1,84264.57,41.18,494.15999999999997,3.0,922.14,0.0,0.0,0.0,0.0,0.0,0.0,0.0,0.0,0.0,0,25,0,Medium,0.0,0.0,,195.86,1634.2399999999998,-1438.3799999999997,-734.3919125906258,Loss Making
C00001,Sanjay Verma,Retail,Pune,Maharashtra,17373.0,Low,19,97878.16,333.25,243.82,89.43,1,23366.27,110.17,1322.04,1.0,180.3,0.0,0.0,0.0,0.0,0.0,0.0,0.0,0.0,0.0,0,0,0,Low,0.0,0.0,,333.25,1746.1599999999999,-1412.9099999999999,-423.9789947486871,Loss Making
C00881,Priya Singh,Mass Affluent,Madurai,Tamil Nadu,41966.0,High,16,117282.98,215.89,308.07,-92.18,1,53697.41,75.81,909.72,1.0,399.92,0.0,0.0,0.0,0.0,0.0,0.0,0.0,0.0,0.0,0,35,0,Medium,0.0,0.0,,215.89,1617.71,-1401.8200000000002,-649.3214136828942,Loss Making
C00125,Karthik Iyer,Retail,Hyderabad,Telangana,70370.0,Low,16,120410.63,259.52,277.16,-17.640000000000043,1,317241.68,47.93,575.16,4.0,790.58,1.0,99089.06,0.0,0.0,0.0,56742.44,24.0,22.0,10.0,0,20,0,Medium,25.0,25.0,Medium,259.52,1642.9,-1383.38,-533.0533292231813,Loss Making
C00042,Vijay Iyer,Premium,Kochi,Kerala,139006.0,Low,33,310750.95999999996,598.76,569.89,28.870000000000005,2,229304.76,74.3,891.5999999999999,2.0,518.4000000000001,1.0,315690.63,0.0,0.0,0.0,290082.78,24.0,21.0,10.0,0,35,0,Medium,25.0,25.0,Medium,598.76,1979.8899999999999,-1381.1299999999999,-230.6650410849088,Loss Making
C00815,Divya Gupta,Mass Affluent,Pune,Maharashtra,22918.0,Low,41,320764.73,673.98,701.85,-27.870000000000005,2,158965.02,88.65,1063.8000000000002,1.0,287.52,0.0,0.0,0.0,0.0,0.0,0.0,0.0,0.0,0.0,0,30,0,Medium,0.0,0.0,,673.98,2053.17,-1379.19,-204.63366865485622,Loss Making
C00253,Suresh Sharma,Senior Citizen,Delhi,Delhi,57716.0,Low,24,148582.18,477.61,365.21,112.40000000000003,1,112459.66,123.04,1476.48,0.0,0.0,1.0,887158.85,0.0,0.0,0.0,558074.68,24.0,23.0,10.0,0,30,0,Medium,35.0,35.0,Medium,477.61,1841.69,-1364.08,-285.6054102719792,Loss Making
C00232,Vijay Singh,Retail,Chennai,Tamil Nadu,43707.0,Low,14,81067.93,202.29,248.76,-46.47,1,1024173.68,64.67,776.04,3.0,529.87,1.0,109113.13,0.0,0.0,0.0,126224.49,12.0,10.0,10.0,0,0,0,Low,35.0,35.0,Medium,202.29,1554.67,-1352.38,-668.5352711453854,Loss Making
C00973,Ajay Kumar,Retail,Pune,Maharashtra,44997.0,High,20,115093.28,341.77,276.46,65.31,1,244328.47,117.4,1408.8000000000002,0.0,0.0,0.0,0.0,0.0,0.0,0.0,0.0,0.0,0.0,0.0,0,25,0,Medium,0.0,0.0,,341.77,1685.2600000000002,-1343.4900000000002,-393.0976972817978,Loss Making
C00761,Deepa Iyer,Mass Affluent,Pune,Maharashtra,28996.0,Low,21,129592.84,412.84,355.93,56.90999999999997,1,42109.84,99.72,1196.6399999999999,1.0,196.53,0.0,0.0,0.0,0.0,0.0,0.0,0.0,0.0,0.0,0,5,0,Low,0.0,0.0,,412.84,1749.1,-1336.26,-323.6750314891968,Loss Making
C00618,Pooja Singh,Mass Affluent,Chennai,Tamil Nadu,52819.0,Low,18,132389.51,255.06,284.18,-29.120000000000005,1,458334.28,45.72,548.64,2.0,751.06,0.0,0.0,0.0,0.0,0.0,0.0,0.0,0.0,0.0,0,30,0,Medium,0.0,0.0,,255.06,1583.8799999999999,-1328.82,-520.9832980475182,Loss Making
C00021,Deepa Sharma,Retail,Mumbai,Maharashtra,38199.0,Medium,29,554883.7,493.63,424.23,69.39999999999998,1,40861.08,60.86,730.3199999999999,1.0,665.83,0.0,0.0,0.0,0.0,0.0,0.0,0.0,0.0,0.0,3,70,3,Critical,0.0,0.0,,493.63,1820.38,-1326.75,-268.77418309259974,Loss Making
C00239,Lakshmi Gupta,Sme Owner,Chennai,Tamil Nadu,68546.0,Low,17,181905.5,242.43,288.47,-46.04000000000002,1,93206.27,65.95,791.4000000000001,2.0,481.03999999999996,0.0,0.0,0.0,0.0,0.0,0.0,0.0,0.0,0.0,0,35,0,Medium,0.0,0.0,,242.43,1560.91,-1318.48,-543.8600833230211,Loss Making
C00630,Vijay Kumar,Mass Affluent,Madurai,Tamil Nadu,53630.0,Low,31,278982.81,497.33,514.81,-17.47999999999996,2,93313.23,107.21000000000001,1286.52,0.0,0.0,1.0,115057.97,0.0,0.0,0.0,108402.86,24.0,23.0,10.0,0,35,0,Medium,25.0,25.0,Medium,497.33,1801.33,-1304.0,-262.20014879456295,Loss Making
C00451,Lakshmi Sharma,Premium,Hyderabad,Telangana,57263.0,Medium,42,407245.33,853.85,706.92,146.93000000000006,2,148230.31,110.09,1321.08,1.0,129.38,1.0,1154096.99,0.0,0.0,0.0,1108080.12,24.0,23.0,10.0,1,40,0,High,25.0,25.0,Medium,853.85,2157.38,-1303.5300000000002,-152.6649879955496,Loss Making
C00717,Meena Singh,Sme Owner,Kochi,Kerala,146008.0,High,24,205813.77,434.43,419.87,14.560000000000002,1,30294.99,109.74,1316.8799999999999,0.0,0.0,0.0,0.0,0.0,0.0,0.0,0.0,0.0,0.0,0.0,0,35,0,Medium,0.0,0.0,,434.43,1736.75,-1302.32,-299.77671891904333,Loss Making
C00449,Suresh Reddy,Retail,Delhi,Delhi,35758.0,Low,17,80014.1,249.37,293.32,-43.94999999999999,1,743721.93,104.65,1255.8000000000002,0.0,0.0,0.0,0.0,0.0,0.0,0.0,0.0,0.0,0.0,0.0,0,0,0,Low,0.0,0.0,,249.37,1549.1200000000001,-1299.75,-521.2134579139431,Loss Making
C00645,Lakshmi Singh,Sme Owner,Delhi,Delhi,103455.0,Medium,22,559082.73,449.43,318.45,130.98000000000002,1,61367.6,70.85,850.1999999999999,2.0,578.11,0.0,0.0,0.0,0.0,0.0,0.0,0.0,0.0,0.0,3,70,3,Critical,0.0,0.0,,449.43,1746.7599999999998,-1297.3299999999997,-288.66119306677336,Loss Making
C00676,Kavya Patel,Retail,Kochi,Kerala,47931.0,Low,16,120006.49,338.18,266.68,71.5,1,402705.83,111.36,1336.32,0.0,0.0,1.0,169541.49,0.0,0.0,0.0,85333.14,15.0,13.0,10.0,0,25,0,Medium,40.0,40.0,Medium,338.18,1603.0,-1264.82,-374.00792477378906,Loss Making
C00563,Karthik Gupta,Retail,Mumbai,Maharashtra,62083.0,Low,35,290457.15,645.26,582.48,62.77999999999997,2,202437.25,110.01,1320.1200000000001,0.0,0.0,0.0,0.0,0.0,0.0,0.0,0.0,0.0,0.0,0.0,0,35,0,Medium,0.0,0.0,,645.26,1902.6000000000001,-1257.3400000000001,-194.8578867433283,Loss Making
C00788,Ajay Sharma,Premium,Pune,Maharashtra,43160.0,Medium,12,117537.20000000001,177.94,223.25,-45.31,1,102789.57,20.4,244.79999999999998,2.0,962.87,1.0,1622127.44,0.0,0.0,0.0,950501.41,24.0,21.0,10.0,0,35,0,Medium,25.0,25.0,Medium,177.94,1430.92,-1252.98,-704.1587051815219,Loss Making
C00694,Naveen Reddy,Retail,Delhi,Delhi,63475.0,High,18,124284.04,221.44,270.65999999999997,-49.21999999999997,1,331797.29,79.65,955.8000000000001,1.0,243.49,0.0,0.0,0.0,0.0,0.0,0.0,0.0,0.0,0.0,0,35,0,Medium,0.0,0.0,,221.44,1469.95,-1248.51,-563.8141257225434,Loss Making
C00951,Kavya Gupta,Retail,Hyderabad,Telangana,54052.0,Low,18,151808.6,311.37,290.04,21.329999999999984,1,80449.65,70.52,846.24,1.0,421.75,0.0,0.0,0.0,0.0,0.0,0.0,0.0,0.0,0.0,0,20,0,Medium,0.0,0.0,,311.37,1558.03,-1246.6599999999999,-400.37897035681016,Loss Making
C00045,Naveen Sharma,Student,Mumbai,Maharashtra,17748.0,Low,44,500586.76,908.17,640.29,267.88,2,148635.64,63.370000000000005,760.44,2.0,742.45,0.0,0.0,0.0,0.0,0.0,0.0,0.0,0.0,0.0,3,70,3,Critical,0.0,0.0,,908.17,2143.1800000000003,-1235.0100000000002,-135.98885671184914,Loss Making
C00701,Geetha Patel,Retail,Mumbai,Maharashtra,54024.0,Low,16,66983.61,285.62,224.35,61.27000000000001,1,214682.93,67.5,810.0,1.0,478.57,0.0,0.0,0.0,0.0,0.0,0.0,0.0,0.0,0.0,0,5,0,Low,0.0,0.0,,285.62,1512.9199999999998,-1227.2999999999997,-429.6967999439814,Loss Making
C00931,Geetha Reddy,Mass Affluent,Pune,Maharashtra,29604.0,Low,14,129865.39,224.31,234.38,-10.069999999999993,1,31080.62,90.82,1089.84,1.0,125.56,1.0,329134.37,0.0,0.0,0.0,180796.55,24.0,23.0,10.0,0,30,0,Medium,25.0,25.0,Medium,224.31,1449.7799999999997,-1225.4699999999998,-546.3287414738531,Loss Making
C00060,Priya Sharma,Premium,Coimbatore,Tamil Nadu,26644.0,High,34,299892.47000000003,656.33,502.77,153.56000000000006,2,134952.87,56.26,675.12,2.0,691.61,1.0,172857.12,0.0,0.0,0.0,200380.14,12.0,11.0,10.0,1,40,0,High,35.0,35.0,Medium,656.33,1869.5,-1213.17,-184.84146694498193,Loss Making
C00460,Sanjay Sharma,Sme Owner,Kochi,Kerala,183238.0,Low,27,187582.8,486.58,472.08,14.5,2,187318.08000000002,65.01,780.1200000000001,1.0,446.28,0.0,0.0,0.0,0.0,0.0,0.0,0.0,0.0,0.0,0,25,0,Medium,0.0,0.0,,486.58,1698.48,-1211.9,-249.0649019688438,Loss Making
C00041,Priya Kumar,Senior Citizen,Delhi,Delhi,37786.0,Low,38,331106.64,655.0,647.18,7.82000000000005,2,279002.31,99.42,1193.04,0.0,0.0,1.0,1658375.61,0.0,0.0,0.0,237383.56,5.0,5.0,10.0,0,25,0,Medium,25.0,25.0,Medium,655.0,1840.2199999999998,-1185.2199999999998,-180.94961832061065,Loss Making
C00472,Rohit Verma,Senior Citizen,Hyderabad,Telangana,97741.0,Low,17,125010.72,255.32000000000002,264.61,-9.289999999999992,1,97455.63,43.38,520.5600000000001,1.0,654.04,0.0,0.0,0.0,0.0,0.0,0.0,0.0,0.0,0.0,0,20,0,Medium,0.0,0.0,,255.32000000000002,1439.21,-1183.89,-463.6887043709854,Loss Making
C00516,Sneha Reddy,Retail,Chennai,Tamil Nadu,52323.0,Low,20,98534.91,229.92000000000002,337.03999999999996,-107.11999999999995,1,106522.33,60.79,729.48,3.0,342.20000000000005,0.0,0.0,0.0,0.0,0.0,0.0,0.0,0.0,0.0,0,20,0,Medium,0.0,0.0,,229.92000000000002,1408.72,-1178.8,-512.7000695894224,Loss Making
C00412,Rohit Reddy,Student,Pune,Maharashtra,38846.0,Medium,37,453229.86000000004,682.62,599.78,82.84000000000003,2,170945.75,96.24000000000001,1154.88,1.0,102.08,1.0,1462187.66,0.0,0.0,0.0,1077408.74,24.0,22.0,10.0,0,30,0,Medium,25.0,25.0,Medium,682.62,1856.74,-1174.12,-172.00199232369397,Loss Making
C00849,Sneha Patel,Retail,Pune,Maharashtra,60895.0,Medium,12,169670.47,299.12,192.56,106.56,1,21752.71,33.26,399.12,3.0,878.86,0.0,0.0,0.0,0.0,0.0,0.0,0.0,0.0,0.0,0,25,0,Medium,0.0,0.0,,299.12,1470.54,-1171.42,-391.6220914683071,Loss Making
C00273,Ajay Iyer,Retail,Delhi,Delhi,42483.0,Medium,39,299300.56,697.69,584.21,113.48000000000002,2,240945.23,56.36,676.3199999999999,1.0,595.01,1.0,1353845.8,0.0,0.0,0.0,433544.39,11.0,10.0,10.0,0,35,0,Medium,40.0,40.0,Medium,697.69,1855.54,-1157.85,-165.95479367627456,Loss Making
C00559,Sanjay Iyer,Retail,Mumbai,Maharashtra,70612.0,Low,15,97724.19,262.3,205.37,56.93000000000001,1,76356.65,37.9,454.79999999999995,3.0,755.27,1.0,205557.59,0.0,0.0,0.0,192870.36,10.0,10.0,10.0,0,5,0,Low,30.0,30.0,Medium,262.3,1415.44,-1153.14,-439.6263820053374,Loss Making
C00590,Pooja Iyer,Mass Affluent,Mumbai,Maharashtra,24981.0,Low,16,55377.81,303.03999999999996,250.86,52.17999999999995,1,70055.43,99.5,1194.0,0.0,0.0,1.0,163547.58,0.0,0.0,0.0,126460.81,24.0,24.0,10.0,0,0,0,Low,70.0,70.0,Critical,303.03999999999996,1444.8600000000001,-1141.8200000000002,-376.78854276663156,Loss Making
C00153,Vijay Sharma,Student,Kochi,Kerala,26346.0,Low,20,202556.12999999998,377.96999999999997,288.01,89.95999999999998,1,38386.16,62.23,746.76,2.0,480.14,1.0,887782.16,0.0,0.0,0.0,1127569.32,24.0,21.0,10.0,0,30,0,Medium,25.0,25.0,Medium,377.96999999999997,1514.9099999999999,-1136.9399999999998,-300.80165092467655,Loss Making
C00964,Ajay Reddy,Senior Citizen,Delhi,Delhi,28871.0,Low,18,155669.46,412.49,304.45,108.04000000000002,1,204223.1,45.17,542.04,1.0,692.46,0.0,0.0,0.0,0.0,0.0,0.0,0.0,0.0,0.0,0,25,0,Medium,0.0,0.0,,412.49,1538.95,-1126.46,-273.0878324323014,Loss Making
C00073,Arun Patel,Premium,Hyderabad,Telangana,51882.0,Low,12,61278.57,207.26,219.36,-12.100000000000023,1,43860.68,44.5,534.0,1.0,579.76,0.0,0.0,0.0,0.0,0.0,0.0,0.0,0.0,0.0,0,30,0,Medium,0.0,0.0,,207.26,1333.12,-1125.86,-543.2114252629547,Loss Making
C00222,Karthik Singh,Mass Affluent,Delhi,Delhi,66106.0,Low,40,269185.54,722.6,707.21,15.389999999999986,2,117028.04000000001,253.63,3043.56,2.0,711.6600000000001,1.0,107828.17,17526.1,2627.16239,1.0,59798.94,18.0,18.0,53.0,0,35,0,Medium,70.0,70.0,Critical,3349.76239,4462.43,-1112.6676100000004,-33.21631448611495,Loss Making
C00312,Ajay Iyer,Senior Citizen,Madurai,Tamil Nadu,41799.0,Low,30,200419.07,469.95,476.01,-6.060000000000002,2,510164.19,80.22999999999999,962.7599999999999,1.0,140.83,0.0,0.0,0.0,0.0,0.0,0.0,0.0,0.0,0.0,0,30,0,Medium,0.0,0.0,,469.95,1579.6,-1109.6499999999999,-236.12086392169377,Loss Making
C00320,Rohit Kumar,Premium,Pune,Maharashtra,75940.0,Low,18,181958.88,270.76,347.51,-76.75,1,68928.44,37.52,450.24,3.0,566.9399999999999,0.0,0.0,0.0,0.0,0.0,0.0,0.0,0.0,0.0,0,35,0,Medium,0.0,0.0,,270.76,1364.69,-1093.93,-404.0220121140494,Loss Making
C00892,Geetha Gupta,Senior Citizen,Kolkata,West Bengal,189391.0,High,40,244445.64,738.35,698.81,39.54000000000008,2,363264.58999999997,278.07,3336.84,5.0,859.94,1.0,101804.93,25195.48,3088.965848,0.0,75905.25,24.0,23.0,10.0,0,30,0,Medium,10.0,10.0,Low,3827.3158479999997,4895.59,-1068.2741520000004,-27.911836765660127,Loss Making
C00071,Meena Singh,Student,Mumbai,Maharashtra,40264.0,Low,18,226841.65,329.06,313.33,15.730000000000018,1,121366.1,90.1,1081.1999999999998,0.0,0.0,1.0,493916.76,0.0,0.0,0.0,320812.66,24.0,21.0,10.0,0,25,0,Medium,35.0,35.0,Medium,329.06,1394.5299999999997,-1065.4699999999998,-323.79201361453835,Loss Making
C00842,Pooja Nair,Mass Affluent,Delhi,Delhi,32096.0,Low,14,67835.48,170.07999999999998,240.69,-70.61000000000001,1,1822133.22,56.22,674.64,1.0,317.98,0.0,0.0,0.0,0.0,0.0,0.0,0.0,0.0,0.0,0,0,0,Low,0.0,0.0,,170.07999999999998,1233.31,-1063.23,-625.1352304797743,Loss Making
C00797,Geetha Iyer,Student,Bengaluru,Karnataka,37457.0,Low,23,277115.46,408.23,321.58,86.65000000000003,1,56889.3,24.37,292.44,3.0,852.33,0.0,0.0,0.0,0.0,0.0,0.0,0.0,0.0,0.0,0,25,0,Medium,0.0,0.0,,408.23,1466.35,-1058.12,-259.19702128701954,Loss Making
C00427,Vishal Rao,Mass Affluent,Chennai,Tamil Nadu,32628.0,Medium,47,305904.36,706.9300000000001,883.26,-176.32999999999993,2,103289.42000000001,72.21000000000001,866.5200000000001,0.0,0.0,0.0,0.0,0.0,0.0,0.0,0.0,0.0,0.0,0.0,0,25,0,Medium,0.0,0.0,,706.9300000000001,1749.7800000000002,-1042.8500000000001,-147.5181418245088,Loss Making
C00845,Divya Rao,Mass Affluent,Kochi,Kerala,159704.0,Medium,10,73213.12,139.71,159.12,-19.409999999999997,1,31453.91,39.38,472.56000000000006,2.0,537.78,0.0,0.0,0.0,0.0,0.0,0.0,0.0,0.0,0.0,0,30,0,Medium,0.0,0.0,,139.71,1169.46,-1029.75,-737.0624865793429,Loss Making
C00795,Anitha Sharma,Mass Affluent,Hyderabad,Telangana,34299.0,High,32,229485.29,547.82,503.19,44.63000000000005,2,205628.57,64.81,777.72,1.0,275.96,0.0,0.0,0.0,0.0,0.0,0.0,0.0,0.0,0.0,1,40,0,High,0.0,0.0,,547.82,1556.8700000000001,-1009.0500000000001,-184.1937132634807,Loss Making
C00484,Ajay Reddy,Sme Owner,Pune,Maharashtra,89773.0,Medium,18,118019.49,346.02,289.34000000000003,56.67999999999995,1,420027.47,51.84,622.08,1.0,442.61,0.0,0.0,0.0,0.0,0.0,0.0,0.0,0.0,0.0,0,35,0,Medium,0.0,0.0,,346.02,1354.0300000000002,-1008.0100000000002,-291.31553089416803,Loss Making
C00814,Suresh Gupta,Sme Owner,Coimbatore,Tamil Nadu,65901.0,Low,14,67465.08,266.40999999999997,205.63,60.77999999999997,1,27997.41,38.17,458.04,1.0,607.34,0.0,0.0,0.0,0.0,0.0,0.0,0.0,0.0,0.0,0,35,0,Medium,0.0,0.0,,266.40999999999997,1271.0100000000002,-1004.6000000000003,-377.08794714913114,Loss Making
C00871,Karthik Patel,Premium,Madurai,Tamil Nadu,147781.0,Low,14,84945.05,214.69,217.57999999999998,-2.8899999999999864,1,172446.81,63.91,766.92,1.0,225.77,1.0,266855.77,0.0,0.0,0.0,171077.55,24.0,21.0,10.0,0,5,0,Low,30.0,30.0,Medium,214.69,1210.27,-995.5799999999999,-463.72909776887604,Loss Making
C00015,Karthik Verma,Mass Affluent,Delhi,Delhi,30471.0,Low,22,449022.36,474.08,336.91,137.16999999999996,1,14560.3,23.79,285.48,2.0,833.73,0.0,0.0,0.0,0.0,0.0,0.0,0.0,0.0,0.0,6,70,6,Critical,0.0,0.0,,474.08,1456.1200000000001,-982.0400000000002,-207.14647316908543,Loss Making
C00890,Vijay Verma,Retail,Madurai,Tamil Nadu,49079.0,Low,21,191805.16999999998,395.63,297.6,98.02999999999997,1,472697.47,23.33,279.96,3.0,793.3,0.0,0.0,0.0,0.0,0.0,0.0,0.0,0.0,0.0,0,35,0,Medium,0.0,0.0,,395.63,1370.86,-975.2299999999999,-246.5005181609079,Loss Making
C00228,Suresh Gupta,Student,Coimbatore,Tamil Nadu,55931.0,Low,14,60128.58,277.88,227.39,50.49000000000001,1,43946.02,29.8,357.6,2.0,666.89,1.0,1647758.28,0.0,0.0,0.0,947468.29,24.0,22.0,10.0,0,0,0,Low,30.0,30.0,Medium,277.88,1251.88,-974.0000000000001,-350.5110119476033,Loss Making
C00526,Arun Kumar,Retail,Hyderabad,Telangana,100007.0,Medium,23,175620.2,394.83,379.07,15.759999999999991,1,78329.42,25.0,300.0,3.0,688.27,0.0,0.0,0.0,0.0,0.0,0.0,0.0,0.0,0.0,0,20,0,Medium,0.0,0.0,,394.83,1367.34,-972.51,-246.3110705873414,Loss Making
C00467,Lakshmi Rao,Sme Owner,Kolkata,West Bengal,68389.0,Low,17,115567.8,245.99,274.66,-28.670000000000016,1,45590.31,76.48,917.76,0.0,0.0,0.0,0.0,0.0,0.0,0.0,0.0,0.0,0.0,0.0,0,25,0,Medium,0.0,0.0,,245.99,1192.42,-946.4300000000001,-384.7432822472459,Loss Making
C00057,Suresh Nair,Mass Affluent,Bengaluru,Karnataka,35034.0,Low,13,81908.38,192.14000000000001,216.70000000000002,-24.560000000000002,1,141199.6,35.07,420.84000000000003,1.0,500.22,1.0,312366.27,0.0,0.0,0.0,247734.82,24.0,23.0,10.0,0,35,0,Medium,30.0,30.0,Medium,192.14000000000001,1137.7600000000002,-945.6200000000002,-492.151556156969,Loss Making
C00083,Lakshmi Iyer,Mass Affluent,Pune,Maharashtra,44069.0,High,28,579057.94,528.21,489.25,38.960000000000036,1,88171.08,81.76,981.1200000000001,0.0,0.0,0.0,0.0,0.0,0.0,0.0,0.0,0.0,0.0,0.0,6,70,4,Critical,0.0,0.0,,528.21,1470.3700000000001,-942.1600000000001,-178.36845194146267,Loss Making
C00263,Deepa Rao,Retail,Hyderabad,Telangana,20389.0,Low,13,56069.47,232.1,211.35,20.75,1,30768.19,28.54,342.48,3.0,600.88,0.0,0.0,0.0,0.0,0.0,109478.53,7.0,5.0,21.0,0,0,0,Low,0.0,0.0,,232.1,1154.71,-922.61,-397.505385609651,Loss Making
C00251,Sneha Verma,Retail,Mumbai,Maharashtra,32576.0,Medium,16,298203.13,154.67,208.72,-54.05000000000001,1,209737.73,51.09,613.08,1.0,252.69,1.0,478451.32,0.0,0.0,0.0,632184.17,24.0,24.0,10.0,5,70,2,Critical,40.0,40.0,Medium,154.67,1074.49,-919.82,-594.6983901209027,Loss Making
C00360,Rahul Patel,Sme Owner,Madurai,Tamil Nadu,53753.0,Medium,17,133660.8,271.3,257.83,13.470000000000027,1,24060.7,56.33,675.96,1.0,253.54,1.0,111433.98,0.0,0.0,0.0,108783.25,24.0,22.0,10.0,0,5,0,Low,45.0,45.0,Medium,271.3,1187.33,-916.03,-337.64467379284923,Loss Making
C00943,Anitha Gupta,Retail,Hyderabad,Telangana,139913.0,Low,21,194580.24,377.06,333.66,43.39999999999998,1,296447.82,46.54,558.48,1.0,394.08,0.0,0.0,0.0,0.0,0.0,0.0,0.0,0.0,0.0,0,35,0,Medium,0.0,0.0,,377.06,1286.22,-909.1600000000001,-241.11812443642924,Loss Making
C00633,Geetha Reddy,Sme Owner,Kolkata,West Bengal,43003.0,Low,29,192762.53,631.47,374.96,256.51000000000005,1,62273.34,23.74,284.88,3.0,873.11,1.0,1549842.57,0.0,0.0,0.0,962468.53,24.0,23.0,10.0,0,20,0,Medium,25.0,25.0,Medium,631.47,1532.9499999999998,-901.4799999999998,-142.75895925380456,Loss Making
C00631,Deepa Sharma,Mass Affluent,Kochi,Kerala,105779.0,Low,21,81069.16,383.63,319.85,63.77999999999997,1,31372.48,40.36,484.32,1.0,479.88,0.0,0.0,0.0,0.0,0.0,0.0,0.0,0.0,0.0,0,10,0,Low,0.0,0.0,,383.63,1284.0500000000002,-900.4200000000002,-234.71052837369345,Loss Making
C00476,Vijay Sharma,Retail,Kolkata,West Bengal,46741.0,High,25,349173.91,472.68,395.95,76.73000000000002,1,28684.72,81.04,972.48,0.0,0.0,0.0,0.0,0.0,0.0,0.0,0.0,0.0,0.0,0.0,6,70,6,Critical,0.0,0.0,,472.68,1368.43,-895.75,-189.5045273758145,Loss Making
C00359,Ajay Verma,Retail,Hyderabad,Telangana,69297.0,Low,16,81707.28,327.89,232.11,95.77999999999997,1,46800.85,39.86,478.32,2.0,510.55999999999995,0.0,0.0,0.0,0.0,0.0,0.0,0.0,0.0,0.0,0,5,0,Low,0.0,0.0,,327.89,1220.99,-893.1,-272.37793162341035,Loss Making
C00386,Deepa Patel,Sme Owner,Delhi,Delhi,19530.0,Medium,22,138441.29,392.79,332.19,60.60000000000002,1,49361.41,51.2,614.4000000000001,1.0,335.07,0.0,0.0,0.0,0.0,0.0,0.0,0.0,0.0,0.0,0,0,0,Low,0.0,0.0,,392.79,1281.66,-888.8700000000001,-226.29649430993663,Loss Making
C00477,Sneha Gupta,Retail,Hyderabad,Telangana,80672.0,Low,20,128472.77,374.56,362.65,11.910000000000025,1,63825.75,73.33,879.96,0.0,0.0,0.0,0.0,0.0,0.0,0.0,0.0,0.0,0.0,0.0,0,30,0,Medium,0.0,0.0,,374.56,1242.6100000000001,-868.0500000000002,-231.75192225544646,Loss Making
C00577,Arun Patel,Sme Owner,Pune,Maharashtra,101732.0,Medium,21,151464.21,443.71,372.73,70.97999999999996,1,33021.89,40.3,483.59999999999997,2.0,427.22,0.0,0.0,0.0,0.0,0.0,0.0,0.0,0.0,0.0,0,35,0,Medium,0.0,0.0,,443.71,1283.55,-839.8399999999999,-189.27677987874964,Loss Making
C00706,Suresh Nair,Retail,Delhi,Delhi,78911.0,Low,36,283864.61,618.28,544.78,73.5,2,34768.54,75.18,902.1600000000001,0.0,0.0,1.0,571172.2,0.0,0.0,0.0,429804.48,8.0,7.0,10.0,0,30,0,Medium,30.0,30.0,Medium,618.28,1446.94,-828.6600000000001,-134.02665459015336,Loss Making
C00143,Deepa Reddy,Student,Kochi,Kerala,59940.0,Low,16,130759.78,295.56,259.9,35.660000000000025,1,16791.39,23.29,279.48,1.0,575.25,0.0,0.0,0.0,0.0,0.0,0.0,0.0,0.0,0.0,0,20,0,Medium,0.0,0.0,,295.56,1114.63,-819.0700000000002,-277.1247800784951,Loss Making
C00082,Rohit Gupta,Senior Citizen,Bengaluru,Karnataka,12000.0,Low,12,62464.45,225.31,186.77,38.53999999999999,1,36037.48,28.14,337.68,1.0,504.48,0.0,0.0,0.0,0.0,0.0,0.0,0.0,0.0,0.0,0,0,0,Low,0.0,0.0,,225.31,1028.93,-803.6200000000001,-356.67302827215843,Loss Making
C00307,Rahul Rao,Premium,Kochi,Kerala,92696.0,Medium,26,200008.38,459.6,490.42,-30.819999999999993,1,91066.59,43.05,516.5999999999999,2.0,252.8,1.0,1189350.72,0.0,0.0,0.0,1321404.45,20.0,18.0,10.0,0,20,0,Medium,35.0,35.0,Medium,459.6,1259.82,-800.2199999999999,-174.11227154046995,Loss Making
C00597,Anitha Patel,Mass Affluent,Madurai,Tamil Nadu,37925.0,High,12,134455.75999999998,219.12,252.18,-33.06,1,222657.24,33.9,406.79999999999995,1.0,341.91,0.0,0.0,0.0,0.0,0.0,0.0,0.0,0.0,0.0,0,35,0,Medium,0.0,0.0,,219.12,1000.8900000000001,-781.7700000000001,-356.77710843373495,Loss Making
C00290,Rohit Singh,Premium,Coimbatore,Tamil Nadu,119709.0,Low,14,93485.07,182.19,250.61,-68.42000000000002,1,154839.13,57.64,691.6800000000001,0.0,0.0,0.0,0.0,0.0,0.0,0.0,0.0,0.0,0.0,0.0,0,35,0,Medium,0.0,0.0,,182.19,942.2900000000001,-760.1000000000001,-417.2018222734509,Loss Making
C00580,Vishal Patel,Retail,Madurai,Tamil Nadu,78036.0,Low,40,274531.45,714.37,626.36,88.00999999999999,2,143946.75,69.31,831.72,0.0,0.0,1.0,856818.49,0.0,0.0,0.0,1129751.2,24.0,22.0,10.0,0,35,0,Medium,40.0,40.0,Medium,714.37,1458.08,-743.7099999999999,-104.10711536038745,Loss Making
C00361,Lakshmi Iyer,Mass Affluent,Pune,Maharashtra,71133.0,Low,19,258309.26,411.84,237.52,174.31999999999996,1,49512.68,36.0,432.0,2.0,473.0,1.0,329942.33,0.0,0.0,0.0,257796.16,24.0,19.0,10.0,0,30,0,Medium,65.0,65.0,High,411.84,1142.52,-730.6800000000001,-177.41841491841495,Loss Making
C00297,Lakshmi Patel,Mass Affluent,Hyderabad,Telangana,92464.0,Low,23,163518.1,356.05,348.13,7.920000000000016,1,178624.11,22.5,270.0,1.0,463.06,0.0,0.0,0.0,0.0,0.0,0.0,0.0,0.0,0.0,0,20,0,Medium,0.0,0.0,,356.05,1081.19,-725.1400000000001,-203.6624069653139,Loss Making
C00523,Ajay Iyer,Retail,Hyderabad,Telangana,82280.0,Medium,13,81663.84,284.24,243.0,41.24000000000001,1,318203.45,27.56,330.71999999999997,1.0,404.9,0.0,0.0,0.0,0.0,0.0,0.0,0.0,0.0,0.0,0,25,0,Medium,0.0,0.0,,284.24,978.62,-694.38,-244.29355474247112,Loss Making
C00058,Suresh Reddy,Mass Affluent,Bengaluru,Karnataka,55048.0,Low,15,82705.42,325.74,165.84,159.9,1,125685.41,69.79,837.48,0.0,0.0,0.0,0.0,0.0,0.0,0.0,0.0,0.0,0.0,0.0,0,20,0,Medium,0.0,0.0,,325.74,1003.32,-677.58,-208.0125253269479,Loss Making
C00157,Vishal Patel,Senior Citizen,Delhi,Delhi,30532.0,Low,21,188360.35,364.24,302.43,61.81,1,116138.28,42.36,508.32,1.0,211.69,0.0,0.0,0.0,0.0,0.0,0.0,0.0,0.0,0.0,0,35,0,Medium,0.0,0.0,,364.24,1022.44,-658.2,-180.7050296507797,Loss Making
C00930,Vishal Gupta,Student,Chennai,Tamil Nadu,61805.0,Medium,18,177289.68,347.9,224.51,123.38999999999999,1,17230.25,56.57,678.84,1.0,85.2,0.0,0.0,0.0,0.0,0.0,0.0,0.0,0.0,0.0,0,25,0,Medium,0.0,0.0,,347.9,988.5500000000001,-640.6500000000001,-184.1477436044841,Loss Making
C00155,Anitha Kumar,Premium,Bengaluru,Karnataka,61999.0,Low,15,85517.88,251.12,189.54999999999998,61.57000000000002,1,52853.76,49.29,591.48,1.0,102.58,0.0,0.0,0.0,0.0,0.0,0.0,0.0,0.0,0.0,0,0,0,Low,0.0,0.0,,251.12,883.61,-632.49,-251.86763300414142,Loss Making
C00160,Meena Patel,Mass Affluent,Mumbai,Maharashtra,125137.0,Low,16,109145.81,295.27,274.58,20.689999999999998,1,54910.21,34.59,415.08000000000004,2.0,184.32,0.0,0.0,0.0,0.0,0.0,0.0,0.0,0.0,0.0,0,30,0,Medium,0.0,0.0,,295.27,873.98,-578.71,-195.99349747688558,Loss Making
C00955,Vishal Gupta,Retail,Chennai,Tamil Nadu,44407.0,Low,45,322782.01,868.84,713.15,155.69000000000005,3,373749.23,285.04,3420.4800000000005,3.0,1451.71,1.0,93644.81,24279.87,4173.709653000001,1.0,61417.77,20.0,19.0,53.0,0,20,0,Medium,70.0,70.0,Critical,5042.549653000001,5585.34,-542.7903469999992,-10.76420430837152,Loss Making
C00102,Vishal Nair,Retail,Pune,Maharashtra,81169.0,Low,10,59709.68,149.10999999999999,157.57,-8.460000000000008,1,123996.48,44.17,530.04,0.0,0.0,0.0,0.0,0.0,0.0,0.0,0.0,0.0,0.0,0.0,0,35,0,Medium,0.0,0.0,,149.10999999999999,687.6099999999999,-538.4999999999999,-361.1427804976192,Loss Making
C00902,Karthik Singh,Mass Affluent,Kochi,Kerala,87315.0,Low,14,118866.33999999998,217.11,219.6,-2.4899999999999807,1,32897.82,44.37,532.4399999999999,0.0,0.0,1.0,281585.42,0.0,0.0,0.0,314631.1,12.0,11.0,10.0,0,30,0,Medium,30.0,30.0,Medium,217.11,752.04,-534.93,-246.3866242918336,Loss Making
C00720,Priya Verma,Mass Affluent,Hyderabad,Telangana,79904.0,Low,13,85587.72,184.94,185.33,-0.3900000000000148,1,221067.17,32.79,393.48,1.0,120.7,0.0,0.0,0.0,0.0,0.0,0.0,0.0,0.0,0.0,0,5,0,Low,0.0,0.0,,184.94,699.5100000000001,-514.5700000000002,-278.2361847085542,Loss Making
C00123,Sneha Kumar,Retail,Pune,Maharashtra,49808.0,Low,21,163954.96,326.57,281.18,45.389999999999986,1,49281.19,35.56,426.72,1.0,115.84,1.0,836138.9,0.0,0.0,0.0,585301.51,24.0,23.0,10.0,0,35,0,Medium,30.0,30.0,Medium,326.57,823.7400000000001,-497.17000000000013,-152.23994855620543,Loss Making
C00170,Lakshmi Rao,Retail,Chennai,Tamil Nadu,65189.0,Low,23,104593.77,454.84000000000003,401.1,53.74000000000001,1,34897.41,30.73,368.76,1.0,172.58,1.0,143045.58,0.0,0.0,0.0,61935.770000000004,17.0,16.0,10.0,0,0,0,Low,25.0,25.0,Medium,454.84000000000003,942.44,-487.6,-107.20253275877232,Loss Making
C00126,Pooja Reddy,Retail,Chennai,Tamil Nadu,45859.0,Low,15,70374.45,273.63,225.24,48.389999999999986,1,134651.87,30.13,361.56,1.0,149.76,0.0,0.0,0.0,0.0,0.0,0.0,0.0,0.0,0.0,0,0,0,Low,0.0,0.0,,273.63,736.56,-462.92999999999995,-169.181010854073,Loss Making
C00495,Rohit Reddy,Mass Affluent,Madurai,Tamil Nadu,61295.0,Low,16,93195.0,251.20999999999998,279.25,-28.04000000000002,1,90691.17,21.88,262.56,2.0,161.56,1.0,207592.94,0.0,0.0,0.0,124141.41,24.0,22.0,10.0,0,5,0,Low,35.0,35.0,Medium,251.20999999999998,703.3699999999999,-452.1599999999999,-179.99283468014806,Loss Making
C00190,Meena Singh,Mass Affluent,Hyderabad,Telangana,47481.0,Low,22,471150.54,394.69,398.48,-3.7900000000000205,1,89423.27,25.13,301.56,1.0,129.15,1.0,175254.97,0.0,0.0,0.0,206506.44,12.0,11.0,10.0,3,70,3,Critical,55.0,55.0,High,394.69,829.1899999999999,-434.49999999999994,-110.08639691910105,Loss Making
C00710,Ajay Sharma,Retail,Kochi,Kerala,27534.0,Low,15,416797.79000000004,242.5,234.22,8.280000000000001,1,320615.22,34.37,412.43999999999994,0.0,0.0,0.0,0.0,0.0,0.0,0.0,0.0,0.0,0.0,0.0,5,70,4,Critical,0.0,0.0,,242.5,646.66,-404.15999999999997,-166.66391752577317,Loss Making
C00615,Meena Kumar,Retail,Pune,Maharashtra,47614.0,Low,11,140678.63,151.01,120.62,30.389999999999986,1,113947.08,34.96,419.52,0.0,0.0,1.0,346022.36,0.0,0.0,0.0,433069.68,24.0,22.0,10.0,0,30,0,Medium,25.0,25.0,Medium,151.01,540.14,-389.13,-257.68492152837564,Loss Making
C00137,Deepa Reddy,Mass Affluent,Hyderabad,Telangana,46767.0,Low,16,173844.29,307.24,287.22,20.019999999999982,1,138284.63,33.27,399.24,0.0,0.0,0.0,0.0,0.0,0.0,0.0,0.0,0.0,0.0,0.0,0,20,0,Medium,0.0,0.0,,307.24,686.46,-379.22,-123.42793907043355,Loss Making
C00195,Sanjay Patel,Sme Owner,Mumbai,Maharashtra,28854.0,Medium,22,158473.04,376.90999999999997,381.12,-4.210000000000036,1,59086.94,20.44,245.28000000000003,0.0,0.0,0.0,0.0,0.0,0.0,0.0,0.0,0.0,0.0,0.0,0,35,0,Medium,0.0,0.0,,376.90999999999997,626.4000000000001,-249.49000000000012,-66.19352099970818,Loss Making
C00848,Lakshmi Rao,Student,Mumbai,Maharashtra,40565.0,Low,17,144950.52,375.67,318.04,57.629999999999995,1,88324.27,20.39,244.68,0.0,0.0,0.0,0.0,0.0,0.0,0.0,0.0,0.0,0.0,0.0,0,20,0,Medium,0.0,0.0,,375.67,562.72,-187.05,-49.79104000851812,Loss Making
C00116,Lakshmi Kumar,Senior Citizen,Bengaluru,Karnataka,45848.0,Medium,28,176578.15,613.97,440.91,173.06,1,192722.89,28.4,340.79999999999995,0.0,0.0,0.0,0.0,0.0,0.0,0.0,0.0,0.0,0.0,0.0,0,20,0,Medium,0.0,0.0,,613.97,781.71,-167.74,-27.32055312148802,Loss Making
